// Validating benchmarks:
// ***** BenchmarkRunner: Start   *****
// ***** Found 60 benchmark(s) in total *****
// ***** Building 1 exe(s) in Parallel: Start   *****
// start dotnet  restore --nodeReuse:false /p:UseSharedCompilation=false /p:Deterministic=true /p:Optimize=true /p:ArtifactsPath="P:\dotgram.WorkTrees\fix-frozen\.work\qfcompare\bin\Release\net10.0\qfcompare-DefaultJob-1/" /p:OutDir="P:\dotgram.WorkTrees\fix-frozen\.work\qfcompare\bin\Release\net10.0\qfcompare-DefaultJob-1\bin\Release\net10.0/" /p:OutputPath="P:\dotgram.WorkTrees\fix-frozen\.work\qfcompare\bin\Release\net10.0\qfcompare-DefaultJob-1\bin\Release\net10.0/" /p:PublishDir="P:\dotgram.WorkTrees\fix-frozen\.work\qfcompare\bin\Release\net10.0\qfcompare-DefaultJob-1\publish/" in P:\dotgram.WorkTrees\fix-frozen\.work\qfcompare\bin\Release\net10.0\qfcompare-DefaultJob-1
// command took 0.84 sec and exited with 0
// start dotnet  build -c Release --no-restore --nodeReuse:false /p:UseSharedCompilation=false /p:Deterministic=true /p:Optimize=true /p:ArtifactsPath="P:\dotgram.WorkTrees\fix-frozen\.work\qfcompare\bin\Release\net10.0\qfcompare-DefaultJob-1/" /p:OutDir="P:\dotgram.WorkTrees\fix-frozen\.work\qfcompare\bin\Release\net10.0\qfcompare-DefaultJob-1\bin\Release\net10.0/" /p:OutputPath="P:\dotgram.WorkTrees\fix-frozen\.work\qfcompare\bin\Release\net10.0\qfcompare-DefaultJob-1\bin\Release\net10.0/" /p:PublishDir="P:\dotgram.WorkTrees\fix-frozen\.work\qfcompare\bin\Release\net10.0\qfcompare-DefaultJob-1\publish/" --output "P:\dotgram.WorkTrees\fix-frozen\.work\qfcompare\bin\Release\net10.0\qfcompare-DefaultJob-1\bin\Release\net10.0/" in P:\dotgram.WorkTrees\fix-frozen\.work\qfcompare\bin\Release\net10.0\qfcompare-DefaultJob-1
// command took 8.47 sec and exited with 0
// ***** Done, took 00:00:09 (9.36 sec)   *****
// Found 60 benchmarks:
//   FixAgainstQuickFix.'ours: parse + read': DefaultJob [From=Compiled, Reading=Order]
//   FixAgainstQuickFix.'QuickFIX/n: parse + read': DefaultJob [From=Compiled, Reading=Order]
//   FixAgainstQuickFix.'ours: parse + validate + read': DefaultJob [From=Compiled, Reading=Order]
//   FixAgainstQuickFix.'QuickFIX/n: parse + validate + read': DefaultJob [From=Compiled, Reading=Order]
//   FixAgainstQuickFix.'A/A ours: parse + read': DefaultJob [From=Compiled, Reading=Order]
//   FixAgainstQuickFix.'A/A QuickFIX/n: parse + read': DefaultJob [From=Compiled, Reading=Order]
//   FixAgainstQuickFix.'ours: parse + read': DefaultJob [From=Compiled, Reading=Parties]
//   FixAgainstQuickFix.'QuickFIX/n: parse + read': DefaultJob [From=Compiled, Reading=Parties]
//   FixAgainstQuickFix.'ours: parse + validate + read': DefaultJob [From=Compiled, Reading=Parties]
//   FixAgainstQuickFix.'QuickFIX/n: parse + validate + read': DefaultJob [From=Compiled, Reading=Parties]
//   FixAgainstQuickFix.'A/A ours: parse + read': DefaultJob [From=Compiled, Reading=Parties]
//   FixAgainstQuickFix.'A/A QuickFIX/n: parse + read': DefaultJob [From=Compiled, Reading=Parties]
//   FixAgainstQuickFix.'ours: parse + read': DefaultJob [From=Compiled, Reading=PartiesMedium]
//   FixAgainstQuickFix.'QuickFIX/n: parse + read': DefaultJob [From=Compiled, Reading=PartiesMedium]
//   FixAgainstQuickFix.'ours: parse + validate + read': DefaultJob [From=Compiled, Reading=PartiesMedium]
//   FixAgainstQuickFix.'QuickFIX/n: parse + validate + read': DefaultJob [From=Compiled, Reading=PartiesMedium]
//   FixAgainstQuickFix.'A/A ours: parse + read': DefaultJob [From=Compiled, Reading=PartiesMedium]
//   FixAgainstQuickFix.'A/A QuickFIX/n: parse + read': DefaultJob [From=Compiled, Reading=PartiesMedium]
//   FixAgainstQuickFix.'ours: parse + read': DefaultJob [From=Compiled, Reading=PartiesLarge]
//   FixAgainstQuickFix.'QuickFIX/n: parse + read': DefaultJob [From=Compiled, Reading=PartiesLarge]
//   FixAgainstQuickFix.'ours: parse + validate + read': DefaultJob [From=Compiled, Reading=PartiesLarge]
//   FixAgainstQuickFix.'QuickFIX/n: parse + validate + read': DefaultJob [From=Compiled, Reading=PartiesLarge]
//   FixAgainstQuickFix.'A/A ours: parse + read': DefaultJob [From=Compiled, Reading=PartiesLarge]
//   FixAgainstQuickFix.'A/A QuickFIX/n: parse + read': DefaultJob [From=Compiled, Reading=PartiesLarge]
//   FixAgainstQuickFix.'ours: parse + read': DefaultJob [From=Compiled, Reading=Binary]
//   FixAgainstQuickFix.'QuickFIX/n: parse + read': DefaultJob [From=Compiled, Reading=Binary]
//   FixAgainstQuickFix.'ours: parse + validate + read': DefaultJob [From=Compiled, Reading=Binary]
//   FixAgainstQuickFix.'QuickFIX/n: parse + validate + read': DefaultJob [From=Compiled, Reading=Binary]
//   FixAgainstQuickFix.'A/A ours: parse + read': DefaultJob [From=Compiled, Reading=Binary]
//   FixAgainstQuickFix.'A/A QuickFIX/n: parse + read': DefaultJob [From=Compiled, Reading=Binary]
//   FixAgainstQuickFix.'ours: parse + read': DefaultJob [From=Dictionary, Reading=Order]
//   FixAgainstQuickFix.'QuickFIX/n: parse + read': DefaultJob [From=Dictionary, Reading=Order]
//   FixAgainstQuickFix.'ours: parse + validate + read': DefaultJob [From=Dictionary, Reading=Order]
//   FixAgainstQuickFix.'QuickFIX/n: parse + validate + read': DefaultJob [From=Dictionary, Reading=Order]
//   FixAgainstQuickFix.'A/A ours: parse + read': DefaultJob [From=Dictionary, Reading=Order]
//   FixAgainstQuickFix.'A/A QuickFIX/n: parse + read': DefaultJob [From=Dictionary, Reading=Order]
//   FixAgainstQuickFix.'ours: parse + read': DefaultJob [From=Dictionary, Reading=Parties]
//   FixAgainstQuickFix.'QuickFIX/n: parse + read': DefaultJob [From=Dictionary, Reading=Parties]
//   FixAgainstQuickFix.'ours: parse + validate + read': DefaultJob [From=Dictionary, Reading=Parties]
//   FixAgainstQuickFix.'QuickFIX/n: parse + validate + read': DefaultJob [From=Dictionary, Reading=Parties]
//   FixAgainstQuickFix.'A/A ours: parse + read': DefaultJob [From=Dictionary, Reading=Parties]
//   FixAgainstQuickFix.'A/A QuickFIX/n: parse + read': DefaultJob [From=Dictionary, Reading=Parties]
//   FixAgainstQuickFix.'ours: parse + read': DefaultJob [From=Dictionary, Reading=PartiesMedium]
//   FixAgainstQuickFix.'QuickFIX/n: parse + read': DefaultJob [From=Dictionary, Reading=PartiesMedium]
//   FixAgainstQuickFix.'ours: parse + validate + read': DefaultJob [From=Dictionary, Reading=PartiesMedium]
//   FixAgainstQuickFix.'QuickFIX/n: parse + validate + read': DefaultJob [From=Dictionary, Reading=PartiesMedium]
//   FixAgainstQuickFix.'A/A ours: parse + read': DefaultJob [From=Dictionary, Reading=PartiesMedium]
//   FixAgainstQuickFix.'A/A QuickFIX/n: parse + read': DefaultJob [From=Dictionary, Reading=PartiesMedium]
//   FixAgainstQuickFix.'ours: parse + read': DefaultJob [From=Dictionary, Reading=PartiesLarge]
//   FixAgainstQuickFix.'QuickFIX/n: parse + read': DefaultJob [From=Dictionary, Reading=PartiesLarge]
//   FixAgainstQuickFix.'ours: parse + validate + read': DefaultJob [From=Dictionary, Reading=PartiesLarge]
//   FixAgainstQuickFix.'QuickFIX/n: parse + validate + read': DefaultJob [From=Dictionary, Reading=PartiesLarge]
//   FixAgainstQuickFix.'A/A ours: parse + read': DefaultJob [From=Dictionary, Reading=PartiesLarge]
//   FixAgainstQuickFix.'A/A QuickFIX/n: parse + read': DefaultJob [From=Dictionary, Reading=PartiesLarge]
//   FixAgainstQuickFix.'ours: parse + read': DefaultJob [From=Dictionary, Reading=Binary]
//   FixAgainstQuickFix.'QuickFIX/n: parse + read': DefaultJob [From=Dictionary, Reading=Binary]
//   FixAgainstQuickFix.'ours: parse + validate + read': DefaultJob [From=Dictionary, Reading=Binary]
//   FixAgainstQuickFix.'QuickFIX/n: parse + validate + read': DefaultJob [From=Dictionary, Reading=Binary]
//   FixAgainstQuickFix.'A/A ours: parse + read': DefaultJob [From=Dictionary, Reading=Binary]
//   FixAgainstQuickFix.'A/A QuickFIX/n: parse + read': DefaultJob [From=Dictionary, Reading=Binary]

Setup power plan (GUID: 8c5e7fda-e8bf-4a96-9a85-a6e23a8c635c FriendlyName: High performance)
// **************************
// Benchmark: FixAgainstQuickFix.'ours: parse + read': DefaultJob [From=Compiled, Reading=Order]
// *** Execute ***
// Launch: 1 / 1
// Execute: dotnet qfcompare-DefaultJob-1.dll --anonymousPipes 1664 2952 --benchmarkName "QfCompare.FixAgainstQuickFix.OursParse(From: Compiled, Reading: Order)" --job Default --benchmarkId 0 in P:\dotgram.WorkTrees\fix-frozen\.work\qfcompare\bin\Release\net10.0\qfcompare-DefaultJob-1\bin\Release\net10.0
// BeforeAnythingElse

// Benchmark Process Environment Information:
// BenchmarkDotNet v0.15.8
// Runtime=.NET 10.0.12 (10.0.12, 10.0.1226.42308), X64 RyuJIT x86-64-v4
// GC=Concurrent Workstation
// HardwareIntrinsics=AVX512 BITALG+VBMI2+VNNI+VPOPCNTDQ,AVX512 IFMA+VBMI,AVX512 F+BW+CD+DQ+VL,AVX2+BMI1+BMI2+F16C+FMA+LZCNT+MOVBE,AVX,SSE3+SSSE3+SSE4.1+SSE4.2+POPCNT,X86Base+SSE+SSE2,AES+PCLMUL,AvxVnni VectorSize=256
// Job: DefaultJob

OverheadJitting  1: 1 op, 141700.00 ns, 141.7000 us/op
WorkloadJitting  1: 1 op, 156900.00 ns, 156.9000 us/op

OverheadJitting  2: 16 op, 235600.00 ns, 14.7250 us/op
WorkloadJitting  2: 16 op, 392500.00 ns, 24.5313 us/op

WorkloadPilot    1: 16 op, 155600.00 ns, 9.7250 us/op
WorkloadPilot    2: 32 op, 295000.00 ns, 9.2188 us/op
WorkloadPilot    3: 64 op, 609200.00 ns, 9.5188 us/op
WorkloadPilot    4: 128 op, 1232900.00 ns, 9.6320 us/op
WorkloadPilot    5: 256 op, 2238300.00 ns, 8.7434 us/op
WorkloadPilot    6: 512 op, 4424600.00 ns, 8.6418 us/op
WorkloadPilot    7: 1024 op, 8012200.00 ns, 7.8244 us/op
WorkloadPilot    8: 2048 op, 14966400.00 ns, 7.3078 us/op
WorkloadPilot    9: 4096 op, 29241900.00 ns, 7.1391 us/op
WorkloadPilot   10: 8192 op, 62115200.00 ns, 7.5824 us/op
WorkloadPilot   11: 16384 op, 143570800.00 ns, 8.7629 us/op
WorkloadPilot   12: 32768 op, 134780300.00 ns, 4.1132 us/op
WorkloadPilot   13: 65536 op, 91364600.00 ns, 1.3941 us/op
WorkloadPilot   14: 131072 op, 169755900.00 ns, 1.2951 us/op
WorkloadPilot   15: 262144 op, 337270400.00 ns, 1.2866 us/op
WorkloadPilot   16: 524288 op, 672938200.00 ns, 1.2835 us/op

OverheadWarmup   1: 524288 op, 681600.00 ns, 1.3000 ns/op
OverheadWarmup   2: 524288 op, 684500.00 ns, 1.3056 ns/op
OverheadWarmup   3: 524288 op, 685100.00 ns, 1.3067 ns/op
OverheadWarmup   4: 524288 op, 677900.00 ns, 1.2930 ns/op
OverheadWarmup   5: 524288 op, 673800.00 ns, 1.2852 ns/op
OverheadWarmup   6: 524288 op, 677200.00 ns, 1.2917 ns/op
OverheadWarmup   7: 524288 op, 676100.00 ns, 1.2896 ns/op

OverheadActual   1: 524288 op, 681500.00 ns, 1.2999 ns/op
OverheadActual   2: 524288 op, 686000.00 ns, 1.3084 ns/op
OverheadActual   3: 524288 op, 696000.00 ns, 1.3275 ns/op
OverheadActual   4: 524288 op, 688600.00 ns, 1.3134 ns/op
OverheadActual   5: 524288 op, 689800.00 ns, 1.3157 ns/op
OverheadActual   6: 524288 op, 690400.00 ns, 1.3168 ns/op
OverheadActual   7: 524288 op, 698300.00 ns, 1.3319 ns/op
OverheadActual   8: 524288 op, 686900.00 ns, 1.3102 ns/op
OverheadActual   9: 524288 op, 688100.00 ns, 1.3124 ns/op
OverheadActual  10: 524288 op, 682600.00 ns, 1.3020 ns/op
OverheadActual  11: 524288 op, 678500.00 ns, 1.2941 ns/op
OverheadActual  12: 524288 op, 678000.00 ns, 1.2932 ns/op
OverheadActual  13: 524288 op, 677200.00 ns, 1.2917 ns/op
OverheadActual  14: 524288 op, 681000.00 ns, 1.2989 ns/op
OverheadActual  15: 524288 op, 685700.00 ns, 1.3079 ns/op

WorkloadWarmup   1: 524288 op, 684448100.00 ns, 1.3055 us/op
WorkloadWarmup   2: 524288 op, 729107100.00 ns, 1.3907 us/op
WorkloadWarmup   3: 524288 op, 747351900.00 ns, 1.4255 us/op
WorkloadWarmup   4: 524288 op, 772878800.00 ns, 1.4741 us/op
WorkloadWarmup   5: 524288 op, 732652800.00 ns, 1.3974 us/op
WorkloadWarmup   6: 524288 op, 765003400.00 ns, 1.4591 us/op
WorkloadWarmup   7: 524288 op, 718325200.00 ns, 1.3701 us/op

// BeforeActualRun
WorkloadActual   1: 524288 op, 713177900.00 ns, 1.3603 us/op
WorkloadActual   2: 524288 op, 732648900.00 ns, 1.3974 us/op
WorkloadActual   3: 524288 op, 705660700.00 ns, 1.3459 us/op
WorkloadActual   4: 524288 op, 725915400.00 ns, 1.3846 us/op
WorkloadActual   5: 524288 op, 722896600.00 ns, 1.3788 us/op
WorkloadActual   6: 524288 op, 725075700.00 ns, 1.3830 us/op
WorkloadActual   7: 524288 op, 707461800.00 ns, 1.3494 us/op
WorkloadActual   8: 524288 op, 719490800.00 ns, 1.3723 us/op
WorkloadActual   9: 524288 op, 723559400.00 ns, 1.3801 us/op
WorkloadActual  10: 524288 op, 700732900.00 ns, 1.3365 us/op
WorkloadActual  11: 524288 op, 724717000.00 ns, 1.3823 us/op
WorkloadActual  12: 524288 op, 728595900.00 ns, 1.3897 us/op
WorkloadActual  13: 524288 op, 718436500.00 ns, 1.3703 us/op
WorkloadActual  14: 524288 op, 720289400.00 ns, 1.3738 us/op
WorkloadActual  15: 524288 op, 723297700.00 ns, 1.3796 us/op

// AfterActualRun
WorkloadResult   1: 524288 op, 712491900.00 ns, 1.3590 us/op
WorkloadResult   2: 524288 op, 731962900.00 ns, 1.3961 us/op
WorkloadResult   3: 524288 op, 704974700.00 ns, 1.3446 us/op
WorkloadResult   4: 524288 op, 725229400.00 ns, 1.3833 us/op
WorkloadResult   5: 524288 op, 722210600.00 ns, 1.3775 us/op
WorkloadResult   6: 524288 op, 724389700.00 ns, 1.3817 us/op
WorkloadResult   7: 524288 op, 706775800.00 ns, 1.3481 us/op
WorkloadResult   8: 524288 op, 718804800.00 ns, 1.3710 us/op
WorkloadResult   9: 524288 op, 722873400.00 ns, 1.3788 us/op
WorkloadResult  10: 524288 op, 700046900.00 ns, 1.3352 us/op
WorkloadResult  11: 524288 op, 724031000.00 ns, 1.3810 us/op
WorkloadResult  12: 524288 op, 727909900.00 ns, 1.3884 us/op
WorkloadResult  13: 524288 op, 717750500.00 ns, 1.3690 us/op
WorkloadResult  14: 524288 op, 719603400.00 ns, 1.3725 us/op
WorkloadResult  15: 524288 op, 722611700.00 ns, 1.3783 us/op
// GC:  46 0 0 2311061504 524288
// Threading:  0 0 524288

// AfterAll
// Benchmark Process 4364 has exited with code 0.

Mean = 1.371 us, StdErr = 0.004 us (0.32%), N = 15, StdDev = 0.017 us
Min = 1.335 us, Q1 = 1.364 us, Median = 1.378 us, Q3 = 1.381 us, Max = 1.396 us
IQR = 0.017 us, LowerFence = 1.338 us, UpperFence = 1.407 us
ConfidenceInterval = [1.353 us; 1.389 us] (CI 99.9%), Margin = 0.018 us (1.33% of Mean)
Skewness = -0.68, Kurtosis = 2.29, MValue = 2

// ** Remained 59 (98.3%) benchmark(s) to run. Estimated finish 2026-09-21 12:35 (0h 19m from now) **
Setup power plan (GUID: 8c5e7fda-e8bf-4a96-9a85-a6e23a8c635c FriendlyName: High performance)
// **************************
// Benchmark: FixAgainstQuickFix.'QuickFIX/n: parse + read': DefaultJob [From=Compiled, Reading=Order]
// *** Execute ***
// Launch: 1 / 1
// Execute: dotnet qfcompare-DefaultJob-1.dll --anonymousPipes 2952 1664 --benchmarkName "QfCompare.FixAgainstQuickFix.TheirsParse(From: Compiled, Reading: Order)" --job Default --benchmarkId 1 in P:\dotgram.WorkTrees\fix-frozen\.work\qfcompare\bin\Release\net10.0\qfcompare-DefaultJob-1\bin\Release\net10.0
// BeforeAnythingElse

// Benchmark Process Environment Information:
// BenchmarkDotNet v0.15.8
// Runtime=.NET 10.0.12 (10.0.12, 10.0.1226.42308), X64 RyuJIT x86-64-v4
// GC=Concurrent Workstation
// HardwareIntrinsics=AVX512 BITALG+VBMI2+VNNI+VPOPCNTDQ,AVX512 IFMA+VBMI,AVX512 F+BW+CD+DQ+VL,AVX2+BMI1+BMI2+F16C+FMA+LZCNT+MOVBE,AVX,SSE3+SSSE3+SSE4.1+SSE4.2+POPCNT,X86Base+SSE+SSE2,AES+PCLMUL,AvxVnni VectorSize=256
// Job: DefaultJob

OverheadJitting  1: 1 op, 137100.00 ns, 137.1000 us/op
WorkloadJitting  1: 1 op, 147300.00 ns, 147.3000 us/op

OverheadJitting  2: 16 op, 244600.00 ns, 15.2875 us/op
WorkloadJitting  2: 16 op, 360400.00 ns, 22.5250 us/op

WorkloadPilot    1: 16 op, 116100.00 ns, 7.2563 us/op
WorkloadPilot    2: 32 op, 201600.00 ns, 6.3000 us/op
WorkloadPilot    3: 64 op, 429300.00 ns, 6.7078 us/op
WorkloadPilot    4: 128 op, 857600.00 ns, 6.7000 us/op
WorkloadPilot    5: 256 op, 1797700.00 ns, 7.0223 us/op
WorkloadPilot    6: 512 op, 3455300.00 ns, 6.7486 us/op
WorkloadPilot    7: 1024 op, 6671500.00 ns, 6.5151 us/op
WorkloadPilot    8: 2048 op, 12777700.00 ns, 6.2391 us/op
WorkloadPilot    9: 4096 op, 24687800.00 ns, 6.0273 us/op
WorkloadPilot   10: 8192 op, 47680500.00 ns, 5.8204 us/op
WorkloadPilot   11: 16384 op, 81476300.00 ns, 4.9729 us/op
WorkloadPilot   12: 32768 op, 41437600.00 ns, 1.2646 us/op
WorkloadPilot   13: 65536 op, 75689500.00 ns, 1.1549 us/op
WorkloadPilot   14: 131072 op, 142075100.00 ns, 1.0839 us/op
WorkloadPilot   15: 262144 op, 280600000.00 ns, 1.0704 us/op
WorkloadPilot   16: 524288 op, 560319000.00 ns, 1.0687 us/op

OverheadWarmup   1: 524288 op, 674900.00 ns, 1.2873 ns/op
OverheadWarmup   2: 524288 op, 690400.00 ns, 1.3168 ns/op
OverheadWarmup   3: 524288 op, 671400.00 ns, 1.2806 ns/op
OverheadWarmup   4: 524288 op, 678100.00 ns, 1.2934 ns/op
OverheadWarmup   5: 524288 op, 685500.00 ns, 1.3075 ns/op
OverheadWarmup   6: 524288 op, 685800.00 ns, 1.3081 ns/op
OverheadWarmup   7: 524288 op, 678200.00 ns, 1.2936 ns/op

OverheadActual   1: 524288 op, 681200.00 ns, 1.2993 ns/op
OverheadActual   2: 524288 op, 681300.00 ns, 1.2995 ns/op
OverheadActual   3: 524288 op, 689800.00 ns, 1.3157 ns/op
OverheadActual   4: 524288 op, 682400.00 ns, 1.3016 ns/op
OverheadActual   5: 524288 op, 671700.00 ns, 1.2812 ns/op
OverheadActual   6: 524288 op, 674300.00 ns, 1.2861 ns/op
OverheadActual   7: 524288 op, 692000.00 ns, 1.3199 ns/op
OverheadActual   8: 524288 op, 677900.00 ns, 1.2930 ns/op
OverheadActual   9: 524288 op, 673000.00 ns, 1.2836 ns/op
OverheadActual  10: 524288 op, 677900.00 ns, 1.2930 ns/op
OverheadActual  11: 524288 op, 680700.00 ns, 1.2983 ns/op
OverheadActual  12: 524288 op, 678300.00 ns, 1.2938 ns/op
OverheadActual  13: 524288 op, 678900.00 ns, 1.2949 ns/op
OverheadActual  14: 524288 op, 684600.00 ns, 1.3058 ns/op
OverheadActual  15: 524288 op, 672600.00 ns, 1.2829 ns/op

WorkloadWarmup   1: 524288 op, 565139200.00 ns, 1.0779 us/op
WorkloadWarmup   2: 524288 op, 563059800.00 ns, 1.0740 us/op
WorkloadWarmup   3: 524288 op, 581792300.00 ns, 1.1097 us/op
WorkloadWarmup   4: 524288 op, 599361400.00 ns, 1.1432 us/op
WorkloadWarmup   5: 524288 op, 607813800.00 ns, 1.1593 us/op
WorkloadWarmup   6: 524288 op, 590865500.00 ns, 1.1270 us/op
WorkloadWarmup   7: 524288 op, 588198300.00 ns, 1.1219 us/op
WorkloadWarmup   8: 524288 op, 587683200.00 ns, 1.1209 us/op
WorkloadWarmup   9: 524288 op, 603164500.00 ns, 1.1504 us/op
WorkloadWarmup  10: 524288 op, 607331700.00 ns, 1.1584 us/op
WorkloadWarmup  11: 524288 op, 622922300.00 ns, 1.1881 us/op
WorkloadWarmup  12: 524288 op, 621069400.00 ns, 1.1846 us/op

// BeforeActualRun
WorkloadActual   1: 524288 op, 628996600.00 ns, 1.1997 us/op
WorkloadActual   2: 524288 op, 607653400.00 ns, 1.1590 us/op
WorkloadActual   3: 524288 op, 603992000.00 ns, 1.1520 us/op
WorkloadActual   4: 524288 op, 632606100.00 ns, 1.2066 us/op
WorkloadActual   5: 524288 op, 606021600.00 ns, 1.1559 us/op
WorkloadActual   6: 524288 op, 604852000.00 ns, 1.1537 us/op
WorkloadActual   7: 524288 op, 625951400.00 ns, 1.1939 us/op
WorkloadActual   8: 524288 op, 643977700.00 ns, 1.2283 us/op
WorkloadActual   9: 524288 op, 617038200.00 ns, 1.1769 us/op
WorkloadActual  10: 524288 op, 593457100.00 ns, 1.1319 us/op
WorkloadActual  11: 524288 op, 609459600.00 ns, 1.1625 us/op
WorkloadActual  12: 524288 op, 604934400.00 ns, 1.1538 us/op
WorkloadActual  13: 524288 op, 596848100.00 ns, 1.1384 us/op
WorkloadActual  14: 524288 op, 610195900.00 ns, 1.1639 us/op
WorkloadActual  15: 524288 op, 593950400.00 ns, 1.1329 us/op
WorkloadActual  16: 524288 op, 593052300.00 ns, 1.1312 us/op
WorkloadActual  17: 524288 op, 611611300.00 ns, 1.1666 us/op
WorkloadActual  18: 524288 op, 601621800.00 ns, 1.1475 us/op

// AfterActualRun
WorkloadResult   1: 524288 op, 628317700.00 ns, 1.1984 us/op
WorkloadResult   2: 524288 op, 606974500.00 ns, 1.1577 us/op
WorkloadResult   3: 524288 op, 603313100.00 ns, 1.1507 us/op
WorkloadResult   4: 524288 op, 631927200.00 ns, 1.2053 us/op
WorkloadResult   5: 524288 op, 605342700.00 ns, 1.1546 us/op
WorkloadResult   6: 524288 op, 604173100.00 ns, 1.1524 us/op
WorkloadResult   7: 524288 op, 625272500.00 ns, 1.1926 us/op
WorkloadResult   8: 524288 op, 616359300.00 ns, 1.1756 us/op
WorkloadResult   9: 524288 op, 592778200.00 ns, 1.1306 us/op
WorkloadResult  10: 524288 op, 608780700.00 ns, 1.1612 us/op
WorkloadResult  11: 524288 op, 604255500.00 ns, 1.1525 us/op
WorkloadResult  12: 524288 op, 596169200.00 ns, 1.1371 us/op
WorkloadResult  13: 524288 op, 609517000.00 ns, 1.1626 us/op
WorkloadResult  14: 524288 op, 593271500.00 ns, 1.1316 us/op
WorkloadResult  15: 524288 op, 592373400.00 ns, 1.1299 us/op
WorkloadResult  16: 524288 op, 610932400.00 ns, 1.1653 us/op
WorkloadResult  17: 524288 op, 600942900.00 ns, 1.1462 us/op
// GC:  48 0 0 2436890624 524288
// Threading:  0 0 524288

// AfterAll
// Benchmark Process 45752 has exited with code 0.

Mean = 1.159 us, StdErr = 0.006 us (0.48%), N = 17, StdDev = 0.023 us
Min = 1.130 us, Q1 = 1.146 us, Median = 1.155 us, Q3 = 1.165 us, Max = 1.205 us
IQR = 0.019 us, LowerFence = 1.118 us, UpperFence = 1.194 us
ConfidenceInterval = [1.137 us; 1.181 us] (CI 99.9%), Margin = 0.022 us (1.92% of Mean)
Skewness = 0.59, Kurtosis = 2.26, MValue = 2

// ** Remained 58 (96.7%) benchmark(s) to run. Estimated finish 2026-09-21 12:35 (0h 19m from now) **
Setup power plan (GUID: 8c5e7fda-e8bf-4a96-9a85-a6e23a8c635c FriendlyName: High performance)
// **************************
// Benchmark: FixAgainstQuickFix.'ours: parse + validate + read': DefaultJob [From=Compiled, Reading=Order]
// *** Execute ***
// Launch: 1 / 1
// Execute: dotnet qfcompare-DefaultJob-1.dll --anonymousPipes 2108 3000 --benchmarkName "QfCompare.FixAgainstQuickFix.OursParseAndValidate(From: Compiled, Reading: Order)" --job Default --benchmarkId 2 in P:\dotgram.WorkTrees\fix-frozen\.work\qfcompare\bin\Release\net10.0\qfcompare-DefaultJob-1\bin\Release\net10.0
// BeforeAnythingElse

// Benchmark Process Environment Information:
// BenchmarkDotNet v0.15.8
// Runtime=.NET 10.0.12 (10.0.12, 10.0.1226.42308), X64 RyuJIT x86-64-v4
// GC=Concurrent Workstation
// HardwareIntrinsics=AVX512 BITALG+VBMI2+VNNI+VPOPCNTDQ,AVX512 IFMA+VBMI,AVX512 F+BW+CD+DQ+VL,AVX2+BMI1+BMI2+F16C+FMA+LZCNT+MOVBE,AVX,SSE3+SSSE3+SSE4.1+SSE4.2+POPCNT,X86Base+SSE+SSE2,AES+PCLMUL,AvxVnni VectorSize=256
// Job: DefaultJob

OverheadJitting  1: 1 op, 140000.00 ns, 140.0000 us/op
WorkloadJitting  1: 1 op, 172800.00 ns, 172.8000 us/op

OverheadJitting  2: 16 op, 228800.00 ns, 14.3000 us/op
WorkloadJitting  2: 16 op, 438000.00 ns, 27.3750 us/op

WorkloadPilot    1: 16 op, 217300.00 ns, 13.5813 us/op
WorkloadPilot    2: 32 op, 428000.00 ns, 13.3750 us/op
WorkloadPilot    3: 64 op, 924200.00 ns, 14.4406 us/op
WorkloadPilot    4: 128 op, 1776700.00 ns, 13.8805 us/op
WorkloadPilot    5: 256 op, 3284800.00 ns, 12.8313 us/op
WorkloadPilot    6: 512 op, 6452900.00 ns, 12.6033 us/op
WorkloadPilot    7: 1024 op, 11949500.00 ns, 11.6694 us/op
WorkloadPilot    8: 2048 op, 22243000.00 ns, 10.8608 us/op
WorkloadPilot    9: 4096 op, 42866900.00 ns, 10.4656 us/op
WorkloadPilot   10: 8192 op, 82746400.00 ns, 10.1009 us/op
WorkloadPilot   11: 16384 op, 178341200.00 ns, 10.8851 us/op
WorkloadPilot   12: 32768 op, 317578700.00 ns, 9.6917 us/op
WorkloadPilot   13: 65536 op, 128329200.00 ns, 1.9581 us/op
WorkloadPilot   14: 131072 op, 238170100.00 ns, 1.8171 us/op
WorkloadPilot   15: 262144 op, 476239500.00 ns, 1.8167 us/op
WorkloadPilot   16: 524288 op, 948782700.00 ns, 1.8097 us/op

OverheadWarmup   1: 524288 op, 693300.00 ns, 1.3224 ns/op
OverheadWarmup   2: 524288 op, 678400.00 ns, 1.2939 ns/op
OverheadWarmup   3: 524288 op, 680800.00 ns, 1.2985 ns/op
OverheadWarmup   4: 524288 op, 684900.00 ns, 1.3063 ns/op
OverheadWarmup   5: 524288 op, 679500.00 ns, 1.2960 ns/op
OverheadWarmup   6: 524288 op, 678600.00 ns, 1.2943 ns/op
OverheadWarmup   7: 524288 op, 674800.00 ns, 1.2871 ns/op
OverheadWarmup   8: 524288 op, 679100.00 ns, 1.2953 ns/op
OverheadWarmup   9: 524288 op, 684700.00 ns, 1.3060 ns/op
OverheadWarmup  10: 524288 op, 673700.00 ns, 1.2850 ns/op

OverheadActual   1: 524288 op, 685200.00 ns, 1.3069 ns/op
OverheadActual   2: 524288 op, 696300.00 ns, 1.3281 ns/op
OverheadActual   3: 524288 op, 678100.00 ns, 1.2934 ns/op
OverheadActual   4: 524288 op, 691600.00 ns, 1.3191 ns/op
OverheadActual   5: 524288 op, 675900.00 ns, 1.2892 ns/op
OverheadActual   6: 524288 op, 696100.00 ns, 1.3277 ns/op
OverheadActual   7: 524288 op, 676100.00 ns, 1.2896 ns/op
OverheadActual   8: 524288 op, 677900.00 ns, 1.2930 ns/op
OverheadActual   9: 524288 op, 687100.00 ns, 1.3105 ns/op
OverheadActual  10: 524288 op, 688400.00 ns, 1.3130 ns/op
OverheadActual  11: 524288 op, 675600.00 ns, 1.2886 ns/op
OverheadActual  12: 524288 op, 687700.00 ns, 1.3117 ns/op
OverheadActual  13: 524288 op, 677800.00 ns, 1.2928 ns/op
OverheadActual  14: 524288 op, 675200.00 ns, 1.2878 ns/op
OverheadActual  15: 524288 op, 683600.00 ns, 1.3039 ns/op

WorkloadWarmup   1: 524288 op, 1017094000.00 ns, 1.9400 us/op
WorkloadWarmup   2: 524288 op, 1013267900.00 ns, 1.9327 us/op
WorkloadWarmup   3: 524288 op, 1030245500.00 ns, 1.9650 us/op
WorkloadWarmup   4: 524288 op, 1024773700.00 ns, 1.9546 us/op
WorkloadWarmup   5: 524288 op, 1017663300.00 ns, 1.9410 us/op
WorkloadWarmup   6: 524288 op, 1068621100.00 ns, 2.0382 us/op
WorkloadWarmup   7: 524288 op, 1021216300.00 ns, 1.9478 us/op

// BeforeActualRun
WorkloadActual   1: 524288 op, 1045942000.00 ns, 1.9950 us/op
WorkloadActual   2: 524288 op, 1021530500.00 ns, 1.9484 us/op
WorkloadActual   3: 524288 op, 1035919500.00 ns, 1.9759 us/op
WorkloadActual   4: 524288 op, 1030881100.00 ns, 1.9662 us/op
WorkloadActual   5: 524288 op, 1017151700.00 ns, 1.9401 us/op
WorkloadActual   6: 524288 op, 1016797400.00 ns, 1.9394 us/op
WorkloadActual   7: 524288 op, 1010908300.00 ns, 1.9282 us/op
WorkloadActual   8: 524288 op, 1006685400.00 ns, 1.9201 us/op
WorkloadActual   9: 524288 op, 1015970800.00 ns, 1.9378 us/op
WorkloadActual  10: 524288 op, 1004670000.00 ns, 1.9163 us/op
WorkloadActual  11: 524288 op, 1027046900.00 ns, 1.9589 us/op
WorkloadActual  12: 524288 op, 1023467300.00 ns, 1.9521 us/op
WorkloadActual  13: 524288 op, 1032236200.00 ns, 1.9688 us/op
WorkloadActual  14: 524288 op, 1017380800.00 ns, 1.9405 us/op
WorkloadActual  15: 524288 op, 1027383100.00 ns, 1.9596 us/op

// AfterActualRun
WorkloadResult   1: 524288 op, 1045258400.00 ns, 1.9937 us/op
WorkloadResult   2: 524288 op, 1020846900.00 ns, 1.9471 us/op
WorkloadResult   3: 524288 op, 1035235900.00 ns, 1.9746 us/op
WorkloadResult   4: 524288 op, 1030197500.00 ns, 1.9649 us/op
WorkloadResult   5: 524288 op, 1016468100.00 ns, 1.9388 us/op
WorkloadResult   6: 524288 op, 1016113800.00 ns, 1.9381 us/op
WorkloadResult   7: 524288 op, 1010224700.00 ns, 1.9269 us/op
WorkloadResult   8: 524288 op, 1006001800.00 ns, 1.9188 us/op
WorkloadResult   9: 524288 op, 1015287200.00 ns, 1.9365 us/op
WorkloadResult  10: 524288 op, 1003986400.00 ns, 1.9150 us/op
WorkloadResult  11: 524288 op, 1026363300.00 ns, 1.9576 us/op
WorkloadResult  12: 524288 op, 1022783700.00 ns, 1.9508 us/op
WorkloadResult  13: 524288 op, 1031552600.00 ns, 1.9675 us/op
WorkloadResult  14: 524288 op, 1016697200.00 ns, 1.9392 us/op
WorkloadResult  15: 524288 op, 1026699500.00 ns, 1.9583 us/op
// GC:  46 0 0 2327838720 524288
// Threading:  0 0 524288

// AfterAll
// Benchmark Process 49072 has exited with code 0.

Mean = 1.949 us, StdErr = 0.006 us (0.28%), N = 15, StdDev = 0.021 us
Min = 1.915 us, Q1 = 1.937 us, Median = 1.947 us, Q3 = 1.962 us, Max = 1.994 us
IQR = 0.024 us, LowerFence = 1.901 us, UpperFence = 1.998 us
ConfidenceInterval = [1.926 us; 1.971 us] (CI 99.9%), Margin = 0.023 us (1.18% of Mean)
Skewness = 0.3, Kurtosis = 2.25, MValue = 2

// ** Remained 57 (95.0%) benchmark(s) to run. Estimated finish 2026-09-21 12:38 (0h 21m from now) **
Setup power plan (GUID: 8c5e7fda-e8bf-4a96-9a85-a6e23a8c635c FriendlyName: High performance)
// **************************
// Benchmark: FixAgainstQuickFix.'QuickFIX/n: parse + validate + read': DefaultJob [From=Compiled, Reading=Order]
// *** Execute ***
// Launch: 1 / 1
// Execute: dotnet qfcompare-DefaultJob-1.dll --anonymousPipes 656 1664 --benchmarkName "QfCompare.FixAgainstQuickFix.TheirsParseAndValidate(From: Compiled, Reading: Order)" --job Default --benchmarkId 3 in P:\dotgram.WorkTrees\fix-frozen\.work\qfcompare\bin\Release\net10.0\qfcompare-DefaultJob-1\bin\Release\net10.0
// BeforeAnythingElse

// Benchmark Process Environment Information:
// BenchmarkDotNet v0.15.8
// Runtime=.NET 10.0.12 (10.0.12, 10.0.1226.42308), X64 RyuJIT x86-64-v4
// GC=Concurrent Workstation
// HardwareIntrinsics=AVX512 BITALG+VBMI2+VNNI+VPOPCNTDQ,AVX512 IFMA+VBMI,AVX512 F+BW+CD+DQ+VL,AVX2+BMI1+BMI2+F16C+FMA+LZCNT+MOVBE,AVX,SSE3+SSSE3+SSE4.1+SSE4.2+POPCNT,X86Base+SSE+SSE2,AES+PCLMUL,AvxVnni VectorSize=256
// Job: DefaultJob

OverheadJitting  1: 1 op, 141000.00 ns, 141.0000 us/op
WorkloadJitting  1: 1 op, 10172600.00 ns, 10.1726 ms/op

OverheadJitting  2: 16 op, 235900.00 ns, 14.7438 us/op
WorkloadJitting  2: 16 op, 542800.00 ns, 33.9250 us/op

WorkloadPilot    1: 16 op, 290500.00 ns, 18.1563 us/op
WorkloadPilot    2: 32 op, 513700.00 ns, 16.0531 us/op
WorkloadPilot    3: 64 op, 1105800.00 ns, 17.2781 us/op
WorkloadPilot    4: 128 op, 2158400.00 ns, 16.8625 us/op
WorkloadPilot    5: 256 op, 4389700.00 ns, 17.1473 us/op
WorkloadPilot    6: 512 op, 8819200.00 ns, 17.2250 us/op
WorkloadPilot    7: 1024 op, 17569900.00 ns, 17.1581 us/op
WorkloadPilot    8: 2048 op, 33481700.00 ns, 16.3485 us/op
WorkloadPilot    9: 4096 op, 62985700.00 ns, 15.3774 us/op
WorkloadPilot   10: 8192 op, 153610800.00 ns, 18.7513 us/op
WorkloadPilot   11: 16384 op, 229066300.00 ns, 13.9811 us/op
WorkloadPilot   12: 32768 op, 193594600.00 ns, 5.9080 us/op
WorkloadPilot   13: 65536 op, 163433700.00 ns, 2.4938 us/op
WorkloadPilot   14: 131072 op, 325996500.00 ns, 2.4872 us/op
WorkloadPilot   15: 262144 op, 650145100.00 ns, 2.4801 us/op

OverheadWarmup   1: 262144 op, 338100.00 ns, 1.2897 ns/op
OverheadWarmup   2: 262144 op, 342500.00 ns, 1.3065 ns/op
OverheadWarmup   3: 262144 op, 342700.00 ns, 1.3073 ns/op
OverheadWarmup   4: 262144 op, 340800.00 ns, 1.3000 ns/op
OverheadWarmup   5: 262144 op, 340700.00 ns, 1.2997 ns/op
OverheadWarmup   6: 262144 op, 336500.00 ns, 1.2836 ns/op
OverheadWarmup   7: 262144 op, 337400.00 ns, 1.2871 ns/op
OverheadWarmup   8: 262144 op, 336200.00 ns, 1.2825 ns/op

OverheadActual   1: 262144 op, 336900.00 ns, 1.2852 ns/op
OverheadActual   2: 262144 op, 342500.00 ns, 1.3065 ns/op
OverheadActual   3: 262144 op, 345100.00 ns, 1.3165 ns/op
OverheadActual   4: 262144 op, 341500.00 ns, 1.3027 ns/op
OverheadActual   5: 262144 op, 341000.00 ns, 1.3008 ns/op
OverheadActual   6: 262144 op, 338200.00 ns, 1.2901 ns/op
OverheadActual   7: 262144 op, 343600.00 ns, 1.3107 ns/op
OverheadActual   8: 262144 op, 342800.00 ns, 1.3077 ns/op
OverheadActual   9: 262144 op, 339000.00 ns, 1.2932 ns/op
OverheadActual  10: 262144 op, 340900.00 ns, 1.3004 ns/op
OverheadActual  11: 262144 op, 337900.00 ns, 1.2890 ns/op
OverheadActual  12: 262144 op, 339000.00 ns, 1.2932 ns/op
OverheadActual  13: 262144 op, 337700.00 ns, 1.2882 ns/op
OverheadActual  14: 262144 op, 338600.00 ns, 1.2917 ns/op
OverheadActual  15: 262144 op, 342300.00 ns, 1.3058 ns/op

WorkloadWarmup   1: 262144 op, 674480200.00 ns, 2.5729 us/op
WorkloadWarmup   2: 262144 op, 687899400.00 ns, 2.6241 us/op
WorkloadWarmup   3: 262144 op, 716183400.00 ns, 2.7320 us/op
WorkloadWarmup   4: 262144 op, 691635900.00 ns, 2.6384 us/op
WorkloadWarmup   5: 262144 op, 696805800.00 ns, 2.6581 us/op
WorkloadWarmup   6: 262144 op, 694735000.00 ns, 2.6502 us/op

// BeforeActualRun
WorkloadActual   1: 262144 op, 686332900.00 ns, 2.6182 us/op
WorkloadActual   2: 262144 op, 702897000.00 ns, 2.6813 us/op
WorkloadActual   3: 262144 op, 700342300.00 ns, 2.6716 us/op
WorkloadActual   4: 262144 op, 709198100.00 ns, 2.7054 us/op
WorkloadActual   5: 262144 op, 682105300.00 ns, 2.6020 us/op
WorkloadActual   6: 262144 op, 693182000.00 ns, 2.6443 us/op
WorkloadActual   7: 262144 op, 707001500.00 ns, 2.6970 us/op
WorkloadActual   8: 262144 op, 689832000.00 ns, 2.6315 us/op
WorkloadActual   9: 262144 op, 728203600.00 ns, 2.7779 us/op
WorkloadActual  10: 262144 op, 703487800.00 ns, 2.6836 us/op
WorkloadActual  11: 262144 op, 683538200.00 ns, 2.6075 us/op
WorkloadActual  12: 262144 op, 698327700.00 ns, 2.6639 us/op
WorkloadActual  13: 262144 op, 710492800.00 ns, 2.7103 us/op
WorkloadActual  14: 262144 op, 690035200.00 ns, 2.6323 us/op
WorkloadActual  15: 262144 op, 708285400.00 ns, 2.7019 us/op

// AfterActualRun
WorkloadResult   1: 262144 op, 685992000.00 ns, 2.6169 us/op
WorkloadResult   2: 262144 op, 702556100.00 ns, 2.6800 us/op
WorkloadResult   3: 262144 op, 700001400.00 ns, 2.6703 us/op
WorkloadResult   4: 262144 op, 708857200.00 ns, 2.7041 us/op
WorkloadResult   5: 262144 op, 681764400.00 ns, 2.6007 us/op
WorkloadResult   6: 262144 op, 692841100.00 ns, 2.6430 us/op
WorkloadResult   7: 262144 op, 706660600.00 ns, 2.6957 us/op
WorkloadResult   8: 262144 op, 689491100.00 ns, 2.6302 us/op
WorkloadResult   9: 262144 op, 727862700.00 ns, 2.7766 us/op
WorkloadResult  10: 262144 op, 703146900.00 ns, 2.6823 us/op
WorkloadResult  11: 262144 op, 683197300.00 ns, 2.6062 us/op
WorkloadResult  12: 262144 op, 697986800.00 ns, 2.6626 us/op
WorkloadResult  13: 262144 op, 710151900.00 ns, 2.7090 us/op
WorkloadResult  14: 262144 op, 689694300.00 ns, 2.6310 us/op
WorkloadResult  15: 262144 op, 707944500.00 ns, 2.7006 us/op
// GC:  35 0 0 1759510528 262144
// Threading:  0 0 262144

// AfterAll
// Benchmark Process 54320 has exited with code 0.

Mean = 2.667 us, StdErr = 0.012 us (0.46%), N = 15, StdDev = 0.047 us
Min = 2.601 us, Q1 = 2.631 us, Median = 2.670 us, Q3 = 2.698 us, Max = 2.777 us
IQR = 0.068 us, LowerFence = 2.529 us, UpperFence = 2.799 us
ConfidenceInterval = [2.617 us; 2.718 us] (CI 99.9%), Margin = 0.051 us (1.90% of Mean)
Skewness = 0.46, Kurtosis = 2.57, MValue = 2

// ** Remained 56 (93.3%) benchmark(s) to run. Estimated finish 2026-09-21 12:37 (0h 19m from now) **
Setup power plan (GUID: 8c5e7fda-e8bf-4a96-9a85-a6e23a8c635c FriendlyName: High performance)
// **************************
// Benchmark: FixAgainstQuickFix.'A/A ours: parse + read': DefaultJob [From=Compiled, Reading=Order]
// *** Execute ***
// Launch: 1 / 1
// Execute: dotnet qfcompare-DefaultJob-1.dll --anonymousPipes 2992 2984 --benchmarkName "QfCompare.FixAgainstQuickFix.OursParseAgain(From: Compiled, Reading: Order)" --job Default --benchmarkId 4 in P:\dotgram.WorkTrees\fix-frozen\.work\qfcompare\bin\Release\net10.0\qfcompare-DefaultJob-1\bin\Release\net10.0
// BeforeAnythingElse

// Benchmark Process Environment Information:
// BenchmarkDotNet v0.15.8
// Runtime=.NET 10.0.12 (10.0.12, 10.0.1226.42308), X64 RyuJIT x86-64-v4
// GC=Concurrent Workstation
// HardwareIntrinsics=AVX512 BITALG+VBMI2+VNNI+VPOPCNTDQ,AVX512 IFMA+VBMI,AVX512 F+BW+CD+DQ+VL,AVX2+BMI1+BMI2+F16C+FMA+LZCNT+MOVBE,AVX,SSE3+SSSE3+SSE4.1+SSE4.2+POPCNT,X86Base+SSE+SSE2,AES+PCLMUL,AvxVnni VectorSize=256
// Job: DefaultJob

OverheadJitting  1: 1 op, 138900.00 ns, 138.9000 us/op
WorkloadJitting  1: 1 op, 193500.00 ns, 193.5000 us/op

OverheadJitting  2: 16 op, 232000.00 ns, 14.5000 us/op
WorkloadJitting  2: 16 op, 388300.00 ns, 24.2688 us/op

WorkloadPilot    1: 16 op, 156800.00 ns, 9.8000 us/op
WorkloadPilot    2: 32 op, 279400.00 ns, 8.7313 us/op
WorkloadPilot    3: 64 op, 577900.00 ns, 9.0297 us/op
WorkloadPilot    4: 128 op, 1188000.00 ns, 9.2813 us/op
WorkloadPilot    5: 256 op, 2215100.00 ns, 8.6527 us/op
WorkloadPilot    6: 512 op, 4452200.00 ns, 8.6957 us/op
WorkloadPilot    7: 1024 op, 8114700.00 ns, 7.9245 us/op
WorkloadPilot    8: 2048 op, 14922000.00 ns, 7.2861 us/op
WorkloadPilot    9: 4096 op, 28746100.00 ns, 7.0181 us/op
WorkloadPilot   10: 8192 op, 55647400.00 ns, 6.7929 us/op
WorkloadPilot   11: 16384 op, 127435900.00 ns, 7.7781 us/op
WorkloadPilot   12: 32768 op, 263659600.00 ns, 8.0463 us/op
WorkloadPilot   13: 65536 op, 104378000.00 ns, 1.5927 us/op
WorkloadPilot   14: 131072 op, 159851400.00 ns, 1.2196 us/op
WorkloadPilot   15: 262144 op, 313421800.00 ns, 1.1956 us/op
WorkloadPilot   16: 524288 op, 623123600.00 ns, 1.1885 us/op

OverheadWarmup   1: 524288 op, 676100.00 ns, 1.2896 ns/op
OverheadWarmup   2: 524288 op, 676700.00 ns, 1.2907 ns/op
OverheadWarmup   3: 524288 op, 676600.00 ns, 1.2905 ns/op
OverheadWarmup   4: 524288 op, 682900.00 ns, 1.3025 ns/op
OverheadWarmup   5: 524288 op, 673600.00 ns, 1.2848 ns/op

OverheadActual   1: 524288 op, 676600.00 ns, 1.2905 ns/op
OverheadActual   2: 524288 op, 675400.00 ns, 1.2882 ns/op
OverheadActual   3: 524288 op, 680200.00 ns, 1.2974 ns/op
OverheadActual   4: 524288 op, 676800.00 ns, 1.2909 ns/op
OverheadActual   5: 524288 op, 680700.00 ns, 1.2983 ns/op
OverheadActual   6: 524288 op, 678800.00 ns, 1.2947 ns/op
OverheadActual   7: 524288 op, 676300.00 ns, 1.2899 ns/op
OverheadActual   8: 524288 op, 676400.00 ns, 1.2901 ns/op
OverheadActual   9: 524288 op, 678200.00 ns, 1.2936 ns/op
OverheadActual  10: 524288 op, 673800.00 ns, 1.2852 ns/op
OverheadActual  11: 524288 op, 673600.00 ns, 1.2848 ns/op
OverheadActual  12: 524288 op, 675100.00 ns, 1.2877 ns/op
OverheadActual  13: 524288 op, 673800.00 ns, 1.2852 ns/op
OverheadActual  14: 524288 op, 674400.00 ns, 1.2863 ns/op
OverheadActual  15: 524288 op, 681100.00 ns, 1.2991 ns/op

WorkloadWarmup   1: 524288 op, 641984200.00 ns, 1.2245 us/op
WorkloadWarmup   2: 524288 op, 641416900.00 ns, 1.2234 us/op
WorkloadWarmup   3: 524288 op, 650134000.00 ns, 1.2400 us/op
WorkloadWarmup   4: 524288 op, 665008600.00 ns, 1.2684 us/op
WorkloadWarmup   5: 524288 op, 660593500.00 ns, 1.2600 us/op
WorkloadWarmup   6: 524288 op, 675337500.00 ns, 1.2881 us/op
WorkloadWarmup   7: 524288 op, 674190100.00 ns, 1.2859 us/op

// BeforeActualRun
WorkloadActual   1: 524288 op, 671347600.00 ns, 1.2805 us/op
WorkloadActual   2: 524288 op, 671448800.00 ns, 1.2807 us/op
WorkloadActual   3: 524288 op, 674579700.00 ns, 1.2867 us/op
WorkloadActual   4: 524288 op, 655708700.00 ns, 1.2507 us/op
WorkloadActual   5: 524288 op, 688832900.00 ns, 1.3138 us/op
WorkloadActual   6: 524288 op, 658497100.00 ns, 1.2560 us/op
WorkloadActual   7: 524288 op, 665337800.00 ns, 1.2690 us/op
WorkloadActual   8: 524288 op, 676788700.00 ns, 1.2909 us/op
WorkloadActual   9: 524288 op, 677822700.00 ns, 1.2928 us/op
WorkloadActual  10: 524288 op, 670652100.00 ns, 1.2792 us/op
WorkloadActual  11: 524288 op, 679129900.00 ns, 1.2953 us/op
WorkloadActual  12: 524288 op, 678502100.00 ns, 1.2941 us/op
WorkloadActual  13: 524288 op, 672708500.00 ns, 1.2831 us/op
WorkloadActual  14: 524288 op, 670687700.00 ns, 1.2792 us/op
WorkloadActual  15: 524288 op, 839471300.00 ns, 1.6012 us/op

// AfterActualRun
WorkloadResult   1: 524288 op, 670671200.00 ns, 1.2792 us/op
WorkloadResult   2: 524288 op, 670772400.00 ns, 1.2794 us/op
WorkloadResult   3: 524288 op, 673903300.00 ns, 1.2854 us/op
WorkloadResult   4: 524288 op, 655032300.00 ns, 1.2494 us/op
WorkloadResult   5: 524288 op, 688156500.00 ns, 1.3126 us/op
WorkloadResult   6: 524288 op, 657820700.00 ns, 1.2547 us/op
WorkloadResult   7: 524288 op, 664661400.00 ns, 1.2677 us/op
WorkloadResult   8: 524288 op, 676112300.00 ns, 1.2896 us/op
WorkloadResult   9: 524288 op, 677146300.00 ns, 1.2916 us/op
WorkloadResult  10: 524288 op, 669975700.00 ns, 1.2779 us/op
WorkloadResult  11: 524288 op, 678453500.00 ns, 1.2940 us/op
WorkloadResult  12: 524288 op, 677825700.00 ns, 1.2928 us/op
WorkloadResult  13: 524288 op, 672032100.00 ns, 1.2818 us/op
WorkloadResult  14: 524288 op, 670011300.00 ns, 1.2779 us/op
// GC:  46 0 0 2311061504 524288
// Threading:  0 0 524288

// AfterAll
// Benchmark Process 49412 has exited with code 0.

Mean = 1.281 us, StdErr = 0.004 us (0.34%), N = 14, StdDev = 0.016 us
Min = 1.249 us, Q1 = 1.278 us, Median = 1.281 us, Q3 = 1.291 us, Max = 1.313 us
IQR = 0.013 us, LowerFence = 1.258 us, UpperFence = 1.311 us
ConfidenceInterval = [1.263 us; 1.299 us] (CI 99.9%), Margin = 0.018 us (1.42% of Mean)
Skewness = -0.25, Kurtosis = 2.68, MValue = 2

// ** Remained 55 (91.7%) benchmark(s) to run. Estimated finish 2026-09-21 12:36 (0h 18m from now) **
Setup power plan (GUID: 8c5e7fda-e8bf-4a96-9a85-a6e23a8c635c FriendlyName: High performance)
// **************************
// Benchmark: FixAgainstQuickFix.'A/A QuickFIX/n: parse + read': DefaultJob [From=Compiled, Reading=Order]
// *** Execute ***
// Launch: 1 / 1
// Execute: dotnet qfcompare-DefaultJob-1.dll --anonymousPipes 2908 1904 --benchmarkName "QfCompare.FixAgainstQuickFix.TheirsParseAgain(From: Compiled, Reading: Order)" --job Default --benchmarkId 5 in P:\dotgram.WorkTrees\fix-frozen\.work\qfcompare\bin\Release\net10.0\qfcompare-DefaultJob-1\bin\Release\net10.0
// BeforeAnythingElse

// Benchmark Process Environment Information:
// BenchmarkDotNet v0.15.8
// Runtime=.NET 10.0.12 (10.0.12, 10.0.1226.42308), X64 RyuJIT x86-64-v4
// GC=Concurrent Workstation
// HardwareIntrinsics=AVX512 BITALG+VBMI2+VNNI+VPOPCNTDQ,AVX512 IFMA+VBMI,AVX512 F+BW+CD+DQ+VL,AVX2+BMI1+BMI2+F16C+FMA+LZCNT+MOVBE,AVX,SSE3+SSSE3+SSE4.1+SSE4.2+POPCNT,X86Base+SSE+SSE2,AES+PCLMUL,AvxVnni VectorSize=256
// Job: DefaultJob

OverheadJitting  1: 1 op, 142600.00 ns, 142.6000 us/op
WorkloadJitting  1: 1 op, 192500.00 ns, 192.5000 us/op

OverheadJitting  2: 16 op, 232600.00 ns, 14.5375 us/op
WorkloadJitting  2: 16 op, 376700.00 ns, 23.5438 us/op

WorkloadPilot    1: 16 op, 132000.00 ns, 8.2500 us/op
WorkloadPilot    2: 32 op, 221000.00 ns, 6.9063 us/op
WorkloadPilot    3: 64 op, 448400.00 ns, 7.0063 us/op
WorkloadPilot    4: 128 op, 882500.00 ns, 6.8945 us/op
WorkloadPilot    5: 256 op, 1802500.00 ns, 7.0410 us/op
WorkloadPilot    6: 512 op, 3492600.00 ns, 6.8215 us/op
WorkloadPilot    7: 1024 op, 6700800.00 ns, 6.5438 us/op
WorkloadPilot    8: 2048 op, 12820100.00 ns, 6.2598 us/op
WorkloadPilot    9: 4096 op, 25170900.00 ns, 6.1452 us/op
WorkloadPilot   10: 8192 op, 47996200.00 ns, 5.8589 us/op
WorkloadPilot   11: 16384 op, 82415800.00 ns, 5.0303 us/op
WorkloadPilot   12: 32768 op, 41422300.00 ns, 1.2641 us/op
WorkloadPilot   13: 65536 op, 75193000.00 ns, 1.1474 us/op
WorkloadPilot   14: 131072 op, 138295300.00 ns, 1.0551 us/op
WorkloadPilot   15: 262144 op, 279177900.00 ns, 1.0650 us/op
WorkloadPilot   16: 524288 op, 556061600.00 ns, 1.0606 us/op

OverheadWarmup   1: 524288 op, 677200.00 ns, 1.2917 ns/op
OverheadWarmup   2: 524288 op, 676100.00 ns, 1.2896 ns/op
OverheadWarmup   3: 524288 op, 675900.00 ns, 1.2892 ns/op
OverheadWarmup   4: 524288 op, 676400.00 ns, 1.2901 ns/op
OverheadWarmup   5: 524288 op, 696600.00 ns, 1.3287 ns/op
OverheadWarmup   6: 524288 op, 675900.00 ns, 1.2892 ns/op
OverheadWarmup   7: 524288 op, 675400.00 ns, 1.2882 ns/op
OverheadWarmup   8: 524288 op, 676700.00 ns, 1.2907 ns/op
OverheadWarmup   9: 524288 op, 679200.00 ns, 1.2955 ns/op
OverheadWarmup  10: 524288 op, 681500.00 ns, 1.2999 ns/op

OverheadActual   1: 524288 op, 674900.00 ns, 1.2873 ns/op
OverheadActual   2: 524288 op, 674000.00 ns, 1.2856 ns/op
OverheadActual   3: 524288 op, 675300.00 ns, 1.2880 ns/op
OverheadActual   4: 524288 op, 675200.00 ns, 1.2878 ns/op
OverheadActual   5: 524288 op, 677400.00 ns, 1.2920 ns/op
OverheadActual   6: 524288 op, 677900.00 ns, 1.2930 ns/op
OverheadActual   7: 524288 op, 686300.00 ns, 1.3090 ns/op
OverheadActual   8: 524288 op, 675000.00 ns, 1.2875 ns/op
OverheadActual   9: 524288 op, 675200.00 ns, 1.2878 ns/op
OverheadActual  10: 524288 op, 685900.00 ns, 1.3083 ns/op
OverheadActual  11: 524288 op, 680300.00 ns, 1.2976 ns/op
OverheadActual  12: 524288 op, 674900.00 ns, 1.2873 ns/op
OverheadActual  13: 524288 op, 676900.00 ns, 1.2911 ns/op
OverheadActual  14: 524288 op, 675200.00 ns, 1.2878 ns/op
OverheadActual  15: 524288 op, 681500.00 ns, 1.2999 ns/op

WorkloadWarmup   1: 524288 op, 561429600.00 ns, 1.0708 us/op
WorkloadWarmup   2: 524288 op, 561344200.00 ns, 1.0707 us/op
WorkloadWarmup   3: 524288 op, 658919100.00 ns, 1.2568 us/op
WorkloadWarmup   4: 524288 op, 702664700.00 ns, 1.3402 us/op
WorkloadWarmup   5: 524288 op, 904415300.00 ns, 1.7250 us/op
WorkloadWarmup   6: 524288 op, 985667000.00 ns, 1.8800 us/op
WorkloadWarmup   7: 524288 op, 861139800.00 ns, 1.6425 us/op
WorkloadWarmup   8: 524288 op, 861398100.00 ns, 1.6430 us/op
WorkloadWarmup   9: 524288 op, 772783600.00 ns, 1.4740 us/op

// BeforeActualRun
WorkloadActual   1: 524288 op, 701835000.00 ns, 1.3386 us/op
WorkloadActual   2: 524288 op, 657396400.00 ns, 1.2539 us/op
WorkloadActual   3: 524288 op, 663579600.00 ns, 1.2657 us/op
WorkloadActual   4: 524288 op, 729046100.00 ns, 1.3905 us/op
WorkloadActual   5: 524288 op, 716615600.00 ns, 1.3668 us/op
WorkloadActual   6: 524288 op, 678499900.00 ns, 1.2941 us/op
WorkloadActual   7: 524288 op, 790592200.00 ns, 1.5079 us/op
WorkloadActual   8: 524288 op, 860257000.00 ns, 1.6408 us/op
WorkloadActual   9: 524288 op, 863002400.00 ns, 1.6460 us/op
WorkloadActual  10: 524288 op, 895500700.00 ns, 1.7080 us/op
WorkloadActual  11: 524288 op, 718710700.00 ns, 1.3708 us/op
WorkloadActual  12: 524288 op, 787766300.00 ns, 1.5025 us/op
WorkloadActual  13: 524288 op, 703122100.00 ns, 1.3411 us/op
WorkloadActual  14: 524288 op, 657938500.00 ns, 1.2549 us/op
WorkloadActual  15: 524288 op, 685531000.00 ns, 1.3075 us/op
WorkloadActual  16: 524288 op, 836864300.00 ns, 1.5962 us/op
WorkloadActual  17: 524288 op, 839469400.00 ns, 1.6012 us/op
WorkloadActual  18: 524288 op, 864095500.00 ns, 1.6481 us/op
WorkloadActual  19: 524288 op, 860304900.00 ns, 1.6409 us/op
WorkloadActual  20: 524288 op, 896253800.00 ns, 1.7095 us/op
WorkloadActual  21: 524288 op, 944977900.00 ns, 1.8024 us/op
WorkloadActual  22: 524288 op, 1031871500.00 ns, 1.9681 us/op
WorkloadActual  23: 524288 op, 793350400.00 ns, 1.5132 us/op
WorkloadActual  24: 524288 op, 744691000.00 ns, 1.4204 us/op
WorkloadActual  25: 524288 op, 655673000.00 ns, 1.2506 us/op
WorkloadActual  26: 524288 op, 695566300.00 ns, 1.3267 us/op
WorkloadActual  27: 524288 op, 719168700.00 ns, 1.3717 us/op
WorkloadActual  28: 524288 op, 877868700.00 ns, 1.6744 us/op
WorkloadActual  29: 524288 op, 813840700.00 ns, 1.5523 us/op
WorkloadActual  30: 524288 op, 705807600.00 ns, 1.3462 us/op
WorkloadActual  31: 524288 op, 746657800.00 ns, 1.4241 us/op
WorkloadActual  32: 524288 op, 1070196300.00 ns, 2.0412 us/op
WorkloadActual  33: 524288 op, 883999200.00 ns, 1.6861 us/op
WorkloadActual  34: 524288 op, 618980500.00 ns, 1.1806 us/op
WorkloadActual  35: 524288 op, 660139000.00 ns, 1.2591 us/op
WorkloadActual  36: 524288 op, 667373400.00 ns, 1.2729 us/op
WorkloadActual  37: 524288 op, 658586500.00 ns, 1.2562 us/op
WorkloadActual  38: 524288 op, 664449200.00 ns, 1.2673 us/op
WorkloadActual  39: 524288 op, 696151400.00 ns, 1.3278 us/op
WorkloadActual  40: 524288 op, 641986600.00 ns, 1.2245 us/op
WorkloadActual  41: 524288 op, 625986700.00 ns, 1.1940 us/op
WorkloadActual  42: 524288 op, 641860000.00 ns, 1.2243 us/op
WorkloadActual  43: 524288 op, 633188400.00 ns, 1.2077 us/op
WorkloadActual  44: 524288 op, 586430900.00 ns, 1.1185 us/op
WorkloadActual  45: 524288 op, 608876200.00 ns, 1.1613 us/op
WorkloadActual  46: 524288 op, 600697600.00 ns, 1.1457 us/op
WorkloadActual  47: 524288 op, 580059200.00 ns, 1.1064 us/op
WorkloadActual  48: 524288 op, 600632300.00 ns, 1.1456 us/op
WorkloadActual  49: 524288 op, 576967700.00 ns, 1.1005 us/op
WorkloadActual  50: 524288 op, 583406100.00 ns, 1.1128 us/op
WorkloadActual  51: 524288 op, 630467700.00 ns, 1.2025 us/op
WorkloadActual  52: 524288 op, 588960300.00 ns, 1.1234 us/op
WorkloadActual  53: 524288 op, 615849000.00 ns, 1.1746 us/op
WorkloadActual  54: 524288 op, 585506300.00 ns, 1.1168 us/op
WorkloadActual  55: 524288 op, 601601400.00 ns, 1.1475 us/op
WorkloadActual  56: 524288 op, 585742600.00 ns, 1.1172 us/op
WorkloadActual  57: 524288 op, 648017700.00 ns, 1.2360 us/op
WorkloadActual  58: 524288 op, 592587300.00 ns, 1.1303 us/op
WorkloadActual  59: 524288 op, 578387000.00 ns, 1.1032 us/op
WorkloadActual  60: 524288 op, 601415300.00 ns, 1.1471 us/op
WorkloadActual  61: 524288 op, 605483000.00 ns, 1.1549 us/op
WorkloadActual  62: 524288 op, 591074300.00 ns, 1.1274 us/op
WorkloadActual  63: 524288 op, 598011500.00 ns, 1.1406 us/op
WorkloadActual  64: 524288 op, 597854600.00 ns, 1.1403 us/op
WorkloadActual  65: 524288 op, 603548800.00 ns, 1.1512 us/op
WorkloadActual  66: 524288 op, 605155000.00 ns, 1.1542 us/op
WorkloadActual  67: 524288 op, 584087400.00 ns, 1.1141 us/op
WorkloadActual  68: 524288 op, 587825900.00 ns, 1.1212 us/op
WorkloadActual  69: 524288 op, 587090900.00 ns, 1.1198 us/op
WorkloadActual  70: 524288 op, 590016700.00 ns, 1.1254 us/op
WorkloadActual  71: 524288 op, 604543600.00 ns, 1.1531 us/op
WorkloadActual  72: 524288 op, 608174100.00 ns, 1.1600 us/op
WorkloadActual  73: 524288 op, 588997000.00 ns, 1.1234 us/op
WorkloadActual  74: 524288 op, 590415200.00 ns, 1.1261 us/op
WorkloadActual  75: 524288 op, 615349600.00 ns, 1.1737 us/op
WorkloadActual  76: 524288 op, 584777300.00 ns, 1.1154 us/op
WorkloadActual  77: 524288 op, 579871600.00 ns, 1.1060 us/op
WorkloadActual  78: 524288 op, 596535300.00 ns, 1.1378 us/op
WorkloadActual  79: 524288 op, 579196000.00 ns, 1.1047 us/op
WorkloadActual  80: 524288 op, 581948800.00 ns, 1.1100 us/op
WorkloadActual  81: 524288 op, 584105000.00 ns, 1.1141 us/op
WorkloadActual  82: 524288 op, 589072500.00 ns, 1.1236 us/op
WorkloadActual  83: 524288 op, 606476900.00 ns, 1.1568 us/op
WorkloadActual  84: 524288 op, 629606400.00 ns, 1.2009 us/op
WorkloadActual  85: 524288 op, 583059500.00 ns, 1.1121 us/op
WorkloadActual  86: 524288 op, 590529600.00 ns, 1.1263 us/op
WorkloadActual  87: 524288 op, 596046500.00 ns, 1.1369 us/op
WorkloadActual  88: 524288 op, 587308300.00 ns, 1.1202 us/op
WorkloadActual  89: 524288 op, 583445400.00 ns, 1.1128 us/op
WorkloadActual  90: 524288 op, 577630900.00 ns, 1.1017 us/op
WorkloadActual  91: 524288 op, 611103100.00 ns, 1.1656 us/op
WorkloadActual  92: 524288 op, 588007000.00 ns, 1.1215 us/op
WorkloadActual  93: 524288 op, 581274400.00 ns, 1.1087 us/op
WorkloadActual  94: 524288 op, 615988800.00 ns, 1.1749 us/op
WorkloadActual  95: 524288 op, 609356600.00 ns, 1.1623 us/op
WorkloadActual  96: 524288 op, 580370100.00 ns, 1.1070 us/op
WorkloadActual  97: 524288 op, 608286400.00 ns, 1.1602 us/op
WorkloadActual  98: 524288 op, 584253100.00 ns, 1.1144 us/op
WorkloadActual  99: 524288 op, 615260700.00 ns, 1.1735 us/op
WorkloadActual  100: 524288 op, 576090900.00 ns, 1.0988 us/op

// AfterActualRun
WorkloadResult   1: 524288 op, 701159700.00 ns, 1.3374 us/op
WorkloadResult   2: 524288 op, 656721100.00 ns, 1.2526 us/op
WorkloadResult   3: 524288 op, 662904300.00 ns, 1.2644 us/op
WorkloadResult   4: 524288 op, 728370800.00 ns, 1.3893 us/op
WorkloadResult   5: 524288 op, 715940300.00 ns, 1.3655 us/op
WorkloadResult   6: 524288 op, 677824600.00 ns, 1.2928 us/op
WorkloadResult   7: 524288 op, 789916900.00 ns, 1.5066 us/op
WorkloadResult   8: 524288 op, 859581700.00 ns, 1.6395 us/op
WorkloadResult   9: 524288 op, 862327100.00 ns, 1.6448 us/op
WorkloadResult  10: 524288 op, 718035400.00 ns, 1.3695 us/op
WorkloadResult  11: 524288 op, 787091000.00 ns, 1.5013 us/op
WorkloadResult  12: 524288 op, 702446800.00 ns, 1.3398 us/op
WorkloadResult  13: 524288 op, 657263200.00 ns, 1.2536 us/op
WorkloadResult  14: 524288 op, 684855700.00 ns, 1.3063 us/op
WorkloadResult  15: 524288 op, 836189000.00 ns, 1.5949 us/op
WorkloadResult  16: 524288 op, 838794100.00 ns, 1.5999 us/op
WorkloadResult  17: 524288 op, 863420200.00 ns, 1.6468 us/op
WorkloadResult  18: 524288 op, 859629600.00 ns, 1.6396 us/op
WorkloadResult  19: 524288 op, 792675100.00 ns, 1.5119 us/op
WorkloadResult  20: 524288 op, 744015700.00 ns, 1.4191 us/op
WorkloadResult  21: 524288 op, 654997700.00 ns, 1.2493 us/op
WorkloadResult  22: 524288 op, 694891000.00 ns, 1.3254 us/op
WorkloadResult  23: 524288 op, 718493400.00 ns, 1.3704 us/op
WorkloadResult  24: 524288 op, 813165400.00 ns, 1.5510 us/op
WorkloadResult  25: 524288 op, 705132300.00 ns, 1.3449 us/op
WorkloadResult  26: 524288 op, 745982500.00 ns, 1.4228 us/op
WorkloadResult  27: 524288 op, 618305200.00 ns, 1.1793 us/op
WorkloadResult  28: 524288 op, 659463700.00 ns, 1.2578 us/op
WorkloadResult  29: 524288 op, 666698100.00 ns, 1.2716 us/op
WorkloadResult  30: 524288 op, 657911200.00 ns, 1.2549 us/op
WorkloadResult  31: 524288 op, 663773900.00 ns, 1.2660 us/op
WorkloadResult  32: 524288 op, 695476100.00 ns, 1.3265 us/op
WorkloadResult  33: 524288 op, 641311300.00 ns, 1.2232 us/op
WorkloadResult  34: 524288 op, 625311400.00 ns, 1.1927 us/op
WorkloadResult  35: 524288 op, 641184700.00 ns, 1.2230 us/op
WorkloadResult  36: 524288 op, 632513100.00 ns, 1.2064 us/op
WorkloadResult  37: 524288 op, 585755600.00 ns, 1.1172 us/op
WorkloadResult  38: 524288 op, 608200900.00 ns, 1.1601 us/op
WorkloadResult  39: 524288 op, 600022300.00 ns, 1.1445 us/op
WorkloadResult  40: 524288 op, 579383900.00 ns, 1.1051 us/op
WorkloadResult  41: 524288 op, 599957000.00 ns, 1.1443 us/op
WorkloadResult  42: 524288 op, 576292400.00 ns, 1.0992 us/op
WorkloadResult  43: 524288 op, 582730800.00 ns, 1.1115 us/op
WorkloadResult  44: 524288 op, 629792400.00 ns, 1.2012 us/op
WorkloadResult  45: 524288 op, 588285000.00 ns, 1.1221 us/op
WorkloadResult  46: 524288 op, 615173700.00 ns, 1.1734 us/op
WorkloadResult  47: 524288 op, 584831000.00 ns, 1.1155 us/op
WorkloadResult  48: 524288 op, 600926100.00 ns, 1.1462 us/op
WorkloadResult  49: 524288 op, 585067300.00 ns, 1.1159 us/op
WorkloadResult  50: 524288 op, 647342400.00 ns, 1.2347 us/op
WorkloadResult  51: 524288 op, 591912000.00 ns, 1.1290 us/op
WorkloadResult  52: 524288 op, 577711700.00 ns, 1.1019 us/op
WorkloadResult  53: 524288 op, 600740000.00 ns, 1.1458 us/op
WorkloadResult  54: 524288 op, 604807700.00 ns, 1.1536 us/op
WorkloadResult  55: 524288 op, 590399000.00 ns, 1.1261 us/op
WorkloadResult  56: 524288 op, 597336200.00 ns, 1.1393 us/op
WorkloadResult  57: 524288 op, 597179300.00 ns, 1.1390 us/op
WorkloadResult  58: 524288 op, 602873500.00 ns, 1.1499 us/op
WorkloadResult  59: 524288 op, 604479700.00 ns, 1.1530 us/op
WorkloadResult  60: 524288 op, 583412100.00 ns, 1.1128 us/op
WorkloadResult  61: 524288 op, 587150600.00 ns, 1.1199 us/op
WorkloadResult  62: 524288 op, 586415600.00 ns, 1.1185 us/op
WorkloadResult  63: 524288 op, 589341400.00 ns, 1.1241 us/op
WorkloadResult  64: 524288 op, 603868300.00 ns, 1.1518 us/op
WorkloadResult  65: 524288 op, 607498800.00 ns, 1.1587 us/op
WorkloadResult  66: 524288 op, 588321700.00 ns, 1.1221 us/op
WorkloadResult  67: 524288 op, 589739900.00 ns, 1.1248 us/op
WorkloadResult  68: 524288 op, 614674300.00 ns, 1.1724 us/op
WorkloadResult  69: 524288 op, 584102000.00 ns, 1.1141 us/op
WorkloadResult  70: 524288 op, 579196300.00 ns, 1.1047 us/op
WorkloadResult  71: 524288 op, 595860000.00 ns, 1.1365 us/op
WorkloadResult  72: 524288 op, 578520700.00 ns, 1.1034 us/op
WorkloadResult  73: 524288 op, 581273500.00 ns, 1.1087 us/op
WorkloadResult  74: 524288 op, 583429700.00 ns, 1.1128 us/op
WorkloadResult  75: 524288 op, 588397200.00 ns, 1.1223 us/op
WorkloadResult  76: 524288 op, 605801600.00 ns, 1.1555 us/op
WorkloadResult  77: 524288 op, 628931100.00 ns, 1.1996 us/op
WorkloadResult  78: 524288 op, 582384200.00 ns, 1.1108 us/op
WorkloadResult  79: 524288 op, 589854300.00 ns, 1.1251 us/op
WorkloadResult  80: 524288 op, 595371200.00 ns, 1.1356 us/op
WorkloadResult  81: 524288 op, 586633000.00 ns, 1.1189 us/op
WorkloadResult  82: 524288 op, 582770100.00 ns, 1.1115 us/op
WorkloadResult  83: 524288 op, 576955600.00 ns, 1.1005 us/op
WorkloadResult  84: 524288 op, 610427800.00 ns, 1.1643 us/op
WorkloadResult  85: 524288 op, 587331700.00 ns, 1.1202 us/op
WorkloadResult  86: 524288 op, 580599100.00 ns, 1.1074 us/op
WorkloadResult  87: 524288 op, 615313500.00 ns, 1.1736 us/op
WorkloadResult  88: 524288 op, 608681300.00 ns, 1.1610 us/op
WorkloadResult  89: 524288 op, 579694800.00 ns, 1.1057 us/op
WorkloadResult  90: 524288 op, 607611100.00 ns, 1.1589 us/op
WorkloadResult  91: 524288 op, 583577800.00 ns, 1.1131 us/op
WorkloadResult  92: 524288 op, 614585400.00 ns, 1.1722 us/op
WorkloadResult  93: 524288 op, 575415600.00 ns, 1.0975 us/op
// GC:  48 0 0 2436890624 524288
// Threading:  0 0 524288

// AfterAll
// Benchmark Process 14512 has exited with code 0.

Mean = 1.228 us, StdErr = 0.016 us (1.27%), N = 93, StdDev = 0.150 us
Min = 1.098 us, Q1 = 1.120 us, Median = 1.159 us, Q3 = 1.272 us, Max = 1.647 us
IQR = 0.151 us, LowerFence = 0.893 us, UpperFence = 1.499 us
ConfidenceInterval = [1.175 us; 1.281 us] (CI 99.9%), Margin = 0.053 us (4.32% of Mean)
Skewness = 1.45, Kurtosis = 4.12, MValue = 2.38

// ** Remained 54 (90.0%) benchmark(s) to run. Estimated finish 2026-09-21 12:45 (0h 26m from now) **
Setup power plan (GUID: 8c5e7fda-e8bf-4a96-9a85-a6e23a8c635c FriendlyName: High performance)
// **************************
// Benchmark: FixAgainstQuickFix.'ours: parse + read': DefaultJob [From=Compiled, Reading=Parties]
// *** Execute ***
// Launch: 1 / 1
// Execute: dotnet qfcompare-DefaultJob-1.dll --anonymousPipes 2968 3044 --benchmarkName "QfCompare.FixAgainstQuickFix.OursParse(From: Compiled, Reading: Parties)" --job Default --benchmarkId 6 in P:\dotgram.WorkTrees\fix-frozen\.work\qfcompare\bin\Release\net10.0\qfcompare-DefaultJob-1\bin\Release\net10.0
// BeforeAnythingElse

// Benchmark Process Environment Information:
// BenchmarkDotNet v0.15.8
// Runtime=.NET 10.0.12 (10.0.12, 10.0.1226.42308), X64 RyuJIT x86-64-v4
// GC=Concurrent Workstation
// HardwareIntrinsics=AVX512 BITALG+VBMI2+VNNI+VPOPCNTDQ,AVX512 IFMA+VBMI,AVX512 F+BW+CD+DQ+VL,AVX2+BMI1+BMI2+F16C+FMA+LZCNT+MOVBE,AVX,SSE3+SSSE3+SSE4.1+SSE4.2+POPCNT,X86Base+SSE+SSE2,AES+PCLMUL,AvxVnni VectorSize=256
// Job: DefaultJob

OverheadJitting  1: 1 op, 139100.00 ns, 139.1000 us/op
WorkloadJitting  1: 1 op, 164200.00 ns, 164.2000 us/op

OverheadJitting  2: 16 op, 253300.00 ns, 15.8313 us/op
WorkloadJitting  2: 16 op, 478800.00 ns, 29.9250 us/op

WorkloadPilot    1: 16 op, 218700.00 ns, 13.6688 us/op
WorkloadPilot    2: 32 op, 465900.00 ns, 14.5594 us/op
WorkloadPilot    3: 64 op, 964000.00 ns, 15.0625 us/op
WorkloadPilot    4: 128 op, 1770200.00 ns, 13.8297 us/op
WorkloadPilot    5: 256 op, 3492600.00 ns, 13.6430 us/op
WorkloadPilot    6: 512 op, 6349600.00 ns, 12.4016 us/op
WorkloadPilot    7: 1024 op, 11602700.00 ns, 11.3308 us/op
WorkloadPilot    8: 2048 op, 22371300.00 ns, 10.9235 us/op
WorkloadPilot    9: 4096 op, 42493000.00 ns, 10.3743 us/op
WorkloadPilot   10: 8192 op, 97536000.00 ns, 11.9063 us/op
WorkloadPilot   11: 16384 op, 201433800.00 ns, 12.2945 us/op
WorkloadPilot   12: 32768 op, 182405100.00 ns, 5.5666 us/op
WorkloadPilot   13: 65536 op, 123778400.00 ns, 1.8887 us/op
WorkloadPilot   14: 131072 op, 241952900.00 ns, 1.8460 us/op
WorkloadPilot   15: 262144 op, 480002100.00 ns, 1.8311 us/op
WorkloadPilot   16: 524288 op, 959431900.00 ns, 1.8300 us/op

OverheadWarmup   1: 524288 op, 670900.00 ns, 1.2796 ns/op
OverheadWarmup   2: 524288 op, 673100.00 ns, 1.2838 ns/op
OverheadWarmup   3: 524288 op, 674000.00 ns, 1.2856 ns/op
OverheadWarmup   4: 524288 op, 675800.00 ns, 1.2890 ns/op
OverheadWarmup   5: 524288 op, 680500.00 ns, 1.2980 ns/op
OverheadWarmup   6: 524288 op, 673200.00 ns, 1.2840 ns/op
OverheadWarmup   7: 524288 op, 682000.00 ns, 1.3008 ns/op
OverheadWarmup   8: 524288 op, 676900.00 ns, 1.2911 ns/op

OverheadActual   1: 524288 op, 675300.00 ns, 1.2880 ns/op
OverheadActual   2: 524288 op, 686800.00 ns, 1.3100 ns/op
OverheadActual   3: 524288 op, 694400.00 ns, 1.3245 ns/op
OverheadActual   4: 524288 op, 689800.00 ns, 1.3157 ns/op
OverheadActual   5: 524288 op, 685800.00 ns, 1.3081 ns/op
OverheadActual   6: 524288 op, 688000.00 ns, 1.3123 ns/op
OverheadActual   7: 524288 op, 678200.00 ns, 1.2936 ns/op
OverheadActual   8: 524288 op, 680200.00 ns, 1.2974 ns/op
OverheadActual   9: 524288 op, 675400.00 ns, 1.2882 ns/op
OverheadActual  10: 524288 op, 690200.00 ns, 1.3165 ns/op
OverheadActual  11: 524288 op, 677800.00 ns, 1.2928 ns/op
OverheadActual  12: 524288 op, 679200.00 ns, 1.2955 ns/op
OverheadActual  13: 524288 op, 669300.00 ns, 1.2766 ns/op
OverheadActual  14: 524288 op, 673700.00 ns, 1.2850 ns/op
OverheadActual  15: 524288 op, 681400.00 ns, 1.2997 ns/op

WorkloadWarmup   1: 524288 op, 1024925200.00 ns, 1.9549 us/op
WorkloadWarmup   2: 524288 op, 1026568900.00 ns, 1.9580 us/op
WorkloadWarmup   3: 524288 op, 1022665500.00 ns, 1.9506 us/op
WorkloadWarmup   4: 524288 op, 1030645300.00 ns, 1.9658 us/op
WorkloadWarmup   5: 524288 op, 1046429400.00 ns, 1.9959 us/op
WorkloadWarmup   6: 524288 op, 1028631200.00 ns, 1.9620 us/op

// BeforeActualRun
WorkloadActual   1: 524288 op, 1045936300.00 ns, 1.9950 us/op
WorkloadActual   2: 524288 op, 1015680300.00 ns, 1.9373 us/op
WorkloadActual   3: 524288 op, 1048142400.00 ns, 1.9992 us/op
WorkloadActual   4: 524288 op, 1037727800.00 ns, 1.9793 us/op
WorkloadActual   5: 524288 op, 1024357400.00 ns, 1.9538 us/op
WorkloadActual   6: 524288 op, 1023610400.00 ns, 1.9524 us/op
WorkloadActual   7: 524288 op, 1044713100.00 ns, 1.9926 us/op
WorkloadActual   8: 524288 op, 1041122500.00 ns, 1.9858 us/op
WorkloadActual   9: 524288 op, 1044694900.00 ns, 1.9926 us/op
WorkloadActual  10: 524288 op, 1044475700.00 ns, 1.9922 us/op
WorkloadActual  11: 524288 op, 1027349000.00 ns, 1.9595 us/op
WorkloadActual  12: 524288 op, 1038221700.00 ns, 1.9803 us/op
WorkloadActual  13: 524288 op, 1056593900.00 ns, 2.0153 us/op
WorkloadActual  14: 524288 op, 1054853700.00 ns, 2.0120 us/op
WorkloadActual  15: 524288 op, 1039631100.00 ns, 1.9829 us/op

// AfterActualRun
WorkloadResult   1: 524288 op, 1045256100.00 ns, 1.9937 us/op
WorkloadResult   2: 524288 op, 1015000100.00 ns, 1.9360 us/op
WorkloadResult   3: 524288 op, 1047462200.00 ns, 1.9979 us/op
WorkloadResult   4: 524288 op, 1037047600.00 ns, 1.9780 us/op
WorkloadResult   5: 524288 op, 1023677200.00 ns, 1.9525 us/op
WorkloadResult   6: 524288 op, 1022930200.00 ns, 1.9511 us/op
WorkloadResult   7: 524288 op, 1044032900.00 ns, 1.9913 us/op
WorkloadResult   8: 524288 op, 1040442300.00 ns, 1.9845 us/op
WorkloadResult   9: 524288 op, 1044014700.00 ns, 1.9913 us/op
WorkloadResult  10: 524288 op, 1043795500.00 ns, 1.9909 us/op
WorkloadResult  11: 524288 op, 1026668800.00 ns, 1.9582 us/op
WorkloadResult  12: 524288 op, 1037541500.00 ns, 1.9790 us/op
WorkloadResult  13: 524288 op, 1055913700.00 ns, 2.0140 us/op
WorkloadResult  14: 524288 op, 1054173500.00 ns, 2.0107 us/op
WorkloadResult  15: 524288 op, 1038950900.00 ns, 1.9816 us/op
// GC:  63 0 0 3191865344 524288
// Threading:  0 0 524288

// AfterAll
// Benchmark Process 16924 has exited with code 0.

Mean = 1.981 us, StdErr = 0.006 us (0.29%), N = 15, StdDev = 0.022 us
Min = 1.936 us, Q1 = 1.968 us, Median = 1.984 us, Q3 = 1.993 us, Max = 2.014 us
IQR = 0.024 us, LowerFence = 1.932 us, UpperFence = 2.029 us
ConfidenceInterval = [1.957 us; 2.005 us] (CI 99.9%), Margin = 0.024 us (1.21% of Mean)
Skewness = -0.45, Kurtosis = 2.09, MValue = 2

// ** Remained 53 (88.3%) benchmark(s) to run. Estimated finish 2026-09-21 12:45 (0h 25m from now) **
Setup power plan (GUID: 8c5e7fda-e8bf-4a96-9a85-a6e23a8c635c FriendlyName: High performance)
// **************************
// Benchmark: FixAgainstQuickFix.'QuickFIX/n: parse + read': DefaultJob [From=Compiled, Reading=Parties]
// *** Execute ***
// Launch: 1 / 1
// Execute: dotnet qfcompare-DefaultJob-1.dll --anonymousPipes 2916 2912 --benchmarkName "QfCompare.FixAgainstQuickFix.TheirsParse(From: Compiled, Reading: Parties)" --job Default --benchmarkId 7 in P:\dotgram.WorkTrees\fix-frozen\.work\qfcompare\bin\Release\net10.0\qfcompare-DefaultJob-1\bin\Release\net10.0
// BeforeAnythingElse

// Benchmark Process Environment Information:
// BenchmarkDotNet v0.15.8
// Runtime=.NET 10.0.12 (10.0.12, 10.0.1226.42308), X64 RyuJIT x86-64-v4
// GC=Concurrent Workstation
// HardwareIntrinsics=AVX512 BITALG+VBMI2+VNNI+VPOPCNTDQ,AVX512 IFMA+VBMI,AVX512 F+BW+CD+DQ+VL,AVX2+BMI1+BMI2+F16C+FMA+LZCNT+MOVBE,AVX,SSE3+SSSE3+SSE4.1+SSE4.2+POPCNT,X86Base+SSE+SSE2,AES+PCLMUL,AvxVnni VectorSize=256
// Job: DefaultJob

OverheadJitting  1: 1 op, 139200.00 ns, 139.2000 us/op
WorkloadJitting  1: 1 op, 154000.00 ns, 154.0000 us/op

OverheadJitting  2: 16 op, 259600.00 ns, 16.2250 us/op
WorkloadJitting  2: 16 op, 427400.00 ns, 26.7125 us/op

WorkloadPilot    1: 16 op, 211500.00 ns, 13.2188 us/op
WorkloadPilot    2: 32 op, 381100.00 ns, 11.9094 us/op
WorkloadPilot    3: 64 op, 762600.00 ns, 11.9156 us/op
WorkloadPilot    4: 128 op, 1611600.00 ns, 12.5906 us/op
WorkloadPilot    5: 256 op, 3019000.00 ns, 11.7930 us/op
WorkloadPilot    6: 512 op, 6074300.00 ns, 11.8639 us/op
WorkloadPilot    7: 1024 op, 11949000.00 ns, 11.6689 us/op
WorkloadPilot    8: 2048 op, 22907100.00 ns, 11.1851 us/op
WorkloadPilot    9: 4096 op, 43897700.00 ns, 10.7172 us/op
WorkloadPilot   10: 8192 op, 90122100.00 ns, 11.0012 us/op
WorkloadPilot   11: 16384 op, 194600100.00 ns, 11.8774 us/op
WorkloadPilot   12: 32768 op, 109262100.00 ns, 3.3344 us/op
WorkloadPilot   13: 65536 op, 137612200.00 ns, 2.0998 us/op
WorkloadPilot   14: 131072 op, 273947500.00 ns, 2.0901 us/op
WorkloadPilot   15: 262144 op, 549625200.00 ns, 2.0967 us/op

OverheadWarmup   1: 262144 op, 342400.00 ns, 1.3062 ns/op
OverheadWarmup   2: 262144 op, 341600.00 ns, 1.3031 ns/op
OverheadWarmup   3: 262144 op, 393100.00 ns, 1.4996 ns/op
OverheadWarmup   4: 262144 op, 336700.00 ns, 1.2844 ns/op
OverheadWarmup   5: 262144 op, 337000.00 ns, 1.2856 ns/op
OverheadWarmup   6: 262144 op, 340600.00 ns, 1.2993 ns/op
OverheadWarmup   7: 262144 op, 336700.00 ns, 1.2844 ns/op

OverheadActual   1: 262144 op, 340700.00 ns, 1.2997 ns/op
OverheadActual   2: 262144 op, 337400.00 ns, 1.2871 ns/op
OverheadActual   3: 262144 op, 337900.00 ns, 1.2890 ns/op
OverheadActual   4: 262144 op, 342400.00 ns, 1.3062 ns/op
OverheadActual   5: 262144 op, 340500.00 ns, 1.2989 ns/op
OverheadActual   6: 262144 op, 340900.00 ns, 1.3004 ns/op
OverheadActual   7: 262144 op, 345300.00 ns, 1.3172 ns/op
OverheadActual   8: 262144 op, 341000.00 ns, 1.3008 ns/op
OverheadActual   9: 262144 op, 339400.00 ns, 1.2947 ns/op
OverheadActual  10: 262144 op, 340900.00 ns, 1.3004 ns/op
OverheadActual  11: 262144 op, 344600.00 ns, 1.3145 ns/op
OverheadActual  12: 262144 op, 338600.00 ns, 1.2917 ns/op
OverheadActual  13: 262144 op, 336400.00 ns, 1.2833 ns/op
OverheadActual  14: 262144 op, 337500.00 ns, 1.2875 ns/op
OverheadActual  15: 262144 op, 366700.00 ns, 1.3988 ns/op

WorkloadWarmup   1: 262144 op, 562241500.00 ns, 2.1448 us/op
WorkloadWarmup   2: 262144 op, 568256600.00 ns, 2.1677 us/op
WorkloadWarmup   3: 262144 op, 599095200.00 ns, 2.2854 us/op
WorkloadWarmup   4: 262144 op, 596637700.00 ns, 2.2760 us/op
WorkloadWarmup   5: 262144 op, 605991100.00 ns, 2.3117 us/op
WorkloadWarmup   6: 262144 op, 600064500.00 ns, 2.2891 us/op

// BeforeActualRun
WorkloadActual   1: 262144 op, 582160600.00 ns, 2.2208 us/op
WorkloadActual   2: 262144 op, 590817900.00 ns, 2.2538 us/op
WorkloadActual   3: 262144 op, 587497200.00 ns, 2.2411 us/op
WorkloadActual   4: 262144 op, 585006200.00 ns, 2.2316 us/op
WorkloadActual   5: 262144 op, 623579700.00 ns, 2.3788 us/op
WorkloadActual   6: 262144 op, 594303600.00 ns, 2.2671 us/op
WorkloadActual   7: 262144 op, 589107200.00 ns, 2.2473 us/op
WorkloadActual   8: 262144 op, 601653700.00 ns, 2.2951 us/op
WorkloadActual   9: 262144 op, 581718400.00 ns, 2.2191 us/op
WorkloadActual  10: 262144 op, 593244800.00 ns, 2.2630 us/op
WorkloadActual  11: 262144 op, 626531800.00 ns, 2.3900 us/op
WorkloadActual  12: 262144 op, 582404200.00 ns, 2.2217 us/op
WorkloadActual  13: 262144 op, 596910800.00 ns, 2.2770 us/op
WorkloadActual  14: 262144 op, 590740000.00 ns, 2.2535 us/op
WorkloadActual  15: 262144 op, 599487000.00 ns, 2.2869 us/op

// AfterActualRun
WorkloadResult   1: 262144 op, 581819900.00 ns, 2.2195 us/op
WorkloadResult   2: 262144 op, 590477200.00 ns, 2.2525 us/op
WorkloadResult   3: 262144 op, 587156500.00 ns, 2.2398 us/op
WorkloadResult   4: 262144 op, 584665500.00 ns, 2.2303 us/op
WorkloadResult   5: 262144 op, 593962900.00 ns, 2.2658 us/op
WorkloadResult   6: 262144 op, 588766500.00 ns, 2.2460 us/op
WorkloadResult   7: 262144 op, 601313000.00 ns, 2.2938 us/op
WorkloadResult   8: 262144 op, 581377700.00 ns, 2.2178 us/op
WorkloadResult   9: 262144 op, 592904100.00 ns, 2.2617 us/op
WorkloadResult  10: 262144 op, 582063500.00 ns, 2.2204 us/op
WorkloadResult  11: 262144 op, 596570100.00 ns, 2.2757 us/op
WorkloadResult  12: 262144 op, 590399300.00 ns, 2.2522 us/op
WorkloadResult  13: 262144 op, 599146300.00 ns, 2.2856 us/op
// GC:  56 1 0 2852126720 262144
// Threading:  0 0 262144

// AfterAll
// Benchmark Process 50308 has exited with code 0.

Mean = 2.251 us, StdErr = 0.007 us (0.31%), N = 13, StdDev = 0.025 us
Min = 2.218 us, Q1 = 2.230 us, Median = 2.252 us, Q3 = 2.266 us, Max = 2.294 us
IQR = 0.035 us, LowerFence = 2.177 us, UpperFence = 2.319 us
ConfidenceInterval = [2.221 us; 2.281 us] (CI 99.9%), Margin = 0.030 us (1.34% of Mean)
Skewness = 0.17, Kurtosis = 1.64, MValue = 2

// ** Remained 52 (86.7%) benchmark(s) to run. Estimated finish 2026-09-21 12:43 (0h 23m from now) **
Setup power plan (GUID: 8c5e7fda-e8bf-4a96-9a85-a6e23a8c635c FriendlyName: High performance)
// **************************
// Benchmark: FixAgainstQuickFix.'ours: parse + validate + read': DefaultJob [From=Compiled, Reading=Parties]
// *** Execute ***
// Launch: 1 / 1
// Execute: dotnet qfcompare-DefaultJob-1.dll --anonymousPipes 2976 2900 --benchmarkName "QfCompare.FixAgainstQuickFix.OursParseAndValidate(From: Compiled, Reading: Parties)" --job Default --benchmarkId 8 in P:\dotgram.WorkTrees\fix-frozen\.work\qfcompare\bin\Release\net10.0\qfcompare-DefaultJob-1\bin\Release\net10.0
// BeforeAnythingElse

// Benchmark Process Environment Information:
// BenchmarkDotNet v0.15.8
// Runtime=.NET 10.0.12 (10.0.12, 10.0.1226.42308), X64 RyuJIT x86-64-v4
// GC=Concurrent Workstation
// HardwareIntrinsics=AVX512 BITALG+VBMI2+VNNI+VPOPCNTDQ,AVX512 IFMA+VBMI,AVX512 F+BW+CD+DQ+VL,AVX2+BMI1+BMI2+F16C+FMA+LZCNT+MOVBE,AVX,SSE3+SSSE3+SSE4.1+SSE4.2+POPCNT,X86Base+SSE+SSE2,AES+PCLMUL,AvxVnni VectorSize=256
// Job: DefaultJob

OverheadJitting  1: 1 op, 139600.00 ns, 139.6000 us/op
WorkloadJitting  1: 1 op, 180400.00 ns, 180.4000 us/op

OverheadJitting  2: 16 op, 237900.00 ns, 14.8688 us/op
WorkloadJitting  2: 16 op, 585100.00 ns, 36.5688 us/op

WorkloadPilot    1: 16 op, 315800.00 ns, 19.7375 us/op
WorkloadPilot    2: 32 op, 643100.00 ns, 20.0969 us/op
WorkloadPilot    3: 64 op, 1362300.00 ns, 21.2859 us/op
WorkloadPilot    4: 128 op, 2511300.00 ns, 19.6195 us/op
WorkloadPilot    5: 256 op, 4940400.00 ns, 19.2984 us/op
WorkloadPilot    6: 512 op, 9170700.00 ns, 17.9115 us/op
WorkloadPilot    7: 1024 op, 17453700.00 ns, 17.0446 us/op
WorkloadPilot    8: 2048 op, 32857100.00 ns, 16.0435 us/op
WorkloadPilot    9: 4096 op, 65020200.00 ns, 15.8741 us/op
WorkloadPilot   10: 8192 op, 148673600.00 ns, 18.1486 us/op
WorkloadPilot   11: 16384 op, 318021300.00 ns, 19.4105 us/op
WorkloadPilot   12: 32768 op, 127976500.00 ns, 3.9055 us/op
WorkloadPilot   13: 65536 op, 191620700.00 ns, 2.9239 us/op
WorkloadPilot   14: 131072 op, 383356600.00 ns, 2.9248 us/op
WorkloadPilot   15: 262144 op, 765544300.00 ns, 2.9203 us/op

OverheadWarmup   1: 262144 op, 337500.00 ns, 1.2875 ns/op
OverheadWarmup   2: 262144 op, 335900.00 ns, 1.2814 ns/op
OverheadWarmup   3: 262144 op, 336400.00 ns, 1.2833 ns/op
OverheadWarmup   4: 262144 op, 338000.00 ns, 1.2894 ns/op
OverheadWarmup   5: 262144 op, 340400.00 ns, 1.2985 ns/op
OverheadWarmup   6: 262144 op, 335400.00 ns, 1.2794 ns/op
OverheadWarmup   7: 262144 op, 337100.00 ns, 1.2859 ns/op
OverheadWarmup   8: 262144 op, 337900.00 ns, 1.2890 ns/op
OverheadWarmup   9: 262144 op, 341000.00 ns, 1.3008 ns/op
OverheadWarmup  10: 262144 op, 340300.00 ns, 1.2981 ns/op

OverheadActual   1: 262144 op, 338200.00 ns, 1.2901 ns/op
OverheadActual   2: 262144 op, 343000.00 ns, 1.3084 ns/op
OverheadActual   3: 262144 op, 345400.00 ns, 1.3176 ns/op
OverheadActual   4: 262144 op, 341600.00 ns, 1.3031 ns/op
OverheadActual   5: 262144 op, 341800.00 ns, 1.3039 ns/op
OverheadActual   6: 262144 op, 338700.00 ns, 1.2920 ns/op
OverheadActual   7: 262144 op, 340800.00 ns, 1.3000 ns/op
OverheadActual   8: 262144 op, 341300.00 ns, 1.3020 ns/op
OverheadActual   9: 262144 op, 337700.00 ns, 1.2882 ns/op
OverheadActual  10: 262144 op, 345600.00 ns, 1.3184 ns/op
OverheadActual  11: 262144 op, 336600.00 ns, 1.2840 ns/op
OverheadActual  12: 262144 op, 344400.00 ns, 1.3138 ns/op
OverheadActual  13: 262144 op, 336500.00 ns, 1.2836 ns/op
OverheadActual  14: 262144 op, 337600.00 ns, 1.2878 ns/op
OverheadActual  15: 262144 op, 337300.00 ns, 1.2867 ns/op

WorkloadWarmup   1: 262144 op, 777320100.00 ns, 2.9652 us/op
WorkloadWarmup   2: 262144 op, 816135000.00 ns, 3.1133 us/op
WorkloadWarmup   3: 262144 op, 806699200.00 ns, 3.0773 us/op
WorkloadWarmup   4: 262144 op, 809082300.00 ns, 3.0864 us/op
WorkloadWarmup   5: 262144 op, 820058100.00 ns, 3.1283 us/op
WorkloadWarmup   6: 262144 op, 800547800.00 ns, 3.0538 us/op

// BeforeActualRun
WorkloadActual   1: 262144 op, 806824700.00 ns, 3.0778 us/op
WorkloadActual   2: 262144 op, 806729400.00 ns, 3.0774 us/op
WorkloadActual   3: 262144 op, 819791100.00 ns, 3.1273 us/op
WorkloadActual   4: 262144 op, 813567700.00 ns, 3.1035 us/op
WorkloadActual   5: 262144 op, 810229000.00 ns, 3.0908 us/op
WorkloadActual   6: 262144 op, 813907600.00 ns, 3.1048 us/op
WorkloadActual   7: 262144 op, 821050000.00 ns, 3.1321 us/op
WorkloadActual   8: 262144 op, 809543200.00 ns, 3.0882 us/op
WorkloadActual   9: 262144 op, 818703200.00 ns, 3.1231 us/op
WorkloadActual  10: 262144 op, 829170400.00 ns, 3.1630 us/op
WorkloadActual  11: 262144 op, 814777200.00 ns, 3.1081 us/op
WorkloadActual  12: 262144 op, 808255400.00 ns, 3.0832 us/op
WorkloadActual  13: 262144 op, 808216500.00 ns, 3.0831 us/op
WorkloadActual  14: 262144 op, 799720700.00 ns, 3.0507 us/op
WorkloadActual  15: 262144 op, 834938400.00 ns, 3.1850 us/op

// AfterActualRun
WorkloadResult   1: 262144 op, 806483900.00 ns, 3.0765 us/op
WorkloadResult   2: 262144 op, 806388600.00 ns, 3.0761 us/op
WorkloadResult   3: 262144 op, 819450300.00 ns, 3.1260 us/op
WorkloadResult   4: 262144 op, 813226900.00 ns, 3.1022 us/op
WorkloadResult   5: 262144 op, 809888200.00 ns, 3.0895 us/op
WorkloadResult   6: 262144 op, 813566800.00 ns, 3.1035 us/op
WorkloadResult   7: 262144 op, 820709200.00 ns, 3.1308 us/op
WorkloadResult   8: 262144 op, 809202400.00 ns, 3.0869 us/op
WorkloadResult   9: 262144 op, 818362400.00 ns, 3.1218 us/op
WorkloadResult  10: 262144 op, 828829600.00 ns, 3.1617 us/op
WorkloadResult  11: 262144 op, 814436400.00 ns, 3.1068 us/op
WorkloadResult  12: 262144 op, 807914600.00 ns, 3.0819 us/op
WorkloadResult  13: 262144 op, 807875700.00 ns, 3.0818 us/op
WorkloadResult  14: 262144 op, 799379900.00 ns, 3.0494 us/op
WorkloadResult  15: 262144 op, 834597600.00 ns, 3.1837 us/op
// GC:  32 0 0 1612709888 262144
// Threading:  0 0 262144

// AfterAll
// Benchmark Process 14272 has exited with code 0.

Mean = 3.105 us, StdErr = 0.009 us (0.29%), N = 15, StdDev = 0.035 us
Min = 3.049 us, Q1 = 3.082 us, Median = 3.102 us, Q3 = 3.124 us, Max = 3.184 us
IQR = 0.042 us, LowerFence = 3.019 us, UpperFence = 3.187 us
ConfidenceInterval = [3.068 us; 3.143 us] (CI 99.9%), Margin = 0.037 us (1.21% of Mean)
Skewness = 0.67, Kurtosis = 2.68, MValue = 2

// ** Remained 51 (85.0%) benchmark(s) to run. Estimated finish 2026-09-21 12:42 (0h 22m from now) **
Setup power plan (GUID: 8c5e7fda-e8bf-4a96-9a85-a6e23a8c635c FriendlyName: High performance)
// **************************
// Benchmark: FixAgainstQuickFix.'QuickFIX/n: parse + validate + read': DefaultJob [From=Compiled, Reading=Parties]
// *** Execute ***
// Launch: 1 / 1
// Execute: dotnet qfcompare-DefaultJob-1.dll --anonymousPipes 2884 2888 --benchmarkName "QfCompare.FixAgainstQuickFix.TheirsParseAndValidate(From: Compiled, Reading: Parties)" --job Default --benchmarkId 9 in P:\dotgram.WorkTrees\fix-frozen\.work\qfcompare\bin\Release\net10.0\qfcompare-DefaultJob-1\bin\Release\net10.0
// BeforeAnythingElse

// Benchmark Process Environment Information:
// BenchmarkDotNet v0.15.8
// Runtime=.NET 10.0.12 (10.0.12, 10.0.1226.42308), X64 RyuJIT x86-64-v4
// GC=Concurrent Workstation
// HardwareIntrinsics=AVX512 BITALG+VBMI2+VNNI+VPOPCNTDQ,AVX512 IFMA+VBMI,AVX512 F+BW+CD+DQ+VL,AVX2+BMI1+BMI2+F16C+FMA+LZCNT+MOVBE,AVX,SSE3+SSSE3+SSE4.1+SSE4.2+POPCNT,X86Base+SSE+SSE2,AES+PCLMUL,AvxVnni VectorSize=256
// Job: DefaultJob

OverheadJitting  1: 1 op, 127200.00 ns, 127.2000 us/op
WorkloadJitting  1: 1 op, 10368100.00 ns, 10.3681 ms/op

OverheadJitting  2: 16 op, 239400.00 ns, 14.9625 us/op
WorkloadJitting  2: 16 op, 715200.00 ns, 44.7000 us/op

WorkloadPilot    1: 16 op, 468500.00 ns, 29.2813 us/op
WorkloadPilot    2: 32 op, 902600.00 ns, 28.2063 us/op
WorkloadPilot    3: 64 op, 1788000.00 ns, 27.9375 us/op
WorkloadPilot    4: 128 op, 3605300.00 ns, 28.1664 us/op
WorkloadPilot    5: 256 op, 7241500.00 ns, 28.2871 us/op
WorkloadPilot    6: 512 op, 14626600.00 ns, 28.5676 us/op
WorkloadPilot    7: 1024 op, 27842300.00 ns, 27.1897 us/op
WorkloadPilot    8: 2048 op, 54389600.00 ns, 26.5574 us/op
WorkloadPilot    9: 4096 op, 122334100.00 ns, 29.8667 us/op
WorkloadPilot   10: 8192 op, 212545900.00 ns, 25.9455 us/op
WorkloadPilot   11: 16384 op, 205700700.00 ns, 12.5550 us/op
WorkloadPilot   12: 32768 op, 170487000.00 ns, 5.2029 us/op
WorkloadPilot   13: 65536 op, 272600100.00 ns, 4.1595 us/op
WorkloadPilot   14: 131072 op, 542130500.00 ns, 4.1361 us/op

OverheadWarmup   1: 131072 op, 171400.00 ns, 1.3077 ns/op
OverheadWarmup   2: 131072 op, 169300.00 ns, 1.2917 ns/op
OverheadWarmup   3: 131072 op, 168700.00 ns, 1.2871 ns/op
OverheadWarmup   4: 131072 op, 172300.00 ns, 1.3145 ns/op
OverheadWarmup   5: 131072 op, 169400.00 ns, 1.2924 ns/op
OverheadWarmup   6: 131072 op, 171300.00 ns, 1.3069 ns/op
OverheadWarmup   7: 131072 op, 173000.00 ns, 1.3199 ns/op
OverheadWarmup   8: 131072 op, 170800.00 ns, 1.3031 ns/op

OverheadActual   1: 131072 op, 168800.00 ns, 1.2878 ns/op
OverheadActual   2: 131072 op, 174300.00 ns, 1.3298 ns/op
OverheadActual   3: 131072 op, 171600.00 ns, 1.3092 ns/op
OverheadActual   4: 131072 op, 169300.00 ns, 1.2917 ns/op
OverheadActual   5: 131072 op, 169600.00 ns, 1.2939 ns/op
OverheadActual   6: 131072 op, 169400.00 ns, 1.2924 ns/op
OverheadActual   7: 131072 op, 169200.00 ns, 1.2909 ns/op
OverheadActual   8: 131072 op, 181600.00 ns, 1.3855 ns/op
OverheadActual   9: 131072 op, 169200.00 ns, 1.2909 ns/op
OverheadActual  10: 131072 op, 168800.00 ns, 1.2878 ns/op
OverheadActual  11: 131072 op, 228100.00 ns, 1.7403 ns/op
OverheadActual  12: 131072 op, 168400.00 ns, 1.2848 ns/op
OverheadActual  13: 131072 op, 168600.00 ns, 1.2863 ns/op
OverheadActual  14: 131072 op, 170100.00 ns, 1.2978 ns/op
OverheadActual  15: 131072 op, 168100.00 ns, 1.2825 ns/op

WorkloadWarmup   1: 131072 op, 554781100.00 ns, 4.2326 us/op
WorkloadWarmup   2: 131072 op, 549465600.00 ns, 4.1921 us/op
WorkloadWarmup   3: 131072 op, 588783300.00 ns, 4.4921 us/op
WorkloadWarmup   4: 131072 op, 578989600.00 ns, 4.4173 us/op
WorkloadWarmup   5: 131072 op, 581793200.00 ns, 4.4387 us/op
WorkloadWarmup   6: 131072 op, 607189200.00 ns, 4.6325 us/op
WorkloadWarmup   7: 131072 op, 598985600.00 ns, 4.5699 us/op

// BeforeActualRun
WorkloadActual   1: 131072 op, 606801000.00 ns, 4.6295 us/op
WorkloadActual   2: 131072 op, 572455500.00 ns, 4.3675 us/op
WorkloadActual   3: 131072 op, 579893700.00 ns, 4.4242 us/op
WorkloadActual   4: 131072 op, 583464400.00 ns, 4.4515 us/op
WorkloadActual   5: 131072 op, 580973200.00 ns, 4.4325 us/op
WorkloadActual   6: 131072 op, 590290200.00 ns, 4.5036 us/op
WorkloadActual   7: 131072 op, 584942400.00 ns, 4.4628 us/op
WorkloadActual   8: 131072 op, 575492500.00 ns, 4.3907 us/op
WorkloadActual   9: 131072 op, 594417100.00 ns, 4.5350 us/op
WorkloadActual  10: 131072 op, 573997700.00 ns, 4.3793 us/op
WorkloadActual  11: 131072 op, 582790700.00 ns, 4.4463 us/op
WorkloadActual  12: 131072 op, 580257500.00 ns, 4.4270 us/op
WorkloadActual  13: 131072 op, 586424100.00 ns, 4.4741 us/op
WorkloadActual  14: 131072 op, 591902600.00 ns, 4.5159 us/op
WorkloadActual  15: 131072 op, 589408500.00 ns, 4.4968 us/op

// AfterActualRun
WorkloadResult   1: 131072 op, 572286200.00 ns, 4.3662 us/op
WorkloadResult   2: 131072 op, 579724400.00 ns, 4.4229 us/op
WorkloadResult   3: 131072 op, 583295100.00 ns, 4.4502 us/op
WorkloadResult   4: 131072 op, 580803900.00 ns, 4.4312 us/op
WorkloadResult   5: 131072 op, 590120900.00 ns, 4.5023 us/op
WorkloadResult   6: 131072 op, 584773100.00 ns, 4.4615 us/op
WorkloadResult   7: 131072 op, 575323200.00 ns, 4.3894 us/op
WorkloadResult   8: 131072 op, 594247800.00 ns, 4.5338 us/op
WorkloadResult   9: 131072 op, 573828400.00 ns, 4.3780 us/op
WorkloadResult  10: 131072 op, 582621400.00 ns, 4.4450 us/op
WorkloadResult  11: 131072 op, 580088200.00 ns, 4.4257 us/op
WorkloadResult  12: 131072 op, 586254800.00 ns, 4.4728 us/op
WorkloadResult  13: 131072 op, 591733300.00 ns, 4.5146 us/op
WorkloadResult  14: 131072 op, 589239200.00 ns, 4.4955 us/op
// GC:  38 1 0 1907359744 131072
// Threading:  0 0 131072

// AfterAll
// Benchmark Process 58552 has exited with code 0.

Mean = 4.449 us, StdErr = 0.014 us (0.31%), N = 14, StdDev = 0.051 us
Min = 4.366 us, Q1 = 4.424 us, Median = 4.448 us, Q3 = 4.490 us, Max = 4.534 us
IQR = 0.066 us, LowerFence = 4.324 us, UpperFence = 4.589 us
ConfidenceInterval = [4.391 us; 4.507 us] (CI 99.9%), Margin = 0.058 us (1.30% of Mean)
Skewness = -0.02, Kurtosis = 1.74, MValue = 2

// ** Remained 50 (83.3%) benchmark(s) to run. Estimated finish 2026-09-21 12:41 (0h 21m from now) **
Setup power plan (GUID: 8c5e7fda-e8bf-4a96-9a85-a6e23a8c635c FriendlyName: High performance)
// **************************
// Benchmark: FixAgainstQuickFix.'A/A ours: parse + read': DefaultJob [From=Compiled, Reading=Parties]
// *** Execute ***
// Launch: 1 / 1
// Execute: dotnet qfcompare-DefaultJob-1.dll --anonymousPipes 2996 1920 --benchmarkName "QfCompare.FixAgainstQuickFix.OursParseAgain(From: Compiled, Reading: Parties)" --job Default --benchmarkId 10 in P:\dotgram.WorkTrees\fix-frozen\.work\qfcompare\bin\Release\net10.0\qfcompare-DefaultJob-1\bin\Release\net10.0
// BeforeAnythingElse

// Benchmark Process Environment Information:
// BenchmarkDotNet v0.15.8
// Runtime=.NET 10.0.12 (10.0.12, 10.0.1226.42308), X64 RyuJIT x86-64-v4
// GC=Concurrent Workstation
// HardwareIntrinsics=AVX512 BITALG+VBMI2+VNNI+VPOPCNTDQ,AVX512 IFMA+VBMI,AVX512 F+BW+CD+DQ+VL,AVX2+BMI1+BMI2+F16C+FMA+LZCNT+MOVBE,AVX,SSE3+SSSE3+SSE4.1+SSE4.2+POPCNT,X86Base+SSE+SSE2,AES+PCLMUL,AvxVnni VectorSize=256
// Job: DefaultJob

OverheadJitting  1: 1 op, 128800.00 ns, 128.8000 us/op
WorkloadJitting  1: 1 op, 190100.00 ns, 190.1000 us/op

OverheadJitting  2: 16 op, 233400.00 ns, 14.5875 us/op
WorkloadJitting  2: 16 op, 480900.00 ns, 30.0563 us/op

WorkloadPilot    1: 16 op, 205300.00 ns, 12.8313 us/op
WorkloadPilot    2: 32 op, 444700.00 ns, 13.8969 us/op
WorkloadPilot    3: 64 op, 927400.00 ns, 14.4906 us/op
WorkloadPilot    4: 128 op, 1704800.00 ns, 13.3188 us/op
WorkloadPilot    5: 256 op, 3441900.00 ns, 13.4449 us/op
WorkloadPilot    6: 512 op, 6260200.00 ns, 12.2270 us/op
WorkloadPilot    7: 1024 op, 11668700.00 ns, 11.3952 us/op
WorkloadPilot    8: 2048 op, 22381200.00 ns, 10.9283 us/op
WorkloadPilot    9: 4096 op, 43317100.00 ns, 10.5755 us/op
WorkloadPilot   10: 8192 op, 100572000.00 ns, 12.2769 us/op
WorkloadPilot   11: 16384 op, 201180900.00 ns, 12.2791 us/op
WorkloadPilot   12: 32768 op, 252437100.00 ns, 7.7038 us/op
WorkloadPilot   13: 65536 op, 155351300.00 ns, 2.3705 us/op
WorkloadPilot   14: 131072 op, 244192200.00 ns, 1.8630 us/op
WorkloadPilot   15: 262144 op, 488854300.00 ns, 1.8648 us/op
WorkloadPilot   16: 524288 op, 975227300.00 ns, 1.8601 us/op

OverheadWarmup   1: 524288 op, 678900.00 ns, 1.2949 ns/op
OverheadWarmup   2: 524288 op, 687700.00 ns, 1.3117 ns/op
OverheadWarmup   3: 524288 op, 683900.00 ns, 1.3044 ns/op
OverheadWarmup   4: 524288 op, 710700.00 ns, 1.3556 ns/op
OverheadWarmup   5: 524288 op, 672700.00 ns, 1.2831 ns/op

OverheadActual   1: 524288 op, 681000.00 ns, 1.2989 ns/op
OverheadActual   2: 524288 op, 677300.00 ns, 1.2918 ns/op
OverheadActual   3: 524288 op, 687200.00 ns, 1.3107 ns/op
OverheadActual   4: 524288 op, 675200.00 ns, 1.2878 ns/op
OverheadActual   5: 524288 op, 687300.00 ns, 1.3109 ns/op
OverheadActual   6: 524288 op, 674700.00 ns, 1.2869 ns/op
OverheadActual   7: 524288 op, 675000.00 ns, 1.2875 ns/op
OverheadActual   8: 524288 op, 695500.00 ns, 1.3266 ns/op
OverheadActual   9: 524288 op, 746000.00 ns, 1.4229 ns/op
OverheadActual  10: 524288 op, 677200.00 ns, 1.2917 ns/op
OverheadActual  11: 524288 op, 676500.00 ns, 1.2903 ns/op
OverheadActual  12: 524288 op, 673400.00 ns, 1.2844 ns/op
OverheadActual  13: 524288 op, 716200.00 ns, 1.3660 ns/op
OverheadActual  14: 524288 op, 678200.00 ns, 1.2936 ns/op
OverheadActual  15: 524288 op, 676100.00 ns, 1.2896 ns/op

WorkloadWarmup   1: 524288 op, 1035312800.00 ns, 1.9747 us/op
WorkloadWarmup   2: 524288 op, 1027102300.00 ns, 1.9590 us/op
WorkloadWarmup   3: 524288 op, 1030119700.00 ns, 1.9648 us/op
WorkloadWarmup   4: 524288 op, 1049702100.00 ns, 2.0021 us/op
WorkloadWarmup   5: 524288 op, 1031507100.00 ns, 1.9674 us/op
WorkloadWarmup   6: 524288 op, 1059717400.00 ns, 2.0213 us/op
WorkloadWarmup   7: 524288 op, 1052984400.00 ns, 2.0084 us/op

// BeforeActualRun
WorkloadActual   1: 524288 op, 1050774900.00 ns, 2.0042 us/op
WorkloadActual   2: 524288 op, 1039608400.00 ns, 1.9829 us/op
WorkloadActual   3: 524288 op, 1079193400.00 ns, 2.0584 us/op
WorkloadActual   4: 524288 op, 1046233400.00 ns, 1.9955 us/op
WorkloadActual   5: 524288 op, 1053488700.00 ns, 2.0094 us/op
WorkloadActual   6: 524288 op, 1038302500.00 ns, 1.9804 us/op
WorkloadActual   7: 524288 op, 1033717900.00 ns, 1.9717 us/op
WorkloadActual   8: 524288 op, 1055212400.00 ns, 2.0127 us/op
WorkloadActual   9: 524288 op, 1063354200.00 ns, 2.0282 us/op
WorkloadActual  10: 524288 op, 1047093300.00 ns, 1.9972 us/op
WorkloadActual  11: 524288 op, 1070811600.00 ns, 2.0424 us/op
WorkloadActual  12: 524288 op, 1024629700.00 ns, 1.9543 us/op
WorkloadActual  13: 524288 op, 1038098200.00 ns, 1.9800 us/op
WorkloadActual  14: 524288 op, 1170162300.00 ns, 2.2319 us/op
WorkloadActual  15: 524288 op, 1549834900.00 ns, 2.9561 us/op

// AfterActualRun
WorkloadResult   1: 524288 op, 1050097600.00 ns, 2.0029 us/op
WorkloadResult   2: 524288 op, 1038931100.00 ns, 1.9816 us/op
WorkloadResult   3: 524288 op, 1078516100.00 ns, 2.0571 us/op
WorkloadResult   4: 524288 op, 1045556100.00 ns, 1.9942 us/op
WorkloadResult   5: 524288 op, 1052811400.00 ns, 2.0081 us/op
WorkloadResult   6: 524288 op, 1037625200.00 ns, 1.9791 us/op
WorkloadResult   7: 524288 op, 1033040600.00 ns, 1.9704 us/op
WorkloadResult   8: 524288 op, 1054535100.00 ns, 2.0114 us/op
WorkloadResult   9: 524288 op, 1062676900.00 ns, 2.0269 us/op
WorkloadResult  10: 524288 op, 1046416000.00 ns, 1.9959 us/op
WorkloadResult  11: 524288 op, 1070134300.00 ns, 2.0411 us/op
WorkloadResult  12: 524288 op, 1023952400.00 ns, 1.9530 us/op
WorkloadResult  13: 524288 op, 1037420900.00 ns, 1.9787 us/op
// GC:  63 0 0 3191865344 524288
// Threading:  0 0 524288

// AfterAll
// Benchmark Process 55708 has exited with code 0.

Mean = 2.000 us, StdErr = 0.008 us (0.41%), N = 13, StdDev = 0.029 us
Min = 1.953 us, Q1 = 1.979 us, Median = 1.996 us, Q3 = 2.011 us, Max = 2.057 us
IQR = 0.032 us, LowerFence = 1.931 us, UpperFence = 2.060 us
ConfidenceInterval = [1.965 us; 2.035 us] (CI 99.9%), Margin = 0.035 us (1.75% of Mean)
Skewness = 0.37, Kurtosis = 2.13, MValue = 2

// ** Remained 49 (81.7%) benchmark(s) to run. Estimated finish 2026-09-21 12:41 (0h 21m from now) **
Setup power plan (GUID: 8c5e7fda-e8bf-4a96-9a85-a6e23a8c635c FriendlyName: High performance)
// **************************
// Benchmark: FixAgainstQuickFix.'A/A QuickFIX/n: parse + read': DefaultJob [From=Compiled, Reading=Parties]
// *** Execute ***
// Launch: 1 / 1
// Execute: dotnet qfcompare-DefaultJob-1.dll --anonymousPipes 2996 1920 --benchmarkName "QfCompare.FixAgainstQuickFix.TheirsParseAgain(From: Compiled, Reading: Parties)" --job Default --benchmarkId 11 in P:\dotgram.WorkTrees\fix-frozen\.work\qfcompare\bin\Release\net10.0\qfcompare-DefaultJob-1\bin\Release\net10.0
// BeforeAnythingElse

// Benchmark Process Environment Information:
// BenchmarkDotNet v0.15.8
// Runtime=.NET 10.0.12 (10.0.12, 10.0.1226.42308), X64 RyuJIT x86-64-v4
// GC=Concurrent Workstation
// HardwareIntrinsics=AVX512 BITALG+VBMI2+VNNI+VPOPCNTDQ,AVX512 IFMA+VBMI,AVX512 F+BW+CD+DQ+VL,AVX2+BMI1+BMI2+F16C+FMA+LZCNT+MOVBE,AVX,SSE3+SSSE3+SSE4.1+SSE4.2+POPCNT,X86Base+SSE+SSE2,AES+PCLMUL,AvxVnni VectorSize=256
// Job: DefaultJob

OverheadJitting  1: 1 op, 128600.00 ns, 128.6000 us/op
WorkloadJitting  1: 1 op, 191300.00 ns, 191.3000 us/op

OverheadJitting  2: 16 op, 222500.00 ns, 13.9063 us/op
WorkloadJitting  2: 16 op, 414600.00 ns, 25.9125 us/op

WorkloadPilot    1: 16 op, 206500.00 ns, 12.9063 us/op
WorkloadPilot    2: 32 op, 374900.00 ns, 11.7156 us/op
WorkloadPilot    3: 64 op, 763400.00 ns, 11.9281 us/op
WorkloadPilot    4: 128 op, 1581500.00 ns, 12.3555 us/op
WorkloadPilot    5: 256 op, 3019800.00 ns, 11.7961 us/op
WorkloadPilot    6: 512 op, 5942900.00 ns, 11.6072 us/op
WorkloadPilot    7: 1024 op, 11861100.00 ns, 11.5831 us/op
WorkloadPilot    8: 2048 op, 22929900.00 ns, 11.1962 us/op
WorkloadPilot    9: 4096 op, 43579900.00 ns, 10.6396 us/op
WorkloadPilot   10: 8192 op, 96930000.00 ns, 11.8323 us/op
WorkloadPilot   11: 16384 op, 200955600.00 ns, 12.2654 us/op
WorkloadPilot   12: 32768 op, 97798500.00 ns, 2.9846 us/op
WorkloadPilot   13: 65536 op, 139909400.00 ns, 2.1348 us/op
WorkloadPilot   14: 131072 op, 274358900.00 ns, 2.0932 us/op
WorkloadPilot   15: 262144 op, 549653300.00 ns, 2.0968 us/op

OverheadWarmup   1: 262144 op, 339800.00 ns, 1.2962 ns/op
OverheadWarmup   2: 262144 op, 338700.00 ns, 1.2920 ns/op
OverheadWarmup   3: 262144 op, 338900.00 ns, 1.2928 ns/op
OverheadWarmup   4: 262144 op, 338800.00 ns, 1.2924 ns/op
OverheadWarmup   5: 262144 op, 337400.00 ns, 1.2871 ns/op
OverheadWarmup   6: 262144 op, 336900.00 ns, 1.2852 ns/op
OverheadWarmup   7: 262144 op, 338400.00 ns, 1.2909 ns/op
OverheadWarmup   8: 262144 op, 336300.00 ns, 1.2829 ns/op

OverheadActual   1: 262144 op, 344400.00 ns, 1.3138 ns/op
OverheadActual   2: 262144 op, 338800.00 ns, 1.2924 ns/op
OverheadActual   3: 262144 op, 349800.00 ns, 1.3344 ns/op
OverheadActual   4: 262144 op, 339100.00 ns, 1.2936 ns/op
OverheadActual   5: 262144 op, 339200.00 ns, 1.2939 ns/op
OverheadActual   6: 262144 op, 336000.00 ns, 1.2817 ns/op
OverheadActual   7: 262144 op, 358500.00 ns, 1.3676 ns/op
OverheadActual   8: 262144 op, 342800.00 ns, 1.3077 ns/op
OverheadActual   9: 262144 op, 339200.00 ns, 1.2939 ns/op
OverheadActual  10: 262144 op, 349000.00 ns, 1.3313 ns/op
OverheadActual  11: 262144 op, 337500.00 ns, 1.2875 ns/op
OverheadActual  12: 262144 op, 337200.00 ns, 1.2863 ns/op
OverheadActual  13: 262144 op, 339700.00 ns, 1.2959 ns/op
OverheadActual  14: 262144 op, 339000.00 ns, 1.2932 ns/op
OverheadActual  15: 262144 op, 339400.00 ns, 1.2947 ns/op

WorkloadWarmup   1: 262144 op, 562789800.00 ns, 2.1469 us/op
WorkloadWarmup   2: 262144 op, 562446800.00 ns, 2.1456 us/op
WorkloadWarmup   3: 262144 op, 898104400.00 ns, 3.4260 us/op
WorkloadWarmup   4: 262144 op, 922694600.00 ns, 3.5198 us/op
WorkloadWarmup   5: 262144 op, 927926200.00 ns, 3.5398 us/op
WorkloadWarmup   6: 262144 op, 920594500.00 ns, 3.5118 us/op
WorkloadWarmup   7: 262144 op, 908173100.00 ns, 3.4644 us/op
WorkloadWarmup   8: 262144 op, 964090900.00 ns, 3.6777 us/op
WorkloadWarmup   9: 262144 op, 880769400.00 ns, 3.3599 us/op

// BeforeActualRun
WorkloadActual   1: 262144 op, 958046900.00 ns, 3.6547 us/op
WorkloadActual   2: 262144 op, 908849900.00 ns, 3.4670 us/op
WorkloadActual   3: 262144 op, 965570400.00 ns, 3.6834 us/op
WorkloadActual   4: 262144 op, 916042300.00 ns, 3.4944 us/op
WorkloadActual   5: 262144 op, 952579600.00 ns, 3.6338 us/op
WorkloadActual   6: 262144 op, 987236500.00 ns, 3.7660 us/op
WorkloadActual   7: 262144 op, 842106500.00 ns, 3.2124 us/op
WorkloadActual   8: 262144 op, 966840600.00 ns, 3.6882 us/op
WorkloadActual   9: 262144 op, 933727500.00 ns, 3.5619 us/op
WorkloadActual  10: 262144 op, 945312300.00 ns, 3.6061 us/op
WorkloadActual  11: 262144 op, 953282000.00 ns, 3.6365 us/op
WorkloadActual  12: 262144 op, 895447600.00 ns, 3.4159 us/op
WorkloadActual  13: 262144 op, 812073600.00 ns, 3.0978 us/op
WorkloadActual  14: 262144 op, 959436000.00 ns, 3.6600 us/op
WorkloadActual  15: 262144 op, 922845800.00 ns, 3.5204 us/op
WorkloadActual  16: 262144 op, 923774600.00 ns, 3.5239 us/op
WorkloadActual  17: 262144 op, 928945400.00 ns, 3.5436 us/op
WorkloadActual  18: 262144 op, 875309800.00 ns, 3.3390 us/op
WorkloadActual  19: 262144 op, 956174000.00 ns, 3.6475 us/op
WorkloadActual  20: 262144 op, 920244800.00 ns, 3.5105 us/op
WorkloadActual  21: 262144 op, 913306700.00 ns, 3.4840 us/op
WorkloadActual  22: 262144 op, 887479000.00 ns, 3.3855 us/op
WorkloadActual  23: 262144 op, 795937000.00 ns, 3.0363 us/op
WorkloadActual  24: 262144 op, 853741800.00 ns, 3.2568 us/op
WorkloadActual  25: 262144 op, 910132400.00 ns, 3.4719 us/op
WorkloadActual  26: 262144 op, 897350300.00 ns, 3.4231 us/op
WorkloadActual  27: 262144 op, 893486300.00 ns, 3.4084 us/op
WorkloadActual  28: 262144 op, 850045500.00 ns, 3.2427 us/op
WorkloadActual  29: 262144 op, 829618900.00 ns, 3.1647 us/op
WorkloadActual  30: 262144 op, 815116800.00 ns, 3.1094 us/op
WorkloadActual  31: 262144 op, 810931000.00 ns, 3.0935 us/op
WorkloadActual  32: 262144 op, 837981800.00 ns, 3.1966 us/op
WorkloadActual  33: 262144 op, 809286600.00 ns, 3.0872 us/op
WorkloadActual  34: 262144 op, 863329000.00 ns, 3.2933 us/op
WorkloadActual  35: 262144 op, 910902000.00 ns, 3.4748 us/op
WorkloadActual  36: 262144 op, 835988700.00 ns, 3.1890 us/op
WorkloadActual  37: 262144 op, 848065300.00 ns, 3.2351 us/op
WorkloadActual  38: 262144 op, 905395400.00 ns, 3.4538 us/op
WorkloadActual  39: 262144 op, 900617300.00 ns, 3.4356 us/op
WorkloadActual  40: 262144 op, 905704100.00 ns, 3.4550 us/op
WorkloadActual  41: 262144 op, 865968300.00 ns, 3.3034 us/op
WorkloadActual  42: 262144 op, 674596600.00 ns, 2.5734 us/op
WorkloadActual  43: 262144 op, 668639800.00 ns, 2.5507 us/op
WorkloadActual  44: 262144 op, 655161000.00 ns, 2.4992 us/op
WorkloadActual  45: 262144 op, 592850000.00 ns, 2.2615 us/op
WorkloadActual  46: 262144 op, 629039100.00 ns, 2.3996 us/op
WorkloadActual  47: 262144 op, 610594400.00 ns, 2.3292 us/op
WorkloadActual  48: 262144 op, 586938500.00 ns, 2.2390 us/op
WorkloadActual  49: 262144 op, 589716400.00 ns, 2.2496 us/op
WorkloadActual  50: 262144 op, 589329400.00 ns, 2.2481 us/op
WorkloadActual  51: 262144 op, 580913200.00 ns, 2.2160 us/op
WorkloadActual  52: 262144 op, 589004100.00 ns, 2.2469 us/op
WorkloadActual  53: 262144 op, 592567700.00 ns, 2.2605 us/op
WorkloadActual  54: 262144 op, 577734800.00 ns, 2.2039 us/op
WorkloadActual  55: 262144 op, 615387500.00 ns, 2.3475 us/op
WorkloadActual  56: 262144 op, 763225600.00 ns, 2.9115 us/op
WorkloadActual  57: 262144 op, 781514400.00 ns, 2.9812 us/op
WorkloadActual  58: 262144 op, 596367000.00 ns, 2.2750 us/op
WorkloadActual  59: 262144 op, 615275600.00 ns, 2.3471 us/op
WorkloadActual  60: 262144 op, 603341600.00 ns, 2.3016 us/op
WorkloadActual  61: 262144 op, 614962700.00 ns, 2.3459 us/op
WorkloadActual  62: 262144 op, 605061500.00 ns, 2.3081 us/op
WorkloadActual  63: 262144 op, 578804400.00 ns, 2.2080 us/op
WorkloadActual  64: 262144 op, 601590400.00 ns, 2.2949 us/op
WorkloadActual  65: 262144 op, 593511800.00 ns, 2.2641 us/op
WorkloadActual  66: 262144 op, 595519900.00 ns, 2.2717 us/op
WorkloadActual  67: 262144 op, 586623200.00 ns, 2.2378 us/op
WorkloadActual  68: 262144 op, 595650200.00 ns, 2.2722 us/op
WorkloadActual  69: 262144 op, 587966400.00 ns, 2.2429 us/op
WorkloadActual  70: 262144 op, 591559000.00 ns, 2.2566 us/op
WorkloadActual  71: 262144 op, 587221900.00 ns, 2.2401 us/op
WorkloadActual  72: 262144 op, 607430100.00 ns, 2.3172 us/op
WorkloadActual  73: 262144 op, 585434400.00 ns, 2.2333 us/op
WorkloadActual  74: 262144 op, 588820900.00 ns, 2.2462 us/op
WorkloadActual  75: 262144 op, 597996500.00 ns, 2.2812 us/op
WorkloadActual  76: 262144 op, 583900000.00 ns, 2.2274 us/op
WorkloadActual  77: 262144 op, 584886800.00 ns, 2.2312 us/op
WorkloadActual  78: 262144 op, 611906800.00 ns, 2.3342 us/op
WorkloadActual  79: 262144 op, 590649200.00 ns, 2.2531 us/op
WorkloadActual  80: 262144 op, 596945000.00 ns, 2.2772 us/op
WorkloadActual  81: 262144 op, 588630400.00 ns, 2.2454 us/op
WorkloadActual  82: 262144 op, 586590200.00 ns, 2.2377 us/op
WorkloadActual  83: 262144 op, 591421300.00 ns, 2.2561 us/op
WorkloadActual  84: 262144 op, 591352900.00 ns, 2.2558 us/op
WorkloadActual  85: 262144 op, 580372700.00 ns, 2.2139 us/op
WorkloadActual  86: 262144 op, 602040000.00 ns, 2.2966 us/op
WorkloadActual  87: 262144 op, 720882000.00 ns, 2.7499 us/op
WorkloadActual  88: 262144 op, 818433700.00 ns, 3.1221 us/op
WorkloadActual  89: 262144 op, 608078900.00 ns, 2.3196 us/op
WorkloadActual  90: 262144 op, 633864600.00 ns, 2.4180 us/op
WorkloadActual  91: 262144 op, 640360300.00 ns, 2.4428 us/op
WorkloadActual  92: 262144 op, 624336400.00 ns, 2.3817 us/op
WorkloadActual  93: 262144 op, 589106100.00 ns, 2.2473 us/op
WorkloadActual  94: 262144 op, 628130900.00 ns, 2.3961 us/op
WorkloadActual  95: 262144 op, 633482400.00 ns, 2.4165 us/op
WorkloadActual  96: 262144 op, 597326100.00 ns, 2.2786 us/op
WorkloadActual  97: 262144 op, 635556000.00 ns, 2.4245 us/op
WorkloadActual  98: 262144 op, 618264800.00 ns, 2.3585 us/op
WorkloadActual  99: 262144 op, 624845200.00 ns, 2.3836 us/op
WorkloadActual  100: 262144 op, 600562800.00 ns, 2.2910 us/op

// AfterActualRun
WorkloadResult   1: 262144 op, 957707700.00 ns, 3.6534 us/op
WorkloadResult   2: 262144 op, 908510700.00 ns, 3.4657 us/op
WorkloadResult   3: 262144 op, 965231200.00 ns, 3.6821 us/op
WorkloadResult   4: 262144 op, 915703100.00 ns, 3.4931 us/op
WorkloadResult   5: 262144 op, 952240400.00 ns, 3.6325 us/op
WorkloadResult   6: 262144 op, 986897300.00 ns, 3.7647 us/op
WorkloadResult   7: 262144 op, 841767300.00 ns, 3.2111 us/op
WorkloadResult   8: 262144 op, 966501400.00 ns, 3.6869 us/op
WorkloadResult   9: 262144 op, 933388300.00 ns, 3.5606 us/op
WorkloadResult  10: 262144 op, 944973100.00 ns, 3.6048 us/op
WorkloadResult  11: 262144 op, 952942800.00 ns, 3.6352 us/op
WorkloadResult  12: 262144 op, 895108400.00 ns, 3.4146 us/op
WorkloadResult  13: 262144 op, 811734400.00 ns, 3.0965 us/op
WorkloadResult  14: 262144 op, 959096800.00 ns, 3.6587 us/op
WorkloadResult  15: 262144 op, 922506600.00 ns, 3.5191 us/op
WorkloadResult  16: 262144 op, 923435400.00 ns, 3.5226 us/op
WorkloadResult  17: 262144 op, 928606200.00 ns, 3.5424 us/op
WorkloadResult  18: 262144 op, 874970600.00 ns, 3.3377 us/op
WorkloadResult  19: 262144 op, 955834800.00 ns, 3.6462 us/op
WorkloadResult  20: 262144 op, 919905600.00 ns, 3.5092 us/op
WorkloadResult  21: 262144 op, 912967500.00 ns, 3.4827 us/op
WorkloadResult  22: 262144 op, 887139800.00 ns, 3.3842 us/op
WorkloadResult  23: 262144 op, 795597800.00 ns, 3.0350 us/op
WorkloadResult  24: 262144 op, 853402600.00 ns, 3.2555 us/op
WorkloadResult  25: 262144 op, 909793200.00 ns, 3.4706 us/op
WorkloadResult  26: 262144 op, 897011100.00 ns, 3.4218 us/op
WorkloadResult  27: 262144 op, 893147100.00 ns, 3.4071 us/op
WorkloadResult  28: 262144 op, 849706300.00 ns, 3.2414 us/op
WorkloadResult  29: 262144 op, 829279700.00 ns, 3.1635 us/op
WorkloadResult  30: 262144 op, 814777600.00 ns, 3.1081 us/op
WorkloadResult  31: 262144 op, 810591800.00 ns, 3.0922 us/op
WorkloadResult  32: 262144 op, 837642600.00 ns, 3.1954 us/op
WorkloadResult  33: 262144 op, 808947400.00 ns, 3.0859 us/op
WorkloadResult  34: 262144 op, 862989800.00 ns, 3.2920 us/op
WorkloadResult  35: 262144 op, 910562800.00 ns, 3.4735 us/op
WorkloadResult  36: 262144 op, 835649500.00 ns, 3.1877 us/op
WorkloadResult  37: 262144 op, 847726100.00 ns, 3.2338 us/op
WorkloadResult  38: 262144 op, 905056200.00 ns, 3.4525 us/op
WorkloadResult  39: 262144 op, 900278100.00 ns, 3.4343 us/op
WorkloadResult  40: 262144 op, 905364900.00 ns, 3.4537 us/op
WorkloadResult  41: 262144 op, 865629100.00 ns, 3.3021 us/op
WorkloadResult  42: 262144 op, 674257400.00 ns, 2.5721 us/op
WorkloadResult  43: 262144 op, 668300600.00 ns, 2.5494 us/op
WorkloadResult  44: 262144 op, 654821800.00 ns, 2.4979 us/op
WorkloadResult  45: 262144 op, 592510800.00 ns, 2.2602 us/op
WorkloadResult  46: 262144 op, 628699900.00 ns, 2.3983 us/op
WorkloadResult  47: 262144 op, 610255200.00 ns, 2.3279 us/op
WorkloadResult  48: 262144 op, 586599300.00 ns, 2.2377 us/op
WorkloadResult  49: 262144 op, 589377200.00 ns, 2.2483 us/op
WorkloadResult  50: 262144 op, 588990200.00 ns, 2.2468 us/op
WorkloadResult  51: 262144 op, 580574000.00 ns, 2.2147 us/op
WorkloadResult  52: 262144 op, 588664900.00 ns, 2.2456 us/op
WorkloadResult  53: 262144 op, 592228500.00 ns, 2.2592 us/op
WorkloadResult  54: 262144 op, 577395600.00 ns, 2.2026 us/op
WorkloadResult  55: 262144 op, 615048300.00 ns, 2.3462 us/op
WorkloadResult  56: 262144 op, 762886400.00 ns, 2.9102 us/op
WorkloadResult  57: 262144 op, 781175200.00 ns, 2.9799 us/op
WorkloadResult  58: 262144 op, 596027800.00 ns, 2.2737 us/op
WorkloadResult  59: 262144 op, 614936400.00 ns, 2.3458 us/op
WorkloadResult  60: 262144 op, 603002400.00 ns, 2.3003 us/op
WorkloadResult  61: 262144 op, 614623500.00 ns, 2.3446 us/op
WorkloadResult  62: 262144 op, 604722300.00 ns, 2.3068 us/op
WorkloadResult  63: 262144 op, 578465200.00 ns, 2.2067 us/op
WorkloadResult  64: 262144 op, 601251200.00 ns, 2.2936 us/op
WorkloadResult  65: 262144 op, 593172600.00 ns, 2.2628 us/op
WorkloadResult  66: 262144 op, 595180700.00 ns, 2.2704 us/op
WorkloadResult  67: 262144 op, 586284000.00 ns, 2.2365 us/op
WorkloadResult  68: 262144 op, 595311000.00 ns, 2.2709 us/op
WorkloadResult  69: 262144 op, 587627200.00 ns, 2.2416 us/op
WorkloadResult  70: 262144 op, 591219800.00 ns, 2.2553 us/op
WorkloadResult  71: 262144 op, 586882700.00 ns, 2.2388 us/op
WorkloadResult  72: 262144 op, 607090900.00 ns, 2.3159 us/op
WorkloadResult  73: 262144 op, 585095200.00 ns, 2.2320 us/op
WorkloadResult  74: 262144 op, 588481700.00 ns, 2.2449 us/op
WorkloadResult  75: 262144 op, 597657300.00 ns, 2.2799 us/op
WorkloadResult  76: 262144 op, 583560800.00 ns, 2.2261 us/op
WorkloadResult  77: 262144 op, 584547600.00 ns, 2.2299 us/op
WorkloadResult  78: 262144 op, 611567600.00 ns, 2.3329 us/op
WorkloadResult  79: 262144 op, 590310000.00 ns, 2.2519 us/op
WorkloadResult  80: 262144 op, 596605800.00 ns, 2.2759 us/op
WorkloadResult  81: 262144 op, 588291200.00 ns, 2.2442 us/op
WorkloadResult  82: 262144 op, 586251000.00 ns, 2.2364 us/op
WorkloadResult  83: 262144 op, 591082100.00 ns, 2.2548 us/op
WorkloadResult  84: 262144 op, 591013700.00 ns, 2.2545 us/op
WorkloadResult  85: 262144 op, 580033500.00 ns, 2.2127 us/op
WorkloadResult  86: 262144 op, 601700800.00 ns, 2.2953 us/op
WorkloadResult  87: 262144 op, 720542800.00 ns, 2.7487 us/op
WorkloadResult  88: 262144 op, 818094500.00 ns, 3.1208 us/op
WorkloadResult  89: 262144 op, 607739700.00 ns, 2.3183 us/op
WorkloadResult  90: 262144 op, 633525400.00 ns, 2.4167 us/op
WorkloadResult  91: 262144 op, 640021100.00 ns, 2.4415 us/op
WorkloadResult  92: 262144 op, 623997200.00 ns, 2.3804 us/op
WorkloadResult  93: 262144 op, 588766900.00 ns, 2.2460 us/op
WorkloadResult  94: 262144 op, 627791700.00 ns, 2.3948 us/op
WorkloadResult  95: 262144 op, 633143200.00 ns, 2.4152 us/op
WorkloadResult  96: 262144 op, 596986900.00 ns, 2.2773 us/op
WorkloadResult  97: 262144 op, 635216800.00 ns, 2.4232 us/op
WorkloadResult  98: 262144 op, 617925600.00 ns, 2.3572 us/op
WorkloadResult  99: 262144 op, 624506000.00 ns, 2.3823 us/op
WorkloadResult  100: 262144 op, 600223600.00 ns, 2.2897 us/op
// GC:  56 1 0 2852126720 262144
// Threading:  0 0 262144

// AfterAll
// Benchmark Process 45748 has exited with code 0.

Mean = 2.783 us, StdErr = 0.056 us (2.01%), N = 100, StdDev = 0.558 us
Min = 2.203 us, Q1 = 2.269 us, Median = 2.420 us, Q3 = 3.390 us, Max = 3.765 us
IQR = 1.121 us, LowerFence = 0.586 us, UpperFence = 5.072 us
ConfidenceInterval = [2.593 us; 2.972 us] (CI 99.9%), Margin = 0.189 us (6.81% of Mean)
Skewness = 0.37, Kurtosis = 1.37, MValue = 3.32

// ** Remained 48 (80.0%) benchmark(s) to run. Estimated finish 2026-09-21 12:46 (0h 24m from now) **
Setup power plan (GUID: 8c5e7fda-e8bf-4a96-9a85-a6e23a8c635c FriendlyName: High performance)
// **************************
// Benchmark: FixAgainstQuickFix.'ours: parse + read': DefaultJob [From=Compiled, Reading=PartiesMedium]
// *** Execute ***
// Launch: 1 / 1
// Execute: dotnet qfcompare-DefaultJob-1.dll --anonymousPipes 2872 2956 --benchmarkName "QfCompare.FixAgainstQuickFix.OursParse(From: Compiled, Reading: PartiesMedium)" --job Default --benchmarkId 12 in P:\dotgram.WorkTrees\fix-frozen\.work\qfcompare\bin\Release\net10.0\qfcompare-DefaultJob-1\bin\Release\net10.0
// BeforeAnythingElse

// Benchmark Process Environment Information:
// BenchmarkDotNet v0.15.8
// Runtime=.NET 10.0.12 (10.0.12, 10.0.1226.42308), X64 RyuJIT x86-64-v4
// GC=Concurrent Workstation
// HardwareIntrinsics=AVX512 BITALG+VBMI2+VNNI+VPOPCNTDQ,AVX512 IFMA+VBMI,AVX512 F+BW+CD+DQ+VL,AVX2+BMI1+BMI2+F16C+FMA+LZCNT+MOVBE,AVX,SSE3+SSSE3+SSE4.1+SSE4.2+POPCNT,X86Base+SSE+SSE2,AES+PCLMUL,AvxVnni VectorSize=256
// Job: DefaultJob

OverheadJitting  1: 1 op, 131200.00 ns, 131.2000 us/op
WorkloadJitting  1: 1 op, 280700.00 ns, 280.7000 us/op

OverheadJitting  2: 16 op, 241900.00 ns, 15.1188 us/op
WorkloadJitting  2: 16 op, 5483400.00 ns, 342.7125 us/op

WorkloadPilot    1: 16 op, 2127700.00 ns, 132.9813 us/op
WorkloadPilot    2: 32 op, 4115700.00 ns, 128.6156 us/op
WorkloadPilot    3: 64 op, 7646000.00 ns, 119.4688 us/op
WorkloadPilot    4: 128 op, 14344200.00 ns, 112.0641 us/op
WorkloadPilot    5: 256 op, 27279600.00 ns, 106.5609 us/op
WorkloadPilot    6: 512 op, 52154100.00 ns, 101.8635 us/op
WorkloadPilot    7: 1024 op, 133171000.00 ns, 130.0498 us/op
WorkloadPilot    8: 2048 op, 208163500.00 ns, 101.6423 us/op
WorkloadPilot    9: 4096 op, 137187100.00 ns, 33.4929 us/op
WorkloadPilot   10: 8192 op, 146559700.00 ns, 17.8906 us/op
WorkloadPilot   11: 16384 op, 291295500.00 ns, 17.7793 us/op
WorkloadPilot   12: 32768 op, 585899900.00 ns, 17.8802 us/op

OverheadWarmup   1: 32768 op, 44900.00 ns, 1.3702 ns/op
OverheadWarmup   2: 32768 op, 42400.00 ns, 1.2939 ns/op
OverheadWarmup   3: 32768 op, 43600.00 ns, 1.3306 ns/op
OverheadWarmup   4: 32768 op, 43100.00 ns, 1.3153 ns/op
OverheadWarmup   5: 32768 op, 43400.00 ns, 1.3245 ns/op
OverheadWarmup   6: 32768 op, 42600.00 ns, 1.3000 ns/op

OverheadActual   1: 32768 op, 43300.00 ns, 1.3214 ns/op
OverheadActual   2: 32768 op, 42600.00 ns, 1.3000 ns/op
OverheadActual   3: 32768 op, 43800.00 ns, 1.3367 ns/op
OverheadActual   4: 32768 op, 42600.00 ns, 1.3000 ns/op
OverheadActual   5: 32768 op, 43000.00 ns, 1.3123 ns/op
OverheadActual   6: 32768 op, 42700.00 ns, 1.3031 ns/op
OverheadActual   7: 32768 op, 43000.00 ns, 1.3123 ns/op
OverheadActual   8: 32768 op, 42800.00 ns, 1.3062 ns/op
OverheadActual   9: 32768 op, 43000.00 ns, 1.3123 ns/op
OverheadActual  10: 32768 op, 42800.00 ns, 1.3062 ns/op
OverheadActual  11: 32768 op, 43500.00 ns, 1.3275 ns/op
OverheadActual  12: 32768 op, 42200.00 ns, 1.2878 ns/op
OverheadActual  13: 32768 op, 43300.00 ns, 1.3214 ns/op
OverheadActual  14: 32768 op, 48200.00 ns, 1.4709 ns/op
OverheadActual  15: 32768 op, 43400.00 ns, 1.3245 ns/op

WorkloadWarmup   1: 32768 op, 592380100.00 ns, 18.0780 us/op
WorkloadWarmup   2: 32768 op, 596090000.00 ns, 18.1912 us/op
WorkloadWarmup   3: 32768 op, 613247500.00 ns, 18.7148 us/op
WorkloadWarmup   4: 32768 op, 620233100.00 ns, 18.9280 us/op
WorkloadWarmup   5: 32768 op, 629581200.00 ns, 19.2133 us/op
WorkloadWarmup   6: 32768 op, 625738500.00 ns, 19.0960 us/op
WorkloadWarmup   7: 32768 op, 677472800.00 ns, 20.6748 us/op
WorkloadWarmup   8: 32768 op, 628885100.00 ns, 19.1921 us/op

// BeforeActualRun
WorkloadActual   1: 32768 op, 617359700.00 ns, 18.8403 us/op
WorkloadActual   2: 32768 op, 611459300.00 ns, 18.6603 us/op
WorkloadActual   3: 32768 op, 648922700.00 ns, 19.8035 us/op
WorkloadActual   4: 32768 op, 625122600.00 ns, 19.0772 us/op
WorkloadActual   5: 32768 op, 612035200.00 ns, 18.6778 us/op
WorkloadActual   6: 32768 op, 636431200.00 ns, 19.4223 us/op
WorkloadActual   7: 32768 op, 636272600.00 ns, 19.4175 us/op
WorkloadActual   8: 32768 op, 651190100.00 ns, 19.8727 us/op
WorkloadActual   9: 32768 op, 637314500.00 ns, 19.4493 us/op
WorkloadActual  10: 32768 op, 615166600.00 ns, 18.7734 us/op
WorkloadActual  11: 32768 op, 623713700.00 ns, 19.0342 us/op
WorkloadActual  12: 32768 op, 619836400.00 ns, 18.9159 us/op
WorkloadActual  13: 32768 op, 612464900.00 ns, 18.6909 us/op
WorkloadActual  14: 32768 op, 621287700.00 ns, 18.9602 us/op
WorkloadActual  15: 32768 op, 649562300.00 ns, 19.8231 us/op
WorkloadActual  16: 32768 op, 641147000.00 ns, 19.5663 us/op
WorkloadActual  17: 32768 op, 651847200.00 ns, 19.8928 us/op
WorkloadActual  18: 32768 op, 614947500.00 ns, 18.7667 us/op
WorkloadActual  19: 32768 op, 627253400.00 ns, 19.1423 us/op
WorkloadActual  20: 32768 op, 647281400.00 ns, 19.7535 us/op
WorkloadActual  21: 32768 op, 635611800.00 ns, 19.3973 us/op

// AfterActualRun
WorkloadResult   1: 32768 op, 617316700.00 ns, 18.8390 us/op
WorkloadResult   2: 32768 op, 611416300.00 ns, 18.6589 us/op
WorkloadResult   3: 32768 op, 648879700.00 ns, 19.8022 us/op
WorkloadResult   4: 32768 op, 625079600.00 ns, 19.0759 us/op
WorkloadResult   5: 32768 op, 611992200.00 ns, 18.6765 us/op
WorkloadResult   6: 32768 op, 636388200.00 ns, 19.4210 us/op
WorkloadResult   7: 32768 op, 636229600.00 ns, 19.4162 us/op
WorkloadResult   8: 32768 op, 651147100.00 ns, 19.8714 us/op
WorkloadResult   9: 32768 op, 637271500.00 ns, 19.4480 us/op
WorkloadResult  10: 32768 op, 615123600.00 ns, 18.7721 us/op
WorkloadResult  11: 32768 op, 623670700.00 ns, 19.0329 us/op
WorkloadResult  12: 32768 op, 619793400.00 ns, 18.9146 us/op
WorkloadResult  13: 32768 op, 612421900.00 ns, 18.6896 us/op
WorkloadResult  14: 32768 op, 621244700.00 ns, 18.9589 us/op
WorkloadResult  15: 32768 op, 649519300.00 ns, 19.8218 us/op
WorkloadResult  16: 32768 op, 641104000.00 ns, 19.5649 us/op
WorkloadResult  17: 32768 op, 651804200.00 ns, 19.8915 us/op
WorkloadResult  18: 32768 op, 614904500.00 ns, 18.7654 us/op
WorkloadResult  19: 32768 op, 627210400.00 ns, 19.1409 us/op
WorkloadResult  20: 32768 op, 647238400.00 ns, 19.7521 us/op
WorkloadResult  21: 32768 op, 635568800.00 ns, 19.3960 us/op
// GC:  35 0 0 1776812032 32768
// Threading:  0 0 32768

// AfterAll
// Benchmark Process 50000 has exited with code 0.

Mean = 19.234 us, StdErr = 0.095 us (0.49%), N = 21, StdDev = 0.436 us
Min = 18.659 us, Q1 = 18.839 us, Median = 19.141 us, Q3 = 19.565 us, Max = 19.891 us
IQR = 0.726 us, LowerFence = 17.750 us, UpperFence = 20.654 us
ConfidenceInterval = [18.867 us; 19.600 us] (CI 99.9%), Margin = 0.366 us (1.90% of Mean)
Skewness = 0.16, Kurtosis = 1.44, MValue = 2

// ** Remained 47 (78.3%) benchmark(s) to run. Estimated finish 2026-09-21 12:45 (0h 23m from now) **
Setup power plan (GUID: 8c5e7fda-e8bf-4a96-9a85-a6e23a8c635c FriendlyName: High performance)
// **************************
// Benchmark: FixAgainstQuickFix.'QuickFIX/n: parse + read': DefaultJob [From=Compiled, Reading=PartiesMedium]
// *** Execute ***
// Launch: 1 / 1
// Execute: dotnet qfcompare-DefaultJob-1.dll --anonymousPipes 2876 2916 --benchmarkName "QfCompare.FixAgainstQuickFix.TheirsParse(From: Compiled, Reading: PartiesMedium)" --job Default --benchmarkId 13 in P:\dotgram.WorkTrees\fix-frozen\.work\qfcompare\bin\Release\net10.0\qfcompare-DefaultJob-1\bin\Release\net10.0
// BeforeAnythingElse

// Benchmark Process Environment Information:
// BenchmarkDotNet v0.15.8
// Runtime=.NET 10.0.12 (10.0.12, 10.0.1226.42308), X64 RyuJIT x86-64-v4
// GC=Concurrent Workstation
// HardwareIntrinsics=AVX512 BITALG+VBMI2+VNNI+VPOPCNTDQ,AVX512 IFMA+VBMI,AVX512 F+BW+CD+DQ+VL,AVX2+BMI1+BMI2+F16C+FMA+LZCNT+MOVBE,AVX,SSE3+SSSE3+SSE4.1+SSE4.2+POPCNT,X86Base+SSE+SSE2,AES+PCLMUL,AvxVnni VectorSize=256
// Job: DefaultJob

OverheadJitting  1: 1 op, 132600.00 ns, 132.6000 us/op
WorkloadJitting  1: 1 op, 270800.00 ns, 270.8000 us/op

OverheadJitting  2: 16 op, 245000.00 ns, 15.3125 us/op
WorkloadJitting  2: 16 op, 2773300.00 ns, 173.3313 us/op

WorkloadPilot    1: 16 op, 2571100.00 ns, 160.6938 us/op
WorkloadPilot    2: 32 op, 4816900.00 ns, 150.5281 us/op
WorkloadPilot    3: 64 op, 10373200.00 ns, 162.0813 us/op
WorkloadPilot    4: 128 op, 19094100.00 ns, 149.1727 us/op
WorkloadPilot    5: 256 op, 35976500.00 ns, 140.5332 us/op
WorkloadPilot    6: 512 op, 62038800.00 ns, 121.1695 us/op
WorkloadPilot    7: 1024 op, 163252900.00 ns, 159.4267 us/op
WorkloadPilot    8: 2048 op, 173721200.00 ns, 84.8248 us/op
WorkloadPilot    9: 4096 op, 144875500.00 ns, 35.3700 us/op
WorkloadPilot   10: 8192 op, 223006400.00 ns, 27.2225 us/op
WorkloadPilot   11: 16384 op, 447328800.00 ns, 27.3028 us/op
WorkloadPilot   12: 32768 op, 894557000.00 ns, 27.2997 us/op

OverheadWarmup   1: 32768 op, 44800.00 ns, 1.3672 ns/op
OverheadWarmup   2: 32768 op, 43600.00 ns, 1.3306 ns/op
OverheadWarmup   3: 32768 op, 44100.00 ns, 1.3458 ns/op
OverheadWarmup   4: 32768 op, 42300.00 ns, 1.2909 ns/op
OverheadWarmup   5: 32768 op, 43800.00 ns, 1.3367 ns/op
OverheadWarmup   6: 32768 op, 42500.00 ns, 1.2970 ns/op

OverheadActual   1: 32768 op, 43200.00 ns, 1.3184 ns/op
OverheadActual   2: 32768 op, 42700.00 ns, 1.3031 ns/op
OverheadActual   3: 32768 op, 43900.00 ns, 1.3397 ns/op
OverheadActual   4: 32768 op, 42000.00 ns, 1.2817 ns/op
OverheadActual   5: 32768 op, 42900.00 ns, 1.3092 ns/op
OverheadActual   6: 32768 op, 42500.00 ns, 1.2970 ns/op
OverheadActual   7: 32768 op, 48600.00 ns, 1.4832 ns/op
OverheadActual   8: 32768 op, 42600.00 ns, 1.3000 ns/op
OverheadActual   9: 32768 op, 43200.00 ns, 1.3184 ns/op
OverheadActual  10: 32768 op, 42300.00 ns, 1.2909 ns/op
OverheadActual  11: 32768 op, 43800.00 ns, 1.3367 ns/op
OverheadActual  12: 32768 op, 42300.00 ns, 1.2909 ns/op
OverheadActual  13: 32768 op, 43500.00 ns, 1.3275 ns/op
OverheadActual  14: 32768 op, 42300.00 ns, 1.2909 ns/op
OverheadActual  15: 32768 op, 43000.00 ns, 1.3123 ns/op

WorkloadWarmup   1: 32768 op, 948350800.00 ns, 28.9414 us/op
WorkloadWarmup   2: 32768 op, 984019600.00 ns, 30.0299 us/op
WorkloadWarmup   3: 32768 op, 995310000.00 ns, 30.3745 us/op
WorkloadWarmup   4: 32768 op, 979173600.00 ns, 29.8820 us/op
WorkloadWarmup   5: 32768 op, 950155500.00 ns, 28.9964 us/op
WorkloadWarmup   6: 32768 op, 969274000.00 ns, 29.5799 us/op
WorkloadWarmup   7: 32768 op, 1004724600.00 ns, 30.6618 us/op
WorkloadWarmup   8: 32768 op, 968408200.00 ns, 29.5535 us/op

// BeforeActualRun
WorkloadActual   1: 32768 op, 952771400.00 ns, 29.0763 us/op
WorkloadActual   2: 32768 op, 945461900.00 ns, 28.8532 us/op
WorkloadActual   3: 32768 op, 948215200.00 ns, 28.9372 us/op
WorkloadActual   4: 32768 op, 964851500.00 ns, 29.4449 us/op
WorkloadActual   5: 32768 op, 943659100.00 ns, 28.7982 us/op
WorkloadActual   6: 32768 op, 962863400.00 ns, 29.3843 us/op
WorkloadActual   7: 32768 op, 967505000.00 ns, 29.5259 us/op
WorkloadActual   8: 32768 op, 1004487800.00 ns, 30.6545 us/op
WorkloadActual   9: 32768 op, 975491500.00 ns, 29.7696 us/op
WorkloadActual  10: 32768 op, 1109216100.00 ns, 33.8506 us/op
WorkloadActual  11: 32768 op, 1228480600.00 ns, 37.4903 us/op
WorkloadActual  12: 32768 op, 970217500.00 ns, 29.6087 us/op
WorkloadActual  13: 32768 op, 943695600.00 ns, 28.7993 us/op
WorkloadActual  14: 32768 op, 1028445200.00 ns, 31.3857 us/op
WorkloadActual  15: 32768 op, 959608700.00 ns, 29.2849 us/op
WorkloadActual  16: 32768 op, 970619400.00 ns, 29.6210 us/op
WorkloadActual  17: 32768 op, 1009288200.00 ns, 30.8010 us/op
WorkloadActual  18: 32768 op, 966054200.00 ns, 29.4816 us/op
WorkloadActual  19: 32768 op, 961546000.00 ns, 29.3441 us/op
WorkloadActual  20: 32768 op, 950934500.00 ns, 29.0202 us/op
WorkloadActual  21: 32768 op, 952989300.00 ns, 29.0829 us/op

// AfterActualRun
WorkloadResult   1: 32768 op, 952728500.00 ns, 29.0750 us/op
WorkloadResult   2: 32768 op, 945419000.00 ns, 28.8519 us/op
WorkloadResult   3: 32768 op, 948172300.00 ns, 28.9359 us/op
WorkloadResult   4: 32768 op, 964808600.00 ns, 29.4436 us/op
WorkloadResult   5: 32768 op, 943616200.00 ns, 28.7969 us/op
WorkloadResult   6: 32768 op, 962820500.00 ns, 29.3829 us/op
WorkloadResult   7: 32768 op, 967462100.00 ns, 29.5246 us/op
WorkloadResult   8: 32768 op, 1004444900.00 ns, 30.6532 us/op
WorkloadResult   9: 32768 op, 975448600.00 ns, 29.7683 us/op
WorkloadResult  10: 32768 op, 970174600.00 ns, 29.6074 us/op
WorkloadResult  11: 32768 op, 943652700.00 ns, 28.7980 us/op
WorkloadResult  12: 32768 op, 959565800.00 ns, 29.2836 us/op
WorkloadResult  13: 32768 op, 970576500.00 ns, 29.6196 us/op
WorkloadResult  14: 32768 op, 1009245300.00 ns, 30.7997 us/op
WorkloadResult  15: 32768 op, 966011300.00 ns, 29.4803 us/op
WorkloadResult  16: 32768 op, 961503100.00 ns, 29.3427 us/op
WorkloadResult  17: 32768 op, 950891600.00 ns, 29.0189 us/op
WorkloadResult  18: 32768 op, 952946400.00 ns, 29.0816 us/op
// GC:  129 25 0 6504054784 32768
// Threading:  0 0 32768

// AfterAll
// Benchmark Process 55832 has exited with code 0.

Mean = 29.415 us, StdErr = 0.133 us (0.45%), N = 18, StdDev = 0.563 us
Min = 28.797 us, Q1 = 29.033 us, Median = 29.363 us, Q3 = 29.587 us, Max = 30.800 us
IQR = 0.554 us, LowerFence = 28.202 us, UpperFence = 30.417 us
ConfidenceInterval = [28.889 us; 29.941 us] (CI 99.9%), Margin = 0.526 us (1.79% of Mean)
Skewness = 1.16, Kurtosis = 3.62, MValue = 2

// ** Remained 46 (76.7%) benchmark(s) to run. Estimated finish 2026-09-21 12:46 (0h 23m from now) **
Setup power plan (GUID: 8c5e7fda-e8bf-4a96-9a85-a6e23a8c635c FriendlyName: High performance)
// **************************
// Benchmark: FixAgainstQuickFix.'ours: parse + validate + read': DefaultJob [From=Compiled, Reading=PartiesMedium]
// *** Execute ***
// Launch: 1 / 1
// Execute: dotnet qfcompare-DefaultJob-1.dll --anonymousPipes 3068 2836 --benchmarkName "QfCompare.FixAgainstQuickFix.OursParseAndValidate(From: Compiled, Reading: PartiesMedium)" --job Default --benchmarkId 14 in P:\dotgram.WorkTrees\fix-frozen\.work\qfcompare\bin\Release\net10.0\qfcompare-DefaultJob-1\bin\Release\net10.0
// BeforeAnythingElse

// Benchmark Process Environment Information:
// BenchmarkDotNet v0.15.8
// Runtime=.NET 10.0.12 (10.0.12, 10.0.1226.42308), X64 RyuJIT x86-64-v4
// GC=Concurrent Workstation
// HardwareIntrinsics=AVX512 BITALG+VBMI2+VNNI+VPOPCNTDQ,AVX512 IFMA+VBMI,AVX512 F+BW+CD+DQ+VL,AVX2+BMI1+BMI2+F16C+FMA+LZCNT+MOVBE,AVX,SSE3+SSSE3+SSE4.1+SSE4.2+POPCNT,X86Base+SSE+SSE2,AES+PCLMUL,AvxVnni VectorSize=256
// Job: DefaultJob

OverheadJitting  1: 1 op, 128200.00 ns, 128.2000 us/op
WorkloadJitting  1: 1 op, 318600.00 ns, 318.6000 us/op

OverheadJitting  2: 16 op, 244500.00 ns, 15.2813 us/op
WorkloadJitting  2: 16 op, 6317700.00 ns, 394.8563 us/op

WorkloadPilot    1: 16 op, 2853600.00 ns, 178.3500 us/op
WorkloadPilot    2: 32 op, 5799700.00 ns, 181.2406 us/op
WorkloadPilot    3: 64 op, 11029200.00 ns, 172.3313 us/op
WorkloadPilot    4: 128 op, 20241800.00 ns, 158.1391 us/op
WorkloadPilot    5: 256 op, 37922600.00 ns, 148.1352 us/op
WorkloadPilot    6: 512 op, 71857800.00 ns, 140.3473 us/op
WorkloadPilot    7: 1024 op, 185098900.00 ns, 180.7606 us/op
WorkloadPilot    8: 2048 op, 245110900.00 ns, 119.6831 us/op
WorkloadPilot    9: 4096 op, 137621300.00 ns, 33.5990 us/op
WorkloadPilot   10: 8192 op, 211687900.00 ns, 25.8408 us/op
WorkloadPilot   11: 16384 op, 416840700.00 ns, 25.4419 us/op
WorkloadPilot   12: 32768 op, 835361400.00 ns, 25.4932 us/op

OverheadWarmup   1: 32768 op, 44500.00 ns, 1.3580 ns/op
OverheadWarmup   2: 32768 op, 43500.00 ns, 1.3275 ns/op
OverheadWarmup   3: 32768 op, 43900.00 ns, 1.3397 ns/op
OverheadWarmup   4: 32768 op, 42800.00 ns, 1.3062 ns/op
OverheadWarmup   5: 32768 op, 43300.00 ns, 1.3214 ns/op
OverheadWarmup   6: 32768 op, 43100.00 ns, 1.3153 ns/op

OverheadActual   1: 32768 op, 43600.00 ns, 1.3306 ns/op
OverheadActual   2: 32768 op, 43300.00 ns, 1.3214 ns/op
OverheadActual   3: 32768 op, 43400.00 ns, 1.3245 ns/op
OverheadActual   4: 32768 op, 42500.00 ns, 1.2970 ns/op
OverheadActual   5: 32768 op, 44100.00 ns, 1.3458 ns/op
OverheadActual   6: 32768 op, 42700.00 ns, 1.3031 ns/op
OverheadActual   7: 32768 op, 42900.00 ns, 1.3092 ns/op
OverheadActual   8: 32768 op, 42200.00 ns, 1.2878 ns/op
OverheadActual   9: 32768 op, 44000.00 ns, 1.3428 ns/op
OverheadActual  10: 32768 op, 42900.00 ns, 1.3092 ns/op
OverheadActual  11: 32768 op, 43000.00 ns, 1.3123 ns/op
OverheadActual  12: 32768 op, 42200.00 ns, 1.2878 ns/op
OverheadActual  13: 32768 op, 43100.00 ns, 1.3153 ns/op
OverheadActual  14: 32768 op, 42700.00 ns, 1.3031 ns/op
OverheadActual  15: 32768 op, 43400.00 ns, 1.3245 ns/op

WorkloadWarmup   1: 32768 op, 868314800.00 ns, 26.4989 us/op
WorkloadWarmup   2: 32768 op, 924470200.00 ns, 28.2126 us/op
WorkloadWarmup   3: 32768 op, 948216200.00 ns, 28.9373 us/op
WorkloadWarmup   4: 32768 op, 910708000.00 ns, 27.7926 us/op
WorkloadWarmup   5: 32768 op, 894245200.00 ns, 27.2902 us/op
WorkloadWarmup   6: 32768 op, 925510700.00 ns, 28.2443 us/op
WorkloadWarmup   7: 32768 op, 908806100.00 ns, 27.7346 us/op

// BeforeActualRun
WorkloadActual   1: 32768 op, 886825400.00 ns, 27.0638 us/op
WorkloadActual   2: 32768 op, 902520500.00 ns, 27.5427 us/op
WorkloadActual   3: 32768 op, 915427000.00 ns, 27.9366 us/op
WorkloadActual   4: 32768 op, 921462300.00 ns, 28.1208 us/op
WorkloadActual   5: 32768 op, 938696500.00 ns, 28.6467 us/op
WorkloadActual   6: 32768 op, 915470100.00 ns, 27.9379 us/op
WorkloadActual   7: 32768 op, 911259300.00 ns, 27.8094 us/op
WorkloadActual   8: 32768 op, 942270500.00 ns, 28.7558 us/op
WorkloadActual   9: 32768 op, 915116600.00 ns, 27.9271 us/op
WorkloadActual  10: 32768 op, 917653800.00 ns, 28.0046 us/op
WorkloadActual  11: 32768 op, 921399800.00 ns, 28.1189 us/op
WorkloadActual  12: 32768 op, 912336200.00 ns, 27.8423 us/op
WorkloadActual  13: 32768 op, 900881600.00 ns, 27.4927 us/op
WorkloadActual  14: 32768 op, 887164800.00 ns, 27.0741 us/op
WorkloadActual  15: 32768 op, 923508800.00 ns, 28.1833 us/op

// AfterActualRun
WorkloadResult   1: 32768 op, 886782400.00 ns, 27.0625 us/op
WorkloadResult   2: 32768 op, 902477500.00 ns, 27.5414 us/op
WorkloadResult   3: 32768 op, 915384000.00 ns, 27.9353 us/op
WorkloadResult   4: 32768 op, 921419300.00 ns, 28.1195 us/op
WorkloadResult   5: 32768 op, 938653500.00 ns, 28.6454 us/op
WorkloadResult   6: 32768 op, 915427100.00 ns, 27.9366 us/op
WorkloadResult   7: 32768 op, 911216300.00 ns, 27.8081 us/op
WorkloadResult   8: 32768 op, 942227500.00 ns, 28.7545 us/op
WorkloadResult   9: 32768 op, 915073600.00 ns, 27.9258 us/op
WorkloadResult  10: 32768 op, 917610800.00 ns, 28.0033 us/op
WorkloadResult  11: 32768 op, 921356800.00 ns, 28.1176 us/op
WorkloadResult  12: 32768 op, 912293200.00 ns, 27.8410 us/op
WorkloadResult  13: 32768 op, 900838600.00 ns, 27.4914 us/op
WorkloadResult  14: 32768 op, 887121800.00 ns, 27.0728 us/op
WorkloadResult  15: 32768 op, 923465800.00 ns, 28.1819 us/op
// GC:  35 3 0 1778909184 32768
// Threading:  0 0 32768

// AfterAll
// Benchmark Process 47180 has exited with code 0.

Mean = 27.896 us, StdErr = 0.123 us (0.44%), N = 15, StdDev = 0.476 us
Min = 27.062 us, Q1 = 27.675 us, Median = 27.935 us, Q3 = 28.119 us, Max = 28.755 us
IQR = 0.444 us, LowerFence = 27.009 us, UpperFence = 28.784 us
ConfidenceInterval = [27.387 us; 28.404 us] (CI 99.9%), Margin = 0.509 us (1.82% of Mean)
Skewness = -0.09, Kurtosis = 2.42, MValue = 2

// ** Remained 45 (75.0%) benchmark(s) to run. Estimated finish 2026-09-21 12:45 (0h 22m from now) **
Setup power plan (GUID: 8c5e7fda-e8bf-4a96-9a85-a6e23a8c635c FriendlyName: High performance)
// **************************
// Benchmark: FixAgainstQuickFix.'QuickFIX/n: parse + validate + read': DefaultJob [From=Compiled, Reading=PartiesMedium]
// *** Execute ***
// Launch: 1 / 1
// Execute: dotnet qfcompare-DefaultJob-1.dll --anonymousPipes 2956 2872 --benchmarkName "QfCompare.FixAgainstQuickFix.TheirsParseAndValidate(From: Compiled, Reading: PartiesMedium)" --job Default --benchmarkId 15 in P:\dotgram.WorkTrees\fix-frozen\.work\qfcompare\bin\Release\net10.0\qfcompare-DefaultJob-1\bin\Release\net10.0
// BeforeAnythingElse

// Benchmark Process Environment Information:
// BenchmarkDotNet v0.15.8
// Runtime=.NET 10.0.12 (10.0.12, 10.0.1226.42308), X64 RyuJIT x86-64-v4
// GC=Concurrent Workstation
// HardwareIntrinsics=AVX512 BITALG+VBMI2+VNNI+VPOPCNTDQ,AVX512 IFMA+VBMI,AVX512 F+BW+CD+DQ+VL,AVX2+BMI1+BMI2+F16C+FMA+LZCNT+MOVBE,AVX,SSE3+SSSE3+SSE4.1+SSE4.2+POPCNT,X86Base+SSE+SSE2,AES+PCLMUL,AvxVnni VectorSize=256
// Job: DefaultJob

OverheadJitting  1: 1 op, 130600.00 ns, 130.6000 us/op
WorkloadJitting  1: 1 op, 10527900.00 ns, 10.5279 ms/op

OverheadJitting  2: 16 op, 233800.00 ns, 14.6125 us/op
WorkloadJitting  2: 16 op, 5505500.00 ns, 344.0938 us/op

WorkloadPilot    1: 16 op, 5575600.00 ns, 348.4750 us/op
WorkloadPilot    2: 32 op, 10478300.00 ns, 327.4469 us/op
WorkloadPilot    3: 64 op, 21358900.00 ns, 333.7328 us/op
WorkloadPilot    4: 128 op, 39823900.00 ns, 311.1242 us/op
WorkloadPilot    5: 256 op, 81886400.00 ns, 319.8688 us/op
WorkloadPilot    6: 512 op, 181995800.00 ns, 355.4605 us/op
WorkloadPilot    7: 1024 op, 155346200.00 ns, 151.7053 us/op
WorkloadPilot    8: 2048 op, 122854000.00 ns, 59.9873 us/op
WorkloadPilot    9: 4096 op, 217270600.00 ns, 53.0446 us/op
WorkloadPilot   10: 8192 op, 374776800.00 ns, 45.7491 us/op
WorkloadPilot   11: 16384 op, 753059700.00 ns, 45.9631 us/op

OverheadWarmup   1: 16384 op, 22800.00 ns, 1.3916 ns/op
OverheadWarmup   2: 16384 op, 21700.00 ns, 1.3245 ns/op
OverheadWarmup   3: 16384 op, 32100.00 ns, 1.9592 ns/op
OverheadWarmup   4: 16384 op, 21200.00 ns, 1.2939 ns/op
OverheadWarmup   5: 16384 op, 22000.00 ns, 1.3428 ns/op
OverheadWarmup   6: 16384 op, 21400.00 ns, 1.3062 ns/op

OverheadActual   1: 16384 op, 21300.00 ns, 1.3000 ns/op
OverheadActual   2: 16384 op, 21500.00 ns, 1.3123 ns/op
OverheadActual   3: 16384 op, 22200.00 ns, 1.3550 ns/op
OverheadActual   4: 16384 op, 21500.00 ns, 1.3123 ns/op
OverheadActual   5: 16384 op, 27500.00 ns, 1.6785 ns/op
OverheadActual   6: 16384 op, 21500.00 ns, 1.3123 ns/op
OverheadActual   7: 16384 op, 24300.00 ns, 1.4832 ns/op
OverheadActual   8: 16384 op, 21500.00 ns, 1.3123 ns/op
OverheadActual   9: 16384 op, 21400.00 ns, 1.3062 ns/op
OverheadActual  10: 16384 op, 21100.00 ns, 1.2878 ns/op
OverheadActual  11: 16384 op, 21800.00 ns, 1.3306 ns/op
OverheadActual  12: 16384 op, 21400.00 ns, 1.3062 ns/op
OverheadActual  13: 16384 op, 21500.00 ns, 1.3123 ns/op
OverheadActual  14: 16384 op, 21300.00 ns, 1.3000 ns/op
OverheadActual  15: 16384 op, 22000.00 ns, 1.3428 ns/op

WorkloadWarmup   1: 16384 op, 772296500.00 ns, 47.1372 us/op
WorkloadWarmup   2: 16384 op, 794013700.00 ns, 48.4628 us/op
WorkloadWarmup   3: 16384 op, 809353800.00 ns, 49.3990 us/op
WorkloadWarmup   4: 16384 op, 817501900.00 ns, 49.8964 us/op
WorkloadWarmup   5: 16384 op, 843427800.00 ns, 51.4787 us/op
WorkloadWarmup   6: 16384 op, 801935600.00 ns, 48.9463 us/op
WorkloadWarmup   7: 16384 op, 814036900.00 ns, 49.6849 us/op
WorkloadWarmup   8: 16384 op, 855096000.00 ns, 52.1909 us/op
WorkloadWarmup   9: 16384 op, 814776300.00 ns, 49.7300 us/op

// BeforeActualRun
WorkloadActual   1: 16384 op, 799975500.00 ns, 48.8266 us/op
WorkloadActual   2: 16384 op, 799267800.00 ns, 48.7834 us/op
WorkloadActual   3: 16384 op, 797096900.00 ns, 48.6509 us/op
WorkloadActual   4: 16384 op, 780408100.00 ns, 47.6323 us/op
WorkloadActual   5: 16384 op, 800633000.00 ns, 48.8668 us/op
WorkloadActual   6: 16384 op, 794737700.00 ns, 48.5069 us/op
WorkloadActual   7: 16384 op, 791398100.00 ns, 48.3031 us/op
WorkloadActual   8: 16384 op, 794010500.00 ns, 48.4626 us/op
WorkloadActual   9: 16384 op, 810852300.00 ns, 49.4905 us/op
WorkloadActual  10: 16384 op, 807053800.00 ns, 49.2587 us/op
WorkloadActual  11: 16384 op, 803156100.00 ns, 49.0208 us/op
WorkloadActual  12: 16384 op, 797497900.00 ns, 48.6754 us/op
WorkloadActual  13: 16384 op, 819307200.00 ns, 50.0065 us/op
WorkloadActual  14: 16384 op, 797128800.00 ns, 48.6529 us/op
WorkloadActual  15: 16384 op, 794853200.00 ns, 48.5140 us/op

// AfterActualRun
WorkloadResult   1: 16384 op, 799954000.00 ns, 48.8253 us/op
WorkloadResult   2: 16384 op, 799246300.00 ns, 48.7821 us/op
WorkloadResult   3: 16384 op, 797075400.00 ns, 48.6496 us/op
WorkloadResult   4: 16384 op, 780386600.00 ns, 47.6310 us/op
WorkloadResult   5: 16384 op, 800611500.00 ns, 48.8654 us/op
WorkloadResult   6: 16384 op, 794716200.00 ns, 48.5056 us/op
WorkloadResult   7: 16384 op, 791376600.00 ns, 48.3018 us/op
WorkloadResult   8: 16384 op, 793989000.00 ns, 48.4612 us/op
WorkloadResult   9: 16384 op, 810830800.00 ns, 49.4892 us/op
WorkloadResult  10: 16384 op, 807032300.00 ns, 49.2573 us/op
WorkloadResult  11: 16384 op, 803134600.00 ns, 49.0194 us/op
WorkloadResult  12: 16384 op, 797476400.00 ns, 48.6741 us/op
WorkloadResult  13: 16384 op, 797107300.00 ns, 48.6516 us/op
WorkloadResult  14: 16384 op, 794831700.00 ns, 48.5127 us/op
// GC:  81 18 0 4100718592 16384
// Threading:  0 0 16384

// AfterAll
// Benchmark Process 49932 has exited with code 0.

Mean = 48.688 us, StdErr = 0.118 us (0.24%), N = 14, StdDev = 0.440 us
Min = 47.631 us, Q1 = 48.507 us, Median = 48.663 us, Q3 = 48.855 us, Max = 49.489 us
IQR = 0.348 us, LowerFence = 47.985 us, UpperFence = 49.377 us
ConfidenceInterval = [48.191 us; 49.184 us] (CI 99.9%), Margin = 0.497 us (1.02% of Mean)
Skewness = -0.43, Kurtosis = 3.43, MValue = 2

// ** Remained 44 (73.3%) benchmark(s) to run. Estimated finish 2026-09-21 12:45 (0h 21m from now) **
Setup power plan (GUID: 8c5e7fda-e8bf-4a96-9a85-a6e23a8c635c FriendlyName: High performance)
// **************************
// Benchmark: FixAgainstQuickFix.'A/A ours: parse + read': DefaultJob [From=Compiled, Reading=PartiesMedium]
// *** Execute ***
// Launch: 1 / 1
// Execute: dotnet qfcompare-DefaultJob-1.dll --anonymousPipes 2772 2836 --benchmarkName "QfCompare.FixAgainstQuickFix.OursParseAgain(From: Compiled, Reading: PartiesMedium)" --job Default --benchmarkId 16 in P:\dotgram.WorkTrees\fix-frozen\.work\qfcompare\bin\Release\net10.0\qfcompare-DefaultJob-1\bin\Release\net10.0
// BeforeAnythingElse

// Benchmark Process Environment Information:
// BenchmarkDotNet v0.15.8
// Runtime=.NET 10.0.12 (10.0.12, 10.0.1226.42308), X64 RyuJIT x86-64-v4
// GC=Concurrent Workstation
// HardwareIntrinsics=AVX512 BITALG+VBMI2+VNNI+VPOPCNTDQ,AVX512 IFMA+VBMI,AVX512 F+BW+CD+DQ+VL,AVX2+BMI1+BMI2+F16C+FMA+LZCNT+MOVBE,AVX,SSE3+SSSE3+SSE4.1+SSE4.2+POPCNT,X86Base+SSE+SSE2,AES+PCLMUL,AvxVnni VectorSize=256
// Job: DefaultJob

OverheadJitting  1: 1 op, 140800.00 ns, 140.8000 us/op
WorkloadJitting  1: 1 op, 302500.00 ns, 302.5000 us/op

OverheadJitting  2: 16 op, 231000.00 ns, 14.4375 us/op
WorkloadJitting  2: 16 op, 5459900.00 ns, 341.2438 us/op

WorkloadPilot    1: 16 op, 2160500.00 ns, 135.0313 us/op
WorkloadPilot    2: 32 op, 4112700.00 ns, 128.5219 us/op
WorkloadPilot    3: 64 op, 7605300.00 ns, 118.8328 us/op
WorkloadPilot    4: 128 op, 13989100.00 ns, 109.2898 us/op
WorkloadPilot    5: 256 op, 27017900.00 ns, 105.5387 us/op
WorkloadPilot    6: 512 op, 51560300.00 ns, 100.7037 us/op
WorkloadPilot    7: 1024 op, 133330700.00 ns, 130.2058 us/op
WorkloadPilot    8: 2048 op, 203241900.00 ns, 99.2392 us/op
WorkloadPilot    9: 4096 op, 134846700.00 ns, 32.9216 us/op
WorkloadPilot   10: 8192 op, 146850800.00 ns, 17.9261 us/op
WorkloadPilot   11: 16384 op, 294603400.00 ns, 17.9812 us/op
WorkloadPilot   12: 32768 op, 591085800.00 ns, 18.0385 us/op

OverheadWarmup   1: 32768 op, 44400.00 ns, 1.3550 ns/op
OverheadWarmup   2: 32768 op, 42500.00 ns, 1.2970 ns/op
OverheadWarmup   3: 32768 op, 43600.00 ns, 1.3306 ns/op
OverheadWarmup   4: 32768 op, 43200.00 ns, 1.3184 ns/op
OverheadWarmup   5: 32768 op, 43700.00 ns, 1.3336 ns/op
OverheadWarmup   6: 32768 op, 43000.00 ns, 1.3123 ns/op

OverheadActual   1: 32768 op, 43200.00 ns, 1.3184 ns/op
OverheadActual   2: 32768 op, 42300.00 ns, 1.2909 ns/op
OverheadActual   3: 32768 op, 43500.00 ns, 1.3275 ns/op
OverheadActual   4: 32768 op, 42200.00 ns, 1.2878 ns/op
OverheadActual   5: 32768 op, 43200.00 ns, 1.3184 ns/op
OverheadActual   6: 32768 op, 42600.00 ns, 1.3000 ns/op
OverheadActual   7: 32768 op, 43800.00 ns, 1.3367 ns/op
OverheadActual   8: 32768 op, 42900.00 ns, 1.3092 ns/op
OverheadActual   9: 32768 op, 42900.00 ns, 1.3092 ns/op
OverheadActual  10: 32768 op, 44600.00 ns, 1.3611 ns/op
OverheadActual  11: 32768 op, 43200.00 ns, 1.3184 ns/op
OverheadActual  12: 32768 op, 42000.00 ns, 1.2817 ns/op
OverheadActual  13: 32768 op, 43800.00 ns, 1.3367 ns/op
OverheadActual  14: 32768 op, 42600.00 ns, 1.3000 ns/op
OverheadActual  15: 32768 op, 42900.00 ns, 1.3092 ns/op

WorkloadWarmup   1: 32768 op, 606672000.00 ns, 18.5142 us/op
WorkloadWarmup   2: 32768 op, 597126200.00 ns, 18.2228 us/op
WorkloadWarmup   3: 32768 op, 625349000.00 ns, 19.0841 us/op
WorkloadWarmup   4: 32768 op, 624043400.00 ns, 19.0443 us/op
WorkloadWarmup   5: 32768 op, 624030200.00 ns, 19.0439 us/op
WorkloadWarmup   6: 32768 op, 616228600.00 ns, 18.8058 us/op
WorkloadWarmup   7: 32768 op, 637071000.00 ns, 19.4419 us/op
WorkloadWarmup   8: 32768 op, 626777400.00 ns, 19.1277 us/op

// BeforeActualRun
WorkloadActual   1: 32768 op, 620710300.00 ns, 18.9426 us/op
WorkloadActual   2: 32768 op, 623305800.00 ns, 19.0218 us/op
WorkloadActual   3: 32768 op, 643503500.00 ns, 19.6382 us/op
WorkloadActual   4: 32768 op, 639642000.00 ns, 19.5203 us/op
WorkloadActual   5: 32768 op, 616538900.00 ns, 18.8153 us/op
WorkloadActual   6: 32768 op, 631789600.00 ns, 19.2807 us/op
WorkloadActual   7: 32768 op, 612483600.00 ns, 18.6915 us/op
WorkloadActual   8: 32768 op, 620443300.00 ns, 18.9344 us/op
WorkloadActual   9: 32768 op, 622457900.00 ns, 18.9959 us/op
WorkloadActual  10: 32768 op, 617839700.00 ns, 18.8550 us/op
WorkloadActual  11: 32768 op, 624972100.00 ns, 19.0726 us/op
WorkloadActual  12: 32768 op, 607421000.00 ns, 18.5370 us/op
WorkloadActual  13: 32768 op, 643499300.00 ns, 19.6380 us/op
WorkloadActual  14: 32768 op, 626205100.00 ns, 19.1103 us/op
WorkloadActual  15: 32768 op, 622002700.00 ns, 18.9820 us/op

// AfterActualRun
WorkloadResult   1: 32768 op, 620667400.00 ns, 18.9413 us/op
WorkloadResult   2: 32768 op, 623262900.00 ns, 19.0205 us/op
WorkloadResult   3: 32768 op, 643460600.00 ns, 19.6369 us/op
WorkloadResult   4: 32768 op, 639599100.00 ns, 19.5190 us/op
WorkloadResult   5: 32768 op, 616496000.00 ns, 18.8140 us/op
WorkloadResult   6: 32768 op, 631746700.00 ns, 19.2794 us/op
WorkloadResult   7: 32768 op, 612440700.00 ns, 18.6902 us/op
WorkloadResult   8: 32768 op, 620400400.00 ns, 18.9331 us/op
WorkloadResult   9: 32768 op, 622415000.00 ns, 18.9946 us/op
WorkloadResult  10: 32768 op, 617796800.00 ns, 18.8537 us/op
WorkloadResult  11: 32768 op, 624929200.00 ns, 19.0713 us/op
WorkloadResult  12: 32768 op, 607378100.00 ns, 18.5357 us/op
WorkloadResult  13: 32768 op, 643456400.00 ns, 19.6367 us/op
WorkloadResult  14: 32768 op, 626162200.00 ns, 19.1090 us/op
WorkloadResult  15: 32768 op, 621959800.00 ns, 18.9807 us/op
// GC:  35 0 0 1776812032 32768
// Threading:  0 0 32768

// AfterAll
// Benchmark Process 49564 has exited with code 0.

Mean = 19.068 us, StdErr = 0.084 us (0.44%), N = 15, StdDev = 0.325 us
Min = 18.536 us, Q1 = 18.893 us, Median = 18.995 us, Q3 = 19.194 us, Max = 19.637 us
IQR = 0.301 us, LowerFence = 18.442 us, UpperFence = 19.645 us
ConfidenceInterval = [18.720 us; 19.416 us] (CI 99.9%), Margin = 0.348 us (1.82% of Mean)
Skewness = 0.45, Kurtosis = 2.14, MValue = 2

// ** Remained 43 (71.7%) benchmark(s) to run. Estimated finish 2026-09-21 12:44 (0h 20m from now) **
Setup power plan (GUID: 8c5e7fda-e8bf-4a96-9a85-a6e23a8c635c FriendlyName: High performance)
// **************************
// Benchmark: FixAgainstQuickFix.'A/A QuickFIX/n: parse + read': DefaultJob [From=Compiled, Reading=PartiesMedium]
// *** Execute ***
// Launch: 1 / 1
// Execute: dotnet qfcompare-DefaultJob-1.dll --anonymousPipes 2764 2768 --benchmarkName "QfCompare.FixAgainstQuickFix.TheirsParseAgain(From: Compiled, Reading: PartiesMedium)" --job Default --benchmarkId 17 in P:\dotgram.WorkTrees\fix-frozen\.work\qfcompare\bin\Release\net10.0\qfcompare-DefaultJob-1\bin\Release\net10.0
// BeforeAnythingElse

// Benchmark Process Environment Information:
// BenchmarkDotNet v0.15.8
// Runtime=.NET 10.0.12 (10.0.12, 10.0.1226.42308), X64 RyuJIT x86-64-v4
// GC=Concurrent Workstation
// HardwareIntrinsics=AVX512 BITALG+VBMI2+VNNI+VPOPCNTDQ,AVX512 IFMA+VBMI,AVX512 F+BW+CD+DQ+VL,AVX2+BMI1+BMI2+F16C+FMA+LZCNT+MOVBE,AVX,SSE3+SSSE3+SSE4.1+SSE4.2+POPCNT,X86Base+SSE+SSE2,AES+PCLMUL,AvxVnni VectorSize=256
// Job: DefaultJob

OverheadJitting  1: 1 op, 142300.00 ns, 142.3000 us/op
WorkloadJitting  1: 1 op, 320700.00 ns, 320.7000 us/op

OverheadJitting  2: 16 op, 267100.00 ns, 16.6938 us/op
WorkloadJitting  2: 16 op, 2917200.00 ns, 182.3250 us/op

WorkloadPilot    1: 16 op, 2781400.00 ns, 173.8375 us/op
WorkloadPilot    2: 32 op, 5014800.00 ns, 156.7125 us/op
WorkloadPilot    3: 64 op, 10247500.00 ns, 160.1172 us/op
WorkloadPilot    4: 128 op, 19066700.00 ns, 148.9586 us/op
WorkloadPilot    5: 256 op, 36211700.00 ns, 141.4520 us/op
WorkloadPilot    6: 512 op, 62178500.00 ns, 121.4424 us/op
WorkloadPilot    7: 1024 op, 158278800.00 ns, 154.5691 us/op
WorkloadPilot    8: 2048 op, 179881600.00 ns, 87.8328 us/op
WorkloadPilot    9: 4096 op, 143842300.00 ns, 35.1177 us/op
WorkloadPilot   10: 8192 op, 223810600.00 ns, 27.3206 us/op
WorkloadPilot   11: 16384 op, 448064500.00 ns, 27.3477 us/op
WorkloadPilot   12: 32768 op, 894997500.00 ns, 27.3132 us/op

OverheadWarmup   1: 32768 op, 44300.00 ns, 1.3519 ns/op
OverheadWarmup   2: 32768 op, 42400.00 ns, 1.2939 ns/op
OverheadWarmup   3: 32768 op, 42700.00 ns, 1.3031 ns/op
OverheadWarmup   4: 32768 op, 41900.00 ns, 1.2787 ns/op
OverheadWarmup   5: 32768 op, 42600.00 ns, 1.3000 ns/op
OverheadWarmup   6: 32768 op, 42100.00 ns, 1.2848 ns/op

OverheadActual   1: 32768 op, 42800.00 ns, 1.3062 ns/op
OverheadActual   2: 32768 op, 42700.00 ns, 1.3031 ns/op
OverheadActual   3: 32768 op, 43800.00 ns, 1.3367 ns/op
OverheadActual   4: 32768 op, 42900.00 ns, 1.3092 ns/op
OverheadActual   5: 32768 op, 43500.00 ns, 1.3275 ns/op
OverheadActual   6: 32768 op, 42000.00 ns, 1.2817 ns/op
OverheadActual   7: 32768 op, 42800.00 ns, 1.3062 ns/op
OverheadActual   8: 32768 op, 41900.00 ns, 1.2787 ns/op
OverheadActual   9: 32768 op, 43100.00 ns, 1.3153 ns/op
OverheadActual  10: 32768 op, 42000.00 ns, 1.2817 ns/op
OverheadActual  11: 32768 op, 42900.00 ns, 1.3092 ns/op
OverheadActual  12: 32768 op, 42300.00 ns, 1.2909 ns/op
OverheadActual  13: 32768 op, 43000.00 ns, 1.3123 ns/op
OverheadActual  14: 32768 op, 42600.00 ns, 1.3000 ns/op
OverheadActual  15: 32768 op, 42800.00 ns, 1.3062 ns/op

WorkloadWarmup   1: 32768 op, 920265000.00 ns, 28.0843 us/op
WorkloadWarmup   2: 32768 op, 943725600.00 ns, 28.8002 us/op
WorkloadWarmup   3: 32768 op, 942159000.00 ns, 28.7524 us/op
WorkloadWarmup   4: 32768 op, 952301100.00 ns, 29.0619 us/op
WorkloadWarmup   5: 32768 op, 951229300.00 ns, 29.0292 us/op
WorkloadWarmup   6: 32768 op, 948309400.00 ns, 28.9401 us/op

// BeforeActualRun
WorkloadActual   1: 32768 op, 970496400.00 ns, 29.6172 us/op
WorkloadActual   2: 32768 op, 949703200.00 ns, 28.9826 us/op
WorkloadActual   3: 32768 op, 941643900.00 ns, 28.7367 us/op
WorkloadActual   4: 32768 op, 944004800.00 ns, 28.8087 us/op
WorkloadActual   5: 32768 op, 984695900.00 ns, 30.0505 us/op
WorkloadActual   6: 32768 op, 948201300.00 ns, 28.9368 us/op
WorkloadActual   7: 32768 op, 958083900.00 ns, 29.2384 us/op
WorkloadActual   8: 32768 op, 959122800.00 ns, 29.2701 us/op
WorkloadActual   9: 32768 op, 957959700.00 ns, 29.2346 us/op
WorkloadActual  10: 32768 op, 956243000.00 ns, 29.1822 us/op
WorkloadActual  11: 32768 op, 942046700.00 ns, 28.7490 us/op
WorkloadActual  12: 32768 op, 943773800.00 ns, 28.8017 us/op
WorkloadActual  13: 32768 op, 986717900.00 ns, 30.1122 us/op
WorkloadActual  14: 32768 op, 971909200.00 ns, 29.6603 us/op
WorkloadActual  15: 32768 op, 958885100.00 ns, 29.2629 us/op

// AfterActualRun
WorkloadResult   1: 32768 op, 970453600.00 ns, 29.6159 us/op
WorkloadResult   2: 32768 op, 949660400.00 ns, 28.9813 us/op
WorkloadResult   3: 32768 op, 941601100.00 ns, 28.7354 us/op
WorkloadResult   4: 32768 op, 943962000.00 ns, 28.8074 us/op
WorkloadResult   5: 32768 op, 984653100.00 ns, 30.0492 us/op
WorkloadResult   6: 32768 op, 948158500.00 ns, 28.9355 us/op
WorkloadResult   7: 32768 op, 958041100.00 ns, 29.2371 us/op
WorkloadResult   8: 32768 op, 959080000.00 ns, 29.2688 us/op
WorkloadResult   9: 32768 op, 957916900.00 ns, 29.2333 us/op
WorkloadResult  10: 32768 op, 956200200.00 ns, 29.1809 us/op
WorkloadResult  11: 32768 op, 942003900.00 ns, 28.7477 us/op
WorkloadResult  12: 32768 op, 943731000.00 ns, 28.8004 us/op
WorkloadResult  13: 32768 op, 986675100.00 ns, 30.1109 us/op
WorkloadResult  14: 32768 op, 971866400.00 ns, 29.6590 us/op
WorkloadResult  15: 32768 op, 958842300.00 ns, 29.2615 us/op
// GC:  129 25 0 6504054784 32768
// Threading:  0 0 32768

// AfterAll
// Benchmark Process 51492 has exited with code 0.

Mean = 29.242 us, StdErr = 0.115 us (0.39%), N = 15, StdDev = 0.445 us
Min = 28.735 us, Q1 = 28.871 us, Median = 29.233 us, Q3 = 29.442 us, Max = 30.111 us
IQR = 0.571 us, LowerFence = 28.015 us, UpperFence = 30.299 us
ConfidenceInterval = [28.766 us; 29.717 us] (CI 99.9%), Margin = 0.476 us (1.63% of Mean)
Skewness = 0.64, Kurtosis = 2.14, MValue = 2

// ** Remained 42 (70.0%) benchmark(s) to run. Estimated finish 2026-09-21 12:44 (0h 19m from now) **
Setup power plan (GUID: 8c5e7fda-e8bf-4a96-9a85-a6e23a8c635c FriendlyName: High performance)
// **************************
// Benchmark: FixAgainstQuickFix.'ours: parse + read': DefaultJob [From=Compiled, Reading=PartiesLarge]
// *** Execute ***
// Launch: 1 / 1
// Execute: dotnet qfcompare-DefaultJob-1.dll --anonymousPipes 2696 984 --benchmarkName "QfCompare.FixAgainstQuickFix.OursParse(From: Compiled, Reading: PartiesLarge)" --job Default --benchmarkId 18 in P:\dotgram.WorkTrees\fix-frozen\.work\qfcompare\bin\Release\net10.0\qfcompare-DefaultJob-1\bin\Release\net10.0
// BeforeAnythingElse

// Benchmark Process Environment Information:
// BenchmarkDotNet v0.15.8
// Runtime=.NET 10.0.12 (10.0.12, 10.0.1226.42308), X64 RyuJIT x86-64-v4
// GC=Concurrent Workstation
// HardwareIntrinsics=AVX512 BITALG+VBMI2+VNNI+VPOPCNTDQ,AVX512 IFMA+VBMI,AVX512 F+BW+CD+DQ+VL,AVX2+BMI1+BMI2+F16C+FMA+LZCNT+MOVBE,AVX,SSE3+SSSE3+SSE4.1+SSE4.2+POPCNT,X86Base+SSE+SSE2,AES+PCLMUL,AvxVnni VectorSize=256
// Job: DefaultJob

OverheadJitting  1: 1 op, 141000.00 ns, 141.0000 us/op
WorkloadJitting  1: 1 op, 1266400.00 ns, 1.2664 ms/op

OverheadJitting  2: 16 op, 243700.00 ns, 15.2313 us/op
WorkloadJitting  2: 16 op, 25571800.00 ns, 1.5982 ms/op

WorkloadPilot    1: 16 op, 14072300.00 ns, 879.5188 us/op
WorkloadPilot    2: 32 op, 27837200.00 ns, 869.9125 us/op
WorkloadPilot    3: 64 op, 53667300.00 ns, 838.5516 us/op
WorkloadPilot    4: 128 op, 134603300.00 ns, 1.0516 ms/op
WorkloadPilot    5: 256 op, 197998700.00 ns, 773.4324 us/op
WorkloadPilot    6: 512 op, 228068300.00 ns, 445.4459 us/op
WorkloadPilot    7: 1024 op, 493069400.00 ns, 481.5131 us/op
WorkloadPilot    8: 2048 op, 968297000.00 ns, 472.8013 us/op

OverheadWarmup   1: 2048 op, 4400.00 ns, 2.1484 ns/op
OverheadWarmup   2: 2048 op, 2800.00 ns, 1.3672 ns/op
OverheadWarmup   3: 2048 op, 3000.00 ns, 1.4648 ns/op
OverheadWarmup   4: 2048 op, 3000.00 ns, 1.4648 ns/op
OverheadWarmup   5: 2048 op, 2800.00 ns, 1.3672 ns/op
OverheadWarmup   6: 2048 op, 2800.00 ns, 1.3672 ns/op

OverheadActual   1: 2048 op, 3000.00 ns, 1.4648 ns/op
OverheadActual   2: 2048 op, 3000.00 ns, 1.4648 ns/op
OverheadActual   3: 2048 op, 2700.00 ns, 1.3184 ns/op
OverheadActual   4: 2048 op, 2800.00 ns, 1.3672 ns/op
OverheadActual   5: 2048 op, 3000.00 ns, 1.4648 ns/op
OverheadActual   6: 2048 op, 3000.00 ns, 1.4648 ns/op
OverheadActual   7: 2048 op, 3000.00 ns, 1.4648 ns/op
OverheadActual   8: 2048 op, 2800.00 ns, 1.3672 ns/op
OverheadActual   9: 2048 op, 2700.00 ns, 1.3184 ns/op
OverheadActual  10: 2048 op, 3000.00 ns, 1.4648 ns/op
OverheadActual  11: 2048 op, 2700.00 ns, 1.3184 ns/op
OverheadActual  12: 2048 op, 2700.00 ns, 1.3184 ns/op
OverheadActual  13: 2048 op, 2700.00 ns, 1.3184 ns/op
OverheadActual  14: 2048 op, 2700.00 ns, 1.3184 ns/op
OverheadActual  15: 2048 op, 2700.00 ns, 1.3184 ns/op
OverheadActual  16: 2048 op, 2700.00 ns, 1.3184 ns/op
OverheadActual  17: 2048 op, 2800.00 ns, 1.3672 ns/op

WorkloadWarmup   1: 2048 op, 967630200.00 ns, 472.4757 us/op
WorkloadWarmup   2: 2048 op, 956106700.00 ns, 466.8490 us/op
WorkloadWarmup   3: 2048 op, 975481100.00 ns, 476.3091 us/op
WorkloadWarmup   4: 2048 op, 954479900.00 ns, 466.0546 us/op
WorkloadWarmup   5: 2048 op, 961715500.00 ns, 469.5876 us/op
WorkloadWarmup   6: 2048 op, 978712700.00 ns, 477.8871 us/op
WorkloadWarmup   7: 2048 op, 976172300.00 ns, 476.6466 us/op

// BeforeActualRun
WorkloadActual   1: 2048 op, 960416400.00 ns, 468.9533 us/op
WorkloadActual   2: 2048 op, 958762400.00 ns, 468.1457 us/op
WorkloadActual   3: 2048 op, 976755800.00 ns, 476.9315 us/op
WorkloadActual   4: 2048 op, 958029700.00 ns, 467.7879 us/op
WorkloadActual   5: 2048 op, 976266500.00 ns, 476.6926 us/op
WorkloadActual   6: 2048 op, 971362400.00 ns, 474.2980 us/op
WorkloadActual   7: 2048 op, 973904000.00 ns, 475.5391 us/op
WorkloadActual   8: 2048 op, 957640100.00 ns, 467.5977 us/op
WorkloadActual   9: 2048 op, 973675500.00 ns, 475.4275 us/op
WorkloadActual  10: 2048 op, 970635800.00 ns, 473.9433 us/op
WorkloadActual  11: 2048 op, 974225800.00 ns, 475.6962 us/op
WorkloadActual  12: 2048 op, 974152300.00 ns, 475.6603 us/op
WorkloadActual  13: 2048 op, 975298600.00 ns, 476.2200 us/op
WorkloadActual  14: 2048 op, 979128600.00 ns, 478.0901 us/op
WorkloadActual  15: 2048 op, 975664300.00 ns, 476.3986 us/op

// AfterActualRun
WorkloadResult   1: 2048 op, 960413600.00 ns, 468.9520 us/op
WorkloadResult   2: 2048 op, 958759600.00 ns, 468.1443 us/op
WorkloadResult   3: 2048 op, 976753000.00 ns, 476.9302 us/op
WorkloadResult   4: 2048 op, 958026900.00 ns, 467.7866 us/op
WorkloadResult   5: 2048 op, 976263700.00 ns, 476.6913 us/op
WorkloadResult   6: 2048 op, 971359600.00 ns, 474.2967 us/op
WorkloadResult   7: 2048 op, 973901200.00 ns, 475.5377 us/op
WorkloadResult   8: 2048 op, 957637300.00 ns, 467.5963 us/op
WorkloadResult   9: 2048 op, 973672700.00 ns, 475.4261 us/op
WorkloadResult  10: 2048 op, 970633000.00 ns, 473.9419 us/op
WorkloadResult  11: 2048 op, 974223000.00 ns, 475.6948 us/op
WorkloadResult  12: 2048 op, 974149500.00 ns, 475.6589 us/op
WorkloadResult  13: 2048 op, 975295800.00 ns, 476.2187 us/op
WorkloadResult  14: 2048 op, 979125800.00 ns, 478.0888 us/op
WorkloadResult  15: 2048 op, 975661500.00 ns, 476.3972 us/op
// GC:  77 69 62 1025398992 2048
// Threading:  0 0 2048

// AfterAll
// Benchmark Process 44720 has exited with code 0.

Mean = 473.824 us, StdErr = 0.957 us (0.20%), N = 15, StdDev = 3.706 us
Min = 467.596 us, Q1 = 471.447 us, Median = 475.538 us, Q3 = 476.308 us, Max = 478.089 us
IQR = 4.861 us, LowerFence = 464.155 us, UpperFence = 483.599 us
ConfidenceInterval = [469.862 us; 477.786 us] (CI 99.9%), Margin = 3.962 us (0.84% of Mean)
Skewness = -0.76, Kurtosis = 1.78, MValue = 2

// ** Remained 41 (68.3%) benchmark(s) to run. Estimated finish 2026-09-21 12:44 (0h 19m from now) **
Setup power plan (GUID: 8c5e7fda-e8bf-4a96-9a85-a6e23a8c635c FriendlyName: High performance)
// **************************
// Benchmark: FixAgainstQuickFix.'QuickFIX/n: parse + read': DefaultJob [From=Compiled, Reading=PartiesLarge]
// *** Execute ***
// Launch: 1 / 1
// Execute: dotnet qfcompare-DefaultJob-1.dll --anonymousPipes 2768 2704 --benchmarkName "QfCompare.FixAgainstQuickFix.TheirsParse(From: Compiled, Reading: PartiesLarge)" --job Default --benchmarkId 19 in P:\dotgram.WorkTrees\fix-frozen\.work\qfcompare\bin\Release\net10.0\qfcompare-DefaultJob-1\bin\Release\net10.0
// BeforeAnythingElse

// Benchmark Process Environment Information:
// BenchmarkDotNet v0.15.8
// Runtime=.NET 10.0.12 (10.0.12, 10.0.1226.42308), X64 RyuJIT x86-64-v4
// GC=Concurrent Workstation
// HardwareIntrinsics=AVX512 BITALG+VBMI2+VNNI+VPOPCNTDQ,AVX512 IFMA+VBMI,AVX512 F+BW+CD+DQ+VL,AVX2+BMI1+BMI2+F16C+FMA+LZCNT+MOVBE,AVX,SSE3+SSSE3+SSE4.1+SSE4.2+POPCNT,X86Base+SSE+SSE2,AES+PCLMUL,AvxVnni VectorSize=256
// Job: DefaultJob

OverheadJitting  1: 1 op, 138000.00 ns, 138.0000 us/op
WorkloadJitting  1: 1 op, 1434000.00 ns, 1.4340 ms/op

OverheadJitting  2: 16 op, 230700.00 ns, 14.4188 us/op
WorkloadJitting  2: 16 op, 29820800.00 ns, 1.8638 ms/op

WorkloadPilot    1: 16 op, 17901100.00 ns, 1.1188 ms/op
WorkloadPilot    2: 32 op, 36611900.00 ns, 1.1441 ms/op
WorkloadPilot    3: 64 op, 63412400.00 ns, 990.8188 us/op
WorkloadPilot    4: 128 op, 155957700.00 ns, 1.2184 ms/op
WorkloadPilot    5: 256 op, 186332800.00 ns, 727.8625 us/op
WorkloadPilot    6: 512 op, 140476600.00 ns, 274.3684 us/op
WorkloadPilot    7: 1024 op, 282051400.00 ns, 275.4408 us/op
WorkloadPilot    8: 2048 op, 567079500.00 ns, 276.8943 us/op

OverheadWarmup   1: 2048 op, 4500.00 ns, 2.1973 ns/op
OverheadWarmup   2: 2048 op, 3500.00 ns, 1.7090 ns/op
OverheadWarmup   3: 2048 op, 2700.00 ns, 1.3184 ns/op
OverheadWarmup   4: 2048 op, 2700.00 ns, 1.3184 ns/op
OverheadWarmup   5: 2048 op, 2700.00 ns, 1.3184 ns/op
OverheadWarmup   6: 2048 op, 2700.00 ns, 1.3184 ns/op
OverheadWarmup   7: 2048 op, 2800.00 ns, 1.3672 ns/op

OverheadActual   1: 2048 op, 3000.00 ns, 1.4648 ns/op
OverheadActual   2: 2048 op, 3100.00 ns, 1.5137 ns/op
OverheadActual   3: 2048 op, 2800.00 ns, 1.3672 ns/op
OverheadActual   4: 2048 op, 3100.00 ns, 1.5137 ns/op
OverheadActual   5: 2048 op, 3100.00 ns, 1.5137 ns/op
OverheadActual   6: 2048 op, 2800.00 ns, 1.3672 ns/op
OverheadActual   7: 2048 op, 2700.00 ns, 1.3184 ns/op
OverheadActual   8: 2048 op, 3100.00 ns, 1.5137 ns/op
OverheadActual   9: 2048 op, 2700.00 ns, 1.3184 ns/op
OverheadActual  10: 2048 op, 2700.00 ns, 1.3184 ns/op
OverheadActual  11: 2048 op, 3100.00 ns, 1.5137 ns/op
OverheadActual  12: 2048 op, 3100.00 ns, 1.5137 ns/op
OverheadActual  13: 2048 op, 2800.00 ns, 1.3672 ns/op
OverheadActual  14: 2048 op, 2800.00 ns, 1.3672 ns/op
OverheadActual  15: 2048 op, 3000.00 ns, 1.4648 ns/op
OverheadActual  16: 2048 op, 2800.00 ns, 1.3672 ns/op
OverheadActual  17: 2048 op, 2800.00 ns, 1.3672 ns/op
OverheadActual  18: 2048 op, 3100.00 ns, 1.5137 ns/op
OverheadActual  19: 2048 op, 3100.00 ns, 1.5137 ns/op
OverheadActual  20: 2048 op, 2800.00 ns, 1.3672 ns/op

WorkloadWarmup   1: 2048 op, 576254700.00 ns, 281.3744 us/op
WorkloadWarmup   2: 2048 op, 582040400.00 ns, 284.1994 us/op
WorkloadWarmup   3: 2048 op, 595760600.00 ns, 290.8987 us/op
WorkloadWarmup   4: 2048 op, 598001700.00 ns, 291.9930 us/op
WorkloadWarmup   5: 2048 op, 597151000.00 ns, 291.5776 us/op
WorkloadWarmup   6: 2048 op, 624739200.00 ns, 305.0484 us/op
WorkloadWarmup   7: 2048 op, 628157200.00 ns, 306.7174 us/op
WorkloadWarmup   8: 2048 op, 631192700.00 ns, 308.1996 us/op
WorkloadWarmup   9: 2048 op, 602715100.00 ns, 294.2945 us/op

// BeforeActualRun
WorkloadActual   1: 2048 op, 609710800.00 ns, 297.7104 us/op
WorkloadActual   2: 2048 op, 620692400.00 ns, 303.0725 us/op
WorkloadActual   3: 2048 op, 596311100.00 ns, 291.1675 us/op
WorkloadActual   4: 2048 op, 597254300.00 ns, 291.6281 us/op
WorkloadActual   5: 2048 op, 628486100.00 ns, 306.8780 us/op
WorkloadActual   6: 2048 op, 626264600.00 ns, 305.7933 us/op
WorkloadActual   7: 2048 op, 629239900.00 ns, 307.2460 us/op
WorkloadActual   8: 2048 op, 605493300.00 ns, 295.6510 us/op
WorkloadActual   9: 2048 op, 631291000.00 ns, 308.2476 us/op
WorkloadActual  10: 2048 op, 607040100.00 ns, 296.4063 us/op
WorkloadActual  11: 2048 op, 611122400.00 ns, 298.3996 us/op
WorkloadActual  12: 2048 op, 605322900.00 ns, 295.5678 us/op
WorkloadActual  13: 2048 op, 600493600.00 ns, 293.2098 us/op
WorkloadActual  14: 2048 op, 596667800.00 ns, 291.3417 us/op
WorkloadActual  15: 2048 op, 621634200.00 ns, 303.5323 us/op
WorkloadActual  16: 2048 op, 609713200.00 ns, 297.7115 us/op
WorkloadActual  17: 2048 op, 592341200.00 ns, 289.2291 us/op
WorkloadActual  18: 2048 op, 598779900.00 ns, 292.3730 us/op

// AfterActualRun
WorkloadResult   1: 2048 op, 609707900.00 ns, 297.7089 us/op
WorkloadResult   2: 2048 op, 620689500.00 ns, 303.0710 us/op
WorkloadResult   3: 2048 op, 596308200.00 ns, 291.1661 us/op
WorkloadResult   4: 2048 op, 597251400.00 ns, 291.6267 us/op
WorkloadResult   5: 2048 op, 628483200.00 ns, 306.8766 us/op
WorkloadResult   6: 2048 op, 626261700.00 ns, 305.7918 us/op
WorkloadResult   7: 2048 op, 629237000.00 ns, 307.2446 us/op
WorkloadResult   8: 2048 op, 605490400.00 ns, 295.6496 us/op
WorkloadResult   9: 2048 op, 631288100.00 ns, 308.2461 us/op
WorkloadResult  10: 2048 op, 607037200.00 ns, 296.4049 us/op
WorkloadResult  11: 2048 op, 611119500.00 ns, 298.3982 us/op
WorkloadResult  12: 2048 op, 605320000.00 ns, 295.5664 us/op
WorkloadResult  13: 2048 op, 600490700.00 ns, 293.2083 us/op
WorkloadResult  14: 2048 op, 596664900.00 ns, 291.3403 us/op
WorkloadResult  15: 2048 op, 621631300.00 ns, 303.5309 us/op
WorkloadResult  16: 2048 op, 609710300.00 ns, 297.7101 us/op
WorkloadResult  17: 2048 op, 592338300.00 ns, 289.2277 us/op
WorkloadResult  18: 2048 op, 598777000.00 ns, 292.3716 us/op
// GC:  78 34 0 3960209440 2048
// Threading:  0 0 2048

// AfterAll
// Benchmark Process 49948 has exited with code 0.

Mean = 298.063 us, StdErr = 1.473 us (0.49%), N = 18, StdDev = 6.249 us
Min = 289.228 us, Q1 = 292.581 us, Median = 297.057 us, Q3 = 303.416 us, Max = 308.246 us
IQR = 10.835 us, LowerFence = 276.328 us, UpperFence = 319.669 us
ConfidenceInterval = [292.223 us; 303.903 us] (CI 99.9%), Margin = 5.840 us (1.96% of Mean)
Skewness = 0.31, Kurtosis = 1.56, MValue = 2

// ** Remained 40 (66.7%) benchmark(s) to run. Estimated finish 2026-09-21 12:43 (0h 18m from now) **
Setup power plan (GUID: 8c5e7fda-e8bf-4a96-9a85-a6e23a8c635c FriendlyName: High performance)
// **************************
// Benchmark: FixAgainstQuickFix.'ours: parse + validate + read': DefaultJob [From=Compiled, Reading=PartiesLarge]
// *** Execute ***
// Launch: 1 / 1
// Execute: dotnet qfcompare-DefaultJob-1.dll --anonymousPipes 2776 984 --benchmarkName "QfCompare.FixAgainstQuickFix.OursParseAndValidate(From: Compiled, Reading: PartiesLarge)" --job Default --benchmarkId 20 in P:\dotgram.WorkTrees\fix-frozen\.work\qfcompare\bin\Release\net10.0\qfcompare-DefaultJob-1\bin\Release\net10.0
// BeforeAnythingElse

// Benchmark Process Environment Information:
// BenchmarkDotNet v0.15.8
// Runtime=.NET 10.0.12 (10.0.12, 10.0.1226.42308), X64 RyuJIT x86-64-v4
// GC=Concurrent Workstation
// HardwareIntrinsics=AVX512 BITALG+VBMI2+VNNI+VPOPCNTDQ,AVX512 IFMA+VBMI,AVX512 F+BW+CD+DQ+VL,AVX2+BMI1+BMI2+F16C+FMA+LZCNT+MOVBE,AVX,SSE3+SSSE3+SSE4.1+SSE4.2+POPCNT,X86Base+SSE+SSE2,AES+PCLMUL,AvxVnni VectorSize=256
// Job: DefaultJob

OverheadJitting  1: 1 op, 140600.00 ns, 140.6000 us/op
WorkloadJitting  1: 1 op, 1691800.00 ns, 1.6918 ms/op

OverheadJitting  2: 16 op, 238600.00 ns, 14.9125 us/op
WorkloadJitting  2: 16 op, 37084300.00 ns, 2.3178 ms/op

WorkloadPilot    1: 16 op, 20948100.00 ns, 1.3093 ms/op
WorkloadPilot    2: 32 op, 40387700.00 ns, 1.2621 ms/op
WorkloadPilot    3: 64 op, 78672900.00 ns, 1.2293 ms/op
WorkloadPilot    4: 128 op, 170015700.00 ns, 1.3282 ms/op
WorkloadPilot    5: 256 op, 323944900.00 ns, 1.2654 ms/op
WorkloadPilot    6: 512 op, 247468900.00 ns, 483.3377 us/op
WorkloadPilot    7: 1024 op, 487044000.00 ns, 475.6289 us/op
WorkloadPilot    8: 2048 op, 961416100.00 ns, 469.4415 us/op

OverheadWarmup   1: 2048 op, 4500.00 ns, 2.1973 ns/op
OverheadWarmup   2: 2048 op, 3000.00 ns, 1.4648 ns/op
OverheadWarmup   3: 2048 op, 3100.00 ns, 1.5137 ns/op
OverheadWarmup   4: 2048 op, 2800.00 ns, 1.3672 ns/op
OverheadWarmup   5: 2048 op, 2700.00 ns, 1.3184 ns/op
OverheadWarmup   6: 2048 op, 2700.00 ns, 1.3184 ns/op
OverheadWarmup   7: 2048 op, 2700.00 ns, 1.3184 ns/op

OverheadActual   1: 2048 op, 2800.00 ns, 1.3672 ns/op
OverheadActual   2: 2048 op, 3100.00 ns, 1.5137 ns/op
OverheadActual   3: 2048 op, 2700.00 ns, 1.3184 ns/op
OverheadActual   4: 2048 op, 2700.00 ns, 1.3184 ns/op
OverheadActual   5: 2048 op, 3100.00 ns, 1.5137 ns/op
OverheadActual   6: 2048 op, 3000.00 ns, 1.4648 ns/op
OverheadActual   7: 2048 op, 2700.00 ns, 1.3184 ns/op
OverheadActual   8: 2048 op, 2800.00 ns, 1.3672 ns/op
OverheadActual   9: 2048 op, 2700.00 ns, 1.3184 ns/op
OverheadActual  10: 2048 op, 2700.00 ns, 1.3184 ns/op
OverheadActual  11: 2048 op, 2800.00 ns, 1.3672 ns/op
OverheadActual  12: 2048 op, 2800.00 ns, 1.3672 ns/op
OverheadActual  13: 2048 op, 2800.00 ns, 1.3672 ns/op
OverheadActual  14: 2048 op, 2700.00 ns, 1.3184 ns/op
OverheadActual  15: 2048 op, 2700.00 ns, 1.3184 ns/op

WorkloadWarmup   1: 2048 op, 887240100.00 ns, 433.2227 us/op
WorkloadWarmup   2: 2048 op, 891386500.00 ns, 435.2473 us/op
WorkloadWarmup   3: 2048 op, 948304000.00 ns, 463.0391 us/op
WorkloadWarmup   4: 2048 op, 905874200.00 ns, 442.3214 us/op
WorkloadWarmup   5: 2048 op, 904153800.00 ns, 441.4813 us/op
WorkloadWarmup   6: 2048 op, 850753900.00 ns, 415.4072 us/op
WorkloadWarmup   7: 2048 op, 949193400.00 ns, 463.4733 us/op
WorkloadWarmup   8: 2048 op, 833592000.00 ns, 407.0273 us/op

// BeforeActualRun
WorkloadActual   1: 2048 op, 885654600.00 ns, 432.4485 us/op
WorkloadActual   2: 2048 op, 804218600.00 ns, 392.6849 us/op
WorkloadActual   3: 2048 op, 872391300.00 ns, 425.9723 us/op
WorkloadActual   4: 2048 op, 884574500.00 ns, 431.9211 us/op
WorkloadActual   5: 2048 op, 806117100.00 ns, 393.6119 us/op
WorkloadActual   6: 2048 op, 900089400.00 ns, 439.4968 us/op
WorkloadActual   7: 2048 op, 882119700.00 ns, 430.7225 us/op
WorkloadActual   8: 2048 op, 894914300.00 ns, 436.9699 us/op
WorkloadActual   9: 2048 op, 868517500.00 ns, 424.0808 us/op
WorkloadActual  10: 2048 op, 848799700.00 ns, 414.4530 us/op
WorkloadActual  11: 2048 op, 893755700.00 ns, 436.4042 us/op
WorkloadActual  12: 2048 op, 886783500.00 ns, 432.9998 us/op
WorkloadActual  13: 2048 op, 932701400.00 ns, 455.4206 us/op
WorkloadActual  14: 2048 op, 898526800.00 ns, 438.7338 us/op
WorkloadActual  15: 2048 op, 947717100.00 ns, 462.7525 us/op
WorkloadActual  16: 2048 op, 897913600.00 ns, 438.4344 us/op
WorkloadActual  17: 2048 op, 931656700.00 ns, 454.9105 us/op
WorkloadActual  18: 2048 op, 857549700.00 ns, 418.7254 us/op
WorkloadActual  19: 2048 op, 792721800.00 ns, 387.0712 us/op
WorkloadActual  20: 2048 op, 811217100.00 ns, 396.1021 us/op
WorkloadActual  21: 2048 op, 888294500.00 ns, 433.7375 us/op
WorkloadActual  22: 2048 op, 909499300.00 ns, 444.0915 us/op
WorkloadActual  23: 2048 op, 912646300.00 ns, 445.6281 us/op
WorkloadActual  24: 2048 op, 847427900.00 ns, 413.7832 us/op
WorkloadActual  25: 2048 op, 886601700.00 ns, 432.9110 us/op
WorkloadActual  26: 2048 op, 870262100.00 ns, 424.9327 us/op
WorkloadActual  27: 2048 op, 845822100.00 ns, 412.9991 us/op
WorkloadActual  28: 2048 op, 840455100.00 ns, 410.3785 us/op
WorkloadActual  29: 2048 op, 887439900.00 ns, 433.3203 us/op
WorkloadActual  30: 2048 op, 856292200.00 ns, 418.1114 us/op
WorkloadActual  31: 2048 op, 933539000.00 ns, 455.8296 us/op
WorkloadActual  32: 2048 op, 850310600.00 ns, 415.1907 us/op
WorkloadActual  33: 2048 op, 859916300.00 ns, 419.8810 us/op
WorkloadActual  34: 2048 op, 900558300.00 ns, 439.7257 us/op
WorkloadActual  35: 2048 op, 849192900.00 ns, 414.6450 us/op
WorkloadActual  36: 2048 op, 860727800.00 ns, 420.2772 us/op
WorkloadActual  37: 2048 op, 885450000.00 ns, 432.3486 us/op
WorkloadActual  38: 2048 op, 828880400.00 ns, 404.7268 us/op
WorkloadActual  39: 2048 op, 852023700.00 ns, 416.0272 us/op
WorkloadActual  40: 2048 op, 841601800.00 ns, 410.9384 us/op
WorkloadActual  41: 2048 op, 881007000.00 ns, 430.1792 us/op
WorkloadActual  42: 2048 op, 833448600.00 ns, 406.9573 us/op
WorkloadActual  43: 2048 op, 897661600.00 ns, 438.3113 us/op
WorkloadActual  44: 2048 op, 887281500.00 ns, 433.2429 us/op
WorkloadActual  45: 2048 op, 864940800.00 ns, 422.3344 us/op
WorkloadActual  46: 2048 op, 896679600.00 ns, 437.8318 us/op
WorkloadActual  47: 2048 op, 893254800.00 ns, 436.1596 us/op
WorkloadActual  48: 2048 op, 835675500.00 ns, 408.0447 us/op
WorkloadActual  49: 2048 op, 915091900.00 ns, 446.8222 us/op
WorkloadActual  50: 2048 op, 883881500.00 ns, 431.5828 us/op

// AfterActualRun
WorkloadResult   1: 2048 op, 885651800.00 ns, 432.4472 us/op
WorkloadResult   2: 2048 op, 804215800.00 ns, 392.6835 us/op
WorkloadResult   3: 2048 op, 872388500.00 ns, 425.9709 us/op
WorkloadResult   4: 2048 op, 884571700.00 ns, 431.9198 us/op
WorkloadResult   5: 2048 op, 806114300.00 ns, 393.6105 us/op
WorkloadResult   6: 2048 op, 900086600.00 ns, 439.4954 us/op
WorkloadResult   7: 2048 op, 882116900.00 ns, 430.7211 us/op
WorkloadResult   8: 2048 op, 894911500.00 ns, 436.9685 us/op
WorkloadResult   9: 2048 op, 868514700.00 ns, 424.0794 us/op
WorkloadResult  10: 2048 op, 848796900.00 ns, 414.4516 us/op
WorkloadResult  11: 2048 op, 893752900.00 ns, 436.4028 us/op
WorkloadResult  12: 2048 op, 886780700.00 ns, 432.9984 us/op
WorkloadResult  13: 2048 op, 932698600.00 ns, 455.4192 us/op
WorkloadResult  14: 2048 op, 898524000.00 ns, 438.7324 us/op
WorkloadResult  15: 2048 op, 947714300.00 ns, 462.7511 us/op
WorkloadResult  16: 2048 op, 897910800.00 ns, 438.4330 us/op
WorkloadResult  17: 2048 op, 931653900.00 ns, 454.9091 us/op
WorkloadResult  18: 2048 op, 857546900.00 ns, 418.7241 us/op
WorkloadResult  19: 2048 op, 792719000.00 ns, 387.0698 us/op
WorkloadResult  20: 2048 op, 811214300.00 ns, 396.1007 us/op
WorkloadResult  21: 2048 op, 888291700.00 ns, 433.7362 us/op
WorkloadResult  22: 2048 op, 909496500.00 ns, 444.0901 us/op
WorkloadResult  23: 2048 op, 912643500.00 ns, 445.6267 us/op
WorkloadResult  24: 2048 op, 847425100.00 ns, 413.7818 us/op
WorkloadResult  25: 2048 op, 886598900.00 ns, 432.9096 us/op
WorkloadResult  26: 2048 op, 870259300.00 ns, 424.9313 us/op
WorkloadResult  27: 2048 op, 845819300.00 ns, 412.9977 us/op
WorkloadResult  28: 2048 op, 840452300.00 ns, 410.3771 us/op
WorkloadResult  29: 2048 op, 887437100.00 ns, 433.3189 us/op
WorkloadResult  30: 2048 op, 856289400.00 ns, 418.1101 us/op
WorkloadResult  31: 2048 op, 933536200.00 ns, 455.8282 us/op
WorkloadResult  32: 2048 op, 850307800.00 ns, 415.1894 us/op
WorkloadResult  33: 2048 op, 859913500.00 ns, 419.8796 us/op
WorkloadResult  34: 2048 op, 900555500.00 ns, 439.7244 us/op
WorkloadResult  35: 2048 op, 849190100.00 ns, 414.6436 us/op
WorkloadResult  36: 2048 op, 860725000.00 ns, 420.2759 us/op
WorkloadResult  37: 2048 op, 885447200.00 ns, 432.3473 us/op
WorkloadResult  38: 2048 op, 828877600.00 ns, 404.7254 us/op
WorkloadResult  39: 2048 op, 852020900.00 ns, 416.0258 us/op
WorkloadResult  40: 2048 op, 841599000.00 ns, 410.9370 us/op
WorkloadResult  41: 2048 op, 881004200.00 ns, 430.1778 us/op
WorkloadResult  42: 2048 op, 833445800.00 ns, 406.9560 us/op
WorkloadResult  43: 2048 op, 897658800.00 ns, 438.3100 us/op
WorkloadResult  44: 2048 op, 887278700.00 ns, 433.2416 us/op
WorkloadResult  45: 2048 op, 864938000.00 ns, 422.3330 us/op
WorkloadResult  46: 2048 op, 896676800.00 ns, 437.8305 us/op
WorkloadResult  47: 2048 op, 893252000.00 ns, 436.1582 us/op
WorkloadResult  48: 2048 op, 835672700.00 ns, 408.0433 us/op
WorkloadResult  49: 2048 op, 915089100.00 ns, 446.8208 us/op
WorkloadResult  50: 2048 op, 883878700.00 ns, 431.5814 us/op
// GC:  77 71 62 1025788240 2048
// Threading:  0 0 2048

// AfterAll
// Benchmark Process 45836 has exited with code 0.

Mean = 426.696 us, StdErr = 2.391 us (0.56%), N = 50, StdDev = 16.904 us
Min = 387.070 us, Q1 = 414.780 us, Median = 431.151 us, Q3 = 437.615 us, Max = 462.751 us
IQR = 22.835 us, LowerFence = 380.528 us, UpperFence = 471.867 us
ConfidenceInterval = [418.328 us; 435.064 us] (CI 99.9%), Margin = 8.368 us (1.96% of Mean)
Skewness = -0.24, Kurtosis = 2.68, MValue = 2

// ** Remained 39 (65.0%) benchmark(s) to run. Estimated finish 2026-09-21 12:44 (0h 18m from now) **
Setup power plan (GUID: 8c5e7fda-e8bf-4a96-9a85-a6e23a8c635c FriendlyName: High performance)
// **************************
// Benchmark: FixAgainstQuickFix.'QuickFIX/n: parse + validate + read': DefaultJob [From=Compiled, Reading=PartiesLarge]
// *** Execute ***
// Launch: 1 / 1
// Execute: dotnet qfcompare-DefaultJob-1.dll --anonymousPipes 984 2768 --benchmarkName "QfCompare.FixAgainstQuickFix.TheirsParseAndValidate(From: Compiled, Reading: PartiesLarge)" --job Default --benchmarkId 21 in P:\dotgram.WorkTrees\fix-frozen\.work\qfcompare\bin\Release\net10.0\qfcompare-DefaultJob-1\bin\Release\net10.0
// BeforeAnythingElse

// Benchmark Process Environment Information:
// BenchmarkDotNet v0.15.8
// Runtime=.NET 10.0.12 (10.0.12, 10.0.1226.42308), X64 RyuJIT x86-64-v4
// GC=Concurrent Workstation
// HardwareIntrinsics=AVX512 BITALG+VBMI2+VNNI+VPOPCNTDQ,AVX512 IFMA+VBMI,AVX512 F+BW+CD+DQ+VL,AVX2+BMI1+BMI2+F16C+FMA+LZCNT+MOVBE,AVX,SSE3+SSSE3+SSE4.1+SSE4.2+POPCNT,X86Base+SSE+SSE2,AES+PCLMUL,AvxVnni VectorSize=256
// Job: DefaultJob

OverheadJitting  1: 1 op, 142900.00 ns, 142.9000 us/op
WorkloadJitting  1: 1 op, 12940100.00 ns, 12.9401 ms/op

OverheadJitting  2: 16 op, 237300.00 ns, 14.8313 us/op
WorkloadJitting  2: 16 op, 61270000.00 ns, 3.8294 ms/op

WorkloadPilot    1: 16 op, 41843100.00 ns, 2.6152 ms/op
WorkloadPilot    2: 32 op, 80477600.00 ns, 2.5149 ms/op
WorkloadPilot    3: 64 op, 171400200.00 ns, 2.6781 ms/op
WorkloadPilot    4: 128 op, 274339500.00 ns, 2.1433 ms/op
WorkloadPilot    5: 256 op, 136779900.00 ns, 534.2965 us/op
WorkloadPilot    6: 512 op, 267365500.00 ns, 522.1982 us/op
WorkloadPilot    7: 1024 op, 535148700.00 ns, 522.6062 us/op

OverheadWarmup   1: 1024 op, 3300.00 ns, 3.2227 ns/op
OverheadWarmup   2: 1024 op, 1700.00 ns, 1.6602 ns/op
OverheadWarmup   3: 1024 op, 1600.00 ns, 1.5625 ns/op
OverheadWarmup   4: 1024 op, 1500.00 ns, 1.4648 ns/op
OverheadWarmup   5: 1024 op, 1800.00 ns, 1.7578 ns/op
OverheadWarmup   6: 1024 op, 1700.00 ns, 1.6602 ns/op
OverheadWarmup   7: 1024 op, 1500.00 ns, 1.4648 ns/op
OverheadWarmup   8: 1024 op, 1700.00 ns, 1.6602 ns/op
OverheadWarmup   9: 1024 op, 1700.00 ns, 1.6602 ns/op

OverheadActual   1: 1024 op, 1700.00 ns, 1.6602 ns/op
OverheadActual   2: 1024 op, 1700.00 ns, 1.6602 ns/op
OverheadActual   3: 1024 op, 1500.00 ns, 1.4648 ns/op
OverheadActual   4: 1024 op, 1600.00 ns, 1.5625 ns/op
OverheadActual   5: 1024 op, 1700.00 ns, 1.6602 ns/op
OverheadActual   6: 1024 op, 1700.00 ns, 1.6602 ns/op
OverheadActual   7: 1024 op, 1700.00 ns, 1.6602 ns/op
OverheadActual   8: 1024 op, 1400.00 ns, 1.3672 ns/op
OverheadActual   9: 1024 op, 1500.00 ns, 1.4648 ns/op
OverheadActual  10: 1024 op, 1700.00 ns, 1.6602 ns/op
OverheadActual  11: 1024 op, 1500.00 ns, 1.4648 ns/op
OverheadActual  12: 1024 op, 1400.00 ns, 1.3672 ns/op
OverheadActual  13: 1024 op, 1700.00 ns, 1.6602 ns/op
OverheadActual  14: 1024 op, 1700.00 ns, 1.6602 ns/op
OverheadActual  15: 1024 op, 1400.00 ns, 1.3672 ns/op
OverheadActual  16: 1024 op, 1500.00 ns, 1.4648 ns/op
OverheadActual  17: 1024 op, 1400.00 ns, 1.3672 ns/op
OverheadActual  18: 1024 op, 1700.00 ns, 1.6602 ns/op
OverheadActual  19: 1024 op, 1800.00 ns, 1.7578 ns/op
OverheadActual  20: 1024 op, 1700.00 ns, 1.6602 ns/op

WorkloadWarmup   1: 1024 op, 545440800.00 ns, 532.6570 us/op
WorkloadWarmup   2: 1024 op, 543145300.00 ns, 530.4153 us/op
WorkloadWarmup   3: 1024 op, 527894700.00 ns, 515.5222 us/op
WorkloadWarmup   4: 1024 op, 546411600.00 ns, 533.6051 us/op
WorkloadWarmup   5: 1024 op, 543013600.00 ns, 530.2867 us/op
WorkloadWarmup   6: 1024 op, 551921500.00 ns, 538.9858 us/op
WorkloadWarmup   7: 1024 op, 564987700.00 ns, 551.7458 us/op
WorkloadWarmup   8: 1024 op, 540861500.00 ns, 528.1851 us/op

// BeforeActualRun
WorkloadActual   1: 1024 op, 559288300.00 ns, 546.1800 us/op
WorkloadActual   2: 1024 op, 569719500.00 ns, 556.3667 us/op
WorkloadActual   3: 1024 op, 553745100.00 ns, 540.7667 us/op
WorkloadActual   4: 1024 op, 552442000.00 ns, 539.4941 us/op
WorkloadActual   5: 1024 op, 556057000.00 ns, 543.0244 us/op
WorkloadActual   6: 1024 op, 582080100.00 ns, 568.4376 us/op
WorkloadActual   7: 1024 op, 554302200.00 ns, 541.3107 us/op
WorkloadActual   8: 1024 op, 564326200.00 ns, 551.0998 us/op
WorkloadActual   9: 1024 op, 553176200.00 ns, 540.2111 us/op
WorkloadActual  10: 1024 op, 547757200.00 ns, 534.9191 us/op
WorkloadActual  11: 1024 op, 543240900.00 ns, 530.5087 us/op
WorkloadActual  12: 1024 op, 551382900.00 ns, 538.4599 us/op
WorkloadActual  13: 1024 op, 562643200.00 ns, 549.4563 us/op
WorkloadActual  14: 1024 op, 554754700.00 ns, 541.7526 us/op
WorkloadActual  15: 1024 op, 535178800.00 ns, 522.6355 us/op

// AfterActualRun
WorkloadResult   1: 1024 op, 559286600.00 ns, 546.1783 us/op
WorkloadResult   2: 1024 op, 569717800.00 ns, 556.3650 us/op
WorkloadResult   3: 1024 op, 553743400.00 ns, 540.7650 us/op
WorkloadResult   4: 1024 op, 552440300.00 ns, 539.4925 us/op
WorkloadResult   5: 1024 op, 556055300.00 ns, 543.0228 us/op
WorkloadResult   6: 1024 op, 554300500.00 ns, 541.3091 us/op
WorkloadResult   7: 1024 op, 564324500.00 ns, 551.0981 us/op
WorkloadResult   8: 1024 op, 553174500.00 ns, 540.2095 us/op
WorkloadResult   9: 1024 op, 547755500.00 ns, 534.9175 us/op
WorkloadResult  10: 1024 op, 543239200.00 ns, 530.5070 us/op
WorkloadResult  11: 1024 op, 551381200.00 ns, 538.4582 us/op
WorkloadResult  12: 1024 op, 562641500.00 ns, 549.4546 us/op
WorkloadResult  13: 1024 op, 554753000.00 ns, 541.7510 us/op
WorkloadResult  14: 1024 op, 535177100.00 ns, 522.6339 us/op
// GC:  49 18 0 2490261504 1024
// Threading:  0 0 1024

// AfterAll
// Benchmark Process 27884 has exited with code 0.

Mean = 541.154 us, StdErr = 2.266 us (0.42%), N = 14, StdDev = 8.479 us
Min = 522.634 us, Q1 = 538.717 us, Median = 541.037 us, Q3 = 545.389 us, Max = 556.365 us
IQR = 6.673 us, LowerFence = 528.708 us, UpperFence = 555.398 us
ConfidenceInterval = [531.590 us; 550.719 us] (CI 99.9%), Margin = 9.565 us (1.77% of Mean)
Skewness = -0.31, Kurtosis = 2.77, MValue = 2

// ** Remained 38 (63.3%) benchmark(s) to run. Estimated finish 2026-09-21 12:44 (0h 17m from now) **
Setup power plan (GUID: 8c5e7fda-e8bf-4a96-9a85-a6e23a8c635c FriendlyName: High performance)
// **************************
// Benchmark: FixAgainstQuickFix.'A/A ours: parse + read': DefaultJob [From=Compiled, Reading=PartiesLarge]
// *** Execute ***
// Launch: 1 / 1
// Execute: dotnet qfcompare-DefaultJob-1.dll --anonymousPipes 984 2768 --benchmarkName "QfCompare.FixAgainstQuickFix.OursParseAgain(From: Compiled, Reading: PartiesLarge)" --job Default --benchmarkId 22 in P:\dotgram.WorkTrees\fix-frozen\.work\qfcompare\bin\Release\net10.0\qfcompare-DefaultJob-1\bin\Release\net10.0
// BeforeAnythingElse

// Benchmark Process Environment Information:
// BenchmarkDotNet v0.15.8
// Runtime=.NET 10.0.12 (10.0.12, 10.0.1226.42308), X64 RyuJIT x86-64-v4
// GC=Concurrent Workstation
// HardwareIntrinsics=AVX512 BITALG+VBMI2+VNNI+VPOPCNTDQ,AVX512 IFMA+VBMI,AVX512 F+BW+CD+DQ+VL,AVX2+BMI1+BMI2+F16C+FMA+LZCNT+MOVBE,AVX,SSE3+SSSE3+SSE4.1+SSE4.2+POPCNT,X86Base+SSE+SSE2,AES+PCLMUL,AvxVnni VectorSize=256
// Job: DefaultJob

OverheadJitting  1: 1 op, 141600.00 ns, 141.6000 us/op
WorkloadJitting  1: 1 op, 1277800.00 ns, 1.2778 ms/op

OverheadJitting  2: 16 op, 225100.00 ns, 14.0688 us/op
WorkloadJitting  2: 16 op, 25614000.00 ns, 1.6009 ms/op

WorkloadPilot    1: 16 op, 14473000.00 ns, 904.5625 us/op
WorkloadPilot    2: 32 op, 27970200.00 ns, 874.0688 us/op
WorkloadPilot    3: 64 op, 54329300.00 ns, 848.8953 us/op
WorkloadPilot    4: 128 op, 104915900.00 ns, 819.6555 us/op
WorkloadPilot    5: 256 op, 257968100.00 ns, 1.0077 ms/op
WorkloadPilot    6: 512 op, 279467600.00 ns, 545.8352 us/op
WorkloadPilot    7: 1024 op, 487717800.00 ns, 476.2869 us/op
WorkloadPilot    8: 2048 op, 960091400.00 ns, 468.7946 us/op

OverheadWarmup   1: 2048 op, 4400.00 ns, 2.1484 ns/op
OverheadWarmup   2: 2048 op, 2900.00 ns, 1.4160 ns/op
OverheadWarmup   3: 2048 op, 3000.00 ns, 1.4648 ns/op
OverheadWarmup   4: 2048 op, 3000.00 ns, 1.4648 ns/op
OverheadWarmup   5: 2048 op, 2800.00 ns, 1.3672 ns/op
OverheadWarmup   6: 2048 op, 3000.00 ns, 1.4648 ns/op

OverheadActual   1: 2048 op, 3000.00 ns, 1.4648 ns/op
OverheadActual   2: 2048 op, 3100.00 ns, 1.5137 ns/op
OverheadActual   3: 2048 op, 3000.00 ns, 1.4648 ns/op
OverheadActual   4: 2048 op, 3000.00 ns, 1.4648 ns/op
OverheadActual   5: 2048 op, 2800.00 ns, 1.3672 ns/op
OverheadActual   6: 2048 op, 2800.00 ns, 1.3672 ns/op
OverheadActual   7: 2048 op, 2900.00 ns, 1.4160 ns/op
OverheadActual   8: 2048 op, 3000.00 ns, 1.4648 ns/op
OverheadActual   9: 2048 op, 2900.00 ns, 1.4160 ns/op
OverheadActual  10: 2048 op, 2700.00 ns, 1.3184 ns/op
OverheadActual  11: 2048 op, 3100.00 ns, 1.5137 ns/op
OverheadActual  12: 2048 op, 2900.00 ns, 1.4160 ns/op
OverheadActual  13: 2048 op, 2700.00 ns, 1.3184 ns/op
OverheadActual  14: 2048 op, 2900.00 ns, 1.4160 ns/op
OverheadActual  15: 2048 op, 2800.00 ns, 1.3672 ns/op

WorkloadWarmup   1: 2048 op, 974177800.00 ns, 475.6728 us/op
WorkloadWarmup   2: 2048 op, 972845600.00 ns, 475.0223 us/op
WorkloadWarmup   3: 2048 op, 973217300.00 ns, 475.2038 us/op
WorkloadWarmup   4: 2048 op, 975243800.00 ns, 476.1933 us/op
WorkloadWarmup   5: 2048 op, 970514400.00 ns, 473.8840 us/op
WorkloadWarmup   6: 2048 op, 972389100.00 ns, 474.7994 us/op
WorkloadWarmup   7: 2048 op, 956193300.00 ns, 466.8913 us/op

// BeforeActualRun
WorkloadActual   1: 2048 op, 974498600.00 ns, 475.8294 us/op
WorkloadActual   2: 2048 op, 973918400.00 ns, 475.5461 us/op
WorkloadActual   3: 2048 op, 971982800.00 ns, 474.6010 us/op
WorkloadActual   4: 2048 op, 974480600.00 ns, 475.8206 us/op
WorkloadActual   5: 2048 op, 959980000.00 ns, 468.7402 us/op
WorkloadActual   6: 2048 op, 974170600.00 ns, 475.6692 us/op
WorkloadActual   7: 2048 op, 975947100.00 ns, 476.5367 us/op
WorkloadActual   8: 2048 op, 971655800.00 ns, 474.4413 us/op
WorkloadActual   9: 2048 op, 975640200.00 ns, 476.3868 us/op
WorkloadActual  10: 2048 op, 961187800.00 ns, 469.3300 us/op
WorkloadActual  11: 2048 op, 956822200.00 ns, 467.1983 us/op
WorkloadActual  12: 2048 op, 955953300.00 ns, 466.7741 us/op
WorkloadActual  13: 2048 op, 973044300.00 ns, 475.1193 us/op
WorkloadActual  14: 2048 op, 971996400.00 ns, 474.6076 us/op
WorkloadActual  15: 2048 op, 970861400.00 ns, 474.0534 us/op

// AfterActualRun
WorkloadResult   1: 2048 op, 974495700.00 ns, 475.8280 us/op
WorkloadResult   2: 2048 op, 973915500.00 ns, 475.5447 us/op
WorkloadResult   3: 2048 op, 971979900.00 ns, 474.5996 us/op
WorkloadResult   4: 2048 op, 974477700.00 ns, 475.8192 us/op
WorkloadResult   5: 2048 op, 959977100.00 ns, 468.7388 us/op
WorkloadResult   6: 2048 op, 974167700.00 ns, 475.6678 us/op
WorkloadResult   7: 2048 op, 975944200.00 ns, 476.5353 us/op
WorkloadResult   8: 2048 op, 971652900.00 ns, 474.4399 us/op
WorkloadResult   9: 2048 op, 975637300.00 ns, 476.3854 us/op
WorkloadResult  10: 2048 op, 961184900.00 ns, 469.3286 us/op
WorkloadResult  11: 2048 op, 956819300.00 ns, 467.1969 us/op
WorkloadResult  12: 2048 op, 955950400.00 ns, 466.7727 us/op
WorkloadResult  13: 2048 op, 973041400.00 ns, 475.1179 us/op
WorkloadResult  14: 2048 op, 971993500.00 ns, 474.6062 us/op
WorkloadResult  15: 2048 op, 970858500.00 ns, 474.0520 us/op
// GC:  77 69 62 1025320200 2048
// Threading:  0 0 2048

// AfterAll
// Benchmark Process 28536 has exited with code 0.

Mean = 473.376 us, StdErr = 0.895 us (0.19%), N = 15, StdDev = 3.467 us
Min = 466.773 us, Q1 = 471.690 us, Median = 474.606 us, Q3 = 475.744 us, Max = 476.535 us
IQR = 4.053 us, LowerFence = 465.610 us, UpperFence = 481.823 us
ConfidenceInterval = [469.669 us; 477.082 us] (CI 99.9%), Margin = 3.706 us (0.78% of Mean)
Skewness = -0.91, Kurtosis = 2.03, MValue = 2

// ** Remained 37 (61.7%) benchmark(s) to run. Estimated finish 2026-09-21 12:44 (0h 17m from now) **
Setup power plan (GUID: 8c5e7fda-e8bf-4a96-9a85-a6e23a8c635c FriendlyName: High performance)
// **************************
// Benchmark: FixAgainstQuickFix.'A/A QuickFIX/n: parse + read': DefaultJob [From=Compiled, Reading=PartiesLarge]
// *** Execute ***
// Launch: 1 / 1
// Execute: dotnet qfcompare-DefaultJob-1.dll --anonymousPipes 2296 2616 --benchmarkName "QfCompare.FixAgainstQuickFix.TheirsParseAgain(From: Compiled, Reading: PartiesLarge)" --job Default --benchmarkId 23 in P:\dotgram.WorkTrees\fix-frozen\.work\qfcompare\bin\Release\net10.0\qfcompare-DefaultJob-1\bin\Release\net10.0
// BeforeAnythingElse

// Benchmark Process Environment Information:
// BenchmarkDotNet v0.15.8
// Runtime=.NET 10.0.12 (10.0.12, 10.0.1226.42308), X64 RyuJIT x86-64-v4
// GC=Concurrent Workstation
// HardwareIntrinsics=AVX512 BITALG+VBMI2+VNNI+VPOPCNTDQ,AVX512 IFMA+VBMI,AVX512 F+BW+CD+DQ+VL,AVX2+BMI1+BMI2+F16C+FMA+LZCNT+MOVBE,AVX,SSE3+SSSE3+SSE4.1+SSE4.2+POPCNT,X86Base+SSE+SSE2,AES+PCLMUL,AvxVnni VectorSize=256
// Job: DefaultJob

OverheadJitting  1: 1 op, 140200.00 ns, 140.2000 us/op
WorkloadJitting  1: 1 op, 1357600.00 ns, 1.3576 ms/op

OverheadJitting  2: 16 op, 231600.00 ns, 14.4750 us/op
WorkloadJitting  2: 16 op, 29398700.00 ns, 1.8374 ms/op

WorkloadPilot    1: 16 op, 18216700.00 ns, 1.1385 ms/op
WorkloadPilot    2: 32 op, 36553300.00 ns, 1.1423 ms/op
WorkloadPilot    3: 64 op, 62842100.00 ns, 981.9078 us/op
WorkloadPilot    4: 128 op, 159580000.00 ns, 1.2467 ms/op
WorkloadPilot    5: 256 op, 175740700.00 ns, 686.4871 us/op
WorkloadPilot    6: 512 op, 141302900.00 ns, 275.9822 us/op
WorkloadPilot    7: 1024 op, 284201500.00 ns, 277.5405 us/op
WorkloadPilot    8: 2048 op, 576250000.00 ns, 281.3721 us/op

OverheadWarmup   1: 2048 op, 4600.00 ns, 2.2461 ns/op
OverheadWarmup   2: 2048 op, 3200.00 ns, 1.5625 ns/op
OverheadWarmup   3: 2048 op, 2700.00 ns, 1.3184 ns/op
OverheadWarmup   4: 2048 op, 2700.00 ns, 1.3184 ns/op
OverheadWarmup   5: 2048 op, 3000.00 ns, 1.4648 ns/op
OverheadWarmup   6: 2048 op, 2700.00 ns, 1.3184 ns/op
OverheadWarmup   7: 2048 op, 2800.00 ns, 1.3672 ns/op

OverheadActual   1: 2048 op, 3000.00 ns, 1.4648 ns/op
OverheadActual   2: 2048 op, 3000.00 ns, 1.4648 ns/op
OverheadActual   3: 2048 op, 2800.00 ns, 1.3672 ns/op
OverheadActual   4: 2048 op, 3000.00 ns, 1.4648 ns/op
OverheadActual   5: 2048 op, 3000.00 ns, 1.4648 ns/op
OverheadActual   6: 2048 op, 2800.00 ns, 1.3672 ns/op
OverheadActual   7: 2048 op, 3000.00 ns, 1.4648 ns/op
OverheadActual   8: 2048 op, 3100.00 ns, 1.5137 ns/op
OverheadActual   9: 2048 op, 2700.00 ns, 1.3184 ns/op
OverheadActual  10: 2048 op, 2700.00 ns, 1.3184 ns/op
OverheadActual  11: 2048 op, 2800.00 ns, 1.3672 ns/op
OverheadActual  12: 2048 op, 2700.00 ns, 1.3184 ns/op
OverheadActual  13: 2048 op, 2900.00 ns, 1.4160 ns/op
OverheadActual  14: 2048 op, 2800.00 ns, 1.3672 ns/op
OverheadActual  15: 2048 op, 2800.00 ns, 1.3672 ns/op

WorkloadWarmup   1: 2048 op, 582743000.00 ns, 284.5425 us/op
WorkloadWarmup   2: 2048 op, 576161600.00 ns, 281.3289 us/op
WorkloadWarmup   3: 2048 op, 607144300.00 ns, 296.4572 us/op
WorkloadWarmup   4: 2048 op, 616977300.00 ns, 301.2584 us/op
WorkloadWarmup   5: 2048 op, 627116300.00 ns, 306.2091 us/op
WorkloadWarmup   6: 2048 op, 649159500.00 ns, 316.9724 us/op
WorkloadWarmup   7: 2048 op, 610169800.00 ns, 297.9345 us/op
WorkloadWarmup   8: 2048 op, 611009500.00 ns, 298.3445 us/op
WorkloadWarmup   9: 2048 op, 622980700.00 ns, 304.1898 us/op
WorkloadWarmup  10: 2048 op, 595469700.00 ns, 290.7567 us/op

// BeforeActualRun
WorkloadActual   1: 2048 op, 614316300.00 ns, 299.9591 us/op
WorkloadActual   2: 2048 op, 627026700.00 ns, 306.1654 us/op
WorkloadActual   3: 2048 op, 609548300.00 ns, 297.6310 us/op
WorkloadActual   4: 2048 op, 614180100.00 ns, 299.8926 us/op
WorkloadActual   5: 2048 op, 613127200.00 ns, 299.3785 us/op
WorkloadActual   6: 2048 op, 633217200.00 ns, 309.1881 us/op
WorkloadActual   7: 2048 op, 604183000.00 ns, 295.0112 us/op
WorkloadActual   8: 2048 op, 620599000.00 ns, 303.0269 us/op
WorkloadActual   9: 2048 op, 616542300.00 ns, 301.0460 us/op
WorkloadActual  10: 2048 op, 622056600.00 ns, 303.7386 us/op
WorkloadActual  11: 2048 op, 635543100.00 ns, 310.3238 us/op
WorkloadActual  12: 2048 op, 613010900.00 ns, 299.3217 us/op
WorkloadActual  13: 2048 op, 624430500.00 ns, 304.8977 us/op
WorkloadActual  14: 2048 op, 605388200.00 ns, 295.5997 us/op
WorkloadActual  15: 2048 op, 631794900.00 ns, 308.4936 us/op

// AfterActualRun
WorkloadResult   1: 2048 op, 614313500.00 ns, 299.9578 us/op
WorkloadResult   2: 2048 op, 627023900.00 ns, 306.1640 us/op
WorkloadResult   3: 2048 op, 609545500.00 ns, 297.6296 us/op
WorkloadResult   4: 2048 op, 614177300.00 ns, 299.8913 us/op
WorkloadResult   5: 2048 op, 613124400.00 ns, 299.3771 us/op
WorkloadResult   6: 2048 op, 633214400.00 ns, 309.1867 us/op
WorkloadResult   7: 2048 op, 604180200.00 ns, 295.0099 us/op
WorkloadResult   8: 2048 op, 620596200.00 ns, 303.0255 us/op
WorkloadResult   9: 2048 op, 616539500.00 ns, 301.0447 us/op
WorkloadResult  10: 2048 op, 622053800.00 ns, 303.7372 us/op
WorkloadResult  11: 2048 op, 635540300.00 ns, 310.3224 us/op
WorkloadResult  12: 2048 op, 613008100.00 ns, 299.3204 us/op
WorkloadResult  13: 2048 op, 624427700.00 ns, 304.8963 us/op
WorkloadResult  14: 2048 op, 605385400.00 ns, 295.5983 us/op
WorkloadResult  15: 2048 op, 631792100.00 ns, 308.4922 us/op
// GC:  78 34 0 3960209408 2048
// Threading:  0 0 2048

// AfterAll
// Benchmark Process 53536 has exited with code 0.

Mean = 302.244 us, StdErr = 1.243 us (0.41%), N = 15, StdDev = 4.814 us
Min = 295.010 us, Q1 = 299.349 us, Median = 301.045 us, Q3 = 305.530 us, Max = 310.322 us
IQR = 6.181 us, LowerFence = 290.077 us, UpperFence = 314.802 us
ConfidenceInterval = [297.097 us; 307.390 us] (CI 99.9%), Margin = 5.147 us (1.70% of Mean)
Skewness = 0.21, Kurtosis = 1.71, MValue = 2

// ** Remained 36 (60.0%) benchmark(s) to run. Estimated finish 2026-09-21 12:43 (0h 16m from now) **
Setup power plan (GUID: 8c5e7fda-e8bf-4a96-9a85-a6e23a8c635c FriendlyName: High performance)
// **************************
// Benchmark: FixAgainstQuickFix.'ours: parse + read': DefaultJob [From=Compiled, Reading=Binary]
// *** Execute ***
// Launch: 1 / 1
// Execute: dotnet qfcompare-DefaultJob-1.dll --anonymousPipes 2308 2304 --benchmarkName "QfCompare.FixAgainstQuickFix.OursParse(From: Compiled, Reading: Binary)" --job Default --benchmarkId 24 in P:\dotgram.WorkTrees\fix-frozen\.work\qfcompare\bin\Release\net10.0\qfcompare-DefaultJob-1\bin\Release\net10.0
// BeforeAnythingElse

// Benchmark Process Environment Information:
// BenchmarkDotNet v0.15.8
// Runtime=.NET 10.0.12 (10.0.12, 10.0.1226.42308), X64 RyuJIT x86-64-v4
// GC=Concurrent Workstation
// HardwareIntrinsics=AVX512 BITALG+VBMI2+VNNI+VPOPCNTDQ,AVX512 IFMA+VBMI,AVX512 F+BW+CD+DQ+VL,AVX2+BMI1+BMI2+F16C+FMA+LZCNT+MOVBE,AVX,SSE3+SSSE3+SSE4.1+SSE4.2+POPCNT,X86Base+SSE+SSE2,AES+PCLMUL,AvxVnni VectorSize=256
// Job: DefaultJob

OverheadJitting  1: 1 op, 127300.00 ns, 127.3000 us/op
WorkloadJitting  1: 1 op, 148600.00 ns, 148.6000 us/op

OverheadJitting  2: 16 op, 230100.00 ns, 14.3813 us/op
WorkloadJitting  2: 16 op, 370900.00 ns, 23.1813 us/op

WorkloadPilot    1: 16 op, 114200.00 ns, 7.1375 us/op
WorkloadPilot    2: 32 op, 223200.00 ns, 6.9750 us/op
WorkloadPilot    3: 64 op, 425500.00 ns, 6.6484 us/op
WorkloadPilot    4: 128 op, 856300.00 ns, 6.6898 us/op
WorkloadPilot    5: 256 op, 1619400.00 ns, 6.3258 us/op
WorkloadPilot    6: 512 op, 3071800.00 ns, 5.9996 us/op
WorkloadPilot    7: 1024 op, 5763800.00 ns, 5.6287 us/op
WorkloadPilot    8: 2048 op, 10652500.00 ns, 5.2014 us/op
WorkloadPilot    9: 4096 op, 20621600.00 ns, 5.0346 us/op
WorkloadPilot   10: 8192 op, 39946400.00 ns, 4.8763 us/op
WorkloadPilot   11: 16384 op, 83674200.00 ns, 5.1071 us/op
WorkloadPilot   12: 32768 op, 181013700.00 ns, 5.5241 us/op
WorkloadPilot   13: 65536 op, 136760100.00 ns, 2.0868 us/op
WorkloadPilot   14: 131072 op, 141008600.00 ns, 1.0758 us/op
WorkloadPilot   15: 262144 op, 234567500.00 ns, 894.8040 ns/op
WorkloadPilot   16: 524288 op, 469073900.00 ns, 894.6875 ns/op
WorkloadPilot   17: 1048576 op, 937103000.00 ns, 893.6911 ns/op

OverheadWarmup   1: 1048576 op, 1371700.00 ns, 1.3082 ns/op
OverheadWarmup   2: 1048576 op, 1392500.00 ns, 1.3280 ns/op
OverheadWarmup   3: 1048576 op, 1407700.00 ns, 1.3425 ns/op
OverheadWarmup   4: 1048576 op, 1398900.00 ns, 1.3341 ns/op
OverheadWarmup   5: 1048576 op, 1411600.00 ns, 1.3462 ns/op
OverheadWarmup   6: 1048576 op, 1387000.00 ns, 1.3227 ns/op

OverheadActual   1: 1048576 op, 1381700.00 ns, 1.3177 ns/op
OverheadActual   2: 1048576 op, 1368900.00 ns, 1.3055 ns/op
OverheadActual   3: 1048576 op, 1374700.00 ns, 1.3110 ns/op
OverheadActual   4: 1048576 op, 1411000.00 ns, 1.3456 ns/op
OverheadActual   5: 1048576 op, 1376000.00 ns, 1.3123 ns/op
OverheadActual   6: 1048576 op, 1374200.00 ns, 1.3105 ns/op
OverheadActual   7: 1048576 op, 1375800.00 ns, 1.3121 ns/op
OverheadActual   8: 1048576 op, 1382900.00 ns, 1.3188 ns/op
OverheadActual   9: 1048576 op, 1376500.00 ns, 1.3127 ns/op
OverheadActual  10: 1048576 op, 1374500.00 ns, 1.3108 ns/op
OverheadActual  11: 1048576 op, 1366600.00 ns, 1.3033 ns/op
OverheadActual  12: 1048576 op, 1373400.00 ns, 1.3098 ns/op
OverheadActual  13: 1048576 op, 1407400.00 ns, 1.3422 ns/op
OverheadActual  14: 1048576 op, 1376000.00 ns, 1.3123 ns/op
OverheadActual  15: 1048576 op, 1380300.00 ns, 1.3164 ns/op

WorkloadWarmup   1: 1048576 op, 969226100.00 ns, 924.3260 ns/op
WorkloadWarmup   2: 1048576 op, 1005439700.00 ns, 958.8620 ns/op
WorkloadWarmup   3: 1048576 op, 989077700.00 ns, 943.2580 ns/op
WorkloadWarmup   4: 1048576 op, 1004048500.00 ns, 957.5353 ns/op
WorkloadWarmup   5: 1048576 op, 976439100.00 ns, 931.2049 ns/op
WorkloadWarmup   6: 1048576 op, 990440600.00 ns, 944.5578 ns/op

// BeforeActualRun
WorkloadActual   1: 1048576 op, 997344700.00 ns, 951.1420 ns/op
WorkloadActual   2: 1048576 op, 1016210700.00 ns, 969.1340 ns/op
WorkloadActual   3: 1048576 op, 1010735900.00 ns, 963.9129 ns/op
WorkloadActual   4: 1048576 op, 1020506000.00 ns, 973.2304 ns/op
WorkloadActual   5: 1048576 op, 1001989600.00 ns, 955.5717 ns/op
WorkloadActual   6: 1048576 op, 986524100.00 ns, 940.8227 ns/op
WorkloadActual   7: 1048576 op, 1043084400.00 ns, 994.7628 ns/op
WorkloadActual   8: 1048576 op, 1013593400.00 ns, 966.6380 ns/op
WorkloadActual   9: 1048576 op, 1014464800.00 ns, 967.4690 ns/op
WorkloadActual  10: 1048576 op, 1015760100.00 ns, 968.7043 ns/op
WorkloadActual  11: 1048576 op, 993607300.00 ns, 947.5778 ns/op
WorkloadActual  12: 1048576 op, 985528700.00 ns, 939.8734 ns/op
WorkloadActual  13: 1048576 op, 1005759000.00 ns, 959.1665 ns/op
WorkloadActual  14: 1048576 op, 993366100.00 ns, 947.3477 ns/op
WorkloadActual  15: 1048576 op, 993901500.00 ns, 947.8583 ns/op

// AfterActualRun
WorkloadResult   1: 1048576 op, 995968700.00 ns, 949.8298 ns/op
WorkloadResult   2: 1048576 op, 1014834700.00 ns, 967.8218 ns/op
WorkloadResult   3: 1048576 op, 1009359900.00 ns, 962.6006 ns/op
WorkloadResult   4: 1048576 op, 1019130000.00 ns, 971.9181 ns/op
WorkloadResult   5: 1048576 op, 1000613600.00 ns, 954.2595 ns/op
WorkloadResult   6: 1048576 op, 985148100.00 ns, 939.5104 ns/op
WorkloadResult   7: 1048576 op, 1041708400.00 ns, 993.4505 ns/op
WorkloadResult   8: 1048576 op, 1012217400.00 ns, 965.3257 ns/op
WorkloadResult   9: 1048576 op, 1013088800.00 ns, 966.1568 ns/op
WorkloadResult  10: 1048576 op, 1014384100.00 ns, 967.3921 ns/op
WorkloadResult  11: 1048576 op, 992231300.00 ns, 946.2655 ns/op
WorkloadResult  12: 1048576 op, 984152700.00 ns, 938.5612 ns/op
WorkloadResult  13: 1048576 op, 1004383000.00 ns, 957.8543 ns/op
WorkloadResult  14: 1048576 op, 991990100.00 ns, 946.0355 ns/op
WorkloadResult  15: 1048576 op, 992525500.00 ns, 946.5461 ns/op
// GC:  60 0 0 3053453312 1048576
// Threading:  0 0 1048576

// AfterAll
// Benchmark Process 7720 has exited with code 0.

Mean = 958.235 ns, StdErr = 3.772 ns (0.39%), N = 15, StdDev = 14.610 ns
Min = 938.561 ns, Q1 = 946.406 ns, Median = 957.854 ns, Q3 = 966.774 ns, Max = 993.451 ns
IQR = 20.369 ns, LowerFence = 915.853 ns, UpperFence = 997.327 ns
ConfidenceInterval = [942.617 ns; 973.854 ns] (CI 99.9%), Margin = 15.619 ns (1.63% of Mean)
Skewness = 0.62, Kurtosis = 2.83, MValue = 2

// ** Remained 35 (58.3%) benchmark(s) to run. Estimated finish 2026-09-21 12:43 (0h 16m from now) **
Setup power plan (GUID: 8c5e7fda-e8bf-4a96-9a85-a6e23a8c635c FriendlyName: High performance)
// **************************
// Benchmark: FixAgainstQuickFix.'QuickFIX/n: parse + read': DefaultJob [From=Compiled, Reading=Binary]
// *** Execute ***
// Launch: 1 / 1
// Execute: dotnet qfcompare-DefaultJob-1.dll --anonymousPipes 1616 2300 --benchmarkName "QfCompare.FixAgainstQuickFix.TheirsParse(From: Compiled, Reading: Binary)" --job Default --benchmarkId 25 in P:\dotgram.WorkTrees\fix-frozen\.work\qfcompare\bin\Release\net10.0\qfcompare-DefaultJob-1\bin\Release\net10.0
// BeforeAnythingElse

// Benchmark Process Environment Information:
// BenchmarkDotNet v0.15.8
// Runtime=.NET 10.0.12 (10.0.12, 10.0.1226.42308), X64 RyuJIT x86-64-v4
// GC=Concurrent Workstation
// HardwareIntrinsics=AVX512 BITALG+VBMI2+VNNI+VPOPCNTDQ,AVX512 IFMA+VBMI,AVX512 F+BW+CD+DQ+VL,AVX2+BMI1+BMI2+F16C+FMA+LZCNT+MOVBE,AVX,SSE3+SSSE3+SSE4.1+SSE4.2+POPCNT,X86Base+SSE+SSE2,AES+PCLMUL,AvxVnni VectorSize=256
// Job: DefaultJob

OverheadJitting  1: 1 op, 129200.00 ns, 129.2000 us/op
WorkloadJitting  1: 1 op, 132600.00 ns, 132.6000 us/op

OverheadJitting  2: 16 op, 250100.00 ns, 15.6313 us/op
WorkloadJitting  2: 16 op, 294900.00 ns, 18.4313 us/op

WorkloadPilot    1: 16 op, 69000.00 ns, 4.3125 us/op
WorkloadPilot    2: 32 op, 132100.00 ns, 4.1281 us/op
WorkloadPilot    3: 64 op, 241900.00 ns, 3.7797 us/op
WorkloadPilot    4: 128 op, 489900.00 ns, 3.8273 us/op
WorkloadPilot    5: 256 op, 1024000.00 ns, 4.0000 us/op
WorkloadPilot    6: 512 op, 2002900.00 ns, 3.9119 us/op
WorkloadPilot    7: 1024 op, 3707800.00 ns, 3.6209 us/op
WorkloadPilot    8: 2048 op, 7508000.00 ns, 3.6660 us/op
WorkloadPilot    9: 4096 op, 14857300.00 ns, 3.6273 us/op
WorkloadPilot   10: 8192 op, 27059200.00 ns, 3.3031 us/op
WorkloadPilot   11: 16384 op, 51604500.00 ns, 3.1497 us/op
WorkloadPilot   12: 32768 op, 75778000.00 ns, 2.3126 us/op
WorkloadPilot   13: 65536 op, 48067500.00 ns, 733.4518 ns/op
WorkloadPilot   14: 131072 op, 92165400.00 ns, 703.1662 ns/op
WorkloadPilot   15: 262144 op, 168353900.00 ns, 642.2192 ns/op
WorkloadPilot   16: 524288 op, 336665500.00 ns, 642.1385 ns/op
WorkloadPilot   17: 1048576 op, 670923100.00 ns, 639.8421 ns/op

OverheadWarmup   1: 1048576 op, 1382400.00 ns, 1.3184 ns/op
OverheadWarmup   2: 1048576 op, 1410200.00 ns, 1.3449 ns/op
OverheadWarmup   3: 1048576 op, 1396100.00 ns, 1.3314 ns/op
OverheadWarmup   4: 1048576 op, 1397100.00 ns, 1.3324 ns/op
OverheadWarmup   5: 1048576 op, 1389700.00 ns, 1.3253 ns/op

OverheadActual   1: 1048576 op, 1376600.00 ns, 1.3128 ns/op
OverheadActual   2: 1048576 op, 1406400.00 ns, 1.3412 ns/op
OverheadActual   3: 1048576 op, 1379400.00 ns, 1.3155 ns/op
OverheadActual   4: 1048576 op, 1402100.00 ns, 1.3371 ns/op
OverheadActual   5: 1048576 op, 1396000.00 ns, 1.3313 ns/op
OverheadActual   6: 1048576 op, 1371400.00 ns, 1.3079 ns/op
OverheadActual   7: 1048576 op, 1375900.00 ns, 1.3122 ns/op
OverheadActual   8: 1048576 op, 1374200.00 ns, 1.3105 ns/op
OverheadActual   9: 1048576 op, 1363000.00 ns, 1.2999 ns/op
OverheadActual  10: 1048576 op, 1367700.00 ns, 1.3043 ns/op
OverheadActual  11: 1048576 op, 1379500.00 ns, 1.3156 ns/op
OverheadActual  12: 1048576 op, 1369300.00 ns, 1.3059 ns/op
OverheadActual  13: 1048576 op, 1371200.00 ns, 1.3077 ns/op
OverheadActual  14: 1048576 op, 1374600.00 ns, 1.3109 ns/op
OverheadActual  15: 1048576 op, 1366600.00 ns, 1.3033 ns/op

WorkloadWarmup   1: 1048576 op, 695613100.00 ns, 663.3883 ns/op
WorkloadWarmup   2: 1048576 op, 695120200.00 ns, 662.9183 ns/op
WorkloadWarmup   3: 1048576 op, 736008900.00 ns, 701.9128 ns/op
WorkloadWarmup   4: 1048576 op, 711236900.00 ns, 678.2884 ns/op
WorkloadWarmup   5: 1048576 op, 748588800.00 ns, 713.9099 ns/op
WorkloadWarmup   6: 1048576 op, 728159100.00 ns, 694.4266 ns/op

// BeforeActualRun
WorkloadActual   1: 1048576 op, 715741400.00 ns, 682.5842 ns/op
WorkloadActual   2: 1048576 op, 749869900.00 ns, 715.1317 ns/op
WorkloadActual   3: 1048576 op, 724299800.00 ns, 690.7461 ns/op
WorkloadActual   4: 1048576 op, 722096300.00 ns, 688.6447 ns/op
WorkloadActual   5: 1048576 op, 729399300.00 ns, 695.6094 ns/op
WorkloadActual   6: 1048576 op, 742784700.00 ns, 708.3747 ns/op
WorkloadActual   7: 1048576 op, 709090500.00 ns, 676.2414 ns/op
WorkloadActual   8: 1048576 op, 717837800.00 ns, 684.5835 ns/op
WorkloadActual   9: 1048576 op, 715552600.00 ns, 682.4041 ns/op
WorkloadActual  10: 1048576 op, 733200700.00 ns, 699.2347 ns/op
WorkloadActual  11: 1048576 op, 719032600.00 ns, 685.7229 ns/op
WorkloadActual  12: 1048576 op, 723328700.00 ns, 689.8200 ns/op
WorkloadActual  13: 1048576 op, 712965900.00 ns, 679.9373 ns/op
WorkloadActual  14: 1048576 op, 743668800.00 ns, 709.2178 ns/op
WorkloadActual  15: 1048576 op, 716608300.00 ns, 683.4109 ns/op

// AfterActualRun
WorkloadResult   1: 1048576 op, 714366800.00 ns, 681.2733 ns/op
WorkloadResult   2: 1048576 op, 748495300.00 ns, 713.8207 ns/op
WorkloadResult   3: 1048576 op, 722925200.00 ns, 689.4352 ns/op
WorkloadResult   4: 1048576 op, 720721700.00 ns, 687.3338 ns/op
WorkloadResult   5: 1048576 op, 728024700.00 ns, 694.2985 ns/op
WorkloadResult   6: 1048576 op, 741410100.00 ns, 707.0638 ns/op
WorkloadResult   7: 1048576 op, 707715900.00 ns, 674.9305 ns/op
WorkloadResult   8: 1048576 op, 716463200.00 ns, 683.2726 ns/op
WorkloadResult   9: 1048576 op, 714178000.00 ns, 681.0932 ns/op
WorkloadResult  10: 1048576 op, 731826100.00 ns, 697.9238 ns/op
WorkloadResult  11: 1048576 op, 717658000.00 ns, 684.4120 ns/op
WorkloadResult  12: 1048576 op, 721954100.00 ns, 688.5091 ns/op
WorkloadResult  13: 1048576 op, 711591300.00 ns, 678.6263 ns/op
WorkloadResult  14: 1048576 op, 742294200.00 ns, 707.9069 ns/op
WorkloadResult  15: 1048576 op, 715233700.00 ns, 682.1000 ns/op
// GC:  76 0 0 3816816640 1048576
// Threading:  0 0 1048576

// AfterAll
// Benchmark Process 49284 has exited with code 0.

Mean = 690.133 ns, StdErr = 3.024 ns (0.44%), N = 15, StdDev = 11.713 ns
Min = 674.930 ns, Q1 = 681.687 ns, Median = 687.334 ns, Q3 = 696.111 ns, Max = 713.821 ns
IQR = 14.424 ns, LowerFence = 660.050 ns, UpperFence = 717.748 ns
ConfidenceInterval = [677.611 ns; 702.655 ns] (CI 99.9%), Margin = 12.522 ns (1.81% of Mean)
Skewness = 0.7, Kurtosis = 2.1, MValue = 2

// ** Remained 34 (56.7%) benchmark(s) to run. Estimated finish 2026-09-21 12:43 (0h 15m from now) **
Setup power plan (GUID: 8c5e7fda-e8bf-4a96-9a85-a6e23a8c635c FriendlyName: High performance)
// **************************
// Benchmark: FixAgainstQuickFix.'ours: parse + validate + read': DefaultJob [From=Compiled, Reading=Binary]
// *** Execute ***
// Launch: 1 / 1
// Execute: dotnet qfcompare-DefaultJob-1.dll --anonymousPipes 2336 2320 --benchmarkName "QfCompare.FixAgainstQuickFix.OursParseAndValidate(From: Compiled, Reading: Binary)" --job Default --benchmarkId 26 in P:\dotgram.WorkTrees\fix-frozen\.work\qfcompare\bin\Release\net10.0\qfcompare-DefaultJob-1\bin\Release\net10.0
// BeforeAnythingElse

// Benchmark Process Environment Information:
// BenchmarkDotNet v0.15.8
// Runtime=.NET 10.0.12 (10.0.12, 10.0.1226.42308), X64 RyuJIT x86-64-v4
// GC=Concurrent Workstation
// HardwareIntrinsics=AVX512 BITALG+VBMI2+VNNI+VPOPCNTDQ,AVX512 IFMA+VBMI,AVX512 F+BW+CD+DQ+VL,AVX2+BMI1+BMI2+F16C+FMA+LZCNT+MOVBE,AVX,SSE3+SSSE3+SSE4.1+SSE4.2+POPCNT,X86Base+SSE+SSE2,AES+PCLMUL,AvxVnni VectorSize=256
// Job: DefaultJob

OverheadJitting  1: 1 op, 115600.00 ns, 115.6000 us/op
WorkloadJitting  1: 1 op, 141100.00 ns, 141.1000 us/op

OverheadJitting  2: 16 op, 235000.00 ns, 14.6875 us/op
WorkloadJitting  2: 16 op, 390500.00 ns, 24.4063 us/op

WorkloadPilot    1: 16 op, 144700.00 ns, 9.0438 us/op
WorkloadPilot    2: 32 op, 257700.00 ns, 8.0531 us/op
WorkloadPilot    3: 64 op, 533300.00 ns, 8.3328 us/op
WorkloadPilot    4: 128 op, 1063900.00 ns, 8.3117 us/op
WorkloadPilot    5: 256 op, 2141100.00 ns, 8.3637 us/op
WorkloadPilot    6: 512 op, 4078500.00 ns, 7.9658 us/op
WorkloadPilot    7: 1024 op, 7819400.00 ns, 7.6361 us/op
WorkloadPilot    8: 2048 op, 14166600.00 ns, 6.9173 us/op
WorkloadPilot    9: 4096 op, 27031700.00 ns, 6.5995 us/op
WorkloadPilot   10: 8192 op, 51974500.00 ns, 6.3445 us/op
WorkloadPilot   11: 16384 op, 123261900.00 ns, 7.5233 us/op
WorkloadPilot   12: 32768 op, 189986700.00 ns, 5.7979 us/op
WorkloadPilot   13: 65536 op, 96183300.00 ns, 1.4676 us/op
WorkloadPilot   14: 131072 op, 167331200.00 ns, 1.2766 us/op
WorkloadPilot   15: 262144 op, 328792000.00 ns, 1.2542 us/op
WorkloadPilot   16: 524288 op, 655699400.00 ns, 1.2506 us/op

OverheadWarmup   1: 524288 op, 694900.00 ns, 1.3254 ns/op
OverheadWarmup   2: 524288 op, 689300.00 ns, 1.3147 ns/op
OverheadWarmup   3: 524288 op, 692800.00 ns, 1.3214 ns/op
OverheadWarmup   4: 524288 op, 692900.00 ns, 1.3216 ns/op
OverheadWarmup   5: 524288 op, 690100.00 ns, 1.3163 ns/op
OverheadWarmup   6: 524288 op, 689700.00 ns, 1.3155 ns/op
OverheadWarmup   7: 524288 op, 695300.00 ns, 1.3262 ns/op
OverheadWarmup   8: 524288 op, 694700.00 ns, 1.3250 ns/op

OverheadActual   1: 524288 op, 687300.00 ns, 1.3109 ns/op
OverheadActual   2: 524288 op, 686200.00 ns, 1.3088 ns/op
OverheadActual   3: 524288 op, 683600.00 ns, 1.3039 ns/op
OverheadActual   4: 524288 op, 683700.00 ns, 1.3041 ns/op
OverheadActual   5: 524288 op, 697300.00 ns, 1.3300 ns/op
OverheadActual   6: 524288 op, 689600.00 ns, 1.3153 ns/op
OverheadActual   7: 524288 op, 689300.00 ns, 1.3147 ns/op
OverheadActual   8: 524288 op, 689600.00 ns, 1.3153 ns/op
OverheadActual   9: 524288 op, 687600.00 ns, 1.3115 ns/op
OverheadActual  10: 524288 op, 688400.00 ns, 1.3130 ns/op
OverheadActual  11: 524288 op, 706900.00 ns, 1.3483 ns/op
OverheadActual  12: 524288 op, 682400.00 ns, 1.3016 ns/op
OverheadActual  13: 524288 op, 686400.00 ns, 1.3092 ns/op
OverheadActual  14: 524288 op, 686300.00 ns, 1.3090 ns/op
OverheadActual  15: 524288 op, 686800.00 ns, 1.3100 ns/op

WorkloadWarmup   1: 524288 op, 665035000.00 ns, 1.2685 us/op
WorkloadWarmup   2: 524288 op, 674695500.00 ns, 1.2869 us/op
WorkloadWarmup   3: 524288 op, 702509500.00 ns, 1.3399 us/op
WorkloadWarmup   4: 524288 op, 696678400.00 ns, 1.3288 us/op
WorkloadWarmup   5: 524288 op, 694223300.00 ns, 1.3241 us/op
WorkloadWarmup   6: 524288 op, 694283900.00 ns, 1.3242 us/op
WorkloadWarmup   7: 524288 op, 690596100.00 ns, 1.3172 us/op

// BeforeActualRun
WorkloadActual   1: 524288 op, 690899300.00 ns, 1.3178 us/op
WorkloadActual   2: 524288 op, 717695700.00 ns, 1.3689 us/op
WorkloadActual   3: 524288 op, 688597900.00 ns, 1.3134 us/op
WorkloadActual   4: 524288 op, 725670400.00 ns, 1.3841 us/op
WorkloadActual   5: 524288 op, 690389900.00 ns, 1.3168 us/op
WorkloadActual   6: 524288 op, 686735000.00 ns, 1.3098 us/op
WorkloadActual   7: 524288 op, 701524200.00 ns, 1.3381 us/op
WorkloadActual   8: 524288 op, 684766900.00 ns, 1.3061 us/op
WorkloadActual   9: 524288 op, 731645300.00 ns, 1.3955 us/op
WorkloadActual  10: 524288 op, 702649900.00 ns, 1.3402 us/op
WorkloadActual  11: 524288 op, 718956100.00 ns, 1.3713 us/op
WorkloadActual  12: 524288 op, 699716600.00 ns, 1.3346 us/op
WorkloadActual  13: 524288 op, 692561500.00 ns, 1.3210 us/op
WorkloadActual  14: 524288 op, 706137700.00 ns, 1.3469 us/op
WorkloadActual  15: 524288 op, 688587700.00 ns, 1.3134 us/op
WorkloadActual  16: 524288 op, 686528000.00 ns, 1.3094 us/op
WorkloadActual  17: 524288 op, 690350600.00 ns, 1.3167 us/op
WorkloadActual  18: 524288 op, 697645800.00 ns, 1.3307 us/op

// AfterActualRun
WorkloadResult   1: 524288 op, 690212000.00 ns, 1.3165 us/op
WorkloadResult   2: 524288 op, 717008400.00 ns, 1.3676 us/op
WorkloadResult   3: 524288 op, 687910600.00 ns, 1.3121 us/op
WorkloadResult   4: 524288 op, 724983100.00 ns, 1.3828 us/op
WorkloadResult   5: 524288 op, 689702600.00 ns, 1.3155 us/op
WorkloadResult   6: 524288 op, 686047700.00 ns, 1.3085 us/op
WorkloadResult   7: 524288 op, 700836900.00 ns, 1.3367 us/op
WorkloadResult   8: 524288 op, 684079600.00 ns, 1.3048 us/op
WorkloadResult   9: 524288 op, 701962600.00 ns, 1.3389 us/op
WorkloadResult  10: 524288 op, 718268800.00 ns, 1.3700 us/op
WorkloadResult  11: 524288 op, 699029300.00 ns, 1.3333 us/op
WorkloadResult  12: 524288 op, 691874200.00 ns, 1.3196 us/op
WorkloadResult  13: 524288 op, 705450400.00 ns, 1.3455 us/op
WorkloadResult  14: 524288 op, 687900400.00 ns, 1.3121 us/op
WorkloadResult  15: 524288 op, 685840700.00 ns, 1.3081 us/op
WorkloadResult  16: 524288 op, 689663300.00 ns, 1.3154 us/op
WorkloadResult  17: 524288 op, 696958500.00 ns, 1.3293 us/op
// GC:  30 0 0 1543503872 524288
// Threading:  0 0 524288

// AfterAll
// Benchmark Process 54992 has exited with code 0.

Mean = 1.330 us, StdErr = 0.006 us (0.43%), N = 17, StdDev = 0.024 us
Min = 1.305 us, Q1 = 1.312 us, Median = 1.320 us, Q3 = 1.339 us, Max = 1.383 us
IQR = 0.027 us, LowerFence = 1.272 us, UpperFence = 1.379 us
ConfidenceInterval = [1.307 us; 1.354 us] (CI 99.9%), Margin = 0.023 us (1.75% of Mean)
Skewness = 0.87, Kurtosis = 2.41, MValue = 2

// ** Remained 33 (55.0%) benchmark(s) to run. Estimated finish 2026-09-21 12:42 (0h 14m from now) **
Setup power plan (GUID: 8c5e7fda-e8bf-4a96-9a85-a6e23a8c635c FriendlyName: High performance)
// **************************
// Benchmark: FixAgainstQuickFix.'QuickFIX/n: parse + validate + read': DefaultJob [From=Compiled, Reading=Binary]
// *** Execute ***
// Launch: 1 / 1
// Execute: dotnet qfcompare-DefaultJob-1.dll --anonymousPipes 2600 2312 --benchmarkName "QfCompare.FixAgainstQuickFix.TheirsParseAndValidate(From: Compiled, Reading: Binary)" --job Default --benchmarkId 27 in P:\dotgram.WorkTrees\fix-frozen\.work\qfcompare\bin\Release\net10.0\qfcompare-DefaultJob-1\bin\Release\net10.0
// BeforeAnythingElse

// Benchmark Process Environment Information:
// BenchmarkDotNet v0.15.8
// Runtime=.NET 10.0.12 (10.0.12, 10.0.1226.42308), X64 RyuJIT x86-64-v4
// GC=Concurrent Workstation
// HardwareIntrinsics=AVX512 BITALG+VBMI2+VNNI+VPOPCNTDQ,AVX512 IFMA+VBMI,AVX512 F+BW+CD+DQ+VL,AVX2+BMI1+BMI2+F16C+FMA+LZCNT+MOVBE,AVX,SSE3+SSSE3+SSE4.1+SSE4.2+POPCNT,X86Base+SSE+SSE2,AES+PCLMUL,AvxVnni VectorSize=256
// Job: DefaultJob

OverheadJitting  1: 1 op, 119000.00 ns, 119.0000 us/op
WorkloadJitting  1: 1 op, 10145600.00 ns, 10.1456 ms/op

OverheadJitting  2: 16 op, 232300.00 ns, 14.5188 us/op
WorkloadJitting  2: 16 op, 436500.00 ns, 27.2813 us/op

WorkloadPilot    1: 16 op, 211100.00 ns, 13.1938 us/op
WorkloadPilot    2: 32 op, 406800.00 ns, 12.7125 us/op
WorkloadPilot    3: 64 op, 766100.00 ns, 11.9703 us/op
WorkloadPilot    4: 128 op, 1481600.00 ns, 11.5750 us/op
WorkloadPilot    5: 256 op, 2962300.00 ns, 11.5715 us/op
WorkloadPilot    6: 512 op, 5842600.00 ns, 11.4113 us/op
WorkloadPilot    7: 1024 op, 11664100.00 ns, 11.3907 us/op
WorkloadPilot    8: 2048 op, 22932900.00 ns, 11.1977 us/op
WorkloadPilot    9: 4096 op, 42787700.00 ns, 10.4462 us/op
WorkloadPilot   10: 8192 op, 85442300.00 ns, 10.4300 us/op
WorkloadPilot   11: 16384 op, 181953100.00 ns, 11.1055 us/op
WorkloadPilot   12: 32768 op, 248925300.00 ns, 7.5966 us/op
WorkloadPilot   13: 65536 op, 211181200.00 ns, 3.2224 us/op
WorkloadPilot   14: 131072 op, 214244600.00 ns, 1.6346 us/op
WorkloadPilot   15: 262144 op, 428086100.00 ns, 1.6330 us/op
WorkloadPilot   16: 524288 op, 861895000.00 ns, 1.6439 us/op

OverheadWarmup   1: 524288 op, 693800.00 ns, 1.3233 ns/op
OverheadWarmup   2: 524288 op, 689400.00 ns, 1.3149 ns/op
OverheadWarmup   3: 524288 op, 690100.00 ns, 1.3163 ns/op
OverheadWarmup   4: 524288 op, 683600.00 ns, 1.3039 ns/op
OverheadWarmup   5: 524288 op, 688700.00 ns, 1.3136 ns/op
OverheadWarmup   6: 524288 op, 702600.00 ns, 1.3401 ns/op
OverheadWarmup   7: 524288 op, 699200.00 ns, 1.3336 ns/op

OverheadActual   1: 524288 op, 701200.00 ns, 1.3374 ns/op
OverheadActual   2: 524288 op, 703700.00 ns, 1.3422 ns/op
OverheadActual   3: 524288 op, 688100.00 ns, 1.3124 ns/op
OverheadActual   4: 524288 op, 684400.00 ns, 1.3054 ns/op
OverheadActual   5: 524288 op, 692400.00 ns, 1.3206 ns/op
OverheadActual   6: 524288 op, 688100.00 ns, 1.3124 ns/op
OverheadActual   7: 524288 op, 704900.00 ns, 1.3445 ns/op
OverheadActual   8: 524288 op, 693500.00 ns, 1.3227 ns/op
OverheadActual   9: 524288 op, 687800.00 ns, 1.3119 ns/op
OverheadActual  10: 524288 op, 686100.00 ns, 1.3086 ns/op
OverheadActual  11: 524288 op, 687800.00 ns, 1.3119 ns/op
OverheadActual  12: 524288 op, 689000.00 ns, 1.3142 ns/op
OverheadActual  13: 524288 op, 686500.00 ns, 1.3094 ns/op
OverheadActual  14: 524288 op, 686100.00 ns, 1.3086 ns/op
OverheadActual  15: 524288 op, 685300.00 ns, 1.3071 ns/op

WorkloadWarmup   1: 524288 op, 902728000.00 ns, 1.7218 us/op
WorkloadWarmup   2: 524288 op, 914746700.00 ns, 1.7447 us/op
WorkloadWarmup   3: 524288 op, 937719000.00 ns, 1.7886 us/op
WorkloadWarmup   4: 524288 op, 895985600.00 ns, 1.7090 us/op
WorkloadWarmup   5: 524288 op, 900296700.00 ns, 1.7172 us/op
WorkloadWarmup   6: 524288 op, 912988000.00 ns, 1.7414 us/op
WorkloadWarmup   7: 524288 op, 941970700.00 ns, 1.7967 us/op
WorkloadWarmup   8: 524288 op, 901441100.00 ns, 1.7194 us/op

// BeforeActualRun
WorkloadActual   1: 524288 op, 907402400.00 ns, 1.7307 us/op
WorkloadActual   2: 524288 op, 930053100.00 ns, 1.7739 us/op
WorkloadActual   3: 524288 op, 902886300.00 ns, 1.7221 us/op
WorkloadActual   4: 524288 op, 917607700.00 ns, 1.7502 us/op
WorkloadActual   5: 524288 op, 923967300.00 ns, 1.7623 us/op
WorkloadActual   6: 524288 op, 924566600.00 ns, 1.7635 us/op
WorkloadActual   7: 524288 op, 904157300.00 ns, 1.7245 us/op
WorkloadActual   8: 524288 op, 914290300.00 ns, 1.7439 us/op
WorkloadActual   9: 524288 op, 915296600.00 ns, 1.7458 us/op
WorkloadActual  10: 524288 op, 925923100.00 ns, 1.7661 us/op
WorkloadActual  11: 524288 op, 925524400.00 ns, 1.7653 us/op
WorkloadActual  12: 524288 op, 924995000.00 ns, 1.7643 us/op
WorkloadActual  13: 524288 op, 911704500.00 ns, 1.7389 us/op
WorkloadActual  14: 524288 op, 915077200.00 ns, 1.7454 us/op
WorkloadActual  15: 524288 op, 906562000.00 ns, 1.7291 us/op

// AfterActualRun
WorkloadResult   1: 524288 op, 906714300.00 ns, 1.7294 us/op
WorkloadResult   2: 524288 op, 929365000.00 ns, 1.7726 us/op
WorkloadResult   3: 524288 op, 902198200.00 ns, 1.7208 us/op
WorkloadResult   4: 524288 op, 916919600.00 ns, 1.7489 us/op
WorkloadResult   5: 524288 op, 923279200.00 ns, 1.7610 us/op
WorkloadResult   6: 524288 op, 923878500.00 ns, 1.7622 us/op
WorkloadResult   7: 524288 op, 903469200.00 ns, 1.7232 us/op
WorkloadResult   8: 524288 op, 913602200.00 ns, 1.7426 us/op
WorkloadResult   9: 524288 op, 914608500.00 ns, 1.7445 us/op
WorkloadResult  10: 524288 op, 925235000.00 ns, 1.7647 us/op
WorkloadResult  11: 524288 op, 924836300.00 ns, 1.7640 us/op
WorkloadResult  12: 524288 op, 924306900.00 ns, 1.7630 us/op
WorkloadResult  13: 524288 op, 911016400.00 ns, 1.7376 us/op
WorkloadResult  14: 524288 op, 914389100.00 ns, 1.7441 us/op
WorkloadResult  15: 524288 op, 905873900.00 ns, 1.7278 us/op
// GC:  58 0 0 2923429888 524288
// Threading:  0 0 524288

// AfterAll
// Benchmark Process 57852 has exited with code 0.

Mean = 1.747 us, StdErr = 0.004 us (0.25%), N = 15, StdDev = 0.017 us
Min = 1.721 us, Q1 = 1.734 us, Median = 1.744 us, Q3 = 1.763 us, Max = 1.773 us
IQR = 0.029 us, LowerFence = 1.690 us, UpperFence = 1.806 us
ConfidenceInterval = [1.729 us; 1.765 us] (CI 99.9%), Margin = 0.018 us (1.03% of Mean)
Skewness = -0.12, Kurtosis = 1.47, MValue = 2

// ** Remained 32 (53.3%) benchmark(s) to run. Estimated finish 2026-09-21 12:42 (0h 14m from now) **
Setup power plan (GUID: 8c5e7fda-e8bf-4a96-9a85-a6e23a8c635c FriendlyName: High performance)
// **************************
// Benchmark: FixAgainstQuickFix.'A/A ours: parse + read': DefaultJob [From=Compiled, Reading=Binary]
// *** Execute ***
// Launch: 1 / 1
// Execute: dotnet qfcompare-DefaultJob-1.dll --anonymousPipes 2352 1616 --benchmarkName "QfCompare.FixAgainstQuickFix.OursParseAgain(From: Compiled, Reading: Binary)" --job Default --benchmarkId 28 in P:\dotgram.WorkTrees\fix-frozen\.work\qfcompare\bin\Release\net10.0\qfcompare-DefaultJob-1\bin\Release\net10.0
// BeforeAnythingElse

// Benchmark Process Environment Information:
// BenchmarkDotNet v0.15.8
// Runtime=.NET 10.0.12 (10.0.12, 10.0.1226.42308), X64 RyuJIT x86-64-v4
// GC=Concurrent Workstation
// HardwareIntrinsics=AVX512 BITALG+VBMI2+VNNI+VPOPCNTDQ,AVX512 IFMA+VBMI,AVX512 F+BW+CD+DQ+VL,AVX2+BMI1+BMI2+F16C+FMA+LZCNT+MOVBE,AVX,SSE3+SSSE3+SSE4.1+SSE4.2+POPCNT,X86Base+SSE+SSE2,AES+PCLMUL,AvxVnni VectorSize=256
// Job: DefaultJob

OverheadJitting  1: 1 op, 150000.00 ns, 150.0000 us/op
WorkloadJitting  1: 1 op, 167700.00 ns, 167.7000 us/op

OverheadJitting  2: 16 op, 228900.00 ns, 14.3063 us/op
WorkloadJitting  2: 16 op, 366400.00 ns, 22.9000 us/op

WorkloadPilot    1: 16 op, 119800.00 ns, 7.4875 us/op
WorkloadPilot    2: 32 op, 229600.00 ns, 7.1750 us/op
WorkloadPilot    3: 64 op, 451600.00 ns, 7.0563 us/op
WorkloadPilot    4: 128 op, 855600.00 ns, 6.6844 us/op
WorkloadPilot    5: 256 op, 1612000.00 ns, 6.2969 us/op
WorkloadPilot    6: 512 op, 3086200.00 ns, 6.0277 us/op
WorkloadPilot    7: 1024 op, 5827800.00 ns, 5.6912 us/op
WorkloadPilot    8: 2048 op, 11143900.00 ns, 5.4414 us/op
WorkloadPilot    9: 4096 op, 21292700.00 ns, 5.1984 us/op
WorkloadPilot   10: 8192 op, 41400900.00 ns, 5.0538 us/op
WorkloadPilot   11: 16384 op, 86084700.00 ns, 5.2542 us/op
WorkloadPilot   12: 32768 op, 186302200.00 ns, 5.6855 us/op
WorkloadPilot   13: 65536 op, 111285800.00 ns, 1.6981 us/op
WorkloadPilot   14: 131072 op, 118629600.00 ns, 905.0720 ns/op
WorkloadPilot   15: 262144 op, 234651300.00 ns, 895.1237 ns/op
WorkloadPilot   16: 524288 op, 469661400.00 ns, 895.8080 ns/op
WorkloadPilot   17: 1048576 op, 939538900.00 ns, 896.0141 ns/op

OverheadWarmup   1: 1048576 op, 1365600.00 ns, 1.3023 ns/op
OverheadWarmup   2: 1048576 op, 1395700.00 ns, 1.3310 ns/op
OverheadWarmup   3: 1048576 op, 1381300.00 ns, 1.3173 ns/op
OverheadWarmup   4: 1048576 op, 1377200.00 ns, 1.3134 ns/op
OverheadWarmup   5: 1048576 op, 1385900.00 ns, 1.3217 ns/op
OverheadWarmup   6: 1048576 op, 1383700.00 ns, 1.3196 ns/op

OverheadActual   1: 1048576 op, 1377300.00 ns, 1.3135 ns/op
OverheadActual   2: 1048576 op, 1370800.00 ns, 1.3073 ns/op
OverheadActual   3: 1048576 op, 1381000.00 ns, 1.3170 ns/op
OverheadActual   4: 1048576 op, 1382100.00 ns, 1.3181 ns/op
OverheadActual   5: 1048576 op, 1379900.00 ns, 1.3160 ns/op
OverheadActual   6: 1048576 op, 1391600.00 ns, 1.3271 ns/op
OverheadActual   7: 1048576 op, 1375100.00 ns, 1.3114 ns/op
OverheadActual   8: 1048576 op, 1386200.00 ns, 1.3220 ns/op
OverheadActual   9: 1048576 op, 1380900.00 ns, 1.3169 ns/op
OverheadActual  10: 1048576 op, 1368500.00 ns, 1.3051 ns/op
OverheadActual  11: 1048576 op, 1355900.00 ns, 1.2931 ns/op
OverheadActual  12: 1048576 op, 1380000.00 ns, 1.3161 ns/op
OverheadActual  13: 1048576 op, 1393100.00 ns, 1.3286 ns/op
OverheadActual  14: 1048576 op, 1381200.00 ns, 1.3172 ns/op
OverheadActual  15: 1048576 op, 1356500.00 ns, 1.2937 ns/op

WorkloadWarmup   1: 1048576 op, 974552400.00 ns, 929.4056 ns/op
WorkloadWarmup   2: 1048576 op, 996752400.00 ns, 950.5772 ns/op
WorkloadWarmup   3: 1048576 op, 990863500.00 ns, 944.9611 ns/op
WorkloadWarmup   4: 1048576 op, 992541500.00 ns, 946.5613 ns/op
WorkloadWarmup   5: 1048576 op, 999343000.00 ns, 953.0478 ns/op
WorkloadWarmup   6: 1048576 op, 1023127500.00 ns, 975.7304 ns/op
WorkloadWarmup   7: 1048576 op, 1026194000.00 ns, 978.6549 ns/op
WorkloadWarmup   8: 1048576 op, 996474900.00 ns, 950.3125 ns/op

// BeforeActualRun
WorkloadActual   1: 1048576 op, 1024244100.00 ns, 976.7953 ns/op
WorkloadActual   2: 1048576 op, 1007601400.00 ns, 960.9236 ns/op
WorkloadActual   3: 1048576 op, 1016251800.00 ns, 969.1732 ns/op
WorkloadActual   4: 1048576 op, 1009819800.00 ns, 963.0392 ns/op
WorkloadActual   5: 1048576 op, 1001969000.00 ns, 955.5521 ns/op
WorkloadActual   6: 1048576 op, 1006488400.00 ns, 959.8621 ns/op
WorkloadActual   7: 1048576 op, 1019035700.00 ns, 971.8282 ns/op
WorkloadActual   8: 1048576 op, 1011125300.00 ns, 964.2842 ns/op
WorkloadActual   9: 1048576 op, 997184100.00 ns, 950.9889 ns/op
WorkloadActual  10: 1048576 op, 1023776700.00 ns, 976.3495 ns/op
WorkloadActual  11: 1048576 op, 1012160600.00 ns, 965.2716 ns/op
WorkloadActual  12: 1048576 op, 1013663300.00 ns, 966.7047 ns/op
WorkloadActual  13: 1048576 op, 1007389800.00 ns, 960.7218 ns/op
WorkloadActual  14: 1048576 op, 998115300.00 ns, 951.8769 ns/op
WorkloadActual  15: 1048576 op, 1004189500.00 ns, 957.6697 ns/op

// AfterActualRun
WorkloadResult   1: 1048576 op, 1022864100.00 ns, 975.4792 ns/op
WorkloadResult   2: 1048576 op, 1006221400.00 ns, 959.6075 ns/op
WorkloadResult   3: 1048576 op, 1014871800.00 ns, 967.8572 ns/op
WorkloadResult   4: 1048576 op, 1008439800.00 ns, 961.7231 ns/op
WorkloadResult   5: 1048576 op, 1000589000.00 ns, 954.2360 ns/op
WorkloadResult   6: 1048576 op, 1005108400.00 ns, 958.5461 ns/op
WorkloadResult   7: 1048576 op, 1017655700.00 ns, 970.5121 ns/op
WorkloadResult   8: 1048576 op, 1009745300.00 ns, 962.9682 ns/op
WorkloadResult   9: 1048576 op, 995804100.00 ns, 949.6728 ns/op
WorkloadResult  10: 1048576 op, 1022396700.00 ns, 975.0335 ns/op
WorkloadResult  11: 1048576 op, 1010780600.00 ns, 963.9555 ns/op
WorkloadResult  12: 1048576 op, 1012283300.00 ns, 965.3886 ns/op
WorkloadResult  13: 1048576 op, 1006009800.00 ns, 959.4057 ns/op
WorkloadResult  14: 1048576 op, 996735300.00 ns, 950.5609 ns/op
WorkloadResult  15: 1048576 op, 1002809500.00 ns, 956.3537 ns/op
// GC:  60 0 0 3053453312 1048576
// Threading:  0 0 1048576

// AfterAll
// Benchmark Process 49680 has exited with code 0.

Mean = 962.087 ns, StdErr = 2.040 ns (0.21%), N = 15, StdDev = 7.901 ns
Min = 949.673 ns, Q1 = 957.450 ns, Median = 961.723 ns, Q3 = 966.623 ns, Max = 975.479 ns
IQR = 9.173 ns, LowerFence = 943.690 ns, UpperFence = 980.382 ns
ConfidenceInterval = [953.640 ns; 970.533 ns] (CI 99.9%), Margin = 8.446 ns (0.88% of Mean)
Skewness = 0.16, Kurtosis = 1.93, MValue = 2

// ** Remained 31 (51.7%) benchmark(s) to run. Estimated finish 2026-09-21 12:42 (0h 13m from now) **
Setup power plan (GUID: 8c5e7fda-e8bf-4a96-9a85-a6e23a8c635c FriendlyName: High performance)
// **************************
// Benchmark: FixAgainstQuickFix.'A/A QuickFIX/n: parse + read': DefaultJob [From=Compiled, Reading=Binary]
// *** Execute ***
// Launch: 1 / 1
// Execute: dotnet qfcompare-DefaultJob-1.dll --anonymousPipes 2676 1884 --benchmarkName "QfCompare.FixAgainstQuickFix.TheirsParseAgain(From: Compiled, Reading: Binary)" --job Default --benchmarkId 29 in P:\dotgram.WorkTrees\fix-frozen\.work\qfcompare\bin\Release\net10.0\qfcompare-DefaultJob-1\bin\Release\net10.0
// BeforeAnythingElse

// Benchmark Process Environment Information:
// BenchmarkDotNet v0.15.8
// Runtime=.NET 10.0.12 (10.0.12, 10.0.1226.42308), X64 RyuJIT x86-64-v4
// GC=Concurrent Workstation
// HardwareIntrinsics=AVX512 BITALG+VBMI2+VNNI+VPOPCNTDQ,AVX512 IFMA+VBMI,AVX512 F+BW+CD+DQ+VL,AVX2+BMI1+BMI2+F16C+FMA+LZCNT+MOVBE,AVX,SSE3+SSSE3+SSE4.1+SSE4.2+POPCNT,X86Base+SSE+SSE2,AES+PCLMUL,AvxVnni VectorSize=256
// Job: DefaultJob

OverheadJitting  1: 1 op, 115200.00 ns, 115.2000 us/op
WorkloadJitting  1: 1 op, 184900.00 ns, 184.9000 us/op

OverheadJitting  2: 16 op, 241800.00 ns, 15.1125 us/op
WorkloadJitting  2: 16 op, 333900.00 ns, 20.8688 us/op

WorkloadPilot    1: 16 op, 68900.00 ns, 4.3063 us/op
WorkloadPilot    2: 32 op, 139600.00 ns, 4.3625 us/op
WorkloadPilot    3: 64 op, 250400.00 ns, 3.9125 us/op
WorkloadPilot    4: 128 op, 501800.00 ns, 3.9203 us/op
WorkloadPilot    5: 256 op, 1062600.00 ns, 4.1508 us/op
WorkloadPilot    6: 512 op, 1995500.00 ns, 3.8975 us/op
WorkloadPilot    7: 1024 op, 3726200.00 ns, 3.6389 us/op
WorkloadPilot    8: 2048 op, 7248600.00 ns, 3.5394 us/op
WorkloadPilot    9: 4096 op, 14590100.00 ns, 3.5620 us/op
WorkloadPilot   10: 8192 op, 27559800.00 ns, 3.3642 us/op
WorkloadPilot   11: 16384 op, 52039300.00 ns, 3.1762 us/op
WorkloadPilot   12: 32768 op, 74751700.00 ns, 2.2812 us/op
WorkloadPilot   13: 65536 op, 48382300.00 ns, 738.2553 ns/op
WorkloadPilot   14: 131072 op, 97769500.00 ns, 745.9221 ns/op
WorkloadPilot   15: 262144 op, 168857200.00 ns, 644.1391 ns/op
WorkloadPilot   16: 524288 op, 339598900.00 ns, 647.7335 ns/op
WorkloadPilot   17: 1048576 op, 679554500.00 ns, 648.0737 ns/op

OverheadWarmup   1: 1048576 op, 1379700.00 ns, 1.3158 ns/op
OverheadWarmup   2: 1048576 op, 1392600.00 ns, 1.3281 ns/op
OverheadWarmup   3: 1048576 op, 1379100.00 ns, 1.3152 ns/op
OverheadWarmup   4: 1048576 op, 1375400.00 ns, 1.3117 ns/op
OverheadWarmup   5: 1048576 op, 1396400.00 ns, 1.3317 ns/op
OverheadWarmup   6: 1048576 op, 1370300.00 ns, 1.3068 ns/op

OverheadActual   1: 1048576 op, 1374600.00 ns, 1.3109 ns/op
OverheadActual   2: 1048576 op, 1397500.00 ns, 1.3328 ns/op
OverheadActual   3: 1048576 op, 1375000.00 ns, 1.3113 ns/op
OverheadActual   4: 1048576 op, 1385900.00 ns, 1.3217 ns/op
OverheadActual   5: 1048576 op, 1371600.00 ns, 1.3081 ns/op
OverheadActual   6: 1048576 op, 1381400.00 ns, 1.3174 ns/op
OverheadActual   7: 1048576 op, 1371900.00 ns, 1.3083 ns/op
OverheadActual   8: 1048576 op, 1368800.00 ns, 1.3054 ns/op
OverheadActual   9: 1048576 op, 1369200.00 ns, 1.3058 ns/op
OverheadActual  10: 1048576 op, 1370200.00 ns, 1.3067 ns/op
OverheadActual  11: 1048576 op, 1370300.00 ns, 1.3068 ns/op
OverheadActual  12: 1048576 op, 1375200.00 ns, 1.3115 ns/op
OverheadActual  13: 1048576 op, 1374800.00 ns, 1.3111 ns/op
OverheadActual  14: 1048576 op, 1375300.00 ns, 1.3116 ns/op
OverheadActual  15: 1048576 op, 1371800.00 ns, 1.3083 ns/op

WorkloadWarmup   1: 1048576 op, 687272200.00 ns, 655.4338 ns/op
WorkloadWarmup   2: 1048576 op, 703300500.00 ns, 670.7196 ns/op
WorkloadWarmup   3: 1048576 op, 741030900.00 ns, 706.7021 ns/op
WorkloadWarmup   4: 1048576 op, 770216500.00 ns, 734.5357 ns/op
WorkloadWarmup   5: 1048576 op, 727327500.00 ns, 693.6336 ns/op
WorkloadWarmup   6: 1048576 op, 772921200.00 ns, 737.1151 ns/op
WorkloadWarmup   7: 1048576 op, 713200200.00 ns, 680.1607 ns/op

// BeforeActualRun
WorkloadActual   1: 1048576 op, 744608400.00 ns, 710.1139 ns/op
WorkloadActual   2: 1048576 op, 752288700.00 ns, 717.4384 ns/op
WorkloadActual   3: 1048576 op, 717331100.00 ns, 684.1002 ns/op
WorkloadActual   4: 1048576 op, 720958500.00 ns, 687.5596 ns/op
WorkloadActual   5: 1048576 op, 718934900.00 ns, 685.6297 ns/op
WorkloadActual   6: 1048576 op, 721466100.00 ns, 688.0437 ns/op
WorkloadActual   7: 1048576 op, 732967500.00 ns, 699.0123 ns/op
WorkloadActual   8: 1048576 op, 735727700.00 ns, 701.6446 ns/op
WorkloadActual   9: 1048576 op, 741139600.00 ns, 706.8058 ns/op
WorkloadActual  10: 1048576 op, 742434500.00 ns, 708.0407 ns/op
WorkloadActual  11: 1048576 op, 708203100.00 ns, 675.3951 ns/op
WorkloadActual  12: 1048576 op, 739254500.00 ns, 705.0080 ns/op
WorkloadActual  13: 1048576 op, 723626800.00 ns, 690.1043 ns/op
WorkloadActual  14: 1048576 op, 720325900.00 ns, 686.9563 ns/op
WorkloadActual  15: 1048576 op, 732371500.00 ns, 698.4439 ns/op

// AfterActualRun
WorkloadResult   1: 1048576 op, 743233800.00 ns, 708.8030 ns/op
WorkloadResult   2: 1048576 op, 750914100.00 ns, 716.1275 ns/op
WorkloadResult   3: 1048576 op, 715956500.00 ns, 682.7893 ns/op
WorkloadResult   4: 1048576 op, 719583900.00 ns, 686.2487 ns/op
WorkloadResult   5: 1048576 op, 717560300.00 ns, 684.3188 ns/op
WorkloadResult   6: 1048576 op, 720091500.00 ns, 686.7328 ns/op
WorkloadResult   7: 1048576 op, 731592900.00 ns, 697.7014 ns/op
WorkloadResult   8: 1048576 op, 734353100.00 ns, 700.3337 ns/op
WorkloadResult   9: 1048576 op, 739765000.00 ns, 705.4949 ns/op
WorkloadResult  10: 1048576 op, 741059900.00 ns, 706.7298 ns/op
WorkloadResult  11: 1048576 op, 706828500.00 ns, 674.0842 ns/op
WorkloadResult  12: 1048576 op, 737879900.00 ns, 703.6971 ns/op
WorkloadResult  13: 1048576 op, 722252200.00 ns, 688.7934 ns/op
WorkloadResult  14: 1048576 op, 718951300.00 ns, 685.6454 ns/op
WorkloadResult  15: 1048576 op, 730996900.00 ns, 697.1330 ns/op
// GC:  76 0 0 3816816640 1048576
// Threading:  0 0 1048576

// AfterAll
// Benchmark Process 39460 has exited with code 0.

Mean = 694.976 ns, StdErr = 3.065 ns (0.44%), N = 15, StdDev = 11.869 ns
Min = 674.084 ns, Q1 = 685.947 ns, Median = 697.133 ns, Q3 = 704.596 ns, Max = 716.127 ns
IQR = 18.649 ns, LowerFence = 657.974 ns, UpperFence = 732.569 ns
ConfidenceInterval = [682.287 ns; 707.664 ns] (CI 99.9%), Margin = 12.689 ns (1.83% of Mean)
Skewness = 0.05, Kurtosis = 1.75, MValue = 2

// ** Remained 30 (50.0%) benchmark(s) to run. Estimated finish 2026-09-21 12:42 (0h 13m from now) **
Setup power plan (GUID: 8c5e7fda-e8bf-4a96-9a85-a6e23a8c635c FriendlyName: High performance)
// **************************
// Benchmark: FixAgainstQuickFix.'ours: parse + read': DefaultJob [From=Dictionary, Reading=Order]
// *** Execute ***
// Launch: 1 / 1
// Execute: dotnet qfcompare-DefaultJob-1.dll --anonymousPipes 3020 2228 --benchmarkName "QfCompare.FixAgainstQuickFix.OursParse(From: Dictionary, Reading: Order)" --job Default --benchmarkId 30 in P:\dotgram.WorkTrees\fix-frozen\.work\qfcompare\bin\Release\net10.0\qfcompare-DefaultJob-1\bin\Release\net10.0
// BeforeAnythingElse

// Benchmark Process Environment Information:
// BenchmarkDotNet v0.15.8
// Runtime=.NET 10.0.12 (10.0.12, 10.0.1226.42308), X64 RyuJIT x86-64-v4
// GC=Concurrent Workstation
// HardwareIntrinsics=AVX512 BITALG+VBMI2+VNNI+VPOPCNTDQ,AVX512 IFMA+VBMI,AVX512 F+BW+CD+DQ+VL,AVX2+BMI1+BMI2+F16C+FMA+LZCNT+MOVBE,AVX,SSE3+SSSE3+SSE4.1+SSE4.2+POPCNT,X86Base+SSE+SSE2,AES+PCLMUL,AvxVnni VectorSize=256
// Job: DefaultJob

OverheadJitting  1: 1 op, 127000.00 ns, 127.0000 us/op
WorkloadJitting  1: 1 op, 156600.00 ns, 156.6000 us/op

OverheadJitting  2: 16 op, 246800.00 ns, 15.4250 us/op
WorkloadJitting  2: 16 op, 401100.00 ns, 25.0688 us/op

WorkloadPilot    1: 16 op, 151500.00 ns, 9.4688 us/op
WorkloadPilot    2: 32 op, 273600.00 ns, 8.5500 us/op
WorkloadPilot    3: 64 op, 599300.00 ns, 9.3641 us/op
WorkloadPilot    4: 128 op, 1196000.00 ns, 9.3438 us/op
WorkloadPilot    5: 256 op, 2231600.00 ns, 8.7172 us/op
WorkloadPilot    6: 512 op, 4374300.00 ns, 8.5436 us/op
WorkloadPilot    7: 1024 op, 8188300.00 ns, 7.9964 us/op
WorkloadPilot    8: 2048 op, 15294500.00 ns, 7.4680 us/op
WorkloadPilot    9: 4096 op, 29590200.00 ns, 7.2242 us/op
WorkloadPilot   10: 8192 op, 57286700.00 ns, 6.9930 us/op
WorkloadPilot   11: 16384 op, 89585800.00 ns, 5.4679 us/op
WorkloadPilot   12: 32768 op, 56771700.00 ns, 1.7325 us/op
WorkloadPilot   13: 65536 op, 99926600.00 ns, 1.5248 us/op
WorkloadPilot   14: 131072 op, 152771900.00 ns, 1.1656 us/op
WorkloadPilot   15: 262144 op, 305757400.00 ns, 1.1664 us/op
WorkloadPilot   16: 524288 op, 613962100.00 ns, 1.1710 us/op

OverheadWarmup   1: 524288 op, 687500.00 ns, 1.3113 ns/op
OverheadWarmup   2: 524288 op, 695100.00 ns, 1.3258 ns/op
OverheadWarmup   3: 524288 op, 692000.00 ns, 1.3199 ns/op
OverheadWarmup   4: 524288 op, 696000.00 ns, 1.3275 ns/op
OverheadWarmup   5: 524288 op, 691000.00 ns, 1.3180 ns/op

OverheadActual   1: 524288 op, 698600.00 ns, 1.3325 ns/op
OverheadActual   2: 524288 op, 685600.00 ns, 1.3077 ns/op
OverheadActual   3: 524288 op, 687500.00 ns, 1.3113 ns/op
OverheadActual   4: 524288 op, 686200.00 ns, 1.3088 ns/op
OverheadActual   5: 524288 op, 691200.00 ns, 1.3184 ns/op
OverheadActual   6: 524288 op, 687600.00 ns, 1.3115 ns/op
OverheadActual   7: 524288 op, 685700.00 ns, 1.3079 ns/op
OverheadActual   8: 524288 op, 688300.00 ns, 1.3128 ns/op
OverheadActual   9: 524288 op, 684200.00 ns, 1.3050 ns/op
OverheadActual  10: 524288 op, 686200.00 ns, 1.3088 ns/op
OverheadActual  11: 524288 op, 686600.00 ns, 1.3096 ns/op
OverheadActual  12: 524288 op, 695400.00 ns, 1.3264 ns/op
OverheadActual  13: 524288 op, 687400.00 ns, 1.3111 ns/op
OverheadActual  14: 524288 op, 693400.00 ns, 1.3226 ns/op
OverheadActual  15: 524288 op, 687000.00 ns, 1.3103 ns/op

WorkloadWarmup   1: 524288 op, 628120600.00 ns, 1.1980 us/op
WorkloadWarmup   2: 524288 op, 616649200.00 ns, 1.1762 us/op
WorkloadWarmup   3: 524288 op, 640925800.00 ns, 1.2225 us/op
WorkloadWarmup   4: 524288 op, 661360000.00 ns, 1.2614 us/op
WorkloadWarmup   5: 524288 op, 663371400.00 ns, 1.2653 us/op
WorkloadWarmup   6: 524288 op, 655407000.00 ns, 1.2501 us/op
WorkloadWarmup   7: 524288 op, 657476600.00 ns, 1.2540 us/op
WorkloadWarmup   8: 524288 op, 640496500.00 ns, 1.2217 us/op

// BeforeActualRun
WorkloadActual   1: 524288 op, 638894300.00 ns, 1.2186 us/op
WorkloadActual   2: 524288 op, 656666700.00 ns, 1.2525 us/op
WorkloadActual   3: 524288 op, 661013700.00 ns, 1.2608 us/op
WorkloadActual   4: 524288 op, 655319700.00 ns, 1.2499 us/op
WorkloadActual   5: 524288 op, 648548700.00 ns, 1.2370 us/op
WorkloadActual   6: 524288 op, 649198800.00 ns, 1.2382 us/op
WorkloadActual   7: 524288 op, 672801000.00 ns, 1.2833 us/op
WorkloadActual   8: 524288 op, 661371100.00 ns, 1.2615 us/op
WorkloadActual   9: 524288 op, 667429800.00 ns, 1.2730 us/op
WorkloadActual  10: 524288 op, 672530400.00 ns, 1.2827 us/op
WorkloadActual  11: 524288 op, 649520400.00 ns, 1.2389 us/op
WorkloadActual  12: 524288 op, 651668500.00 ns, 1.2430 us/op
WorkloadActual  13: 524288 op, 651774100.00 ns, 1.2432 us/op
WorkloadActual  14: 524288 op, 640707800.00 ns, 1.2221 us/op
WorkloadActual  15: 524288 op, 656360400.00 ns, 1.2519 us/op

// AfterActualRun
WorkloadResult   1: 524288 op, 638206900.00 ns, 1.2173 us/op
WorkloadResult   2: 524288 op, 655979300.00 ns, 1.2512 us/op
WorkloadResult   3: 524288 op, 660326300.00 ns, 1.2595 us/op
WorkloadResult   4: 524288 op, 654632300.00 ns, 1.2486 us/op
WorkloadResult   5: 524288 op, 647861300.00 ns, 1.2357 us/op
WorkloadResult   6: 524288 op, 648511400.00 ns, 1.2369 us/op
WorkloadResult   7: 524288 op, 672113600.00 ns, 1.2820 us/op
WorkloadResult   8: 524288 op, 660683700.00 ns, 1.2602 us/op
WorkloadResult   9: 524288 op, 666742400.00 ns, 1.2717 us/op
WorkloadResult  10: 524288 op, 671843000.00 ns, 1.2814 us/op
WorkloadResult  11: 524288 op, 648833000.00 ns, 1.2376 us/op
WorkloadResult  12: 524288 op, 650981100.00 ns, 1.2416 us/op
WorkloadResult  13: 524288 op, 651086700.00 ns, 1.2418 us/op
WorkloadResult  14: 524288 op, 640020400.00 ns, 1.2207 us/op
WorkloadResult  15: 524288 op, 655673000.00 ns, 1.2506 us/op
// GC:  46 0 0 2311061504 524288
// Threading:  0 0 524288

// AfterAll
// Benchmark Process 50352 has exited with code 0.

Mean = 1.249 us, StdErr = 0.005 us (0.40%), N = 15, StdDev = 0.019 us
Min = 1.217 us, Q1 = 1.237 us, Median = 1.249 us, Q3 = 1.260 us, Max = 1.282 us
IQR = 0.023 us, LowerFence = 1.203 us, UpperFence = 1.294 us
ConfidenceInterval = [1.228 us; 1.270 us] (CI 99.9%), Margin = 0.021 us (1.66% of Mean)
Skewness = 0.2, Kurtosis = 2.03, MValue = 2

// ** Remained 29 (48.3%) benchmark(s) to run. Estimated finish 2026-09-21 12:42 (0h 12m from now) **
Setup power plan (GUID: 8c5e7fda-e8bf-4a96-9a85-a6e23a8c635c FriendlyName: High performance)
// **************************
// Benchmark: FixAgainstQuickFix.'QuickFIX/n: parse + read': DefaultJob [From=Dictionary, Reading=Order]
// *** Execute ***
// Launch: 1 / 1
// Execute: dotnet qfcompare-DefaultJob-1.dll --anonymousPipes 2212 2224 --benchmarkName "QfCompare.FixAgainstQuickFix.TheirsParse(From: Dictionary, Reading: Order)" --job Default --benchmarkId 31 in P:\dotgram.WorkTrees\fix-frozen\.work\qfcompare\bin\Release\net10.0\qfcompare-DefaultJob-1\bin\Release\net10.0
// BeforeAnythingElse

// Benchmark Process Environment Information:
// BenchmarkDotNet v0.15.8
// Runtime=.NET 10.0.12 (10.0.12, 10.0.1226.42308), X64 RyuJIT x86-64-v4
// GC=Concurrent Workstation
// HardwareIntrinsics=AVX512 BITALG+VBMI2+VNNI+VPOPCNTDQ,AVX512 IFMA+VBMI,AVX512 F+BW+CD+DQ+VL,AVX2+BMI1+BMI2+F16C+FMA+LZCNT+MOVBE,AVX,SSE3+SSSE3+SSE4.1+SSE4.2+POPCNT,X86Base+SSE+SSE2,AES+PCLMUL,AvxVnni VectorSize=256
// Job: DefaultJob

OverheadJitting  1: 1 op, 130600.00 ns, 130.6000 us/op
WorkloadJitting  1: 1 op, 153800.00 ns, 153.8000 us/op

OverheadJitting  2: 16 op, 242100.00 ns, 15.1313 us/op
WorkloadJitting  2: 16 op, 335600.00 ns, 20.9750 us/op

WorkloadPilot    1: 16 op, 116300.00 ns, 7.2688 us/op
WorkloadPilot    2: 32 op, 201400.00 ns, 6.2938 us/op
WorkloadPilot    3: 64 op, 430100.00 ns, 6.7203 us/op
WorkloadPilot    4: 128 op, 882900.00 ns, 6.8977 us/op
WorkloadPilot    5: 256 op, 1912500.00 ns, 7.4707 us/op
WorkloadPilot    6: 512 op, 3509500.00 ns, 6.8545 us/op
WorkloadPilot    7: 1024 op, 6615300.00 ns, 6.4603 us/op
WorkloadPilot    8: 2048 op, 12910500.00 ns, 6.3040 us/op
WorkloadPilot    9: 4096 op, 25024900.00 ns, 6.1096 us/op
WorkloadPilot   10: 8192 op, 48482500.00 ns, 5.9183 us/op
WorkloadPilot   11: 16384 op, 84865700.00 ns, 5.1798 us/op
WorkloadPilot   12: 32768 op, 40816000.00 ns, 1.2456 us/op
WorkloadPilot   13: 65536 op, 70700800.00 ns, 1.0788 us/op
WorkloadPilot   14: 131072 op, 139566700.00 ns, 1.0648 us/op
WorkloadPilot   15: 262144 op, 280818900.00 ns, 1.0712 us/op
WorkloadPilot   16: 524288 op, 564021500.00 ns, 1.0758 us/op

OverheadWarmup   1: 524288 op, 684100.00 ns, 1.3048 ns/op
OverheadWarmup   2: 524288 op, 685700.00 ns, 1.3079 ns/op
OverheadWarmup   3: 524288 op, 688000.00 ns, 1.3123 ns/op
OverheadWarmup   4: 524288 op, 690500.00 ns, 1.3170 ns/op
OverheadWarmup   5: 524288 op, 685500.00 ns, 1.3075 ns/op
OverheadWarmup   6: 524288 op, 685800.00 ns, 1.3081 ns/op
OverheadWarmup   7: 524288 op, 689000.00 ns, 1.3142 ns/op
OverheadWarmup   8: 524288 op, 690700.00 ns, 1.3174 ns/op
OverheadWarmup   9: 524288 op, 683800.00 ns, 1.3042 ns/op

OverheadActual   1: 524288 op, 696900.00 ns, 1.3292 ns/op
OverheadActual   2: 524288 op, 687900.00 ns, 1.3121 ns/op
OverheadActual   3: 524288 op, 689200.00 ns, 1.3145 ns/op
OverheadActual   4: 524288 op, 686300.00 ns, 1.3090 ns/op
OverheadActual   5: 524288 op, 692200.00 ns, 1.3203 ns/op
OverheadActual   6: 524288 op, 689800.00 ns, 1.3157 ns/op
OverheadActual   7: 524288 op, 684300.00 ns, 1.3052 ns/op
OverheadActual   8: 524288 op, 681800.00 ns, 1.3004 ns/op
OverheadActual   9: 524288 op, 688700.00 ns, 1.3136 ns/op
OverheadActual  10: 524288 op, 686500.00 ns, 1.3094 ns/op
OverheadActual  11: 524288 op, 687400.00 ns, 1.3111 ns/op
OverheadActual  12: 524288 op, 687000.00 ns, 1.3103 ns/op
OverheadActual  13: 524288 op, 688400.00 ns, 1.3130 ns/op
OverheadActual  14: 524288 op, 694600.00 ns, 1.3248 ns/op
OverheadActual  15: 524288 op, 684000.00 ns, 1.3046 ns/op

WorkloadWarmup   1: 524288 op, 572696700.00 ns, 1.0923 us/op
WorkloadWarmup   2: 524288 op, 563855800.00 ns, 1.0755 us/op
WorkloadWarmup   3: 524288 op, 576579900.00 ns, 1.0997 us/op
WorkloadWarmup   4: 524288 op, 586134900.00 ns, 1.1180 us/op
WorkloadWarmup   5: 524288 op, 597776000.00 ns, 1.1402 us/op
WorkloadWarmup   6: 524288 op, 590561900.00 ns, 1.1264 us/op
WorkloadWarmup   7: 524288 op, 591617000.00 ns, 1.1284 us/op
WorkloadWarmup   8: 524288 op, 609568000.00 ns, 1.1627 us/op
WorkloadWarmup   9: 524288 op, 584646500.00 ns, 1.1151 us/op

// BeforeActualRun
WorkloadActual   1: 524288 op, 635663300.00 ns, 1.2124 us/op
WorkloadActual   2: 524288 op, 589938500.00 ns, 1.1252 us/op
WorkloadActual   3: 524288 op, 598591900.00 ns, 1.1417 us/op
WorkloadActual   4: 524288 op, 592200400.00 ns, 1.1295 us/op
WorkloadActual   5: 524288 op, 601525600.00 ns, 1.1473 us/op
WorkloadActual   6: 524288 op, 603995200.00 ns, 1.1520 us/op
WorkloadActual   7: 524288 op, 605256000.00 ns, 1.1544 us/op
WorkloadActual   8: 524288 op, 588175000.00 ns, 1.1219 us/op
WorkloadActual   9: 524288 op, 604232400.00 ns, 1.1525 us/op
WorkloadActual  10: 524288 op, 596642500.00 ns, 1.1380 us/op
WorkloadActual  11: 524288 op, 593168500.00 ns, 1.1314 us/op
WorkloadActual  12: 524288 op, 592836400.00 ns, 1.1307 us/op
WorkloadActual  13: 524288 op, 594593100.00 ns, 1.1341 us/op
WorkloadActual  14: 524288 op, 593363400.00 ns, 1.1318 us/op
WorkloadActual  15: 524288 op, 596695200.00 ns, 1.1381 us/op

// AfterActualRun
WorkloadResult   1: 524288 op, 589250600.00 ns, 1.1239 us/op
WorkloadResult   2: 524288 op, 597904000.00 ns, 1.1404 us/op
WorkloadResult   3: 524288 op, 591512500.00 ns, 1.1282 us/op
WorkloadResult   4: 524288 op, 600837700.00 ns, 1.1460 us/op
WorkloadResult   5: 524288 op, 603307300.00 ns, 1.1507 us/op
WorkloadResult   6: 524288 op, 604568100.00 ns, 1.1531 us/op
WorkloadResult   7: 524288 op, 587487100.00 ns, 1.1205 us/op
WorkloadResult   8: 524288 op, 603544500.00 ns, 1.1512 us/op
WorkloadResult   9: 524288 op, 595954600.00 ns, 1.1367 us/op
WorkloadResult  10: 524288 op, 592480600.00 ns, 1.1301 us/op
WorkloadResult  11: 524288 op, 592148500.00 ns, 1.1294 us/op
WorkloadResult  12: 524288 op, 593905200.00 ns, 1.1328 us/op
WorkloadResult  13: 524288 op, 592675500.00 ns, 1.1304 us/op
WorkloadResult  14: 524288 op, 596007300.00 ns, 1.1368 us/op
// GC:  48 0 0 2436890624 524288
// Threading:  0 0 524288

// AfterAll
// Benchmark Process 1352 has exited with code 0.

Mean = 1.136 us, StdErr = 0.003 us (0.25%), N = 14, StdDev = 0.010 us
Min = 1.121 us, Q1 = 1.130 us, Median = 1.135 us, Q3 = 1.145 us, Max = 1.153 us
IQR = 0.015 us, LowerFence = 1.107 us, UpperFence = 1.167 us
ConfidenceInterval = [1.125 us; 1.148 us] (CI 99.9%), Margin = 0.012 us (1.04% of Mean)
Skewness = 0.26, Kurtosis = 1.63, MValue = 2

// ** Remained 28 (46.7%) benchmark(s) to run. Estimated finish 2026-09-21 12:42 (0h 12m from now) **
Setup power plan (GUID: 8c5e7fda-e8bf-4a96-9a85-a6e23a8c635c FriendlyName: High performance)
// **************************
// Benchmark: FixAgainstQuickFix.'ours: parse + validate + read': DefaultJob [From=Dictionary, Reading=Order]
// *** Execute ***
// Launch: 1 / 1
// Execute: dotnet qfcompare-DefaultJob-1.dll --anonymousPipes 2284 2280 --benchmarkName "QfCompare.FixAgainstQuickFix.OursParseAndValidate(From: Dictionary, Reading: Order)" --job Default --benchmarkId 32 in P:\dotgram.WorkTrees\fix-frozen\.work\qfcompare\bin\Release\net10.0\qfcompare-DefaultJob-1\bin\Release\net10.0
// BeforeAnythingElse

// Benchmark Process Environment Information:
// BenchmarkDotNet v0.15.8
// Runtime=.NET 10.0.12 (10.0.12, 10.0.1226.42308), X64 RyuJIT x86-64-v4
// GC=Concurrent Workstation
// HardwareIntrinsics=AVX512 BITALG+VBMI2+VNNI+VPOPCNTDQ,AVX512 IFMA+VBMI,AVX512 F+BW+CD+DQ+VL,AVX2+BMI1+BMI2+F16C+FMA+LZCNT+MOVBE,AVX,SSE3+SSSE3+SSE4.1+SSE4.2+POPCNT,X86Base+SSE+SSE2,AES+PCLMUL,AvxVnni VectorSize=256
// Job: DefaultJob

OverheadJitting  1: 1 op, 130300.00 ns, 130.3000 us/op
WorkloadJitting  1: 1 op, 170800.00 ns, 170.8000 us/op

OverheadJitting  2: 16 op, 232600.00 ns, 14.5375 us/op
WorkloadJitting  2: 16 op, 459500.00 ns, 28.7188 us/op

WorkloadPilot    1: 16 op, 209600.00 ns, 13.1000 us/op
WorkloadPilot    2: 32 op, 430100.00 ns, 13.4406 us/op
WorkloadPilot    3: 64 op, 962500.00 ns, 15.0391 us/op
WorkloadPilot    4: 128 op, 1863700.00 ns, 14.5602 us/op
WorkloadPilot    5: 256 op, 3559600.00 ns, 13.9047 us/op
WorkloadPilot    6: 512 op, 6943300.00 ns, 13.5611 us/op
WorkloadPilot    7: 1024 op, 12587300.00 ns, 12.2923 us/op
WorkloadPilot    8: 2048 op, 23324900.00 ns, 11.3891 us/op
WorkloadPilot    9: 4096 op, 45353800.00 ns, 11.0727 us/op
WorkloadPilot   10: 8192 op, 93049300.00 ns, 11.3586 us/op
WorkloadPilot   11: 16384 op, 54406300.00 ns, 3.3207 us/op
WorkloadPilot   12: 32768 op, 63774800.00 ns, 1.9463 us/op
WorkloadPilot   13: 65536 op, 120097900.00 ns, 1.8325 us/op
WorkloadPilot   14: 131072 op, 237074200.00 ns, 1.8087 us/op
WorkloadPilot   15: 262144 op, 472813000.00 ns, 1.8036 us/op
WorkloadPilot   16: 524288 op, 944422400.00 ns, 1.8013 us/op

OverheadWarmup   1: 524288 op, 692500.00 ns, 1.3208 ns/op
OverheadWarmup   2: 524288 op, 693300.00 ns, 1.3224 ns/op
OverheadWarmup   3: 524288 op, 693600.00 ns, 1.3229 ns/op
OverheadWarmup   4: 524288 op, 693100.00 ns, 1.3220 ns/op
OverheadWarmup   5: 524288 op, 697000.00 ns, 1.3294 ns/op
OverheadWarmup   6: 524288 op, 700000.00 ns, 1.3351 ns/op
OverheadWarmup   7: 524288 op, 698300.00 ns, 1.3319 ns/op

OverheadActual   1: 524288 op, 688400.00 ns, 1.3130 ns/op
OverheadActual   2: 524288 op, 692400.00 ns, 1.3206 ns/op
OverheadActual   3: 524288 op, 692100.00 ns, 1.3201 ns/op
OverheadActual   4: 524288 op, 688300.00 ns, 1.3128 ns/op
OverheadActual   5: 524288 op, 691500.00 ns, 1.3189 ns/op
OverheadActual   6: 524288 op, 688900.00 ns, 1.3140 ns/op
OverheadActual   7: 524288 op, 705800.00 ns, 1.3462 ns/op
OverheadActual   8: 524288 op, 717500.00 ns, 1.3685 ns/op
OverheadActual   9: 524288 op, 694200.00 ns, 1.3241 ns/op
OverheadActual  10: 524288 op, 686700.00 ns, 1.3098 ns/op
OverheadActual  11: 524288 op, 695700.00 ns, 1.3269 ns/op
OverheadActual  12: 524288 op, 683100.00 ns, 1.3029 ns/op
OverheadActual  13: 524288 op, 684700.00 ns, 1.3060 ns/op
OverheadActual  14: 524288 op, 691400.00 ns, 1.3187 ns/op
OverheadActual  15: 524288 op, 683500.00 ns, 1.3037 ns/op

WorkloadWarmup   1: 524288 op, 989619500.00 ns, 1.8875 us/op
WorkloadWarmup   2: 524288 op, 1018779200.00 ns, 1.9432 us/op
WorkloadWarmup   3: 524288 op, 1008136400.00 ns, 1.9229 us/op
WorkloadWarmup   4: 524288 op, 1014718500.00 ns, 1.9354 us/op
WorkloadWarmup   5: 524288 op, 1019947400.00 ns, 1.9454 us/op
WorkloadWarmup   6: 524288 op, 1041295100.00 ns, 1.9861 us/op
WorkloadWarmup   7: 524288 op, 1034779700.00 ns, 1.9737 us/op

// BeforeActualRun
WorkloadActual   1: 524288 op, 1055780200.00 ns, 2.0137 us/op
WorkloadActual   2: 524288 op, 1024343100.00 ns, 1.9538 us/op
WorkloadActual   3: 524288 op, 1038279800.00 ns, 1.9804 us/op
WorkloadActual   4: 524288 op, 1049215600.00 ns, 2.0012 us/op
WorkloadActual   5: 524288 op, 1024783400.00 ns, 1.9546 us/op
WorkloadActual   6: 524288 op, 1056371300.00 ns, 2.0149 us/op
WorkloadActual   7: 524288 op, 1014842700.00 ns, 1.9357 us/op
WorkloadActual   8: 524288 op, 1009083100.00 ns, 1.9247 us/op
WorkloadActual   9: 524288 op, 1012916200.00 ns, 1.9320 us/op
WorkloadActual  10: 524288 op, 1027077300.00 ns, 1.9590 us/op
WorkloadActual  11: 524288 op, 1024547900.00 ns, 1.9542 us/op
WorkloadActual  12: 524288 op, 1037887200.00 ns, 1.9796 us/op
WorkloadActual  13: 524288 op, 1038180000.00 ns, 1.9802 us/op
WorkloadActual  14: 524288 op, 1028795400.00 ns, 1.9623 us/op
WorkloadActual  15: 524288 op, 1006450700.00 ns, 1.9197 us/op

// AfterActualRun
WorkloadResult   1: 524288 op, 1055088800.00 ns, 2.0124 us/op
WorkloadResult   2: 524288 op, 1023651700.00 ns, 1.9525 us/op
WorkloadResult   3: 524288 op, 1037588400.00 ns, 1.9790 us/op
WorkloadResult   4: 524288 op, 1048524200.00 ns, 1.9999 us/op
WorkloadResult   5: 524288 op, 1024092000.00 ns, 1.9533 us/op
WorkloadResult   6: 524288 op, 1055679900.00 ns, 2.0135 us/op
WorkloadResult   7: 524288 op, 1014151300.00 ns, 1.9343 us/op
WorkloadResult   8: 524288 op, 1008391700.00 ns, 1.9234 us/op
WorkloadResult   9: 524288 op, 1012224800.00 ns, 1.9307 us/op
WorkloadResult  10: 524288 op, 1026385900.00 ns, 1.9577 us/op
WorkloadResult  11: 524288 op, 1023856500.00 ns, 1.9529 us/op
WorkloadResult  12: 524288 op, 1037195800.00 ns, 1.9783 us/op
WorkloadResult  13: 524288 op, 1037488600.00 ns, 1.9789 us/op
WorkloadResult  14: 524288 op, 1028104000.00 ns, 1.9610 us/op
WorkloadResult  15: 524288 op, 1005759300.00 ns, 1.9183 us/op
// GC:  46 0 0 2327838720 524288
// Threading:  0 0 524288

// AfterAll
// Benchmark Process 24008 has exited with code 0.

Mean = 1.963 us, StdErr = 0.008 us (0.40%), N = 15, StdDev = 0.030 us
Min = 1.918 us, Q1 = 1.943 us, Median = 1.958 us, Q3 = 1.979 us, Max = 2.014 us
IQR = 0.036 us, LowerFence = 1.890 us, UpperFence = 2.032 us
ConfidenceInterval = [1.931 us; 1.995 us] (CI 99.9%), Margin = 0.032 us (1.65% of Mean)
Skewness = 0.23, Kurtosis = 1.79, MValue = 2

// ** Remained 27 (45.0%) benchmark(s) to run. Estimated finish 2026-09-21 12:42 (0h 11m from now) **
Setup power plan (GUID: 8c5e7fda-e8bf-4a96-9a85-a6e23a8c635c FriendlyName: High performance)
// **************************
// Benchmark: FixAgainstQuickFix.'QuickFIX/n: parse + validate + read': DefaultJob [From=Dictionary, Reading=Order]
// *** Execute ***
// Launch: 1 / 1
// Execute: dotnet qfcompare-DefaultJob-1.dll --anonymousPipes 2248 2572 --benchmarkName "QfCompare.FixAgainstQuickFix.TheirsParseAndValidate(From: Dictionary, Reading: Order)" --job Default --benchmarkId 33 in P:\dotgram.WorkTrees\fix-frozen\.work\qfcompare\bin\Release\net10.0\qfcompare-DefaultJob-1\bin\Release\net10.0
// BeforeAnythingElse

// Benchmark Process Environment Information:
// BenchmarkDotNet v0.15.8
// Runtime=.NET 10.0.12 (10.0.12, 10.0.1226.42308), X64 RyuJIT x86-64-v4
// GC=Concurrent Workstation
// HardwareIntrinsics=AVX512 BITALG+VBMI2+VNNI+VPOPCNTDQ,AVX512 IFMA+VBMI,AVX512 F+BW+CD+DQ+VL,AVX2+BMI1+BMI2+F16C+FMA+LZCNT+MOVBE,AVX,SSE3+SSSE3+SSE4.1+SSE4.2+POPCNT,X86Base+SSE+SSE2,AES+PCLMUL,AvxVnni VectorSize=256
// Job: DefaultJob

OverheadJitting  1: 1 op, 130900.00 ns, 130.9000 us/op
WorkloadJitting  1: 1 op, 10095700.00 ns, 10.0957 ms/op

OverheadJitting  2: 16 op, 233500.00 ns, 14.5938 us/op
WorkloadJitting  2: 16 op, 524500.00 ns, 32.7813 us/op

WorkloadPilot    1: 16 op, 288600.00 ns, 18.0375 us/op
WorkloadPilot    2: 32 op, 537100.00 ns, 16.7844 us/op
WorkloadPilot    3: 64 op, 1076900.00 ns, 16.8266 us/op
WorkloadPilot    4: 128 op, 2147500.00 ns, 16.7773 us/op
WorkloadPilot    5: 256 op, 4416800.00 ns, 17.2531 us/op
WorkloadPilot    6: 512 op, 8789400.00 ns, 17.1668 us/op
WorkloadPilot    7: 1024 op, 17186300.00 ns, 16.7835 us/op
WorkloadPilot    8: 2048 op, 32946000.00 ns, 16.0869 us/op
WorkloadPilot    9: 4096 op, 62745300.00 ns, 15.3187 us/op
WorkloadPilot   10: 8192 op, 129219800.00 ns, 15.7739 us/op
WorkloadPilot   11: 16384 op, 160688400.00 ns, 9.8076 us/op
WorkloadPilot   12: 32768 op, 111182400.00 ns, 3.3930 us/op
WorkloadPilot   13: 65536 op, 163953200.00 ns, 2.5017 us/op
WorkloadPilot   14: 131072 op, 329284000.00 ns, 2.5122 us/op
WorkloadPilot   15: 262144 op, 655791100.00 ns, 2.5016 us/op

OverheadWarmup   1: 262144 op, 334500.00 ns, 1.2760 ns/op
OverheadWarmup   2: 262144 op, 334800.00 ns, 1.2772 ns/op
OverheadWarmup   3: 262144 op, 340600.00 ns, 1.2993 ns/op
OverheadWarmup   4: 262144 op, 340300.00 ns, 1.2981 ns/op
OverheadWarmup   5: 262144 op, 340000.00 ns, 1.2970 ns/op
OverheadWarmup   6: 262144 op, 335000.00 ns, 1.2779 ns/op
OverheadWarmup   7: 262144 op, 339400.00 ns, 1.2947 ns/op
OverheadWarmup   8: 262144 op, 336300.00 ns, 1.2829 ns/op

OverheadActual   1: 262144 op, 335400.00 ns, 1.2794 ns/op
OverheadActual   2: 262144 op, 339900.00 ns, 1.2966 ns/op
OverheadActual   3: 262144 op, 340100.00 ns, 1.2974 ns/op
OverheadActual   4: 262144 op, 338600.00 ns, 1.2917 ns/op
OverheadActual   5: 262144 op, 334700.00 ns, 1.2768 ns/op
OverheadActual   6: 262144 op, 335300.00 ns, 1.2791 ns/op
OverheadActual   7: 262144 op, 338300.00 ns, 1.2905 ns/op
OverheadActual   8: 262144 op, 335000.00 ns, 1.2779 ns/op
OverheadActual   9: 262144 op, 334800.00 ns, 1.2772 ns/op
OverheadActual  10: 262144 op, 341700.00 ns, 1.3035 ns/op
OverheadActual  11: 262144 op, 342400.00 ns, 1.3062 ns/op
OverheadActual  12: 262144 op, 336500.00 ns, 1.2836 ns/op
OverheadActual  13: 262144 op, 337600.00 ns, 1.2878 ns/op
OverheadActual  14: 262144 op, 337600.00 ns, 1.2878 ns/op
OverheadActual  15: 262144 op, 335400.00 ns, 1.2794 ns/op

WorkloadWarmup   1: 262144 op, 669149100.00 ns, 2.5526 us/op
WorkloadWarmup   2: 262144 op, 680717300.00 ns, 2.5967 us/op
WorkloadWarmup   3: 262144 op, 697251800.00 ns, 2.6598 us/op
WorkloadWarmup   4: 262144 op, 689433200.00 ns, 2.6300 us/op
WorkloadWarmup   5: 262144 op, 688235900.00 ns, 2.6254 us/op
WorkloadWarmup   6: 262144 op, 688703800.00 ns, 2.6272 us/op
WorkloadWarmup   7: 262144 op, 698085200.00 ns, 2.6630 us/op
WorkloadWarmup   8: 262144 op, 697916700.00 ns, 2.6623 us/op

// BeforeActualRun
WorkloadActual   1: 262144 op, 728424600.00 ns, 2.7787 us/op
WorkloadActual   2: 262144 op, 694438400.00 ns, 2.6491 us/op
WorkloadActual   3: 262144 op, 719978700.00 ns, 2.7465 us/op
WorkloadActual   4: 262144 op, 715925900.00 ns, 2.7310 us/op
WorkloadActual   5: 262144 op, 695516000.00 ns, 2.6532 us/op
WorkloadActual   6: 262144 op, 694899800.00 ns, 2.6508 us/op
WorkloadActual   7: 262144 op, 697134900.00 ns, 2.6594 us/op
WorkloadActual   8: 262144 op, 703516700.00 ns, 2.6837 us/op
WorkloadActual   9: 262144 op, 695512100.00 ns, 2.6532 us/op
WorkloadActual  10: 262144 op, 701004900.00 ns, 2.6741 us/op
WorkloadActual  11: 262144 op, 692257800.00 ns, 2.6408 us/op
WorkloadActual  12: 262144 op, 688592500.00 ns, 2.6268 us/op
WorkloadActual  13: 262144 op, 695381100.00 ns, 2.6527 us/op
WorkloadActual  14: 262144 op, 705230800.00 ns, 2.6902 us/op
WorkloadActual  15: 262144 op, 686656700.00 ns, 2.6194 us/op

// AfterActualRun
WorkloadResult   1: 262144 op, 694100800.00 ns, 2.6478 us/op
WorkloadResult   2: 262144 op, 715588300.00 ns, 2.7298 us/op
WorkloadResult   3: 262144 op, 695178400.00 ns, 2.6519 us/op
WorkloadResult   4: 262144 op, 694562200.00 ns, 2.6495 us/op
WorkloadResult   5: 262144 op, 696797300.00 ns, 2.6581 us/op
WorkloadResult   6: 262144 op, 703179100.00 ns, 2.6824 us/op
WorkloadResult   7: 262144 op, 695174500.00 ns, 2.6519 us/op
WorkloadResult   8: 262144 op, 700667300.00 ns, 2.6728 us/op
WorkloadResult   9: 262144 op, 691920200.00 ns, 2.6395 us/op
WorkloadResult  10: 262144 op, 688254900.00 ns, 2.6255 us/op
WorkloadResult  11: 262144 op, 695043500.00 ns, 2.6514 us/op
WorkloadResult  12: 262144 op, 704893200.00 ns, 2.6890 us/op
WorkloadResult  13: 262144 op, 686319100.00 ns, 2.6181 us/op
// GC:  35 0 0 1759510528 262144
// Threading:  0 0 262144

// AfterAll
// Benchmark Process 27388 has exited with code 0.

Mean = 2.659 us, StdErr = 0.008 us (0.30%), N = 13, StdDev = 0.029 us
Min = 2.618 us, Q1 = 2.648 us, Median = 2.652 us, Q3 = 2.673 us, Max = 2.730 us
IQR = 0.025 us, LowerFence = 2.610 us, UpperFence = 2.710 us
ConfidenceInterval = [2.624 us; 2.694 us] (CI 99.9%), Margin = 0.035 us (1.31% of Mean)
Skewness = 0.86, Kurtosis = 3.24, MValue = 2

// ** Remained 26 (43.3%) benchmark(s) to run. Estimated finish 2026-09-21 12:41 (0h 11m from now) **
Setup power plan (GUID: 8c5e7fda-e8bf-4a96-9a85-a6e23a8c635c FriendlyName: High performance)
// **************************
// Benchmark: FixAgainstQuickFix.'A/A ours: parse + read': DefaultJob [From=Dictionary, Reading=Order]
// *** Execute ***
// Launch: 1 / 1
// Execute: dotnet qfcompare-DefaultJob-1.dll --anonymousPipes 2212 2224 --benchmarkName "QfCompare.FixAgainstQuickFix.OursParseAgain(From: Dictionary, Reading: Order)" --job Default --benchmarkId 34 in P:\dotgram.WorkTrees\fix-frozen\.work\qfcompare\bin\Release\net10.0\qfcompare-DefaultJob-1\bin\Release\net10.0
// BeforeAnythingElse

// Benchmark Process Environment Information:
// BenchmarkDotNet v0.15.8
// Runtime=.NET 10.0.12 (10.0.12, 10.0.1226.42308), X64 RyuJIT x86-64-v4
// GC=Concurrent Workstation
// HardwareIntrinsics=AVX512 BITALG+VBMI2+VNNI+VPOPCNTDQ,AVX512 IFMA+VBMI,AVX512 F+BW+CD+DQ+VL,AVX2+BMI1+BMI2+F16C+FMA+LZCNT+MOVBE,AVX,SSE3+SSSE3+SSE4.1+SSE4.2+POPCNT,X86Base+SSE+SSE2,AES+PCLMUL,AvxVnni VectorSize=256
// Job: DefaultJob

OverheadJitting  1: 1 op, 139100.00 ns, 139.1000 us/op
WorkloadJitting  1: 1 op, 185500.00 ns, 185.5000 us/op

OverheadJitting  2: 16 op, 230400.00 ns, 14.4000 us/op
WorkloadJitting  2: 16 op, 378000.00 ns, 23.6250 us/op

WorkloadPilot    1: 16 op, 152200.00 ns, 9.5125 us/op
WorkloadPilot    2: 32 op, 275200.00 ns, 8.6000 us/op
WorkloadPilot    3: 64 op, 607600.00 ns, 9.4938 us/op
WorkloadPilot    4: 128 op, 1190900.00 ns, 9.3039 us/op
WorkloadPilot    5: 256 op, 2230000.00 ns, 8.7109 us/op
WorkloadPilot    6: 512 op, 4614900.00 ns, 9.0135 us/op
WorkloadPilot    7: 1024 op, 8159800.00 ns, 7.9686 us/op
WorkloadPilot    8: 2048 op, 14932000.00 ns, 7.2910 us/op
WorkloadPilot    9: 4096 op, 29532200.00 ns, 7.2100 us/op
WorkloadPilot   10: 8192 op, 56980800.00 ns, 6.9557 us/op
WorkloadPilot   11: 16384 op, 81254100.00 ns, 4.9594 us/op
WorkloadPilot   12: 32768 op, 47929500.00 ns, 1.4627 us/op
WorkloadPilot   13: 65536 op, 84475000.00 ns, 1.2890 us/op
WorkloadPilot   14: 131072 op, 155181900.00 ns, 1.1839 us/op
WorkloadPilot   15: 262144 op, 307732900.00 ns, 1.1739 us/op
WorkloadPilot   16: 524288 op, 613916000.00 ns, 1.1710 us/op

OverheadWarmup   1: 524288 op, 682300.00 ns, 1.3014 ns/op
OverheadWarmup   2: 524288 op, 690100.00 ns, 1.3163 ns/op
OverheadWarmup   3: 524288 op, 681800.00 ns, 1.3004 ns/op
OverheadWarmup   4: 524288 op, 696900.00 ns, 1.3292 ns/op
OverheadWarmup   5: 524288 op, 691500.00 ns, 1.3189 ns/op

OverheadActual   1: 524288 op, 687300.00 ns, 1.3109 ns/op
OverheadActual   2: 524288 op, 699200.00 ns, 1.3336 ns/op
OverheadActual   3: 524288 op, 696600.00 ns, 1.3287 ns/op
OverheadActual   4: 524288 op, 695200.00 ns, 1.3260 ns/op
OverheadActual   5: 524288 op, 693900.00 ns, 1.3235 ns/op
OverheadActual   6: 524288 op, 699100.00 ns, 1.3334 ns/op
OverheadActual   7: 524288 op, 687900.00 ns, 1.3121 ns/op
OverheadActual   8: 524288 op, 697100.00 ns, 1.3296 ns/op
OverheadActual   9: 524288 op, 687700.00 ns, 1.3117 ns/op
OverheadActual  10: 524288 op, 684400.00 ns, 1.3054 ns/op
OverheadActual  11: 524288 op, 683200.00 ns, 1.3031 ns/op
OverheadActual  12: 524288 op, 686400.00 ns, 1.3092 ns/op
OverheadActual  13: 524288 op, 687700.00 ns, 1.3117 ns/op
OverheadActual  14: 524288 op, 683900.00 ns, 1.3044 ns/op
OverheadActual  15: 524288 op, 682300.00 ns, 1.3014 ns/op

WorkloadWarmup   1: 524288 op, 624860700.00 ns, 1.1918 us/op
WorkloadWarmup   2: 524288 op, 616010100.00 ns, 1.1749 us/op
WorkloadWarmup   3: 524288 op, 644605700.00 ns, 1.2295 us/op
WorkloadWarmup   4: 524288 op, 665006100.00 ns, 1.2684 us/op
WorkloadWarmup   5: 524288 op, 651383800.00 ns, 1.2424 us/op
WorkloadWarmup   6: 524288 op, 671232700.00 ns, 1.2803 us/op
WorkloadWarmup   7: 524288 op, 650571800.00 ns, 1.2409 us/op

// BeforeActualRun
WorkloadActual   1: 524288 op, 645177100.00 ns, 1.2306 us/op
WorkloadActual   2: 524288 op, 673509500.00 ns, 1.2846 us/op
WorkloadActual   3: 524288 op, 652920700.00 ns, 1.2453 us/op
WorkloadActual   4: 524288 op, 650235200.00 ns, 1.2402 us/op
WorkloadActual   5: 524288 op, 651022500.00 ns, 1.2417 us/op
WorkloadActual   6: 524288 op, 644180400.00 ns, 1.2287 us/op
WorkloadActual   7: 524288 op, 653624400.00 ns, 1.2467 us/op
WorkloadActual   8: 524288 op, 647943800.00 ns, 1.2359 us/op
WorkloadActual   9: 524288 op, 669086900.00 ns, 1.2762 us/op
WorkloadActual  10: 524288 op, 661073200.00 ns, 1.2609 us/op
WorkloadActual  11: 524288 op, 645560100.00 ns, 1.2313 us/op
WorkloadActual  12: 524288 op, 653599000.00 ns, 1.2466 us/op
WorkloadActual  13: 524288 op, 678032700.00 ns, 1.2932 us/op
WorkloadActual  14: 524288 op, 669942200.00 ns, 1.2778 us/op
WorkloadActual  15: 524288 op, 660388100.00 ns, 1.2596 us/op

// AfterActualRun
WorkloadResult   1: 524288 op, 644489400.00 ns, 1.2293 us/op
WorkloadResult   2: 524288 op, 672821800.00 ns, 1.2833 us/op
WorkloadResult   3: 524288 op, 652233000.00 ns, 1.2440 us/op
WorkloadResult   4: 524288 op, 649547500.00 ns, 1.2389 us/op
WorkloadResult   5: 524288 op, 650334800.00 ns, 1.2404 us/op
WorkloadResult   6: 524288 op, 643492700.00 ns, 1.2274 us/op
WorkloadResult   7: 524288 op, 652936700.00 ns, 1.2454 us/op
WorkloadResult   8: 524288 op, 647256100.00 ns, 1.2345 us/op
WorkloadResult   9: 524288 op, 668399200.00 ns, 1.2749 us/op
WorkloadResult  10: 524288 op, 660385500.00 ns, 1.2596 us/op
WorkloadResult  11: 524288 op, 644872400.00 ns, 1.2300 us/op
WorkloadResult  12: 524288 op, 652911300.00 ns, 1.2453 us/op
WorkloadResult  13: 524288 op, 677345000.00 ns, 1.2919 us/op
WorkloadResult  14: 524288 op, 669254500.00 ns, 1.2765 us/op
WorkloadResult  15: 524288 op, 659700400.00 ns, 1.2583 us/op
// GC:  46 0 0 2311061504 524288
// Threading:  0 0 524288

// AfterAll
// Benchmark Process 57976 has exited with code 0.

Mean = 1.252 us, StdErr = 0.005 us (0.43%), N = 15, StdDev = 0.021 us
Min = 1.227 us, Q1 = 1.237 us, Median = 1.245 us, Q3 = 1.267 us, Max = 1.292 us
IQR = 0.030 us, LowerFence = 1.191 us, UpperFence = 1.313 us
ConfidenceInterval = [1.230 us; 1.274 us] (CI 99.9%), Margin = 0.022 us (1.79% of Mean)
Skewness = 0.54, Kurtosis = 1.78, MValue = 2

// ** Remained 25 (41.7%) benchmark(s) to run. Estimated finish 2026-09-21 12:41 (0h 10m from now) **
Setup power plan (GUID: 8c5e7fda-e8bf-4a96-9a85-a6e23a8c635c FriendlyName: High performance)
// **************************
// Benchmark: FixAgainstQuickFix.'A/A QuickFIX/n: parse + read': DefaultJob [From=Dictionary, Reading=Order]
// *** Execute ***
// Launch: 1 / 1
// Execute: dotnet qfcompare-DefaultJob-1.dll --anonymousPipes 2572 2276 --benchmarkName "QfCompare.FixAgainstQuickFix.TheirsParseAgain(From: Dictionary, Reading: Order)" --job Default --benchmarkId 35 in P:\dotgram.WorkTrees\fix-frozen\.work\qfcompare\bin\Release\net10.0\qfcompare-DefaultJob-1\bin\Release\net10.0
// BeforeAnythingElse

// Benchmark Process Environment Information:
// BenchmarkDotNet v0.15.8
// Runtime=.NET 10.0.12 (10.0.12, 10.0.1226.42308), X64 RyuJIT x86-64-v4
// GC=Concurrent Workstation
// HardwareIntrinsics=AVX512 BITALG+VBMI2+VNNI+VPOPCNTDQ,AVX512 IFMA+VBMI,AVX512 F+BW+CD+DQ+VL,AVX2+BMI1+BMI2+F16C+FMA+LZCNT+MOVBE,AVX,SSE3+SSSE3+SSE4.1+SSE4.2+POPCNT,X86Base+SSE+SSE2,AES+PCLMUL,AvxVnni VectorSize=256
// Job: DefaultJob

OverheadJitting  1: 1 op, 154300.00 ns, 154.3000 us/op
WorkloadJitting  1: 1 op, 196400.00 ns, 196.4000 us/op

OverheadJitting  2: 16 op, 234200.00 ns, 14.6375 us/op
WorkloadJitting  2: 16 op, 365200.00 ns, 22.8250 us/op

WorkloadPilot    1: 16 op, 116400.00 ns, 7.2750 us/op
WorkloadPilot    2: 32 op, 215200.00 ns, 6.7250 us/op
WorkloadPilot    3: 64 op, 424800.00 ns, 6.6375 us/op
WorkloadPilot    4: 128 op, 867100.00 ns, 6.7742 us/op
WorkloadPilot    5: 256 op, 1807000.00 ns, 7.0586 us/op
WorkloadPilot    6: 512 op, 3486300.00 ns, 6.8092 us/op
WorkloadPilot    7: 1024 op, 6717800.00 ns, 6.5604 us/op
WorkloadPilot    8: 2048 op, 13188000.00 ns, 6.4395 us/op
WorkloadPilot    9: 4096 op, 25303100.00 ns, 6.1775 us/op
WorkloadPilot   10: 8192 op, 48771000.00 ns, 5.9535 us/op
WorkloadPilot   11: 16384 op, 79207200.00 ns, 4.8344 us/op
WorkloadPilot   12: 32768 op, 39245800.00 ns, 1.1977 us/op
WorkloadPilot   13: 65536 op, 69918900.00 ns, 1.0669 us/op
WorkloadPilot   14: 131072 op, 139629700.00 ns, 1.0653 us/op
WorkloadPilot   15: 262144 op, 275640400.00 ns, 1.0515 us/op
WorkloadPilot   16: 524288 op, 550849500.00 ns, 1.0507 us/op

OverheadWarmup   1: 524288 op, 686500.00 ns, 1.3094 ns/op
OverheadWarmup   2: 524288 op, 686100.00 ns, 1.3086 ns/op
OverheadWarmup   3: 524288 op, 682600.00 ns, 1.3020 ns/op
OverheadWarmup   4: 524288 op, 697400.00 ns, 1.3302 ns/op
OverheadWarmup   5: 524288 op, 685300.00 ns, 1.3071 ns/op
OverheadWarmup   6: 524288 op, 683200.00 ns, 1.3031 ns/op
OverheadWarmup   7: 524288 op, 693500.00 ns, 1.3227 ns/op
OverheadWarmup   8: 524288 op, 700400.00 ns, 1.3359 ns/op
OverheadWarmup   9: 524288 op, 685500.00 ns, 1.3075 ns/op

OverheadActual   1: 524288 op, 707100.00 ns, 1.3487 ns/op
OverheadActual   2: 524288 op, 680700.00 ns, 1.2983 ns/op
OverheadActual   3: 524288 op, 685100.00 ns, 1.3067 ns/op
OverheadActual   4: 524288 op, 693000.00 ns, 1.3218 ns/op
OverheadActual   5: 524288 op, 688300.00 ns, 1.3128 ns/op
OverheadActual   6: 524288 op, 682100.00 ns, 1.3010 ns/op
OverheadActual   7: 524288 op, 685100.00 ns, 1.3067 ns/op
OverheadActual   8: 524288 op, 683400.00 ns, 1.3035 ns/op
OverheadActual   9: 524288 op, 686700.00 ns, 1.3098 ns/op
OverheadActual  10: 524288 op, 685800.00 ns, 1.3081 ns/op
OverheadActual  11: 524288 op, 687300.00 ns, 1.3109 ns/op
OverheadActual  12: 524288 op, 683700.00 ns, 1.3041 ns/op
OverheadActual  13: 524288 op, 692300.00 ns, 1.3205 ns/op
OverheadActual  14: 524288 op, 728900.00 ns, 1.3903 ns/op
OverheadActual  15: 524288 op, 685300.00 ns, 1.3071 ns/op

WorkloadWarmup   1: 524288 op, 561753100.00 ns, 1.0715 us/op
WorkloadWarmup   2: 524288 op, 556778700.00 ns, 1.0620 us/op
WorkloadWarmup   3: 524288 op, 563939900.00 ns, 1.0756 us/op
WorkloadWarmup   4: 524288 op, 603868000.00 ns, 1.1518 us/op
WorkloadWarmup   5: 524288 op, 589028500.00 ns, 1.1235 us/op
WorkloadWarmup   6: 524288 op, 596470300.00 ns, 1.1377 us/op
WorkloadWarmup   7: 524288 op, 606619500.00 ns, 1.1570 us/op
WorkloadWarmup   8: 524288 op, 584410000.00 ns, 1.1147 us/op

// BeforeActualRun
WorkloadActual   1: 524288 op, 641808200.00 ns, 1.2242 us/op
WorkloadActual   2: 524288 op, 592304400.00 ns, 1.1297 us/op
WorkloadActual   3: 524288 op, 607355900.00 ns, 1.1584 us/op
WorkloadActual   4: 524288 op, 581255800.00 ns, 1.1087 us/op
WorkloadActual   5: 524288 op, 617650300.00 ns, 1.1781 us/op
WorkloadActual   6: 524288 op, 601605800.00 ns, 1.1475 us/op
WorkloadActual   7: 524288 op, 585476800.00 ns, 1.1167 us/op
WorkloadActual   8: 524288 op, 608847200.00 ns, 1.1613 us/op
WorkloadActual   9: 524288 op, 589931100.00 ns, 1.1252 us/op
WorkloadActual  10: 524288 op, 584820100.00 ns, 1.1155 us/op
WorkloadActual  11: 524288 op, 601634400.00 ns, 1.1475 us/op
WorkloadActual  12: 524288 op, 631435600.00 ns, 1.2044 us/op
WorkloadActual  13: 524288 op, 600988100.00 ns, 1.1463 us/op
WorkloadActual  14: 524288 op, 610133300.00 ns, 1.1637 us/op
WorkloadActual  15: 524288 op, 585274200.00 ns, 1.1163 us/op
WorkloadActual  16: 524288 op, 621016100.00 ns, 1.1845 us/op
WorkloadActual  17: 524288 op, 585928200.00 ns, 1.1176 us/op
WorkloadActual  18: 524288 op, 600326000.00 ns, 1.1450 us/op
WorkloadActual  19: 524288 op, 612804300.00 ns, 1.1688 us/op
WorkloadActual  20: 524288 op, 577903300.00 ns, 1.1023 us/op
WorkloadActual  21: 524288 op, 592001600.00 ns, 1.1292 us/op
WorkloadActual  22: 524288 op, 598495800.00 ns, 1.1415 us/op
WorkloadActual  23: 524288 op, 593594500.00 ns, 1.1322 us/op
WorkloadActual  24: 524288 op, 580592100.00 ns, 1.1074 us/op
WorkloadActual  25: 524288 op, 610280500.00 ns, 1.1640 us/op
WorkloadActual  26: 524288 op, 605875400.00 ns, 1.1556 us/op

// AfterActualRun
WorkloadResult   1: 524288 op, 641122400.00 ns, 1.2228 us/op
WorkloadResult   2: 524288 op, 591618600.00 ns, 1.1284 us/op
WorkloadResult   3: 524288 op, 606670100.00 ns, 1.1571 us/op
WorkloadResult   4: 524288 op, 580570000.00 ns, 1.1073 us/op
WorkloadResult   5: 524288 op, 616964500.00 ns, 1.1768 us/op
WorkloadResult   6: 524288 op, 600920000.00 ns, 1.1462 us/op
WorkloadResult   7: 524288 op, 584791000.00 ns, 1.1154 us/op
WorkloadResult   8: 524288 op, 608161400.00 ns, 1.1600 us/op
WorkloadResult   9: 524288 op, 589245300.00 ns, 1.1239 us/op
WorkloadResult  10: 524288 op, 584134300.00 ns, 1.1141 us/op
WorkloadResult  11: 524288 op, 600948600.00 ns, 1.1462 us/op
WorkloadResult  12: 524288 op, 630749800.00 ns, 1.2031 us/op
WorkloadResult  13: 524288 op, 600302300.00 ns, 1.1450 us/op
WorkloadResult  14: 524288 op, 609447500.00 ns, 1.1624 us/op
WorkloadResult  15: 524288 op, 584588400.00 ns, 1.1150 us/op
WorkloadResult  16: 524288 op, 620330300.00 ns, 1.1832 us/op
WorkloadResult  17: 524288 op, 585242400.00 ns, 1.1163 us/op
WorkloadResult  18: 524288 op, 599640200.00 ns, 1.1437 us/op
WorkloadResult  19: 524288 op, 612118500.00 ns, 1.1675 us/op
WorkloadResult  20: 524288 op, 577217500.00 ns, 1.1010 us/op
WorkloadResult  21: 524288 op, 591315800.00 ns, 1.1278 us/op
WorkloadResult  22: 524288 op, 597810000.00 ns, 1.1402 us/op
WorkloadResult  23: 524288 op, 592908700.00 ns, 1.1309 us/op
WorkloadResult  24: 524288 op, 579906300.00 ns, 1.1061 us/op
WorkloadResult  25: 524288 op, 609594700.00 ns, 1.1627 us/op
WorkloadResult  26: 524288 op, 605189600.00 ns, 1.1543 us/op
// GC:  48 0 0 2436890624 524288
// Threading:  0 0 524288

// AfterAll
// Benchmark Process 58676 has exited with code 0.

Mean = 1.145 us, StdErr = 0.006 us (0.52%), N = 26, StdDev = 0.030 us
Min = 1.101 us, Q1 = 1.118 us, Median = 1.144 us, Q3 = 1.162 us, Max = 1.223 us
IQR = 0.044 us, LowerFence = 1.053 us, UpperFence = 1.227 us
ConfidenceInterval = [1.122 us; 1.167 us] (CI 99.9%), Margin = 0.022 us (1.94% of Mean)
Skewness = 0.67, Kurtosis = 2.89, MValue = 2

// ** Remained 24 (40.0%) benchmark(s) to run. Estimated finish 2026-09-21 12:41 (0h 10m from now) **
Setup power plan (GUID: 8c5e7fda-e8bf-4a96-9a85-a6e23a8c635c FriendlyName: High performance)
// **************************
// Benchmark: FixAgainstQuickFix.'ours: parse + read': DefaultJob [From=Dictionary, Reading=Parties]
// *** Execute ***
// Launch: 1 / 1
// Execute: dotnet qfcompare-DefaultJob-1.dll --anonymousPipes 2576 2584 --benchmarkName "QfCompare.FixAgainstQuickFix.OursParse(From: Dictionary, Reading: Parties)" --job Default --benchmarkId 36 in P:\dotgram.WorkTrees\fix-frozen\.work\qfcompare\bin\Release\net10.0\qfcompare-DefaultJob-1\bin\Release\net10.0
// BeforeAnythingElse

// Benchmark Process Environment Information:
// BenchmarkDotNet v0.15.8
// Runtime=.NET 10.0.12 (10.0.12, 10.0.1226.42308), X64 RyuJIT x86-64-v4
// GC=Concurrent Workstation
// HardwareIntrinsics=AVX512 BITALG+VBMI2+VNNI+VPOPCNTDQ,AVX512 IFMA+VBMI,AVX512 F+BW+CD+DQ+VL,AVX2+BMI1+BMI2+F16C+FMA+LZCNT+MOVBE,AVX,SSE3+SSSE3+SSE4.1+SSE4.2+POPCNT,X86Base+SSE+SSE2,AES+PCLMUL,AvxVnni VectorSize=256
// Job: DefaultJob

OverheadJitting  1: 1 op, 208400.00 ns, 208.4000 us/op
WorkloadJitting  1: 1 op, 174600.00 ns, 174.6000 us/op

OverheadJitting  2: 16 op, 224600.00 ns, 14.0375 us/op
WorkloadJitting  2: 16 op, 430700.00 ns, 26.9188 us/op

WorkloadPilot    1: 16 op, 215300.00 ns, 13.4563 us/op
WorkloadPilot    2: 32 op, 449300.00 ns, 14.0406 us/op
WorkloadPilot    3: 64 op, 927700.00 ns, 14.4953 us/op
WorkloadPilot    4: 128 op, 1699200.00 ns, 13.2750 us/op
WorkloadPilot    5: 256 op, 3423200.00 ns, 13.3719 us/op
WorkloadPilot    6: 512 op, 6379900.00 ns, 12.4607 us/op
WorkloadPilot    7: 1024 op, 11609100.00 ns, 11.3370 us/op
WorkloadPilot    8: 2048 op, 21911900.00 ns, 10.6992 us/op
WorkloadPilot    9: 4096 op, 42401900.00 ns, 10.3520 us/op
WorkloadPilot   10: 8192 op, 101457500.00 ns, 12.3849 us/op
WorkloadPilot   11: 16384 op, 195259200.00 ns, 11.9177 us/op
WorkloadPilot   12: 32768 op, 83923500.00 ns, 2.5611 us/op
WorkloadPilot   13: 65536 op, 122223400.00 ns, 1.8650 us/op
WorkloadPilot   14: 131072 op, 242237500.00 ns, 1.8481 us/op
WorkloadPilot   15: 262144 op, 482213200.00 ns, 1.8395 us/op
WorkloadPilot   16: 524288 op, 968248400.00 ns, 1.8468 us/op

OverheadWarmup   1: 524288 op, 666500.00 ns, 1.2712 ns/op
OverheadWarmup   2: 524288 op, 670200.00 ns, 1.2783 ns/op
OverheadWarmup   3: 524288 op, 669000.00 ns, 1.2760 ns/op
OverheadWarmup   4: 524288 op, 677700.00 ns, 1.2926 ns/op
OverheadWarmup   5: 524288 op, 670900.00 ns, 1.2796 ns/op

OverheadActual   1: 524288 op, 678000.00 ns, 1.2932 ns/op
OverheadActual   2: 524288 op, 694000.00 ns, 1.3237 ns/op
OverheadActual   3: 524288 op, 678200.00 ns, 1.2936 ns/op
OverheadActual   4: 524288 op, 674600.00 ns, 1.2867 ns/op
OverheadActual   5: 524288 op, 681700.00 ns, 1.3002 ns/op
OverheadActual   6: 524288 op, 675300.00 ns, 1.2880 ns/op
OverheadActual   7: 524288 op, 679900.00 ns, 1.2968 ns/op
OverheadActual   8: 524288 op, 674400.00 ns, 1.2863 ns/op
OverheadActual   9: 524288 op, 675900.00 ns, 1.2892 ns/op
OverheadActual  10: 524288 op, 674400.00 ns, 1.2863 ns/op
OverheadActual  11: 524288 op, 688700.00 ns, 1.3136 ns/op
OverheadActual  12: 524288 op, 677900.00 ns, 1.2930 ns/op
OverheadActual  13: 524288 op, 673100.00 ns, 1.2838 ns/op
OverheadActual  14: 524288 op, 676600.00 ns, 1.2905 ns/op
OverheadActual  15: 524288 op, 673700.00 ns, 1.2850 ns/op

WorkloadWarmup   1: 524288 op, 1031782900.00 ns, 1.9680 us/op
WorkloadWarmup   2: 524288 op, 1024440300.00 ns, 1.9540 us/op
WorkloadWarmup   3: 524288 op, 1086106500.00 ns, 2.0716 us/op
WorkloadWarmup   4: 524288 op, 1058582100.00 ns, 2.0191 us/op
WorkloadWarmup   5: 524288 op, 1041991000.00 ns, 1.9874 us/op
WorkloadWarmup   6: 524288 op, 1034983800.00 ns, 1.9741 us/op
WorkloadWarmup   7: 524288 op, 1030136200.00 ns, 1.9648 us/op
WorkloadWarmup   8: 524288 op, 1048992700.00 ns, 2.0008 us/op
WorkloadWarmup   9: 524288 op, 1042879000.00 ns, 1.9891 us/op

// BeforeActualRun
WorkloadActual   1: 524288 op, 1028672300.00 ns, 1.9620 us/op
WorkloadActual   2: 524288 op, 1022674800.00 ns, 1.9506 us/op
WorkloadActual   3: 524288 op, 1048937600.00 ns, 2.0007 us/op
WorkloadActual   4: 524288 op, 1052598000.00 ns, 2.0077 us/op
WorkloadActual   5: 524288 op, 1046656000.00 ns, 1.9963 us/op
WorkloadActual   6: 524288 op, 1033800800.00 ns, 1.9718 us/op
WorkloadActual   7: 524288 op, 1036202100.00 ns, 1.9764 us/op
WorkloadActual   8: 524288 op, 1022000100.00 ns, 1.9493 us/op
WorkloadActual   9: 524288 op, 1012526900.00 ns, 1.9312 us/op
WorkloadActual  10: 524288 op, 1021343700.00 ns, 1.9481 us/op
WorkloadActual  11: 524288 op, 1015513600.00 ns, 1.9369 us/op
WorkloadActual  12: 524288 op, 1021528600.00 ns, 1.9484 us/op
WorkloadActual  13: 524288 op, 1031841500.00 ns, 1.9681 us/op
WorkloadActual  14: 524288 op, 1037553900.00 ns, 1.9790 us/op
WorkloadActual  15: 524288 op, 1046163400.00 ns, 1.9954 us/op

// AfterActualRun
WorkloadResult   1: 524288 op, 1027995700.00 ns, 1.9607 us/op
WorkloadResult   2: 524288 op, 1021998200.00 ns, 1.9493 us/op
WorkloadResult   3: 524288 op, 1048261000.00 ns, 1.9994 us/op
WorkloadResult   4: 524288 op, 1051921400.00 ns, 2.0064 us/op
WorkloadResult   5: 524288 op, 1045979400.00 ns, 1.9950 us/op
WorkloadResult   6: 524288 op, 1033124200.00 ns, 1.9705 us/op
WorkloadResult   7: 524288 op, 1035525500.00 ns, 1.9751 us/op
WorkloadResult   8: 524288 op, 1021323500.00 ns, 1.9480 us/op
WorkloadResult   9: 524288 op, 1011850300.00 ns, 1.9300 us/op
WorkloadResult  10: 524288 op, 1020667100.00 ns, 1.9468 us/op
WorkloadResult  11: 524288 op, 1014837000.00 ns, 1.9356 us/op
WorkloadResult  12: 524288 op, 1020852000.00 ns, 1.9471 us/op
WorkloadResult  13: 524288 op, 1031164900.00 ns, 1.9668 us/op
WorkloadResult  14: 524288 op, 1036877300.00 ns, 1.9777 us/op
WorkloadResult  15: 524288 op, 1045486800.00 ns, 1.9941 us/op
// GC:  63 0 0 3191865344 524288
// Threading:  0 0 524288

// AfterAll
// Benchmark Process 54232 has exited with code 0.

Mean = 1.967 us, StdErr = 0.006 us (0.32%), N = 15, StdDev = 0.024 us
Min = 1.930 us, Q1 = 1.948 us, Median = 1.967 us, Q3 = 1.986 us, Max = 2.006 us
IQR = 0.038 us, LowerFence = 1.890 us, UpperFence = 2.043 us
ConfidenceInterval = [1.941 us; 1.993 us] (CI 99.9%), Margin = 0.026 us (1.31% of Mean)
Skewness = 0.15, Kurtosis = 1.58, MValue = 2

// ** Remained 23 (38.3%) benchmark(s) to run. Estimated finish 2026-09-21 12:41 (0h 9m from now) **
Setup power plan (GUID: 8c5e7fda-e8bf-4a96-9a85-a6e23a8c635c FriendlyName: High performance)
// **************************
// Benchmark: FixAgainstQuickFix.'QuickFIX/n: parse + read': DefaultJob [From=Dictionary, Reading=Parties]
// *** Execute ***
// Launch: 1 / 1
// Execute: dotnet qfcompare-DefaultJob-1.dll --anonymousPipes 2528 2532 --benchmarkName "QfCompare.FixAgainstQuickFix.TheirsParse(From: Dictionary, Reading: Parties)" --job Default --benchmarkId 37 in P:\dotgram.WorkTrees\fix-frozen\.work\qfcompare\bin\Release\net10.0\qfcompare-DefaultJob-1\bin\Release\net10.0
// BeforeAnythingElse

// Benchmark Process Environment Information:
// BenchmarkDotNet v0.15.8
// Runtime=.NET 10.0.12 (10.0.12, 10.0.1226.42308), X64 RyuJIT x86-64-v4
// GC=Concurrent Workstation
// HardwareIntrinsics=AVX512 BITALG+VBMI2+VNNI+VPOPCNTDQ,AVX512 IFMA+VBMI,AVX512 F+BW+CD+DQ+VL,AVX2+BMI1+BMI2+F16C+FMA+LZCNT+MOVBE,AVX,SSE3+SSSE3+SSE4.1+SSE4.2+POPCNT,X86Base+SSE+SSE2,AES+PCLMUL,AvxVnni VectorSize=256
// Job: DefaultJob

OverheadJitting  1: 1 op, 146900.00 ns, 146.9000 us/op
WorkloadJitting  1: 1 op, 176300.00 ns, 176.3000 us/op

OverheadJitting  2: 16 op, 247500.00 ns, 15.4688 us/op
WorkloadJitting  2: 16 op, 455700.00 ns, 28.4813 us/op

WorkloadPilot    1: 16 op, 208600.00 ns, 13.0375 us/op
WorkloadPilot    2: 32 op, 375500.00 ns, 11.7344 us/op
WorkloadPilot    3: 64 op, 805700.00 ns, 12.5891 us/op
WorkloadPilot    4: 128 op, 1603900.00 ns, 12.5305 us/op
WorkloadPilot    5: 256 op, 3208500.00 ns, 12.5332 us/op
WorkloadPilot    6: 512 op, 6052800.00 ns, 11.8219 us/op
WorkloadPilot    7: 1024 op, 11889200.00 ns, 11.6105 us/op
WorkloadPilot    8: 2048 op, 22412400.00 ns, 10.9436 us/op
WorkloadPilot    9: 4096 op, 43014900.00 ns, 10.5017 us/op
WorkloadPilot   10: 8192 op, 79741500.00 ns, 9.7341 us/op
WorkloadPilot   11: 16384 op, 55797400.00 ns, 3.4056 us/op
WorkloadPilot   12: 32768 op, 70854500.00 ns, 2.1623 us/op
WorkloadPilot   13: 65536 op, 138503900.00 ns, 2.1134 us/op
WorkloadPilot   14: 131072 op, 277083400.00 ns, 2.1140 us/op
WorkloadPilot   15: 262144 op, 547017300.00 ns, 2.0867 us/op

OverheadWarmup   1: 262144 op, 337200.00 ns, 1.2863 ns/op
OverheadWarmup   2: 262144 op, 339600.00 ns, 1.2955 ns/op
OverheadWarmup   3: 262144 op, 335800.00 ns, 1.2810 ns/op
OverheadWarmup   4: 262144 op, 339000.00 ns, 1.2932 ns/op
OverheadWarmup   5: 262144 op, 339400.00 ns, 1.2947 ns/op
OverheadWarmup   6: 262144 op, 346900.00 ns, 1.3233 ns/op
OverheadWarmup   7: 262144 op, 340900.00 ns, 1.3004 ns/op

OverheadActual   1: 262144 op, 338300.00 ns, 1.2905 ns/op
OverheadActual   2: 262144 op, 358700.00 ns, 1.3683 ns/op
OverheadActual   3: 262144 op, 338000.00 ns, 1.2894 ns/op
OverheadActual   4: 262144 op, 337800.00 ns, 1.2886 ns/op
OverheadActual   5: 262144 op, 339000.00 ns, 1.2932 ns/op
OverheadActual   6: 262144 op, 344200.00 ns, 1.3130 ns/op
OverheadActual   7: 262144 op, 340100.00 ns, 1.2974 ns/op
OverheadActual   8: 262144 op, 337300.00 ns, 1.2867 ns/op
OverheadActual   9: 262144 op, 341700.00 ns, 1.3035 ns/op
OverheadActual  10: 262144 op, 342200.00 ns, 1.3054 ns/op
OverheadActual  11: 262144 op, 338900.00 ns, 1.2928 ns/op
OverheadActual  12: 262144 op, 336200.00 ns, 1.2825 ns/op
OverheadActual  13: 262144 op, 337900.00 ns, 1.2890 ns/op
OverheadActual  14: 262144 op, 342300.00 ns, 1.3058 ns/op
OverheadActual  15: 262144 op, 338300.00 ns, 1.2905 ns/op

WorkloadWarmup   1: 262144 op, 554624600.00 ns, 2.1157 us/op
WorkloadWarmup   2: 262144 op, 550520300.00 ns, 2.1001 us/op
WorkloadWarmup   3: 262144 op, 564516100.00 ns, 2.1535 us/op
WorkloadWarmup   4: 262144 op, 592059400.00 ns, 2.2585 us/op
WorkloadWarmup   5: 262144 op, 575805500.00 ns, 2.1965 us/op
WorkloadWarmup   6: 262144 op, 584258200.00 ns, 2.2288 us/op
WorkloadWarmup   7: 262144 op, 579901300.00 ns, 2.2121 us/op

// BeforeActualRun
WorkloadActual   1: 262144 op, 580094500.00 ns, 2.2129 us/op
WorkloadActual   2: 262144 op, 582934800.00 ns, 2.2237 us/op
WorkloadActual   3: 262144 op, 593863100.00 ns, 2.2654 us/op
WorkloadActual   4: 262144 op, 580725600.00 ns, 2.2153 us/op
WorkloadActual   5: 262144 op, 589912500.00 ns, 2.2503 us/op
WorkloadActual   6: 262144 op, 602687400.00 ns, 2.2991 us/op
WorkloadActual   7: 262144 op, 580967200.00 ns, 2.2162 us/op
WorkloadActual   8: 262144 op, 603847000.00 ns, 2.3035 us/op
WorkloadActual   9: 262144 op, 620328800.00 ns, 2.3664 us/op
WorkloadActual  10: 262144 op, 587683500.00 ns, 2.2418 us/op
WorkloadActual  11: 262144 op, 596719100.00 ns, 2.2763 us/op
WorkloadActual  12: 262144 op, 577798000.00 ns, 2.2041 us/op
WorkloadActual  13: 262144 op, 589418000.00 ns, 2.2485 us/op
WorkloadActual  14: 262144 op, 594121800.00 ns, 2.2664 us/op
WorkloadActual  15: 262144 op, 584181000.00 ns, 2.2285 us/op

// AfterActualRun
WorkloadResult   1: 262144 op, 579755600.00 ns, 2.2116 us/op
WorkloadResult   2: 262144 op, 582595900.00 ns, 2.2224 us/op
WorkloadResult   3: 262144 op, 593524200.00 ns, 2.2641 us/op
WorkloadResult   4: 262144 op, 580386700.00 ns, 2.2140 us/op
WorkloadResult   5: 262144 op, 589573600.00 ns, 2.2490 us/op
WorkloadResult   6: 262144 op, 602348500.00 ns, 2.2978 us/op
WorkloadResult   7: 262144 op, 580628300.00 ns, 2.2149 us/op
WorkloadResult   8: 262144 op, 603508100.00 ns, 2.3022 us/op
WorkloadResult   9: 262144 op, 587344600.00 ns, 2.2405 us/op
WorkloadResult  10: 262144 op, 596380200.00 ns, 2.2750 us/op
WorkloadResult  11: 262144 op, 577459100.00 ns, 2.2028 us/op
WorkloadResult  12: 262144 op, 589079100.00 ns, 2.2472 us/op
WorkloadResult  13: 262144 op, 593782900.00 ns, 2.2651 us/op
WorkloadResult  14: 262144 op, 583842100.00 ns, 2.2272 us/op
// GC:  56 1 0 2852126720 262144
// Threading:  0 0 262144

// AfterAll
// Benchmark Process 50040 has exited with code 0.

Mean = 2.245 us, StdErr = 0.009 us (0.38%), N = 14, StdDev = 0.032 us
Min = 2.203 us, Q1 = 2.217 us, Median = 2.244 us, Q3 = 2.265 us, Max = 2.302 us
IQR = 0.048 us, LowerFence = 2.145 us, UpperFence = 2.337 us
ConfidenceInterval = [2.209 us; 2.281 us] (CI 99.9%), Margin = 0.036 us (1.61% of Mean)
Skewness = 0.39, Kurtosis = 1.75, MValue = 2

// ** Remained 22 (36.7%) benchmark(s) to run. Estimated finish 2026-09-21 12:41 (0h 9m from now) **
Setup power plan (GUID: 8c5e7fda-e8bf-4a96-9a85-a6e23a8c635c FriendlyName: High performance)
// **************************
// Benchmark: FixAgainstQuickFix.'ours: parse + validate + read': DefaultJob [From=Dictionary, Reading=Parties]
// *** Execute ***
// Launch: 1 / 1
// Execute: dotnet qfcompare-DefaultJob-1.dll --anonymousPipes 2528 2532 --benchmarkName "QfCompare.FixAgainstQuickFix.OursParseAndValidate(From: Dictionary, Reading: Parties)" --job Default --benchmarkId 38 in P:\dotgram.WorkTrees\fix-frozen\.work\qfcompare\bin\Release\net10.0\qfcompare-DefaultJob-1\bin\Release\net10.0
// BeforeAnythingElse

// Benchmark Process Environment Information:
// BenchmarkDotNet v0.15.8
// Runtime=.NET 10.0.12 (10.0.12, 10.0.1226.42308), X64 RyuJIT x86-64-v4
// GC=Concurrent Workstation
// HardwareIntrinsics=AVX512 BITALG+VBMI2+VNNI+VPOPCNTDQ,AVX512 IFMA+VBMI,AVX512 F+BW+CD+DQ+VL,AVX2+BMI1+BMI2+F16C+FMA+LZCNT+MOVBE,AVX,SSE3+SSSE3+SSE4.1+SSE4.2+POPCNT,X86Base+SSE+SSE2,AES+PCLMUL,AvxVnni VectorSize=256
// Job: DefaultJob

OverheadJitting  1: 1 op, 141000.00 ns, 141.0000 us/op
WorkloadJitting  1: 1 op, 183900.00 ns, 183.9000 us/op

OverheadJitting  2: 16 op, 239600.00 ns, 14.9750 us/op
WorkloadJitting  2: 16 op, 551700.00 ns, 34.4813 us/op

WorkloadPilot    1: 16 op, 309300.00 ns, 19.3313 us/op
WorkloadPilot    2: 32 op, 674300.00 ns, 21.0719 us/op
WorkloadPilot    3: 64 op, 1460300.00 ns, 22.8172 us/op
WorkloadPilot    4: 128 op, 2651400.00 ns, 20.7141 us/op
WorkloadPilot    5: 256 op, 5295100.00 ns, 20.6840 us/op
WorkloadPilot    6: 512 op, 9771400.00 ns, 19.0848 us/op
WorkloadPilot    7: 1024 op, 18690000.00 ns, 18.2520 us/op
WorkloadPilot    8: 2048 op, 34928000.00 ns, 17.0547 us/op
WorkloadPilot    9: 4096 op, 69444600.00 ns, 16.9542 us/op
WorkloadPilot   10: 8192 op, 164640100.00 ns, 20.0977 us/op
WorkloadPilot   11: 16384 op, 72251800.00 ns, 4.4099 us/op
WorkloadPilot   12: 32768 op, 92389900.00 ns, 2.8195 us/op
WorkloadPilot   13: 65536 op, 184369000.00 ns, 2.8132 us/op
WorkloadPilot   14: 131072 op, 364789100.00 ns, 2.7831 us/op
WorkloadPilot   15: 262144 op, 725820700.00 ns, 2.7688 us/op

OverheadWarmup   1: 262144 op, 338900.00 ns, 1.2928 ns/op
OverheadWarmup   2: 262144 op, 337700.00 ns, 1.2882 ns/op
OverheadWarmup   3: 262144 op, 338600.00 ns, 1.2917 ns/op
OverheadWarmup   4: 262144 op, 347900.00 ns, 1.3271 ns/op
OverheadWarmup   5: 262144 op, 338200.00 ns, 1.2901 ns/op
OverheadWarmup   6: 262144 op, 339000.00 ns, 1.2932 ns/op
OverheadWarmup   7: 262144 op, 336600.00 ns, 1.2840 ns/op

OverheadActual   1: 262144 op, 339000.00 ns, 1.2932 ns/op
OverheadActual   2: 262144 op, 335300.00 ns, 1.2791 ns/op
OverheadActual   3: 262144 op, 351500.00 ns, 1.3409 ns/op
OverheadActual   4: 262144 op, 336700.00 ns, 1.2844 ns/op
OverheadActual   5: 262144 op, 415300.00 ns, 1.5842 ns/op
OverheadActual   6: 262144 op, 341700.00 ns, 1.3035 ns/op
OverheadActual   7: 262144 op, 337800.00 ns, 1.2886 ns/op
OverheadActual   8: 262144 op, 346100.00 ns, 1.3203 ns/op
OverheadActual   9: 262144 op, 341700.00 ns, 1.3035 ns/op
OverheadActual  10: 262144 op, 339000.00 ns, 1.2932 ns/op
OverheadActual  11: 262144 op, 335300.00 ns, 1.2791 ns/op
OverheadActual  12: 262144 op, 336800.00 ns, 1.2848 ns/op
OverheadActual  13: 262144 op, 340000.00 ns, 1.2970 ns/op
OverheadActual  14: 262144 op, 338900.00 ns, 1.2928 ns/op
OverheadActual  15: 262144 op, 339200.00 ns, 1.2939 ns/op

WorkloadWarmup   1: 262144 op, 742864000.00 ns, 2.8338 us/op
WorkloadWarmup   2: 262144 op, 759227300.00 ns, 2.8962 us/op
WorkloadWarmup   3: 262144 op, 767264300.00 ns, 2.9269 us/op
WorkloadWarmup   4: 262144 op, 785283900.00 ns, 2.9956 us/op
WorkloadWarmup   5: 262144 op, 777457300.00 ns, 2.9658 us/op
WorkloadWarmup   6: 262144 op, 775668800.00 ns, 2.9589 us/op
WorkloadWarmup   7: 262144 op, 794401100.00 ns, 3.0304 us/op
WorkloadWarmup   8: 262144 op, 763952300.00 ns, 2.9142 us/op

// BeforeActualRun
WorkloadActual   1: 262144 op, 779512800.00 ns, 2.9736 us/op
WorkloadActual   2: 262144 op, 772976000.00 ns, 2.9487 us/op
WorkloadActual   3: 262144 op, 793515700.00 ns, 3.0270 us/op
WorkloadActual   4: 262144 op, 785356300.00 ns, 2.9959 us/op
WorkloadActual   5: 262144 op, 784393500.00 ns, 2.9922 us/op
WorkloadActual   6: 262144 op, 765097400.00 ns, 2.9186 us/op
WorkloadActual   7: 262144 op, 794656600.00 ns, 3.0314 us/op
WorkloadActual   8: 262144 op, 781902500.00 ns, 2.9827 us/op
WorkloadActual   9: 262144 op, 770713900.00 ns, 2.9400 us/op
WorkloadActual  10: 262144 op, 797768900.00 ns, 3.0432 us/op
WorkloadActual  11: 262144 op, 780384300.00 ns, 2.9769 us/op
WorkloadActual  12: 262144 op, 761223400.00 ns, 2.9038 us/op
WorkloadActual  13: 262144 op, 805085100.00 ns, 3.0712 us/op
WorkloadActual  14: 262144 op, 776302300.00 ns, 2.9614 us/op
WorkloadActual  15: 262144 op, 761925000.00 ns, 2.9065 us/op

// AfterActualRun
WorkloadResult   1: 262144 op, 779173800.00 ns, 2.9723 us/op
WorkloadResult   2: 262144 op, 772637000.00 ns, 2.9474 us/op
WorkloadResult   3: 262144 op, 793176700.00 ns, 3.0257 us/op
WorkloadResult   4: 262144 op, 785017300.00 ns, 2.9946 us/op
WorkloadResult   5: 262144 op, 784054500.00 ns, 2.9909 us/op
WorkloadResult   6: 262144 op, 764758400.00 ns, 2.9173 us/op
WorkloadResult   7: 262144 op, 794317600.00 ns, 3.0301 us/op
WorkloadResult   8: 262144 op, 781563500.00 ns, 2.9814 us/op
WorkloadResult   9: 262144 op, 770374900.00 ns, 2.9387 us/op
WorkloadResult  10: 262144 op, 797429900.00 ns, 3.0420 us/op
WorkloadResult  11: 262144 op, 780045300.00 ns, 2.9756 us/op
WorkloadResult  12: 262144 op, 760884400.00 ns, 2.9025 us/op
WorkloadResult  13: 262144 op, 804746100.00 ns, 3.0699 us/op
WorkloadResult  14: 262144 op, 775963300.00 ns, 2.9601 us/op
WorkloadResult  15: 262144 op, 761586000.00 ns, 2.9052 us/op
// GC:  32 0 0 1612709888 262144
// Threading:  0 0 262144

// AfterAll
// Benchmark Process 60224 has exited with code 0.

Mean = 2.977 us, StdErr = 0.013 us (0.44%), N = 15, StdDev = 0.050 us
Min = 2.903 us, Q1 = 2.943 us, Median = 2.976 us, Q3 = 3.010 us, Max = 3.070 us
IQR = 0.067 us, LowerFence = 2.842 us, UpperFence = 3.111 us
ConfidenceInterval = [2.923 us; 3.031 us] (CI 99.9%), Margin = 0.054 us (1.81% of Mean)
Skewness = 0.14, Kurtosis = 1.86, MValue = 2

// ** Remained 21 (35.0%) benchmark(s) to run. Estimated finish 2026-09-21 12:41 (0h 8m from now) **
Setup power plan (GUID: 8c5e7fda-e8bf-4a96-9a85-a6e23a8c635c FriendlyName: High performance)
// **************************
// Benchmark: FixAgainstQuickFix.'QuickFIX/n: parse + validate + read': DefaultJob [From=Dictionary, Reading=Parties]
// *** Execute ***
// Launch: 1 / 1
// Execute: dotnet qfcompare-DefaultJob-1.dll --anonymousPipes 2272 2544 --benchmarkName "QfCompare.FixAgainstQuickFix.TheirsParseAndValidate(From: Dictionary, Reading: Parties)" --job Default --benchmarkId 39 in P:\dotgram.WorkTrees\fix-frozen\.work\qfcompare\bin\Release\net10.0\qfcompare-DefaultJob-1\bin\Release\net10.0
// BeforeAnythingElse

// Benchmark Process Environment Information:
// BenchmarkDotNet v0.15.8
// Runtime=.NET 10.0.12 (10.0.12, 10.0.1226.42308), X64 RyuJIT x86-64-v4
// GC=Concurrent Workstation
// HardwareIntrinsics=AVX512 BITALG+VBMI2+VNNI+VPOPCNTDQ,AVX512 IFMA+VBMI,AVX512 F+BW+CD+DQ+VL,AVX2+BMI1+BMI2+F16C+FMA+LZCNT+MOVBE,AVX,SSE3+SSSE3+SSE4.1+SSE4.2+POPCNT,X86Base+SSE+SSE2,AES+PCLMUL,AvxVnni VectorSize=256
// Job: DefaultJob

OverheadJitting  1: 1 op, 140700.00 ns, 140.7000 us/op
WorkloadJitting  1: 1 op, 10347400.00 ns, 10.3474 ms/op

OverheadJitting  2: 16 op, 237700.00 ns, 14.8563 us/op
WorkloadJitting  2: 16 op, 732100.00 ns, 45.7563 us/op

WorkloadPilot    1: 16 op, 486500.00 ns, 30.4063 us/op
WorkloadPilot    2: 32 op, 929600.00 ns, 29.0500 us/op
WorkloadPilot    3: 64 op, 1869400.00 ns, 29.2094 us/op
WorkloadPilot    4: 128 op, 3750600.00 ns, 29.3016 us/op
WorkloadPilot    5: 256 op, 7163400.00 ns, 27.9820 us/op
WorkloadPilot    6: 512 op, 14213300.00 ns, 27.7604 us/op
WorkloadPilot    7: 1024 op, 28443000.00 ns, 27.7764 us/op
WorkloadPilot    8: 2048 op, 54666500.00 ns, 26.6926 us/op
WorkloadPilot    9: 4096 op, 120196400.00 ns, 29.3448 us/op
WorkloadPilot   10: 8192 op, 128673700.00 ns, 15.7072 us/op
WorkloadPilot   11: 16384 op, 151183800.00 ns, 9.2275 us/op
WorkloadPilot   12: 32768 op, 142090500.00 ns, 4.3363 us/op
WorkloadPilot   13: 65536 op, 272321800.00 ns, 4.1553 us/op
WorkloadPilot   14: 131072 op, 550992200.00 ns, 4.2037 us/op

OverheadWarmup   1: 131072 op, 206500.00 ns, 1.5755 ns/op
OverheadWarmup   2: 131072 op, 175800.00 ns, 1.3412 ns/op
OverheadWarmup   3: 131072 op, 170100.00 ns, 1.2978 ns/op
OverheadWarmup   4: 131072 op, 170200.00 ns, 1.2985 ns/op
OverheadWarmup   5: 131072 op, 171400.00 ns, 1.3077 ns/op
OverheadWarmup   6: 131072 op, 169900.00 ns, 1.2962 ns/op
OverheadWarmup   7: 131072 op, 169300.00 ns, 1.2917 ns/op
OverheadWarmup   8: 131072 op, 170400.00 ns, 1.3000 ns/op
OverheadWarmup   9: 131072 op, 171300.00 ns, 1.3069 ns/op
OverheadWarmup  10: 131072 op, 170500.00 ns, 1.3008 ns/op

OverheadActual   1: 131072 op, 170900.00 ns, 1.3039 ns/op
OverheadActual   2: 131072 op, 170700.00 ns, 1.3023 ns/op
OverheadActual   3: 131072 op, 170700.00 ns, 1.3023 ns/op
OverheadActual   4: 131072 op, 172000.00 ns, 1.3123 ns/op
OverheadActual   5: 131072 op, 171800.00 ns, 1.3107 ns/op
OverheadActual   6: 131072 op, 170300.00 ns, 1.2993 ns/op
OverheadActual   7: 131072 op, 175700.00 ns, 1.3405 ns/op
OverheadActual   8: 131072 op, 171000.00 ns, 1.3046 ns/op
OverheadActual   9: 131072 op, 174400.00 ns, 1.3306 ns/op
OverheadActual  10: 131072 op, 170700.00 ns, 1.3023 ns/op
OverheadActual  11: 131072 op, 170700.00 ns, 1.3023 ns/op
OverheadActual  12: 131072 op, 169500.00 ns, 1.2932 ns/op
OverheadActual  13: 131072 op, 169600.00 ns, 1.2939 ns/op
OverheadActual  14: 131072 op, 171100.00 ns, 1.3054 ns/op
OverheadActual  15: 131072 op, 169300.00 ns, 1.2917 ns/op

WorkloadWarmup   1: 131072 op, 558935700.00 ns, 4.2643 us/op
WorkloadWarmup   2: 131072 op, 545676100.00 ns, 4.1632 us/op
WorkloadWarmup   3: 131072 op, 595932800.00 ns, 4.5466 us/op
WorkloadWarmup   4: 131072 op, 585567500.00 ns, 4.4675 us/op
WorkloadWarmup   5: 131072 op, 573740300.00 ns, 4.3773 us/op
WorkloadWarmup   6: 131072 op, 578583100.00 ns, 4.4142 us/op
WorkloadWarmup   7: 131072 op, 582367600.00 ns, 4.4431 us/op
WorkloadWarmup   8: 131072 op, 598826800.00 ns, 4.5687 us/op
WorkloadWarmup   9: 131072 op, 589168300.00 ns, 4.4950 us/op

// BeforeActualRun
WorkloadActual   1: 131072 op, 578584300.00 ns, 4.4142 us/op
WorkloadActual   2: 131072 op, 588485300.00 ns, 4.4898 us/op
WorkloadActual   3: 131072 op, 603076400.00 ns, 4.6011 us/op
WorkloadActual   4: 131072 op, 600763700.00 ns, 4.5835 us/op
WorkloadActual   5: 131072 op, 576811800.00 ns, 4.4007 us/op
WorkloadActual   6: 131072 op, 581520000.00 ns, 4.4366 us/op
WorkloadActual   7: 131072 op, 597400400.00 ns, 4.5578 us/op
WorkloadActual   8: 131072 op, 586280000.00 ns, 4.4730 us/op
WorkloadActual   9: 131072 op, 579248200.00 ns, 4.4193 us/op
WorkloadActual  10: 131072 op, 575509100.00 ns, 4.3908 us/op
WorkloadActual  11: 131072 op, 575576200.00 ns, 4.3913 us/op
WorkloadActual  12: 131072 op, 596277500.00 ns, 4.5492 us/op
WorkloadActual  13: 131072 op, 573820400.00 ns, 4.3779 us/op
WorkloadActual  14: 131072 op, 584163600.00 ns, 4.4568 us/op
WorkloadActual  15: 131072 op, 582106300.00 ns, 4.4411 us/op

// AfterActualRun
WorkloadResult   1: 131072 op, 578413600.00 ns, 4.4129 us/op
WorkloadResult   2: 131072 op, 588314600.00 ns, 4.4885 us/op
WorkloadResult   3: 131072 op, 602905700.00 ns, 4.5998 us/op
WorkloadResult   4: 131072 op, 600593000.00 ns, 4.5822 us/op
WorkloadResult   5: 131072 op, 576641100.00 ns, 4.3994 us/op
WorkloadResult   6: 131072 op, 581349300.00 ns, 4.4353 us/op
WorkloadResult   7: 131072 op, 597229700.00 ns, 4.5565 us/op
WorkloadResult   8: 131072 op, 586109300.00 ns, 4.4717 us/op
WorkloadResult   9: 131072 op, 579077500.00 ns, 4.4180 us/op
WorkloadResult  10: 131072 op, 575338400.00 ns, 4.3895 us/op
WorkloadResult  11: 131072 op, 575405500.00 ns, 4.3900 us/op
WorkloadResult  12: 131072 op, 596106800.00 ns, 4.5479 us/op
WorkloadResult  13: 131072 op, 573649700.00 ns, 4.3766 us/op
WorkloadResult  14: 131072 op, 583992900.00 ns, 4.4555 us/op
WorkloadResult  15: 131072 op, 581935600.00 ns, 4.4398 us/op
// GC:  38 1 0 1907359744 131072
// Threading:  0 0 131072

// AfterAll
// Benchmark Process 55616 has exited with code 0.

Mean = 4.464 us, StdErr = 0.019 us (0.43%), N = 15, StdDev = 0.074 us
Min = 4.377 us, Q1 = 4.406 us, Median = 4.440 us, Q3 = 4.518 us, Max = 4.600 us
IQR = 0.112 us, LowerFence = 4.238 us, UpperFence = 4.686 us
ConfidenceInterval = [4.385 us; 4.544 us] (CI 99.9%), Margin = 0.080 us (1.78% of Mean)
Skewness = 0.56, Kurtosis = 1.74, MValue = 2

// ** Remained 20 (33.3%) benchmark(s) to run. Estimated finish 2026-09-21 12:40 (0h 8m from now) **
Setup power plan (GUID: 8c5e7fda-e8bf-4a96-9a85-a6e23a8c635c FriendlyName: High performance)
// **************************
// Benchmark: FixAgainstQuickFix.'A/A ours: parse + read': DefaultJob [From=Dictionary, Reading=Parties]
// *** Execute ***
// Launch: 1 / 1
// Execute: dotnet qfcompare-DefaultJob-1.dll --anonymousPipes 2548 2312 --benchmarkName "QfCompare.FixAgainstQuickFix.OursParseAgain(From: Dictionary, Reading: Parties)" --job Default --benchmarkId 40 in P:\dotgram.WorkTrees\fix-frozen\.work\qfcompare\bin\Release\net10.0\qfcompare-DefaultJob-1\bin\Release\net10.0
// BeforeAnythingElse

// Benchmark Process Environment Information:
// BenchmarkDotNet v0.15.8
// Runtime=.NET 10.0.12 (10.0.12, 10.0.1226.42308), X64 RyuJIT x86-64-v4
// GC=Concurrent Workstation
// HardwareIntrinsics=AVX512 BITALG+VBMI2+VNNI+VPOPCNTDQ,AVX512 IFMA+VBMI,AVX512 F+BW+CD+DQ+VL,AVX2+BMI1+BMI2+F16C+FMA+LZCNT+MOVBE,AVX,SSE3+SSSE3+SSE4.1+SSE4.2+POPCNT,X86Base+SSE+SSE2,AES+PCLMUL,AvxVnni VectorSize=256
// Job: DefaultJob

OverheadJitting  1: 1 op, 145100.00 ns, 145.1000 us/op
WorkloadJitting  1: 1 op, 205200.00 ns, 205.2000 us/op

OverheadJitting  2: 16 op, 229800.00 ns, 14.3625 us/op
WorkloadJitting  2: 16 op, 472000.00 ns, 29.5000 us/op

WorkloadPilot    1: 16 op, 219900.00 ns, 13.7438 us/op
WorkloadPilot    2: 32 op, 445000.00 ns, 13.9063 us/op
WorkloadPilot    3: 64 op, 917300.00 ns, 14.3328 us/op
WorkloadPilot    4: 128 op, 1688500.00 ns, 13.1914 us/op
WorkloadPilot    5: 256 op, 3396200.00 ns, 13.2664 us/op
WorkloadPilot    6: 512 op, 6178600.00 ns, 12.0676 us/op
WorkloadPilot    7: 1024 op, 11535100.00 ns, 11.2647 us/op
WorkloadPilot    8: 2048 op, 22470800.00 ns, 10.9721 us/op
WorkloadPilot    9: 4096 op, 42909800.00 ns, 10.4760 us/op
WorkloadPilot   10: 8192 op, 84060200.00 ns, 10.2613 us/op
WorkloadPilot   11: 16384 op, 202983000.00 ns, 12.3891 us/op
WorkloadPilot   12: 32768 op, 89836500.00 ns, 2.7416 us/op
WorkloadPilot   13: 65536 op, 121542200.00 ns, 1.8546 us/op
WorkloadPilot   14: 131072 op, 244269600.00 ns, 1.8636 us/op
WorkloadPilot   15: 262144 op, 481189600.00 ns, 1.8356 us/op
WorkloadPilot   16: 524288 op, 960602400.00 ns, 1.8322 us/op

OverheadWarmup   1: 524288 op, 694600.00 ns, 1.3248 ns/op
OverheadWarmup   2: 524288 op, 722700.00 ns, 1.3784 ns/op
OverheadWarmup   3: 524288 op, 695900.00 ns, 1.3273 ns/op
OverheadWarmup   4: 524288 op, 693200.00 ns, 1.3222 ns/op
OverheadWarmup   5: 524288 op, 689400.00 ns, 1.3149 ns/op
OverheadWarmup   6: 524288 op, 688700.00 ns, 1.3136 ns/op
OverheadWarmup   7: 524288 op, 683400.00 ns, 1.3035 ns/op
OverheadWarmup   8: 524288 op, 678500.00 ns, 1.2941 ns/op
OverheadWarmup   9: 524288 op, 695000.00 ns, 1.3256 ns/op
OverheadWarmup  10: 524288 op, 685300.00 ns, 1.3071 ns/op

OverheadActual   1: 524288 op, 687400.00 ns, 1.3111 ns/op
OverheadActual   2: 524288 op, 694300.00 ns, 1.3243 ns/op
OverheadActual   3: 524288 op, 711700.00 ns, 1.3575 ns/op
OverheadActual   4: 524288 op, 689500.00 ns, 1.3151 ns/op
OverheadActual   5: 524288 op, 694100.00 ns, 1.3239 ns/op
OverheadActual   6: 524288 op, 685600.00 ns, 1.3077 ns/op
OverheadActual   7: 524288 op, 683100.00 ns, 1.3029 ns/op
OverheadActual   8: 524288 op, 683800.00 ns, 1.3042 ns/op
OverheadActual   9: 524288 op, 685600.00 ns, 1.3077 ns/op
OverheadActual  10: 524288 op, 685500.00 ns, 1.3075 ns/op
OverheadActual  11: 524288 op, 686700.00 ns, 1.3098 ns/op
OverheadActual  12: 524288 op, 683500.00 ns, 1.3037 ns/op
OverheadActual  13: 524288 op, 699500.00 ns, 1.3342 ns/op
OverheadActual  14: 524288 op, 694400.00 ns, 1.3245 ns/op
OverheadActual  15: 524288 op, 696900.00 ns, 1.3292 ns/op

WorkloadWarmup   1: 524288 op, 1013805700.00 ns, 1.9337 us/op
WorkloadWarmup   2: 524288 op, 1016579000.00 ns, 1.9390 us/op
WorkloadWarmup   3: 524288 op, 1027017600.00 ns, 1.9589 us/op
WorkloadWarmup   4: 524288 op, 1016125600.00 ns, 1.9381 us/op
WorkloadWarmup   5: 524288 op, 1039315900.00 ns, 1.9823 us/op
WorkloadWarmup   6: 524288 op, 1013583200.00 ns, 1.9333 us/op

// BeforeActualRun
WorkloadActual   1: 524288 op, 1038994400.00 ns, 1.9817 us/op
WorkloadActual   2: 524288 op, 1084759700.00 ns, 2.0690 us/op
WorkloadActual   3: 524288 op, 1034384200.00 ns, 1.9729 us/op
WorkloadActual   4: 524288 op, 1028597200.00 ns, 1.9619 us/op
WorkloadActual   5: 524288 op, 1026426500.00 ns, 1.9578 us/op
WorkloadActual   6: 524288 op, 1024356300.00 ns, 1.9538 us/op
WorkloadActual   7: 524288 op, 1011762000.00 ns, 1.9298 us/op
WorkloadActual   8: 524288 op, 1049224500.00 ns, 2.0012 us/op
WorkloadActual   9: 524288 op, 1000562900.00 ns, 1.9084 us/op
WorkloadActual  10: 524288 op, 1038196700.00 ns, 1.9802 us/op
WorkloadActual  11: 524288 op, 1013990200.00 ns, 1.9340 us/op
WorkloadActual  12: 524288 op, 1042422000.00 ns, 1.9883 us/op
WorkloadActual  13: 524288 op, 1014809900.00 ns, 1.9356 us/op
WorkloadActual  14: 524288 op, 1038060700.00 ns, 1.9799 us/op
WorkloadActual  15: 524288 op, 1038508900.00 ns, 1.9808 us/op

// AfterActualRun
WorkloadResult   1: 524288 op, 1038307000.00 ns, 1.9804 us/op
WorkloadResult   2: 524288 op, 1033696800.00 ns, 1.9716 us/op
WorkloadResult   3: 524288 op, 1027909800.00 ns, 1.9606 us/op
WorkloadResult   4: 524288 op, 1025739100.00 ns, 1.9564 us/op
WorkloadResult   5: 524288 op, 1023668900.00 ns, 1.9525 us/op
WorkloadResult   6: 524288 op, 1011074600.00 ns, 1.9285 us/op
WorkloadResult   7: 524288 op, 1048537100.00 ns, 1.9999 us/op
WorkloadResult   8: 524288 op, 999875500.00 ns, 1.9071 us/op
WorkloadResult   9: 524288 op, 1037509300.00 ns, 1.9789 us/op
WorkloadResult  10: 524288 op, 1013302800.00 ns, 1.9327 us/op
WorkloadResult  11: 524288 op, 1041734600.00 ns, 1.9870 us/op
WorkloadResult  12: 524288 op, 1014122500.00 ns, 1.9343 us/op
WorkloadResult  13: 524288 op, 1037373300.00 ns, 1.9786 us/op
WorkloadResult  14: 524288 op, 1037821500.00 ns, 1.9795 us/op
// GC:  63 0 0 3191865344 524288
// Threading:  0 0 524288

// AfterAll
// Benchmark Process 59296 has exited with code 0.

Mean = 1.961 us, StdErr = 0.007 us (0.36%), N = 14, StdDev = 0.027 us
Min = 1.907 us, Q1 = 1.939 us, Median = 1.966 us, Q3 = 1.979 us, Max = 2.000 us
IQR = 0.041 us, LowerFence = 1.878 us, UpperFence = 2.040 us
ConfidenceInterval = [1.931 us; 1.991 us] (CI 99.9%), Margin = 0.030 us (1.53% of Mean)
Skewness = -0.45, Kurtosis = 1.95, MValue = 2

// ** Remained 19 (31.7%) benchmark(s) to run. Estimated finish 2026-09-21 12:40 (0h 7m from now) **
Setup power plan (GUID: 8c5e7fda-e8bf-4a96-9a85-a6e23a8c635c FriendlyName: High performance)
// **************************
// Benchmark: FixAgainstQuickFix.'A/A QuickFIX/n: parse + read': DefaultJob [From=Dictionary, Reading=Parties]
// *** Execute ***
// Launch: 1 / 1
// Execute: dotnet qfcompare-DefaultJob-1.dll --anonymousPipes 2452 2516 --benchmarkName "QfCompare.FixAgainstQuickFix.TheirsParseAgain(From: Dictionary, Reading: Parties)" --job Default --benchmarkId 41 in P:\dotgram.WorkTrees\fix-frozen\.work\qfcompare\bin\Release\net10.0\qfcompare-DefaultJob-1\bin\Release\net10.0
// BeforeAnythingElse

// Benchmark Process Environment Information:
// BenchmarkDotNet v0.15.8
// Runtime=.NET 10.0.12 (10.0.12, 10.0.1226.42308), X64 RyuJIT x86-64-v4
// GC=Concurrent Workstation
// HardwareIntrinsics=AVX512 BITALG+VBMI2+VNNI+VPOPCNTDQ,AVX512 IFMA+VBMI,AVX512 F+BW+CD+DQ+VL,AVX2+BMI1+BMI2+F16C+FMA+LZCNT+MOVBE,AVX,SSE3+SSSE3+SSE4.1+SSE4.2+POPCNT,X86Base+SSE+SSE2,AES+PCLMUL,AvxVnni VectorSize=256
// Job: DefaultJob

OverheadJitting  1: 1 op, 140000.00 ns, 140.0000 us/op
WorkloadJitting  1: 1 op, 220400.00 ns, 220.4000 us/op

OverheadJitting  2: 16 op, 233300.00 ns, 14.5813 us/op
WorkloadJitting  2: 16 op, 455200.00 ns, 28.4500 us/op

WorkloadPilot    1: 16 op, 202400.00 ns, 12.6500 us/op
WorkloadPilot    2: 32 op, 399400.00 ns, 12.4813 us/op
WorkloadPilot    3: 64 op, 788100.00 ns, 12.3141 us/op
WorkloadPilot    4: 128 op, 1617700.00 ns, 12.6383 us/op
WorkloadPilot    5: 256 op, 3265800.00 ns, 12.7570 us/op
WorkloadPilot    6: 512 op, 6289100.00 ns, 12.2834 us/op
WorkloadPilot    7: 1024 op, 11665700.00 ns, 11.3923 us/op
WorkloadPilot    8: 2048 op, 22931200.00 ns, 11.1969 us/op
WorkloadPilot    9: 4096 op, 43304900.00 ns, 10.5725 us/op
WorkloadPilot   10: 8192 op, 80188400.00 ns, 9.7886 us/op
WorkloadPilot   11: 16384 op, 55330300.00 ns, 3.3771 us/op
WorkloadPilot   12: 32768 op, 70581100.00 ns, 2.1540 us/op
WorkloadPilot   13: 65536 op, 137100900.00 ns, 2.0920 us/op
WorkloadPilot   14: 131072 op, 273439800.00 ns, 2.0862 us/op
WorkloadPilot   15: 262144 op, 547252100.00 ns, 2.0876 us/op

OverheadWarmup   1: 262144 op, 340200.00 ns, 1.2978 ns/op
OverheadWarmup   2: 262144 op, 337600.00 ns, 1.2878 ns/op
OverheadWarmup   3: 262144 op, 340400.00 ns, 1.2985 ns/op
OverheadWarmup   4: 262144 op, 337100.00 ns, 1.2859 ns/op
OverheadWarmup   5: 262144 op, 340000.00 ns, 1.2970 ns/op
OverheadWarmup   6: 262144 op, 337600.00 ns, 1.2878 ns/op

OverheadActual   1: 262144 op, 340000.00 ns, 1.2970 ns/op
OverheadActual   2: 262144 op, 339400.00 ns, 1.2947 ns/op
OverheadActual   3: 262144 op, 339000.00 ns, 1.2932 ns/op
OverheadActual   4: 262144 op, 337300.00 ns, 1.2867 ns/op
OverheadActual   5: 262144 op, 335200.00 ns, 1.2787 ns/op
OverheadActual   6: 262144 op, 334700.00 ns, 1.2768 ns/op
OverheadActual   7: 262144 op, 340400.00 ns, 1.2985 ns/op
OverheadActual   8: 262144 op, 334300.00 ns, 1.2753 ns/op
OverheadActual   9: 262144 op, 336500.00 ns, 1.2836 ns/op
OverheadActual  10: 262144 op, 335600.00 ns, 1.2802 ns/op
OverheadActual  11: 262144 op, 342900.00 ns, 1.3081 ns/op
OverheadActual  12: 262144 op, 344200.00 ns, 1.3130 ns/op
OverheadActual  13: 262144 op, 345400.00 ns, 1.3176 ns/op
OverheadActual  14: 262144 op, 336900.00 ns, 1.2852 ns/op
OverheadActual  15: 262144 op, 342500.00 ns, 1.3065 ns/op

WorkloadWarmup   1: 262144 op, 553307600.00 ns, 2.1107 us/op
WorkloadWarmup   2: 262144 op, 549333500.00 ns, 2.0955 us/op
WorkloadWarmup   3: 262144 op, 571472200.00 ns, 2.1800 us/op
WorkloadWarmup   4: 262144 op, 588862600.00 ns, 2.2463 us/op
WorkloadWarmup   5: 262144 op, 573633200.00 ns, 2.1882 us/op
WorkloadWarmup   6: 262144 op, 572100900.00 ns, 2.1824 us/op
WorkloadWarmup   7: 262144 op, 576506500.00 ns, 2.1992 us/op
WorkloadWarmup   8: 262144 op, 579913100.00 ns, 2.2122 us/op
WorkloadWarmup   9: 262144 op, 573388300.00 ns, 2.1873 us/op

// BeforeActualRun
WorkloadActual   1: 262144 op, 587594900.00 ns, 2.2415 us/op
WorkloadActual   2: 262144 op, 606206800.00 ns, 2.3125 us/op
WorkloadActual   3: 262144 op, 604026100.00 ns, 2.3042 us/op
WorkloadActual   4: 262144 op, 585662800.00 ns, 2.2341 us/op
WorkloadActual   5: 262144 op, 577947200.00 ns, 2.2047 us/op
WorkloadActual   6: 262144 op, 587574400.00 ns, 2.2414 us/op
WorkloadActual   7: 262144 op, 610633500.00 ns, 2.3294 us/op
WorkloadActual   8: 262144 op, 606486000.00 ns, 2.3136 us/op
WorkloadActual   9: 262144 op, 600753000.00 ns, 2.2917 us/op
WorkloadActual  10: 262144 op, 594335100.00 ns, 2.2672 us/op
WorkloadActual  11: 262144 op, 571106400.00 ns, 2.1786 us/op
WorkloadActual  12: 262144 op, 589778300.00 ns, 2.2498 us/op
WorkloadActual  13: 262144 op, 571955000.00 ns, 2.1818 us/op
WorkloadActual  14: 262144 op, 584982300.00 ns, 2.2315 us/op
WorkloadActual  15: 262144 op, 578493800.00 ns, 2.2068 us/op
WorkloadActual  16: 262144 op, 581123200.00 ns, 2.2168 us/op
WorkloadActual  17: 262144 op, 579046200.00 ns, 2.2089 us/op
WorkloadActual  18: 262144 op, 574155700.00 ns, 2.1902 us/op
WorkloadActual  19: 262144 op, 595281800.00 ns, 2.2708 us/op

// AfterActualRun
WorkloadResult   1: 262144 op, 587255900.00 ns, 2.2402 us/op
WorkloadResult   2: 262144 op, 605867800.00 ns, 2.3112 us/op
WorkloadResult   3: 262144 op, 603687100.00 ns, 2.3029 us/op
WorkloadResult   4: 262144 op, 585323800.00 ns, 2.2328 us/op
WorkloadResult   5: 262144 op, 577608200.00 ns, 2.2034 us/op
WorkloadResult   6: 262144 op, 587235400.00 ns, 2.2401 us/op
WorkloadResult   7: 262144 op, 610294500.00 ns, 2.3281 us/op
WorkloadResult   8: 262144 op, 606147000.00 ns, 2.3123 us/op
WorkloadResult   9: 262144 op, 600414000.00 ns, 2.2904 us/op
WorkloadResult  10: 262144 op, 593996100.00 ns, 2.2659 us/op
WorkloadResult  11: 262144 op, 570767400.00 ns, 2.1773 us/op
WorkloadResult  12: 262144 op, 589439300.00 ns, 2.2485 us/op
WorkloadResult  13: 262144 op, 571616000.00 ns, 2.1805 us/op
WorkloadResult  14: 262144 op, 584643300.00 ns, 2.2302 us/op
WorkloadResult  15: 262144 op, 578154800.00 ns, 2.2055 us/op
WorkloadResult  16: 262144 op, 580784200.00 ns, 2.2155 us/op
WorkloadResult  17: 262144 op, 578707200.00 ns, 2.2076 us/op
WorkloadResult  18: 262144 op, 573816700.00 ns, 2.1889 us/op
WorkloadResult  19: 262144 op, 594942800.00 ns, 2.2695 us/op
// GC:  56 1 0 2852126720 262144
// Threading:  0 0 262144

// AfterAll
// Benchmark Process 57844 has exited with code 0.

Mean = 2.245 us, StdErr = 0.011 us (0.48%), N = 19, StdDev = 0.047 us
Min = 2.177 us, Q1 = 2.207 us, Median = 2.240 us, Q3 = 2.280 us, Max = 2.328 us
IQR = 0.073 us, LowerFence = 2.096 us, UpperFence = 2.390 us
ConfidenceInterval = [2.202 us; 2.287 us] (CI 99.9%), Margin = 0.042 us (1.89% of Mean)
Skewness = 0.27, Kurtosis = 1.7, MValue = 2

// ** Remained 18 (30.0%) benchmark(s) to run. Estimated finish 2026-09-21 12:40 (0h 7m from now) **
Setup power plan (GUID: 8c5e7fda-e8bf-4a96-9a85-a6e23a8c635c FriendlyName: High performance)
// **************************
// Benchmark: FixAgainstQuickFix.'ours: parse + read': DefaultJob [From=Dictionary, Reading=PartiesMedium]
// *** Execute ***
// Launch: 1 / 1
// Execute: dotnet qfcompare-DefaultJob-1.dll --anonymousPipes 2424 2428 --benchmarkName "QfCompare.FixAgainstQuickFix.OursParse(From: Dictionary, Reading: PartiesMedium)" --job Default --benchmarkId 42 in P:\dotgram.WorkTrees\fix-frozen\.work\qfcompare\bin\Release\net10.0\qfcompare-DefaultJob-1\bin\Release\net10.0
// BeforeAnythingElse

// Benchmark Process Environment Information:
// BenchmarkDotNet v0.15.8
// Runtime=.NET 10.0.12 (10.0.12, 10.0.1226.42308), X64 RyuJIT x86-64-v4
// GC=Concurrent Workstation
// HardwareIntrinsics=AVX512 BITALG+VBMI2+VNNI+VPOPCNTDQ,AVX512 IFMA+VBMI,AVX512 F+BW+CD+DQ+VL,AVX2+BMI1+BMI2+F16C+FMA+LZCNT+MOVBE,AVX,SSE3+SSSE3+SSE4.1+SSE4.2+POPCNT,X86Base+SSE+SSE2,AES+PCLMUL,AvxVnni VectorSize=256
// Job: DefaultJob

OverheadJitting  1: 1 op, 142700.00 ns, 142.7000 us/op
WorkloadJitting  1: 1 op, 282600.00 ns, 282.6000 us/op

OverheadJitting  2: 16 op, 230200.00 ns, 14.3875 us/op
WorkloadJitting  2: 16 op, 5567100.00 ns, 347.9438 us/op

WorkloadPilot    1: 16 op, 2179000.00 ns, 136.1875 us/op
WorkloadPilot    2: 32 op, 4102000.00 ns, 128.1875 us/op
WorkloadPilot    3: 64 op, 7545400.00 ns, 117.8969 us/op
WorkloadPilot    4: 128 op, 14057700.00 ns, 109.8258 us/op
WorkloadPilot    5: 256 op, 26540200.00 ns, 103.6727 us/op
WorkloadPilot    6: 512 op, 51666500.00 ns, 100.9111 us/op
WorkloadPilot    7: 1024 op, 101030700.00 ns, 98.6628 us/op
WorkloadPilot    8: 2048 op, 96902500.00 ns, 47.3157 us/op
WorkloadPilot    9: 4096 op, 79029100.00 ns, 19.2942 us/op
WorkloadPilot   10: 8192 op, 149851200.00 ns, 18.2924 us/op
WorkloadPilot   11: 16384 op, 297992600.00 ns, 18.1880 us/op
WorkloadPilot   12: 32768 op, 597834200.00 ns, 18.2445 us/op

OverheadWarmup   1: 32768 op, 45000.00 ns, 1.3733 ns/op
OverheadWarmup   2: 32768 op, 42900.00 ns, 1.3092 ns/op
OverheadWarmup   3: 32768 op, 43300.00 ns, 1.3214 ns/op
OverheadWarmup   4: 32768 op, 42600.00 ns, 1.3000 ns/op
OverheadWarmup   5: 32768 op, 43500.00 ns, 1.3275 ns/op
OverheadWarmup   6: 32768 op, 43000.00 ns, 1.3123 ns/op

OverheadActual   1: 32768 op, 43300.00 ns, 1.3214 ns/op
OverheadActual   2: 32768 op, 42800.00 ns, 1.3062 ns/op
OverheadActual   3: 32768 op, 43800.00 ns, 1.3367 ns/op
OverheadActual   4: 32768 op, 42900.00 ns, 1.3092 ns/op
OverheadActual   5: 32768 op, 44100.00 ns, 1.3458 ns/op
OverheadActual   6: 32768 op, 42900.00 ns, 1.3092 ns/op
OverheadActual   7: 32768 op, 43500.00 ns, 1.3275 ns/op
OverheadActual   8: 32768 op, 42200.00 ns, 1.2878 ns/op
OverheadActual   9: 32768 op, 43300.00 ns, 1.3214 ns/op
OverheadActual  10: 32768 op, 42500.00 ns, 1.2970 ns/op
OverheadActual  11: 32768 op, 43500.00 ns, 1.3275 ns/op
OverheadActual  12: 32768 op, 43000.00 ns, 1.3123 ns/op
OverheadActual  13: 32768 op, 43200.00 ns, 1.3184 ns/op
OverheadActual  14: 32768 op, 42200.00 ns, 1.2878 ns/op
OverheadActual  15: 32768 op, 43200.00 ns, 1.3184 ns/op

WorkloadWarmup   1: 32768 op, 613369300.00 ns, 18.7185 us/op
WorkloadWarmup   2: 32768 op, 605369400.00 ns, 18.4744 us/op
WorkloadWarmup   3: 32768 op, 642445300.00 ns, 19.6059 us/op
WorkloadWarmup   4: 32768 op, 623683000.00 ns, 19.0333 us/op
WorkloadWarmup   5: 32768 op, 634436700.00 ns, 19.3615 us/op
WorkloadWarmup   6: 32768 op, 630477800.00 ns, 19.2407 us/op

// BeforeActualRun
WorkloadActual   1: 32768 op, 625312300.00 ns, 19.0830 us/op
WorkloadActual   2: 32768 op, 659290900.00 ns, 20.1200 us/op
WorkloadActual   3: 32768 op, 631972300.00 ns, 19.2863 us/op
WorkloadActual   4: 32768 op, 633039400.00 ns, 19.3188 us/op
WorkloadActual   5: 32768 op, 635685600.00 ns, 19.3996 us/op
WorkloadActual   6: 32768 op, 636914500.00 ns, 19.4371 us/op
WorkloadActual   7: 32768 op, 634298000.00 ns, 19.3572 us/op
WorkloadActual   8: 32768 op, 630532800.00 ns, 19.2423 us/op
WorkloadActual   9: 32768 op, 641593400.00 ns, 19.5799 us/op
WorkloadActual  10: 32768 op, 654734800.00 ns, 19.9809 us/op
WorkloadActual  11: 32768 op, 619299800.00 ns, 18.8995 us/op
WorkloadActual  12: 32768 op, 630959700.00 ns, 19.2554 us/op
WorkloadActual  13: 32768 op, 658069300.00 ns, 20.0827 us/op
WorkloadActual  14: 32768 op, 628936300.00 ns, 19.1936 us/op
WorkloadActual  15: 32768 op, 635517900.00 ns, 19.3945 us/op

// AfterActualRun
WorkloadResult   1: 32768 op, 625269100.00 ns, 19.0817 us/op
WorkloadResult   2: 32768 op, 631929100.00 ns, 19.2849 us/op
WorkloadResult   3: 32768 op, 632996200.00 ns, 19.3175 us/op
WorkloadResult   4: 32768 op, 635642400.00 ns, 19.3983 us/op
WorkloadResult   5: 32768 op, 636871300.00 ns, 19.4358 us/op
WorkloadResult   6: 32768 op, 634254800.00 ns, 19.3559 us/op
WorkloadResult   7: 32768 op, 630489600.00 ns, 19.2410 us/op
WorkloadResult   8: 32768 op, 641550200.00 ns, 19.5786 us/op
WorkloadResult   9: 32768 op, 619256600.00 ns, 18.8982 us/op
WorkloadResult  10: 32768 op, 630916500.00 ns, 19.2540 us/op
WorkloadResult  11: 32768 op, 628893100.00 ns, 19.1923 us/op
WorkloadResult  12: 32768 op, 635474700.00 ns, 19.3931 us/op
// GC:  35 0 0 1776812032 32768
// Threading:  0 0 32768

// AfterAll
// Benchmark Process 53272 has exited with code 0.

Mean = 19.286 us, StdErr = 0.051 us (0.26%), N = 12, StdDev = 0.176 us
Min = 18.898 us, Q1 = 19.229 us, Median = 19.301 us, Q3 = 19.394 us, Max = 19.579 us
IQR = 0.166 us, LowerFence = 18.980 us, UpperFence = 19.643 us
ConfidenceInterval = [19.060 us; 19.512 us] (CI 99.9%), Margin = 0.226 us (1.17% of Mean)
Skewness = -0.55, Kurtosis = 2.81, MValue = 2

// ** Remained 17 (28.3%) benchmark(s) to run. Estimated finish 2026-09-21 12:40 (0h 7m from now) **
Setup power plan (GUID: 8c5e7fda-e8bf-4a96-9a85-a6e23a8c635c FriendlyName: High performance)
// **************************
// Benchmark: FixAgainstQuickFix.'QuickFIX/n: parse + read': DefaultJob [From=Dictionary, Reading=PartiesMedium]
// *** Execute ***
// Launch: 1 / 1
// Execute: dotnet qfcompare-DefaultJob-1.dll --anonymousPipes 2460 2424 --benchmarkName "QfCompare.FixAgainstQuickFix.TheirsParse(From: Dictionary, Reading: PartiesMedium)" --job Default --benchmarkId 43 in P:\dotgram.WorkTrees\fix-frozen\.work\qfcompare\bin\Release\net10.0\qfcompare-DefaultJob-1\bin\Release\net10.0
// BeforeAnythingElse

// Benchmark Process Environment Information:
// BenchmarkDotNet v0.15.8
// Runtime=.NET 10.0.12 (10.0.12, 10.0.1226.42308), X64 RyuJIT x86-64-v4
// GC=Concurrent Workstation
// HardwareIntrinsics=AVX512 BITALG+VBMI2+VNNI+VPOPCNTDQ,AVX512 IFMA+VBMI,AVX512 F+BW+CD+DQ+VL,AVX2+BMI1+BMI2+F16C+FMA+LZCNT+MOVBE,AVX,SSE3+SSSE3+SSE4.1+SSE4.2+POPCNT,X86Base+SSE+SSE2,AES+PCLMUL,AvxVnni VectorSize=256
// Job: DefaultJob

OverheadJitting  1: 1 op, 127100.00 ns, 127.1000 us/op
WorkloadJitting  1: 1 op, 346800.00 ns, 346.8000 us/op

OverheadJitting  2: 16 op, 235300.00 ns, 14.7063 us/op
WorkloadJitting  2: 16 op, 2999000.00 ns, 187.4375 us/op

WorkloadPilot    1: 16 op, 2532600.00 ns, 158.2875 us/op
WorkloadPilot    2: 32 op, 4695900.00 ns, 146.7469 us/op
WorkloadPilot    3: 64 op, 9840100.00 ns, 153.7516 us/op
WorkloadPilot    4: 128 op, 19129600.00 ns, 149.4500 us/op
WorkloadPilot    5: 256 op, 36575700.00 ns, 142.8738 us/op
WorkloadPilot    6: 512 op, 61703500.00 ns, 120.5146 us/op
WorkloadPilot    7: 1024 op, 96615800.00 ns, 94.3514 us/op
WorkloadPilot    8: 2048 op, 64986800.00 ns, 31.7318 us/op
WorkloadPilot    9: 4096 op, 111606000.00 ns, 27.2476 us/op
WorkloadPilot   10: 8192 op, 224547900.00 ns, 27.4106 us/op
WorkloadPilot   11: 16384 op, 447889500.00 ns, 27.3370 us/op
WorkloadPilot   12: 32768 op, 902013900.00 ns, 27.5273 us/op

OverheadWarmup   1: 32768 op, 51500.00 ns, 1.5717 ns/op
OverheadWarmup   2: 32768 op, 42800.00 ns, 1.3062 ns/op
OverheadWarmup   3: 32768 op, 43600.00 ns, 1.3306 ns/op
OverheadWarmup   4: 32768 op, 43400.00 ns, 1.3245 ns/op
OverheadWarmup   5: 32768 op, 43300.00 ns, 1.3214 ns/op
OverheadWarmup   6: 32768 op, 43100.00 ns, 1.3153 ns/op
OverheadWarmup   7: 32768 op, 43200.00 ns, 1.3184 ns/op
OverheadWarmup   8: 32768 op, 42800.00 ns, 1.3062 ns/op

OverheadActual   1: 32768 op, 43200.00 ns, 1.3184 ns/op
OverheadActual   2: 32768 op, 42900.00 ns, 1.3092 ns/op
OverheadActual   3: 32768 op, 43600.00 ns, 1.3306 ns/op
OverheadActual   4: 32768 op, 43300.00 ns, 1.3214 ns/op
OverheadActual   5: 32768 op, 43800.00 ns, 1.3367 ns/op
OverheadActual   6: 32768 op, 45300.00 ns, 1.3824 ns/op
OverheadActual   7: 32768 op, 43200.00 ns, 1.3184 ns/op
OverheadActual   8: 32768 op, 42800.00 ns, 1.3062 ns/op
OverheadActual   9: 32768 op, 43500.00 ns, 1.3275 ns/op
OverheadActual  10: 32768 op, 42700.00 ns, 1.3031 ns/op
OverheadActual  11: 32768 op, 43600.00 ns, 1.3306 ns/op
OverheadActual  12: 32768 op, 42700.00 ns, 1.3031 ns/op
OverheadActual  13: 32768 op, 43600.00 ns, 1.3306 ns/op
OverheadActual  14: 32768 op, 42900.00 ns, 1.3092 ns/op
OverheadActual  15: 32768 op, 43400.00 ns, 1.3245 ns/op

WorkloadWarmup   1: 32768 op, 924296000.00 ns, 28.2073 us/op
WorkloadWarmup   2: 32768 op, 978291000.00 ns, 29.8551 us/op
WorkloadWarmup   3: 32768 op, 972870100.00 ns, 29.6896 us/op
WorkloadWarmup   4: 32768 op, 965170800.00 ns, 29.4547 us/op
WorkloadWarmup   5: 32768 op, 940495800.00 ns, 28.7017 us/op
WorkloadWarmup   6: 32768 op, 947661200.00 ns, 28.9203 us/op
WorkloadWarmup   7: 32768 op, 967493000.00 ns, 29.5255 us/op
WorkloadWarmup   8: 32768 op, 967993300.00 ns, 29.5408 us/op
WorkloadWarmup   9: 32768 op, 958263000.00 ns, 29.2439 us/op

// BeforeActualRun
WorkloadActual   1: 32768 op, 957940500.00 ns, 29.2340 us/op
WorkloadActual   2: 32768 op, 956816900.00 ns, 29.1997 us/op
WorkloadActual   3: 32768 op, 958156900.00 ns, 29.2406 us/op
WorkloadActual   4: 32768 op, 955769400.00 ns, 29.1678 us/op
WorkloadActual   5: 32768 op, 949257500.00 ns, 28.9690 us/op
WorkloadActual   6: 32768 op, 949324200.00 ns, 28.9711 us/op
WorkloadActual   7: 32768 op, 974590300.00 ns, 29.7421 us/op
WorkloadActual   8: 32768 op, 947752500.00 ns, 28.9231 us/op
WorkloadActual   9: 32768 op, 961825700.00 ns, 29.3526 us/op
WorkloadActual  10: 32768 op, 949236300.00 ns, 28.9684 us/op
WorkloadActual  11: 32768 op, 952446800.00 ns, 29.0664 us/op
WorkloadActual  12: 32768 op, 986911300.00 ns, 30.1181 us/op
WorkloadActual  13: 32768 op, 1007466700.00 ns, 30.7454 us/op
WorkloadActual  14: 32768 op, 978563900.00 ns, 29.8634 us/op
WorkloadActual  15: 32768 op, 956506200.00 ns, 29.1903 us/op

// AfterActualRun
WorkloadResult   1: 32768 op, 957897200.00 ns, 29.2327 us/op
WorkloadResult   2: 32768 op, 956773600.00 ns, 29.1984 us/op
WorkloadResult   3: 32768 op, 958113600.00 ns, 29.2393 us/op
WorkloadResult   4: 32768 op, 955726100.00 ns, 29.1664 us/op
WorkloadResult   5: 32768 op, 949214200.00 ns, 28.9677 us/op
WorkloadResult   6: 32768 op, 949280900.00 ns, 28.9698 us/op
WorkloadResult   7: 32768 op, 974547000.00 ns, 29.7408 us/op
WorkloadResult   8: 32768 op, 947709200.00 ns, 28.9218 us/op
WorkloadResult   9: 32768 op, 961782400.00 ns, 29.3513 us/op
WorkloadResult  10: 32768 op, 949193000.00 ns, 28.9671 us/op
WorkloadResult  11: 32768 op, 952403500.00 ns, 29.0650 us/op
WorkloadResult  12: 32768 op, 986868000.00 ns, 30.1168 us/op
WorkloadResult  13: 32768 op, 978520600.00 ns, 29.8621 us/op
WorkloadResult  14: 32768 op, 956462900.00 ns, 29.1889 us/op
// GC:  129 25 0 6504054784 32768
// Threading:  0 0 32768

// AfterAll
// Benchmark Process 49056 has exited with code 0.

Mean = 29.285 us, StdErr = 0.098 us (0.34%), N = 14, StdDev = 0.367 us
Min = 28.922 us, Q1 = 28.994 us, Median = 29.194 us, Q3 = 29.323 us, Max = 30.117 us
IQR = 0.330 us, LowerFence = 28.499 us, UpperFence = 29.818 us
ConfidenceInterval = [28.870 us; 29.699 us] (CI 99.9%), Margin = 0.414 us (1.41% of Mean)
Skewness = 1.02, Kurtosis = 2.68, MValue = 2

// ** Remained 16 (26.7%) benchmark(s) to run. Estimated finish 2026-09-21 12:40 (0h 6m from now) **
Setup power plan (GUID: 8c5e7fda-e8bf-4a96-9a85-a6e23a8c635c FriendlyName: High performance)
// **************************
// Benchmark: FixAgainstQuickFix.'ours: parse + validate + read': DefaultJob [From=Dictionary, Reading=PartiesMedium]
// *** Execute ***
// Launch: 1 / 1
// Execute: dotnet qfcompare-DefaultJob-1.dll --anonymousPipes 2476 2508 --benchmarkName "QfCompare.FixAgainstQuickFix.OursParseAndValidate(From: Dictionary, Reading: PartiesMedium)" --job Default --benchmarkId 44 in P:\dotgram.WorkTrees\fix-frozen\.work\qfcompare\bin\Release\net10.0\qfcompare-DefaultJob-1\bin\Release\net10.0
// BeforeAnythingElse

// Benchmark Process Environment Information:
// BenchmarkDotNet v0.15.8
// Runtime=.NET 10.0.12 (10.0.12, 10.0.1226.42308), X64 RyuJIT x86-64-v4
// GC=Concurrent Workstation
// HardwareIntrinsics=AVX512 BITALG+VBMI2+VNNI+VPOPCNTDQ,AVX512 IFMA+VBMI,AVX512 F+BW+CD+DQ+VL,AVX2+BMI1+BMI2+F16C+FMA+LZCNT+MOVBE,AVX,SSE3+SSSE3+SSE4.1+SSE4.2+POPCNT,X86Base+SSE+SSE2,AES+PCLMUL,AvxVnni VectorSize=256
// Job: DefaultJob

OverheadJitting  1: 1 op, 127300.00 ns, 127.3000 us/op
WorkloadJitting  1: 1 op, 336400.00 ns, 336.4000 us/op

OverheadJitting  2: 16 op, 238800.00 ns, 14.9250 us/op
WorkloadJitting  2: 16 op, 6434200.00 ns, 402.1375 us/op

WorkloadPilot    1: 16 op, 3127700.00 ns, 195.4813 us/op
WorkloadPilot    2: 32 op, 6039600.00 ns, 188.7375 us/op
WorkloadPilot    3: 64 op, 11428000.00 ns, 178.5625 us/op
WorkloadPilot    4: 128 op, 21144000.00 ns, 165.1875 us/op
WorkloadPilot    5: 256 op, 39851400.00 ns, 155.6695 us/op
WorkloadPilot    6: 512 op, 86568400.00 ns, 169.0789 us/op
WorkloadPilot    7: 1024 op, 131530600.00 ns, 128.4479 us/op
WorkloadPilot    8: 2048 op, 66206500.00 ns, 32.3274 us/op
WorkloadPilot    9: 4096 op, 110377600.00 ns, 26.9477 us/op
WorkloadPilot   10: 8192 op, 211019200.00 ns, 25.7592 us/op
WorkloadPilot   11: 16384 op, 421837600.00 ns, 25.7469 us/op
WorkloadPilot   12: 32768 op, 848191200.00 ns, 25.8847 us/op

OverheadWarmup   1: 32768 op, 44500.00 ns, 1.3580 ns/op
OverheadWarmup   2: 32768 op, 42100.00 ns, 1.2848 ns/op
OverheadWarmup   3: 32768 op, 43800.00 ns, 1.3367 ns/op
OverheadWarmup   4: 32768 op, 43500.00 ns, 1.3275 ns/op
OverheadWarmup   5: 32768 op, 44300.00 ns, 1.3519 ns/op
OverheadWarmup   6: 32768 op, 42200.00 ns, 1.2878 ns/op

OverheadActual   1: 32768 op, 43400.00 ns, 1.3245 ns/op
OverheadActual   2: 32768 op, 42800.00 ns, 1.3062 ns/op
OverheadActual   3: 32768 op, 43900.00 ns, 1.3397 ns/op
OverheadActual   4: 32768 op, 43400.00 ns, 1.3245 ns/op
OverheadActual   5: 32768 op, 43700.00 ns, 1.3336 ns/op
OverheadActual   6: 32768 op, 43100.00 ns, 1.3153 ns/op
OverheadActual   7: 32768 op, 43500.00 ns, 1.3275 ns/op
OverheadActual   8: 32768 op, 42700.00 ns, 1.3031 ns/op
OverheadActual   9: 32768 op, 43800.00 ns, 1.3367 ns/op
OverheadActual  10: 32768 op, 43100.00 ns, 1.3153 ns/op
OverheadActual  11: 32768 op, 43300.00 ns, 1.3214 ns/op
OverheadActual  12: 32768 op, 42200.00 ns, 1.2878 ns/op
OverheadActual  13: 32768 op, 43800.00 ns, 1.3367 ns/op
OverheadActual  14: 32768 op, 43500.00 ns, 1.3275 ns/op
OverheadActual  15: 32768 op, 44100.00 ns, 1.3458 ns/op

WorkloadWarmup   1: 32768 op, 861053700.00 ns, 26.2773 us/op
WorkloadWarmup   2: 32768 op, 896338800.00 ns, 27.3541 us/op
WorkloadWarmup   3: 32768 op, 914778500.00 ns, 27.9168 us/op
WorkloadWarmup   4: 32768 op, 887916900.00 ns, 27.0971 us/op
WorkloadWarmup   5: 32768 op, 896480400.00 ns, 27.3584 us/op
WorkloadWarmup   6: 32768 op, 907093000.00 ns, 27.6823 us/op
WorkloadWarmup   7: 32768 op, 883486300.00 ns, 26.9619 us/op

// BeforeActualRun
WorkloadActual   1: 32768 op, 912230200.00 ns, 27.8391 us/op
WorkloadActual   2: 32768 op, 894913500.00 ns, 27.3106 us/op
WorkloadActual   3: 32768 op, 893314700.00 ns, 27.2618 us/op
WorkloadActual   4: 32768 op, 891876500.00 ns, 27.2179 us/op
WorkloadActual   5: 32768 op, 889328700.00 ns, 27.1402 us/op
WorkloadActual   6: 32768 op, 896336700.00 ns, 27.3540 us/op
WorkloadActual   7: 32768 op, 905990100.00 ns, 27.6486 us/op
WorkloadActual   8: 32768 op, 889112600.00 ns, 27.1336 us/op
WorkloadActual   9: 32768 op, 930990500.00 ns, 28.4116 us/op
WorkloadActual  10: 32768 op, 890555100.00 ns, 27.1776 us/op
WorkloadActual  11: 32768 op, 911617100.00 ns, 27.8203 us/op
WorkloadActual  12: 32768 op, 899706500.00 ns, 27.4569 us/op
WorkloadActual  13: 32768 op, 916315600.00 ns, 27.9637 us/op
WorkloadActual  14: 32768 op, 888234100.00 ns, 27.1068 us/op
WorkloadActual  15: 32768 op, 895337800.00 ns, 27.3235 us/op

// AfterActualRun
WorkloadResult   1: 32768 op, 912186800.00 ns, 27.8377 us/op
WorkloadResult   2: 32768 op, 894870100.00 ns, 27.3093 us/op
WorkloadResult   3: 32768 op, 893271300.00 ns, 27.2605 us/op
WorkloadResult   4: 32768 op, 891833100.00 ns, 27.2166 us/op
WorkloadResult   5: 32768 op, 889285300.00 ns, 27.1388 us/op
WorkloadResult   6: 32768 op, 896293300.00 ns, 27.3527 us/op
WorkloadResult   7: 32768 op, 905946700.00 ns, 27.6473 us/op
WorkloadResult   8: 32768 op, 889069200.00 ns, 27.1322 us/op
WorkloadResult   9: 32768 op, 930947100.00 ns, 28.4103 us/op
WorkloadResult  10: 32768 op, 890511700.00 ns, 27.1763 us/op
WorkloadResult  11: 32768 op, 911573700.00 ns, 27.8190 us/op
WorkloadResult  12: 32768 op, 899663100.00 ns, 27.4555 us/op
WorkloadResult  13: 32768 op, 916272200.00 ns, 27.9624 us/op
WorkloadResult  14: 32768 op, 888190700.00 ns, 27.1054 us/op
WorkloadResult  15: 32768 op, 895294400.00 ns, 27.3222 us/op
// GC:  35 3 0 1778909184 32768
// Threading:  0 0 32768

// AfterAll
// Benchmark Process 17972 has exited with code 0.

Mean = 27.476 us, StdErr = 0.098 us (0.36%), N = 15, StdDev = 0.381 us
Min = 27.105 us, Q1 = 27.196 us, Median = 27.322 us, Q3 = 27.733 us, Max = 28.410 us
IQR = 0.537 us, LowerFence = 26.391 us, UpperFence = 28.538 us
ConfidenceInterval = [27.070 us; 27.883 us] (CI 99.9%), Margin = 0.407 us (1.48% of Mean)
Skewness = 1, Kurtosis = 2.89, MValue = 2

// ** Remained 15 (25.0%) benchmark(s) to run. Estimated finish 2026-09-21 12:40 (0h 6m from now) **
Setup power plan (GUID: 8c5e7fda-e8bf-4a96-9a85-a6e23a8c635c FriendlyName: High performance)
// **************************
// Benchmark: FixAgainstQuickFix.'QuickFIX/n: parse + validate + read': DefaultJob [From=Dictionary, Reading=PartiesMedium]
// *** Execute ***
// Launch: 1 / 1
// Execute: dotnet qfcompare-DefaultJob-1.dll --anonymousPipes 1452 1448 --benchmarkName "QfCompare.FixAgainstQuickFix.TheirsParseAndValidate(From: Dictionary, Reading: PartiesMedium)" --job Default --benchmarkId 45 in P:\dotgram.WorkTrees\fix-frozen\.work\qfcompare\bin\Release\net10.0\qfcompare-DefaultJob-1\bin\Release\net10.0
// BeforeAnythingElse

// Benchmark Process Environment Information:
// BenchmarkDotNet v0.15.8
// Runtime=.NET 10.0.12 (10.0.12, 10.0.1226.42308), X64 RyuJIT x86-64-v4
// GC=Concurrent Workstation
// HardwareIntrinsics=AVX512 BITALG+VBMI2+VNNI+VPOPCNTDQ,AVX512 IFMA+VBMI,AVX512 F+BW+CD+DQ+VL,AVX2+BMI1+BMI2+F16C+FMA+LZCNT+MOVBE,AVX,SSE3+SSSE3+SSE4.1+SSE4.2+POPCNT,X86Base+SSE+SSE2,AES+PCLMUL,AvxVnni VectorSize=256
// Job: DefaultJob

OverheadJitting  1: 1 op, 131200.00 ns, 131.2000 us/op
WorkloadJitting  1: 1 op, 10559000.00 ns, 10.5590 ms/op

OverheadJitting  2: 16 op, 233000.00 ns, 14.5625 us/op
WorkloadJitting  2: 16 op, 5502400.00 ns, 343.9000 us/op

WorkloadPilot    1: 16 op, 5318300.00 ns, 332.3938 us/op
WorkloadPilot    2: 32 op, 10241300.00 ns, 320.0406 us/op
WorkloadPilot    3: 64 op, 21201000.00 ns, 331.2656 us/op
WorkloadPilot    4: 128 op, 39864700.00 ns, 311.4430 us/op
WorkloadPilot    5: 256 op, 88727500.00 ns, 346.5918 us/op
WorkloadPilot    6: 512 op, 113800200.00 ns, 222.2660 us/op
WorkloadPilot    7: 1024 op, 63226700.00 ns, 61.7448 us/op
WorkloadPilot    8: 2048 op, 125921900.00 ns, 61.4853 us/op
WorkloadPilot    9: 4096 op, 210959800.00 ns, 51.5039 us/op
WorkloadPilot   10: 8192 op, 378963000.00 ns, 46.2601 us/op
WorkloadPilot   11: 16384 op, 765773000.00 ns, 46.7391 us/op

OverheadWarmup   1: 16384 op, 22800.00 ns, 1.3916 ns/op
OverheadWarmup   2: 16384 op, 21300.00 ns, 1.3000 ns/op
OverheadWarmup   3: 16384 op, 23900.00 ns, 1.4587 ns/op
OverheadWarmup   4: 16384 op, 22200.00 ns, 1.3550 ns/op
OverheadWarmup   5: 16384 op, 22000.00 ns, 1.3428 ns/op
OverheadWarmup   6: 16384 op, 21800.00 ns, 1.3306 ns/op
OverheadWarmup   7: 16384 op, 21500.00 ns, 1.3123 ns/op
OverheadWarmup   8: 16384 op, 21500.00 ns, 1.3123 ns/op
OverheadWarmup   9: 16384 op, 22200.00 ns, 1.3550 ns/op

OverheadActual   1: 16384 op, 21500.00 ns, 1.3123 ns/op
OverheadActual   2: 16384 op, 21300.00 ns, 1.3000 ns/op
OverheadActual   3: 16384 op, 21600.00 ns, 1.3184 ns/op
OverheadActual   4: 16384 op, 22000.00 ns, 1.3428 ns/op
OverheadActual   5: 16384 op, 21400.00 ns, 1.3062 ns/op
OverheadActual   6: 16384 op, 21000.00 ns, 1.2817 ns/op
OverheadActual   7: 16384 op, 21100.00 ns, 1.2878 ns/op
OverheadActual   8: 16384 op, 21900.00 ns, 1.3367 ns/op
OverheadActual   9: 16384 op, 21500.00 ns, 1.3123 ns/op
OverheadActual  10: 16384 op, 21300.00 ns, 1.3000 ns/op
OverheadActual  11: 16384 op, 21200.00 ns, 1.2939 ns/op
OverheadActual  12: 16384 op, 22200.00 ns, 1.3550 ns/op
OverheadActual  13: 16384 op, 26300.00 ns, 1.6052 ns/op
OverheadActual  14: 16384 op, 21300.00 ns, 1.3000 ns/op
OverheadActual  15: 16384 op, 21000.00 ns, 1.2817 ns/op

WorkloadWarmup   1: 16384 op, 772402000.00 ns, 47.1437 us/op
WorkloadWarmup   2: 16384 op, 810165700.00 ns, 49.4486 us/op
WorkloadWarmup   3: 16384 op, 792690700.00 ns, 48.3820 us/op
WorkloadWarmup   4: 16384 op, 823701000.00 ns, 50.2747 us/op
WorkloadWarmup   5: 16384 op, 795704500.00 ns, 48.5659 us/op
WorkloadWarmup   6: 16384 op, 820855500.00 ns, 50.1010 us/op

// BeforeActualRun
WorkloadActual   1: 16384 op, 805585100.00 ns, 49.1690 us/op
WorkloadActual   2: 16384 op, 821181200.00 ns, 50.1209 us/op
WorkloadActual   3: 16384 op, 825425600.00 ns, 50.3800 us/op
WorkloadActual   4: 16384 op, 806043400.00 ns, 49.1970 us/op
WorkloadActual   5: 16384 op, 799183900.00 ns, 48.7783 us/op
WorkloadActual   6: 16384 op, 836742200.00 ns, 51.0707 us/op
WorkloadActual   7: 16384 op, 807010300.00 ns, 49.2560 us/op
WorkloadActual   8: 16384 op, 815797200.00 ns, 49.7923 us/op
WorkloadActual   9: 16384 op, 847910900.00 ns, 51.7524 us/op
WorkloadActual  10: 16384 op, 813416300.00 ns, 49.6470 us/op
WorkloadActual  11: 16384 op, 853514900.00 ns, 52.0944 us/op
WorkloadActual  12: 16384 op, 801743300.00 ns, 48.9345 us/op
WorkloadActual  13: 16384 op, 824401900.00 ns, 50.3175 us/op
WorkloadActual  14: 16384 op, 800327700.00 ns, 48.8481 us/op
WorkloadActual  15: 16384 op, 837890800.00 ns, 51.1408 us/op
WorkloadActual  16: 16384 op, 806439500.00 ns, 49.2212 us/op
WorkloadActual  17: 16384 op, 818346500.00 ns, 49.9479 us/op

// AfterActualRun
WorkloadResult   1: 16384 op, 805563700.00 ns, 49.1677 us/op
WorkloadResult   2: 16384 op, 821159800.00 ns, 50.1196 us/op
WorkloadResult   3: 16384 op, 825404200.00 ns, 50.3787 us/op
WorkloadResult   4: 16384 op, 806022000.00 ns, 49.1957 us/op
WorkloadResult   5: 16384 op, 799162500.00 ns, 48.7770 us/op
WorkloadResult   6: 16384 op, 836720800.00 ns, 51.0694 us/op
WorkloadResult   7: 16384 op, 806988900.00 ns, 49.2547 us/op
WorkloadResult   8: 16384 op, 815775800.00 ns, 49.7910 us/op
WorkloadResult   9: 16384 op, 847889500.00 ns, 51.7511 us/op
WorkloadResult  10: 16384 op, 813394900.00 ns, 49.6457 us/op
WorkloadResult  11: 16384 op, 853493500.00 ns, 52.0931 us/op
WorkloadResult  12: 16384 op, 801721900.00 ns, 48.9332 us/op
WorkloadResult  13: 16384 op, 824380500.00 ns, 50.3162 us/op
WorkloadResult  14: 16384 op, 800306300.00 ns, 48.8468 us/op
WorkloadResult  15: 16384 op, 837869400.00 ns, 51.1395 us/op
WorkloadResult  16: 16384 op, 806418100.00 ns, 49.2199 us/op
WorkloadResult  17: 16384 op, 818325100.00 ns, 49.9466 us/op
// GC:  81 18 0 4100718592 16384
// Threading:  0 0 16384

// AfterAll
// Benchmark Process 28136 has exited with code 0.

Mean = 49.979 us, StdErr = 0.248 us (0.50%), N = 17, StdDev = 1.024 us
Min = 48.777 us, Q1 = 49.196 us, Median = 49.791 us, Q3 = 50.379 us, Max = 52.093 us
IQR = 1.183 us, LowerFence = 47.421 us, UpperFence = 52.153 us
ConfidenceInterval = [48.982 us; 50.976 us] (CI 99.9%), Margin = 0.997 us (2.00% of Mean)
Skewness = 0.64, Kurtosis = 2.11, MValue = 2

// ** Remained 14 (23.3%) benchmark(s) to run. Estimated finish 2026-09-21 12:40 (0h 5m from now) **
Setup power plan (GUID: 8c5e7fda-e8bf-4a96-9a85-a6e23a8c635c FriendlyName: High performance)
// **************************
// Benchmark: FixAgainstQuickFix.'A/A ours: parse + read': DefaultJob [From=Dictionary, Reading=PartiesMedium]
// *** Execute ***
// Launch: 1 / 1
// Execute: dotnet qfcompare-DefaultJob-1.dll --anonymousPipes 1460 1468 --benchmarkName "QfCompare.FixAgainstQuickFix.OursParseAgain(From: Dictionary, Reading: PartiesMedium)" --job Default --benchmarkId 46 in P:\dotgram.WorkTrees\fix-frozen\.work\qfcompare\bin\Release\net10.0\qfcompare-DefaultJob-1\bin\Release\net10.0
// BeforeAnythingElse

// Benchmark Process Environment Information:
// BenchmarkDotNet v0.15.8
// Runtime=.NET 10.0.12 (10.0.12, 10.0.1226.42308), X64 RyuJIT x86-64-v4
// GC=Concurrent Workstation
// HardwareIntrinsics=AVX512 BITALG+VBMI2+VNNI+VPOPCNTDQ,AVX512 IFMA+VBMI,AVX512 F+BW+CD+DQ+VL,AVX2+BMI1+BMI2+F16C+FMA+LZCNT+MOVBE,AVX,SSE3+SSSE3+SSE4.1+SSE4.2+POPCNT,X86Base+SSE+SSE2,AES+PCLMUL,AvxVnni VectorSize=256
// Job: DefaultJob

OverheadJitting  1: 1 op, 131900.00 ns, 131.9000 us/op
WorkloadJitting  1: 1 op, 330100.00 ns, 330.1000 us/op

OverheadJitting  2: 16 op, 235000.00 ns, 14.6875 us/op
WorkloadJitting  2: 16 op, 5507900.00 ns, 344.2438 us/op

WorkloadPilot    1: 16 op, 2139500.00 ns, 133.7188 us/op
WorkloadPilot    2: 32 op, 4089100.00 ns, 127.7844 us/op
WorkloadPilot    3: 64 op, 7583700.00 ns, 118.4953 us/op
WorkloadPilot    4: 128 op, 14287700.00 ns, 111.6227 us/op
WorkloadPilot    5: 256 op, 26988300.00 ns, 105.4230 us/op
WorkloadPilot    6: 512 op, 51991500.00 ns, 101.5459 us/op
WorkloadPilot    7: 1024 op, 119541000.00 ns, 116.7393 us/op
WorkloadPilot    8: 2048 op, 166472500.00 ns, 81.2854 us/op
WorkloadPilot    9: 4096 op, 94255400.00 ns, 23.0116 us/op
WorkloadPilot   10: 8192 op, 149230000.00 ns, 18.2166 us/op
WorkloadPilot   11: 16384 op, 296862700.00 ns, 18.1191 us/op
WorkloadPilot   12: 32768 op, 597743200.00 ns, 18.2417 us/op

OverheadWarmup   1: 32768 op, 44200.00 ns, 1.3489 ns/op
OverheadWarmup   2: 32768 op, 42700.00 ns, 1.3031 ns/op
OverheadWarmup   3: 32768 op, 43300.00 ns, 1.3214 ns/op
OverheadWarmup   4: 32768 op, 42300.00 ns, 1.2909 ns/op
OverheadWarmup   5: 32768 op, 42300.00 ns, 1.2909 ns/op
OverheadWarmup   6: 32768 op, 42100.00 ns, 1.2848 ns/op

OverheadActual   1: 32768 op, 42300.00 ns, 1.2909 ns/op
OverheadActual   2: 32768 op, 42100.00 ns, 1.2848 ns/op
OverheadActual   3: 32768 op, 42700.00 ns, 1.3031 ns/op
OverheadActual   4: 32768 op, 42200.00 ns, 1.2878 ns/op
OverheadActual   5: 32768 op, 42700.00 ns, 1.3031 ns/op
OverheadActual   6: 32768 op, 42200.00 ns, 1.2878 ns/op
OverheadActual   7: 32768 op, 42400.00 ns, 1.2939 ns/op
OverheadActual   8: 32768 op, 42900.00 ns, 1.3092 ns/op
OverheadActual   9: 32768 op, 42900.00 ns, 1.3092 ns/op
OverheadActual  10: 32768 op, 42400.00 ns, 1.2939 ns/op
OverheadActual  11: 32768 op, 42600.00 ns, 1.3000 ns/op
OverheadActual  12: 32768 op, 42800.00 ns, 1.3062 ns/op
OverheadActual  13: 32768 op, 42900.00 ns, 1.3092 ns/op
OverheadActual  14: 32768 op, 42200.00 ns, 1.2878 ns/op
OverheadActual  15: 32768 op, 42600.00 ns, 1.3000 ns/op

WorkloadWarmup   1: 32768 op, 613324500.00 ns, 18.7172 us/op
WorkloadWarmup   2: 32768 op, 604924900.00 ns, 18.4608 us/op
WorkloadWarmup   3: 32768 op, 646667900.00 ns, 19.7347 us/op
WorkloadWarmup   4: 32768 op, 633775300.00 ns, 19.3413 us/op
WorkloadWarmup   5: 32768 op, 628340700.00 ns, 19.1754 us/op
WorkloadWarmup   6: 32768 op, 635419500.00 ns, 19.3915 us/op
WorkloadWarmup   7: 32768 op, 621286300.00 ns, 18.9602 us/op

// BeforeActualRun
WorkloadActual   1: 32768 op, 624010200.00 ns, 19.0433 us/op
WorkloadActual   2: 32768 op, 649434700.00 ns, 19.8192 us/op
WorkloadActual   3: 32768 op, 624954400.00 ns, 19.0721 us/op
WorkloadActual   4: 32768 op, 623045600.00 ns, 19.0138 us/op
WorkloadActual   5: 32768 op, 639950400.00 ns, 19.5297 us/op
WorkloadActual   6: 32768 op, 624000700.00 ns, 19.0430 us/op
WorkloadActual   7: 32768 op, 660549200.00 ns, 20.1584 us/op
WorkloadActual   8: 32768 op, 633292100.00 ns, 19.3265 us/op
WorkloadActual   9: 32768 op, 656144000.00 ns, 20.0239 us/op
WorkloadActual  10: 32768 op, 625215000.00 ns, 19.0800 us/op
WorkloadActual  11: 32768 op, 634844600.00 ns, 19.3739 us/op
WorkloadActual  12: 32768 op, 631518700.00 ns, 19.2724 us/op
WorkloadActual  13: 32768 op, 627126600.00 ns, 19.1384 us/op
WorkloadActual  14: 32768 op, 629733500.00 ns, 19.2179 us/op
WorkloadActual  15: 32768 op, 632423900.00 ns, 19.3000 us/op

// AfterActualRun
WorkloadResult   1: 32768 op, 623967600.00 ns, 19.0420 us/op
WorkloadResult   2: 32768 op, 649392100.00 ns, 19.8179 us/op
WorkloadResult   3: 32768 op, 624911800.00 ns, 19.0708 us/op
WorkloadResult   4: 32768 op, 623003000.00 ns, 19.0125 us/op
WorkloadResult   5: 32768 op, 639907800.00 ns, 19.5284 us/op
WorkloadResult   6: 32768 op, 623958100.00 ns, 19.0417 us/op
WorkloadResult   7: 32768 op, 633249500.00 ns, 19.3252 us/op
WorkloadResult   8: 32768 op, 625172400.00 ns, 19.0787 us/op
WorkloadResult   9: 32768 op, 634802000.00 ns, 19.3726 us/op
WorkloadResult  10: 32768 op, 631476100.00 ns, 19.2711 us/op
WorkloadResult  11: 32768 op, 627084000.00 ns, 19.1371 us/op
WorkloadResult  12: 32768 op, 629690900.00 ns, 19.2166 us/op
WorkloadResult  13: 32768 op, 632381300.00 ns, 19.2987 us/op
// GC:  35 0 0 1776812032 32768
// Threading:  0 0 32768

// AfterAll
// Benchmark Process 29072 has exited with code 0.

Mean = 19.247 us, StdErr = 0.064 us (0.33%), N = 13, StdDev = 0.231 us
Min = 19.013 us, Q1 = 19.071 us, Median = 19.217 us, Q3 = 19.325 us, Max = 19.818 us
IQR = 0.254 us, LowerFence = 18.689 us, UpperFence = 19.707 us
ConfidenceInterval = [18.970 us; 19.524 us] (CI 99.9%), Margin = 0.277 us (1.44% of Mean)
Skewness = 1.05, Kurtosis = 3.26, MValue = 2

// ** Remained 13 (21.7%) benchmark(s) to run. Estimated finish 2026-09-21 12:40 (0h 5m from now) **
Setup power plan (GUID: 8c5e7fda-e8bf-4a96-9a85-a6e23a8c635c FriendlyName: High performance)
// **************************
// Benchmark: FixAgainstQuickFix.'A/A QuickFIX/n: parse + read': DefaultJob [From=Dictionary, Reading=PartiesMedium]
// *** Execute ***
// Launch: 1 / 1
// Execute: dotnet qfcompare-DefaultJob-1.dll --anonymousPipes 1404 1592 --benchmarkName "QfCompare.FixAgainstQuickFix.TheirsParseAgain(From: Dictionary, Reading: PartiesMedium)" --job Default --benchmarkId 47 in P:\dotgram.WorkTrees\fix-frozen\.work\qfcompare\bin\Release\net10.0\qfcompare-DefaultJob-1\bin\Release\net10.0
// BeforeAnythingElse

// Benchmark Process Environment Information:
// BenchmarkDotNet v0.15.8
// Runtime=.NET 10.0.12 (10.0.12, 10.0.1226.42308), X64 RyuJIT x86-64-v4
// GC=Concurrent Workstation
// HardwareIntrinsics=AVX512 BITALG+VBMI2+VNNI+VPOPCNTDQ,AVX512 IFMA+VBMI,AVX512 F+BW+CD+DQ+VL,AVX2+BMI1+BMI2+F16C+FMA+LZCNT+MOVBE,AVX,SSE3+SSSE3+SSE4.1+SSE4.2+POPCNT,X86Base+SSE+SSE2,AES+PCLMUL,AvxVnni VectorSize=256
// Job: DefaultJob

OverheadJitting  1: 1 op, 131800.00 ns, 131.8000 us/op
WorkloadJitting  1: 1 op, 363000.00 ns, 363.0000 us/op

OverheadJitting  2: 16 op, 233100.00 ns, 14.5688 us/op
WorkloadJitting  2: 16 op, 2771300.00 ns, 173.2063 us/op

WorkloadPilot    1: 16 op, 2557600.00 ns, 159.8500 us/op
WorkloadPilot    2: 32 op, 4744500.00 ns, 148.2656 us/op
WorkloadPilot    3: 64 op, 9631500.00 ns, 150.4922 us/op
WorkloadPilot    4: 128 op, 18819500.00 ns, 147.0273 us/op
WorkloadPilot    5: 256 op, 36547500.00 ns, 142.7637 us/op
WorkloadPilot    6: 512 op, 61239900.00 ns, 119.6092 us/op
WorkloadPilot    7: 1024 op, 135662700.00 ns, 132.4831 us/op
WorkloadPilot    8: 2048 op, 100962800.00 ns, 49.2982 us/op
WorkloadPilot    9: 4096 op, 113627400.00 ns, 27.7411 us/op
WorkloadPilot   10: 8192 op, 226513900.00 ns, 27.6506 us/op
WorkloadPilot   11: 16384 op, 453665200.00 ns, 27.6895 us/op
WorkloadPilot   12: 32768 op, 911471900.00 ns, 27.8159 us/op

OverheadWarmup   1: 32768 op, 43900.00 ns, 1.3397 ns/op
OverheadWarmup   2: 32768 op, 42400.00 ns, 1.2939 ns/op
OverheadWarmup   3: 32768 op, 42600.00 ns, 1.3000 ns/op
OverheadWarmup   4: 32768 op, 45000.00 ns, 1.3733 ns/op
OverheadWarmup   5: 32768 op, 43100.00 ns, 1.3153 ns/op
OverheadWarmup   6: 32768 op, 42300.00 ns, 1.2909 ns/op
OverheadWarmup   7: 32768 op, 43000.00 ns, 1.3123 ns/op
OverheadWarmup   8: 32768 op, 42600.00 ns, 1.3000 ns/op

OverheadActual   1: 32768 op, 43100.00 ns, 1.3153 ns/op
OverheadActual   2: 32768 op, 42700.00 ns, 1.3031 ns/op
OverheadActual   3: 32768 op, 42500.00 ns, 1.2970 ns/op
OverheadActual   4: 32768 op, 43100.00 ns, 1.3153 ns/op
OverheadActual   5: 32768 op, 43200.00 ns, 1.3184 ns/op
OverheadActual   6: 32768 op, 42300.00 ns, 1.2909 ns/op
OverheadActual   7: 32768 op, 43000.00 ns, 1.3123 ns/op
OverheadActual   8: 32768 op, 42400.00 ns, 1.2939 ns/op
OverheadActual   9: 32768 op, 42800.00 ns, 1.3062 ns/op
OverheadActual  10: 32768 op, 42900.00 ns, 1.3092 ns/op
OverheadActual  11: 32768 op, 42900.00 ns, 1.3092 ns/op
OverheadActual  12: 32768 op, 42400.00 ns, 1.2939 ns/op
OverheadActual  13: 32768 op, 42800.00 ns, 1.3062 ns/op
OverheadActual  14: 32768 op, 43000.00 ns, 1.3123 ns/op
OverheadActual  15: 32768 op, 42800.00 ns, 1.3062 ns/op

WorkloadWarmup   1: 32768 op, 941362400.00 ns, 28.7281 us/op
WorkloadWarmup   2: 32768 op, 993849700.00 ns, 30.3299 us/op
WorkloadWarmup   3: 32768 op, 960946400.00 ns, 29.3258 us/op
WorkloadWarmup   4: 32768 op, 988604900.00 ns, 30.1698 us/op
WorkloadWarmup   5: 32768 op, 948726900.00 ns, 28.9528 us/op
WorkloadWarmup   6: 32768 op, 958973100.00 ns, 29.2655 us/op

// BeforeActualRun
WorkloadActual   1: 32768 op, 983693000.00 ns, 30.0199 us/op
WorkloadActual   2: 32768 op, 954963600.00 ns, 29.1432 us/op
WorkloadActual   3: 32768 op, 972870200.00 ns, 29.6896 us/op
WorkloadActual   4: 32768 op, 983878600.00 ns, 30.0256 us/op
WorkloadActual   5: 32768 op, 980305600.00 ns, 29.9166 us/op
WorkloadActual   6: 32768 op, 970106600.00 ns, 29.6053 us/op
WorkloadActual   7: 32768 op, 1024589500.00 ns, 31.2680 us/op
WorkloadActual   8: 32768 op, 953762200.00 ns, 29.1065 us/op
WorkloadActual   9: 32768 op, 969859000.00 ns, 29.5977 us/op
WorkloadActual  10: 32768 op, 964532600.00 ns, 29.4352 us/op
WorkloadActual  11: 32768 op, 966271400.00 ns, 29.4883 us/op
WorkloadActual  12: 32768 op, 974849900.00 ns, 29.7501 us/op
WorkloadActual  13: 32768 op, 971261900.00 ns, 29.6406 us/op
WorkloadActual  14: 32768 op, 964852800.00 ns, 29.4450 us/op
WorkloadActual  15: 32768 op, 953777700.00 ns, 29.1070 us/op

// AfterActualRun
WorkloadResult   1: 32768 op, 983650200.00 ns, 30.0186 us/op
WorkloadResult   2: 32768 op, 954920800.00 ns, 29.1419 us/op
WorkloadResult   3: 32768 op, 972827400.00 ns, 29.6883 us/op
WorkloadResult   4: 32768 op, 983835800.00 ns, 30.0243 us/op
WorkloadResult   5: 32768 op, 980262800.00 ns, 29.9152 us/op
WorkloadResult   6: 32768 op, 970063800.00 ns, 29.6040 us/op
WorkloadResult   7: 32768 op, 953719400.00 ns, 29.1052 us/op
WorkloadResult   8: 32768 op, 969816200.00 ns, 29.5964 us/op
WorkloadResult   9: 32768 op, 964489800.00 ns, 29.4339 us/op
WorkloadResult  10: 32768 op, 966228600.00 ns, 29.4870 us/op
WorkloadResult  11: 32768 op, 974807100.00 ns, 29.7488 us/op
WorkloadResult  12: 32768 op, 971219100.00 ns, 29.6393 us/op
WorkloadResult  13: 32768 op, 964810000.00 ns, 29.4437 us/op
WorkloadResult  14: 32768 op, 953734900.00 ns, 29.1057 us/op
// GC:  129 25 0 6504054784 32768
// Threading:  0 0 32768

// AfterAll
// Benchmark Process 30844 has exited with code 0.

Mean = 29.568 us, StdErr = 0.082 us (0.28%), N = 14, StdDev = 0.308 us
Min = 29.105 us, Q1 = 29.436 us, Median = 29.600 us, Q3 = 29.734 us, Max = 30.024 us
IQR = 0.297 us, LowerFence = 28.990 us, UpperFence = 30.180 us
ConfidenceInterval = [29.220 us; 29.916 us] (CI 99.9%), Margin = 0.348 us (1.18% of Mean)
Skewness = -0.11, Kurtosis = 1.78, MValue = 2

// ** Remained 12 (20.0%) benchmark(s) to run. Estimated finish 2026-09-21 12:40 (0h 4m from now) **
Setup power plan (GUID: 8c5e7fda-e8bf-4a96-9a85-a6e23a8c635c FriendlyName: High performance)
// **************************
// Benchmark: FixAgainstQuickFix.'ours: parse + read': DefaultJob [From=Dictionary, Reading=PartiesLarge]
// *** Execute ***
// Launch: 1 / 1
// Execute: dotnet qfcompare-DefaultJob-1.dll --anonymousPipes 1452 1604 --benchmarkName "QfCompare.FixAgainstQuickFix.OursParse(From: Dictionary, Reading: PartiesLarge)" --job Default --benchmarkId 48 in P:\dotgram.WorkTrees\fix-frozen\.work\qfcompare\bin\Release\net10.0\qfcompare-DefaultJob-1\bin\Release\net10.0
// BeforeAnythingElse

// Benchmark Process Environment Information:
// BenchmarkDotNet v0.15.8
// Runtime=.NET 10.0.12 (10.0.12, 10.0.1226.42308), X64 RyuJIT x86-64-v4
// GC=Concurrent Workstation
// HardwareIntrinsics=AVX512 BITALG+VBMI2+VNNI+VPOPCNTDQ,AVX512 IFMA+VBMI,AVX512 F+BW+CD+DQ+VL,AVX2+BMI1+BMI2+F16C+FMA+LZCNT+MOVBE,AVX,SSE3+SSSE3+SSE4.1+SSE4.2+POPCNT,X86Base+SSE+SSE2,AES+PCLMUL,AvxVnni VectorSize=256
// Job: DefaultJob

OverheadJitting  1: 1 op, 122100.00 ns, 122.1000 us/op
WorkloadJitting  1: 1 op, 1240400.00 ns, 1.2404 ms/op

OverheadJitting  2: 16 op, 241800.00 ns, 15.1125 us/op
WorkloadJitting  2: 16 op, 25376700.00 ns, 1.5860 ms/op

WorkloadPilot    1: 16 op, 14017900.00 ns, 876.1188 us/op
WorkloadPilot    2: 32 op, 27678600.00 ns, 864.9563 us/op
WorkloadPilot    3: 64 op, 53788500.00 ns, 840.4453 us/op
WorkloadPilot    4: 128 op, 92297900.00 ns, 721.0773 us/op
WorkloadPilot    5: 256 op, 122772100.00 ns, 479.5785 us/op
WorkloadPilot    6: 512 op, 232323000.00 ns, 453.7559 us/op
WorkloadPilot    7: 1024 op, 456931900.00 ns, 446.2226 us/op
WorkloadPilot    8: 2048 op, 898085000.00 ns, 438.5181 us/op

OverheadWarmup   1: 2048 op, 5400.00 ns, 2.6367 ns/op
OverheadWarmup   2: 2048 op, 2700.00 ns, 1.3184 ns/op
OverheadWarmup   3: 2048 op, 3000.00 ns, 1.4648 ns/op
OverheadWarmup   4: 2048 op, 2700.00 ns, 1.3184 ns/op
OverheadWarmup   5: 2048 op, 2700.00 ns, 1.3184 ns/op
OverheadWarmup   6: 2048 op, 3000.00 ns, 1.4648 ns/op

OverheadActual   1: 2048 op, 2700.00 ns, 1.3184 ns/op
OverheadActual   2: 2048 op, 3000.00 ns, 1.4648 ns/op
OverheadActual   3: 2048 op, 2700.00 ns, 1.3184 ns/op
OverheadActual   4: 2048 op, 2700.00 ns, 1.3184 ns/op
OverheadActual   5: 2048 op, 3100.00 ns, 1.5137 ns/op
OverheadActual   6: 2048 op, 3000.00 ns, 1.4648 ns/op
OverheadActual   7: 2048 op, 2700.00 ns, 1.3184 ns/op
OverheadActual   8: 2048 op, 2700.00 ns, 1.3184 ns/op
OverheadActual   9: 2048 op, 3000.00 ns, 1.4648 ns/op
OverheadActual  10: 2048 op, 2700.00 ns, 1.3184 ns/op
OverheadActual  11: 2048 op, 2700.00 ns, 1.3184 ns/op
OverheadActual  12: 2048 op, 3000.00 ns, 1.4648 ns/op
OverheadActual  13: 2048 op, 2700.00 ns, 1.3184 ns/op
OverheadActual  14: 2048 op, 2700.00 ns, 1.3184 ns/op
OverheadActual  15: 2048 op, 2700.00 ns, 1.3184 ns/op
OverheadActual  16: 2048 op, 2700.00 ns, 1.3184 ns/op
OverheadActual  17: 2048 op, 2800.00 ns, 1.3672 ns/op
OverheadActual  18: 2048 op, 2700.00 ns, 1.3184 ns/op

WorkloadWarmup   1: 2048 op, 904637300.00 ns, 441.7174 us/op
WorkloadWarmup   2: 2048 op, 914674100.00 ns, 446.6182 us/op
WorkloadWarmup   3: 2048 op, 909777300.00 ns, 444.2272 us/op
WorkloadWarmup   4: 2048 op, 912760300.00 ns, 445.6837 us/op
WorkloadWarmup   5: 2048 op, 913559900.00 ns, 446.0742 us/op
WorkloadWarmup   6: 2048 op, 915520500.00 ns, 447.0315 us/op
WorkloadWarmup   7: 2048 op, 893867300.00 ns, 436.4586 us/op

// BeforeActualRun
WorkloadActual   1: 2048 op, 913294400.00 ns, 445.9445 us/op
WorkloadActual   2: 2048 op, 912392700.00 ns, 445.5042 us/op
WorkloadActual   3: 2048 op, 910861400.00 ns, 444.7565 us/op
WorkloadActual   4: 2048 op, 911787600.00 ns, 445.2088 us/op
WorkloadActual   5: 2048 op, 912102100.00 ns, 445.3624 us/op
WorkloadActual   6: 2048 op, 910992800.00 ns, 444.8207 us/op
WorkloadActual   7: 2048 op, 911619800.00 ns, 445.1269 us/op
WorkloadActual   8: 2048 op, 914809200.00 ns, 446.6842 us/op
WorkloadActual   9: 2048 op, 908413300.00 ns, 443.5612 us/op
WorkloadActual  10: 2048 op, 913698400.00 ns, 446.1418 us/op
WorkloadActual  11: 2048 op, 917321000.00 ns, 447.9106 us/op
WorkloadActual  12: 2048 op, 909206000.00 ns, 443.9482 us/op
WorkloadActual  13: 2048 op, 915628000.00 ns, 447.0840 us/op
WorkloadActual  14: 2048 op, 914052100.00 ns, 446.3145 us/op
WorkloadActual  15: 2048 op, 920671800.00 ns, 449.5468 us/op

// AfterActualRun
WorkloadResult   1: 2048 op, 913291700.00 ns, 445.9432 us/op
WorkloadResult   2: 2048 op, 912390000.00 ns, 445.5029 us/op
WorkloadResult   3: 2048 op, 910858700.00 ns, 444.7552 us/op
WorkloadResult   4: 2048 op, 911784900.00 ns, 445.2075 us/op
WorkloadResult   5: 2048 op, 912099400.00 ns, 445.3610 us/op
WorkloadResult   6: 2048 op, 910990100.00 ns, 444.8194 us/op
WorkloadResult   7: 2048 op, 911617100.00 ns, 445.1255 us/op
WorkloadResult   8: 2048 op, 914806500.00 ns, 446.6829 us/op
WorkloadResult   9: 2048 op, 908410600.00 ns, 443.5599 us/op
WorkloadResult  10: 2048 op, 913695700.00 ns, 446.1405 us/op
WorkloadResult  11: 2048 op, 917318300.00 ns, 447.9093 us/op
WorkloadResult  12: 2048 op, 909203300.00 ns, 443.9469 us/op
WorkloadResult  13: 2048 op, 915625300.00 ns, 447.0827 us/op
WorkloadResult  14: 2048 op, 914049400.00 ns, 446.3132 us/op
// GC:  73 68 58 1025401824 2048
// Threading:  0 0 2048

// AfterAll
// Benchmark Process 51056 has exited with code 0.

Mean = 445.596 us, StdErr = 0.317 us (0.07%), N = 14, StdDev = 1.186 us
Min = 443.560 us, Q1 = 444.896 us, Median = 445.432 us, Q3 = 446.270 us, Max = 447.909 us
IQR = 1.374 us, LowerFence = 442.835 us, UpperFence = 448.331 us
ConfidenceInterval = [444.259 us; 446.934 us] (CI 99.9%), Margin = 1.338 us (0.30% of Mean)
Skewness = 0.14, Kurtosis = 2.2, MValue = 2

// ** Remained 11 (18.3%) benchmark(s) to run. Estimated finish 2026-09-21 12:40 (0h 4m from now) **
Setup power plan (GUID: 8c5e7fda-e8bf-4a96-9a85-a6e23a8c635c FriendlyName: High performance)
// **************************
// Benchmark: FixAgainstQuickFix.'QuickFIX/n: parse + read': DefaultJob [From=Dictionary, Reading=PartiesLarge]
// *** Execute ***
// Launch: 1 / 1
// Execute: dotnet qfcompare-DefaultJob-1.dll --anonymousPipes 1524 1572 --benchmarkName "QfCompare.FixAgainstQuickFix.TheirsParse(From: Dictionary, Reading: PartiesLarge)" --job Default --benchmarkId 49 in P:\dotgram.WorkTrees\fix-frozen\.work\qfcompare\bin\Release\net10.0\qfcompare-DefaultJob-1\bin\Release\net10.0
// BeforeAnythingElse

// Benchmark Process Environment Information:
// BenchmarkDotNet v0.15.8
// Runtime=.NET 10.0.12 (10.0.12, 10.0.1226.42308), X64 RyuJIT x86-64-v4
// GC=Concurrent Workstation
// HardwareIntrinsics=AVX512 BITALG+VBMI2+VNNI+VPOPCNTDQ,AVX512 IFMA+VBMI,AVX512 F+BW+CD+DQ+VL,AVX2+BMI1+BMI2+F16C+FMA+LZCNT+MOVBE,AVX,SSE3+SSSE3+SSE4.1+SSE4.2+POPCNT,X86Base+SSE+SSE2,AES+PCLMUL,AvxVnni VectorSize=256
// Job: DefaultJob

OverheadJitting  1: 1 op, 119700.00 ns, 119.7000 us/op
WorkloadJitting  1: 1 op, 1426100.00 ns, 1.4261 ms/op

OverheadJitting  2: 16 op, 234000.00 ns, 14.6250 us/op
WorkloadJitting  2: 16 op, 29186000.00 ns, 1.8241 ms/op

WorkloadPilot    1: 16 op, 18183800.00 ns, 1.1365 ms/op
WorkloadPilot    2: 32 op, 36309600.00 ns, 1.1347 ms/op
WorkloadPilot    3: 64 op, 62726000.00 ns, 980.0938 us/op
WorkloadPilot    4: 128 op, 135546300.00 ns, 1.0590 ms/op
WorkloadPilot    5: 256 op, 105608000.00 ns, 412.5313 us/op
WorkloadPilot    6: 512 op, 136376000.00 ns, 266.3594 us/op
WorkloadPilot    7: 1024 op, 272445900.00 ns, 266.0604 us/op
WorkloadPilot    8: 2048 op, 556706700.00 ns, 271.8294 us/op

OverheadWarmup   1: 2048 op, 4200.00 ns, 2.0508 ns/op
OverheadWarmup   2: 2048 op, 2900.00 ns, 1.4160 ns/op
OverheadWarmup   3: 2048 op, 3000.00 ns, 1.4648 ns/op
OverheadWarmup   4: 2048 op, 3100.00 ns, 1.5137 ns/op
OverheadWarmup   5: 2048 op, 2700.00 ns, 1.3184 ns/op
OverheadWarmup   6: 2048 op, 3000.00 ns, 1.4648 ns/op
OverheadWarmup   7: 2048 op, 2700.00 ns, 1.3184 ns/op

OverheadActual   1: 2048 op, 3000.00 ns, 1.4648 ns/op
OverheadActual   2: 2048 op, 3000.00 ns, 1.4648 ns/op
OverheadActual   3: 2048 op, 3000.00 ns, 1.4648 ns/op
OverheadActual   4: 2048 op, 3000.00 ns, 1.4648 ns/op
OverheadActual   5: 2048 op, 3000.00 ns, 1.4648 ns/op
OverheadActual   6: 2048 op, 2700.00 ns, 1.3184 ns/op
OverheadActual   7: 2048 op, 3000.00 ns, 1.4648 ns/op
OverheadActual   8: 2048 op, 2700.00 ns, 1.3184 ns/op
OverheadActual   9: 2048 op, 2700.00 ns, 1.3184 ns/op
OverheadActual  10: 2048 op, 2600.00 ns, 1.2695 ns/op
OverheadActual  11: 2048 op, 2600.00 ns, 1.2695 ns/op
OverheadActual  12: 2048 op, 2700.00 ns, 1.3184 ns/op
OverheadActual  13: 2048 op, 2800.00 ns, 1.3672 ns/op
OverheadActual  14: 2048 op, 2700.00 ns, 1.3184 ns/op
OverheadActual  15: 2048 op, 2700.00 ns, 1.3184 ns/op
OverheadActual  16: 2048 op, 3000.00 ns, 1.4648 ns/op
OverheadActual  17: 2048 op, 2600.00 ns, 1.2695 ns/op
OverheadActual  18: 2048 op, 2900.00 ns, 1.4160 ns/op
OverheadActual  19: 2048 op, 2900.00 ns, 1.4160 ns/op
OverheadActual  20: 2048 op, 2800.00 ns, 1.3672 ns/op

WorkloadWarmup   1: 2048 op, 564919800.00 ns, 275.8397 us/op
WorkloadWarmup   2: 2048 op, 566946700.00 ns, 276.8294 us/op
WorkloadWarmup   3: 2048 op, 575544900.00 ns, 281.0278 us/op
WorkloadWarmup   4: 2048 op, 584843000.00 ns, 285.5679 us/op
WorkloadWarmup   5: 2048 op, 584788800.00 ns, 285.5414 us/op
WorkloadWarmup   6: 2048 op, 586602600.00 ns, 286.4271 us/op
WorkloadWarmup   7: 2048 op, 600331500.00 ns, 293.1306 us/op
WorkloadWarmup   8: 2048 op, 585571400.00 ns, 285.9235 us/op

// BeforeActualRun
WorkloadActual   1: 2048 op, 594406100.00 ns, 290.2374 us/op
WorkloadActual   2: 2048 op, 587463300.00 ns, 286.8473 us/op
WorkloadActual   3: 2048 op, 576395100.00 ns, 281.4429 us/op
WorkloadActual   4: 2048 op, 579524000.00 ns, 282.9707 us/op
WorkloadActual   5: 2048 op, 569264700.00 ns, 277.9613 us/op
WorkloadActual   6: 2048 op, 589313200.00 ns, 287.7506 us/op
WorkloadActual   7: 2048 op, 581062900.00 ns, 283.7221 us/op
WorkloadActual   8: 2048 op, 593903700.00 ns, 289.9920 us/op
WorkloadActual   9: 2048 op, 588091000.00 ns, 287.1538 us/op
WorkloadActual  10: 2048 op, 615006700.00 ns, 300.2962 us/op
WorkloadActual  11: 2048 op, 621896900.00 ns, 303.6606 us/op
WorkloadActual  12: 2048 op, 590839600.00 ns, 288.4959 us/op
WorkloadActual  13: 2048 op, 591622300.00 ns, 288.8781 us/op
WorkloadActual  14: 2048 op, 591304000.00 ns, 288.7227 us/op
WorkloadActual  15: 2048 op, 585988500.00 ns, 286.1272 us/op

// AfterActualRun
WorkloadResult   1: 2048 op, 594403300.00 ns, 290.2360 us/op
WorkloadResult   2: 2048 op, 587460500.00 ns, 286.8459 us/op
WorkloadResult   3: 2048 op, 576392300.00 ns, 281.4416 us/op
WorkloadResult   4: 2048 op, 579521200.00 ns, 282.9693 us/op
WorkloadResult   5: 2048 op, 569261900.00 ns, 277.9599 us/op
WorkloadResult   6: 2048 op, 589310400.00 ns, 287.7492 us/op
WorkloadResult   7: 2048 op, 581060100.00 ns, 283.7208 us/op
WorkloadResult   8: 2048 op, 593900900.00 ns, 289.9907 us/op
WorkloadResult   9: 2048 op, 588088200.00 ns, 287.1524 us/op
WorkloadResult  10: 2048 op, 590836800.00 ns, 288.4945 us/op
WorkloadResult  11: 2048 op, 591619500.00 ns, 288.8767 us/op
WorkloadResult  12: 2048 op, 591301200.00 ns, 288.7213 us/op
WorkloadResult  13: 2048 op, 585985700.00 ns, 286.1258 us/op
// GC:  78 34 0 3960209408 2048
// Threading:  0 0 2048

// AfterAll
// Benchmark Process 47468 has exited with code 0.

Mean = 286.176 us, StdErr = 1.014 us (0.35%), N = 13, StdDev = 3.655 us
Min = 277.960 us, Q1 = 283.721 us, Median = 287.152 us, Q3 = 288.721 us, Max = 290.236 us
IQR = 5.001 us, LowerFence = 276.220 us, UpperFence = 296.222 us
ConfidenceInterval = [281.799 us; 290.553 us] (CI 99.9%), Margin = 4.377 us (1.53% of Mean)
Skewness = -0.84, Kurtosis = 2.51, MValue = 2

// ** Remained 10 (16.7%) benchmark(s) to run. Estimated finish 2026-09-21 12:40 (0h 4m from now) **
Setup power plan (GUID: 8c5e7fda-e8bf-4a96-9a85-a6e23a8c635c FriendlyName: High performance)
// **************************
// Benchmark: FixAgainstQuickFix.'ours: parse + validate + read': DefaultJob [From=Dictionary, Reading=PartiesLarge]
// *** Execute ***
// Launch: 1 / 1
// Execute: dotnet qfcompare-DefaultJob-1.dll --anonymousPipes 2672 2676 --benchmarkName "QfCompare.FixAgainstQuickFix.OursParseAndValidate(From: Dictionary, Reading: PartiesLarge)" --job Default --benchmarkId 50 in P:\dotgram.WorkTrees\fix-frozen\.work\qfcompare\bin\Release\net10.0\qfcompare-DefaultJob-1\bin\Release\net10.0
// BeforeAnythingElse

// Benchmark Process Environment Information:
// BenchmarkDotNet v0.15.8
// Runtime=.NET 10.0.12 (10.0.12, 10.0.1226.42308), X64 RyuJIT x86-64-v4
// GC=Concurrent Workstation
// HardwareIntrinsics=AVX512 BITALG+VBMI2+VNNI+VPOPCNTDQ,AVX512 IFMA+VBMI,AVX512 F+BW+CD+DQ+VL,AVX2+BMI1+BMI2+F16C+FMA+LZCNT+MOVBE,AVX,SSE3+SSSE3+SSE4.1+SSE4.2+POPCNT,X86Base+SSE+SSE2,AES+PCLMUL,AvxVnni VectorSize=256
// Job: DefaultJob

OverheadJitting  1: 1 op, 124700.00 ns, 124.7000 us/op
WorkloadJitting  1: 1 op, 1715900.00 ns, 1.7159 ms/op

OverheadJitting  2: 16 op, 233000.00 ns, 14.5625 us/op
WorkloadJitting  2: 16 op, 38312300.00 ns, 2.3945 ms/op

WorkloadPilot    1: 16 op, 21863900.00 ns, 1.3665 ms/op
WorkloadPilot    2: 32 op, 41759100.00 ns, 1.3050 ms/op
WorkloadPilot    3: 64 op, 78622100.00 ns, 1.2285 ms/op
WorkloadPilot    4: 128 op, 138355300.00 ns, 1.0809 ms/op
WorkloadPilot    5: 256 op, 124168400.00 ns, 485.0328 us/op
WorkloadPilot    6: 512 op, 230237500.00 ns, 449.6826 us/op
WorkloadPilot    7: 1024 op, 456654500.00 ns, 445.9517 us/op
WorkloadPilot    8: 2048 op, 915144000.00 ns, 446.8477 us/op

OverheadWarmup   1: 2048 op, 4600.00 ns, 2.2461 ns/op
OverheadWarmup   2: 2048 op, 3100.00 ns, 1.5137 ns/op
OverheadWarmup   3: 2048 op, 3000.00 ns, 1.4648 ns/op
OverheadWarmup   4: 2048 op, 2700.00 ns, 1.3184 ns/op
OverheadWarmup   5: 2048 op, 2700.00 ns, 1.3184 ns/op
OverheadWarmup   6: 2048 op, 2700.00 ns, 1.3184 ns/op
OverheadWarmup   7: 2048 op, 2700.00 ns, 1.3184 ns/op
OverheadWarmup   8: 2048 op, 2700.00 ns, 1.3184 ns/op

OverheadActual   1: 2048 op, 3000.00 ns, 1.4648 ns/op
OverheadActual   2: 2048 op, 2700.00 ns, 1.3184 ns/op
OverheadActual   3: 2048 op, 2700.00 ns, 1.3184 ns/op
OverheadActual   4: 2048 op, 3000.00 ns, 1.4648 ns/op
OverheadActual   5: 2048 op, 3000.00 ns, 1.4648 ns/op
OverheadActual   6: 2048 op, 2600.00 ns, 1.2695 ns/op
OverheadActual   7: 2048 op, 3000.00 ns, 1.4648 ns/op
OverheadActual   8: 2048 op, 2700.00 ns, 1.3184 ns/op
OverheadActual   9: 2048 op, 2700.00 ns, 1.3184 ns/op
OverheadActual  10: 2048 op, 3000.00 ns, 1.4648 ns/op
OverheadActual  11: 2048 op, 2700.00 ns, 1.3184 ns/op
OverheadActual  12: 2048 op, 2700.00 ns, 1.3184 ns/op
OverheadActual  13: 2048 op, 3000.00 ns, 1.4648 ns/op
OverheadActual  14: 2048 op, 3000.00 ns, 1.4648 ns/op
OverheadActual  15: 2048 op, 2700.00 ns, 1.3184 ns/op
OverheadActual  16: 2048 op, 2700.00 ns, 1.3184 ns/op
OverheadActual  17: 2048 op, 2700.00 ns, 1.3184 ns/op
OverheadActual  18: 2048 op, 2900.00 ns, 1.4160 ns/op
OverheadActual  19: 2048 op, 2700.00 ns, 1.3184 ns/op

WorkloadWarmup   1: 2048 op, 935219700.00 ns, 456.6502 us/op
WorkloadWarmup   2: 2048 op, 930168300.00 ns, 454.1837 us/op
WorkloadWarmup   3: 2048 op, 959920600.00 ns, 468.7112 us/op
WorkloadWarmup   4: 2048 op, 914685500.00 ns, 446.6238 us/op
WorkloadWarmup   5: 2048 op, 942879000.00 ns, 460.3901 us/op
WorkloadWarmup   6: 2048 op, 924704600.00 ns, 451.5159 us/op

// BeforeActualRun
WorkloadActual   1: 2048 op, 977108200.00 ns, 477.1036 us/op
WorkloadActual   2: 2048 op, 930117800.00 ns, 454.1591 us/op
WorkloadActual   3: 2048 op, 927771000.00 ns, 453.0132 us/op
WorkloadActual   4: 2048 op, 914388300.00 ns, 446.4787 us/op
WorkloadActual   5: 2048 op, 940926100.00 ns, 459.4366 us/op
WorkloadActual   6: 2048 op, 911683000.00 ns, 445.1577 us/op
WorkloadActual   7: 2048 op, 989141800.00 ns, 482.9794 us/op
WorkloadActual   8: 2048 op, 915379500.00 ns, 446.9626 us/op
WorkloadActual   9: 2048 op, 925981900.00 ns, 452.1396 us/op
WorkloadActual  10: 2048 op, 938388800.00 ns, 458.1977 us/op
WorkloadActual  11: 2048 op, 931802700.00 ns, 454.9818 us/op
WorkloadActual  12: 2048 op, 959314500.00 ns, 468.4153 us/op
WorkloadActual  13: 2048 op, 972368100.00 ns, 474.7891 us/op
WorkloadActual  14: 2048 op, 932833800.00 ns, 455.4853 us/op
WorkloadActual  15: 2048 op, 930262300.00 ns, 454.2296 us/op
WorkloadActual  16: 2048 op, 927970800.00 ns, 453.1107 us/op
WorkloadActual  17: 2048 op, 933260400.00 ns, 455.6936 us/op

// AfterActualRun
WorkloadResult   1: 2048 op, 930115100.00 ns, 454.1578 us/op
WorkloadResult   2: 2048 op, 927768300.00 ns, 453.0119 us/op
WorkloadResult   3: 2048 op, 914385600.00 ns, 446.4773 us/op
WorkloadResult   4: 2048 op, 940923400.00 ns, 459.4353 us/op
WorkloadResult   5: 2048 op, 911680300.00 ns, 445.1564 us/op
WorkloadResult   6: 2048 op, 915376800.00 ns, 446.9613 us/op
WorkloadResult   7: 2048 op, 925979200.00 ns, 452.1383 us/op
WorkloadResult   8: 2048 op, 938386100.00 ns, 458.1963 us/op
WorkloadResult   9: 2048 op, 931800000.00 ns, 454.9805 us/op
WorkloadResult  10: 2048 op, 959311800.00 ns, 468.4140 us/op
WorkloadResult  11: 2048 op, 932831100.00 ns, 455.4839 us/op
WorkloadResult  12: 2048 op, 930259600.00 ns, 454.2283 us/op
WorkloadResult  13: 2048 op, 927968100.00 ns, 453.1094 us/op
WorkloadResult  14: 2048 op, 933257700.00 ns, 455.6922 us/op
// GC:  73 68 58 1025631448 2048
// Threading:  0 0 2048

// AfterAll
// Benchmark Process 39340 has exited with code 0.

Mean = 454.103 us, StdErr = 1.573 us (0.35%), N = 14, StdDev = 5.886 us
Min = 445.156 us, Q1 = 452.357 us, Median = 454.193 us, Q3 = 455.640 us, Max = 468.414 us
IQR = 3.283 us, LowerFence = 447.431 us, UpperFence = 460.565 us
ConfidenceInterval = [447.463 us; 460.743 us] (CI 99.9%), Margin = 6.640 us (1.46% of Mean)
Skewness = 0.57, Kurtosis = 3.3, MValue = 2

// ** Remained 9 (15.0%) benchmark(s) to run. Estimated finish 2026-09-21 12:40 (0h 3m from now) **
Setup power plan (GUID: 8c5e7fda-e8bf-4a96-9a85-a6e23a8c635c FriendlyName: High performance)
// **************************
// Benchmark: FixAgainstQuickFix.'QuickFIX/n: parse + validate + read': DefaultJob [From=Dictionary, Reading=PartiesLarge]
// *** Execute ***
// Launch: 1 / 1
// Execute: dotnet qfcompare-DefaultJob-1.dll --anonymousPipes 1424 2324 --benchmarkName "QfCompare.FixAgainstQuickFix.TheirsParseAndValidate(From: Dictionary, Reading: PartiesLarge)" --job Default --benchmarkId 51 in P:\dotgram.WorkTrees\fix-frozen\.work\qfcompare\bin\Release\net10.0\qfcompare-DefaultJob-1\bin\Release\net10.0
// BeforeAnythingElse

// Benchmark Process Environment Information:
// BenchmarkDotNet v0.15.8
// Runtime=.NET 10.0.12 (10.0.12, 10.0.1226.42308), X64 RyuJIT x86-64-v4
// GC=Concurrent Workstation
// HardwareIntrinsics=AVX512 BITALG+VBMI2+VNNI+VPOPCNTDQ,AVX512 IFMA+VBMI,AVX512 F+BW+CD+DQ+VL,AVX2+BMI1+BMI2+F16C+FMA+LZCNT+MOVBE,AVX,SSE3+SSSE3+SSE4.1+SSE4.2+POPCNT,X86Base+SSE+SSE2,AES+PCLMUL,AvxVnni VectorSize=256
// Job: DefaultJob

OverheadJitting  1: 1 op, 134400.00 ns, 134.4000 us/op
WorkloadJitting  1: 1 op, 13020800.00 ns, 13.0208 ms/op

OverheadJitting  2: 16 op, 252500.00 ns, 15.7813 us/op
WorkloadJitting  2: 16 op, 61282100.00 ns, 3.8301 ms/op

WorkloadPilot    1: 16 op, 41464800.00 ns, 2.5916 ms/op
WorkloadPilot    2: 32 op, 81367800.00 ns, 2.5427 ms/op
WorkloadPilot    3: 64 op, 161266000.00 ns, 2.5198 ms/op
WorkloadPilot    4: 128 op, 92706700.00 ns, 724.2711 us/op
WorkloadPilot    5: 256 op, 141443200.00 ns, 552.5125 us/op
WorkloadPilot    6: 512 op, 274869600.00 ns, 536.8547 us/op
WorkloadPilot    7: 1024 op, 541084600.00 ns, 528.4029 us/op

OverheadWarmup   1: 1024 op, 2700.00 ns, 2.6367 ns/op
OverheadWarmup   2: 1024 op, 1700.00 ns, 1.6602 ns/op
OverheadWarmup   3: 1024 op, 1400.00 ns, 1.3672 ns/op
OverheadWarmup   4: 1024 op, 1700.00 ns, 1.6602 ns/op
OverheadWarmup   5: 1024 op, 1400.00 ns, 1.3672 ns/op
OverheadWarmup   6: 1024 op, 1400.00 ns, 1.3672 ns/op
OverheadWarmup   7: 1024 op, 1400.00 ns, 1.3672 ns/op

OverheadActual   1: 1024 op, 1700.00 ns, 1.6602 ns/op
OverheadActual   2: 1024 op, 1600.00 ns, 1.5625 ns/op
OverheadActual   3: 1024 op, 1700.00 ns, 1.6602 ns/op
OverheadActual   4: 1024 op, 1500.00 ns, 1.4648 ns/op
OverheadActual   5: 1024 op, 1400.00 ns, 1.3672 ns/op
OverheadActual   6: 1024 op, 1400.00 ns, 1.3672 ns/op
OverheadActual   7: 1024 op, 1400.00 ns, 1.3672 ns/op
OverheadActual   8: 1024 op, 1400.00 ns, 1.3672 ns/op
OverheadActual   9: 1024 op, 1400.00 ns, 1.3672 ns/op
OverheadActual  10: 1024 op, 1700.00 ns, 1.6602 ns/op
OverheadActual  11: 1024 op, 1400.00 ns, 1.3672 ns/op
OverheadActual  12: 1024 op, 1400.00 ns, 1.3672 ns/op
OverheadActual  13: 1024 op, 1700.00 ns, 1.6602 ns/op
OverheadActual  14: 1024 op, 1400.00 ns, 1.3672 ns/op
OverheadActual  15: 1024 op, 1400.00 ns, 1.3672 ns/op
OverheadActual  16: 1024 op, 1400.00 ns, 1.3672 ns/op
OverheadActual  17: 1024 op, 1400.00 ns, 1.3672 ns/op
OverheadActual  18: 1024 op, 1600.00 ns, 1.5625 ns/op
OverheadActual  19: 1024 op, 1400.00 ns, 1.3672 ns/op
OverheadActual  20: 1024 op, 1700.00 ns, 1.6602 ns/op

WorkloadWarmup   1: 1024 op, 550493100.00 ns, 537.5909 us/op
WorkloadWarmup   2: 1024 op, 549412700.00 ns, 536.5358 us/op
WorkloadWarmup   3: 1024 op, 553346100.00 ns, 540.3771 us/op
WorkloadWarmup   4: 1024 op, 572406000.00 ns, 558.9902 us/op
WorkloadWarmup   5: 1024 op, 558292900.00 ns, 545.2079 us/op
WorkloadWarmup   6: 1024 op, 571805800.00 ns, 558.4041 us/op
WorkloadWarmup   7: 1024 op, 588016200.00 ns, 574.2346 us/op
WorkloadWarmup   8: 1024 op, 561358000.00 ns, 548.2012 us/op

// BeforeActualRun
WorkloadActual   1: 1024 op, 565160800.00 ns, 551.9148 us/op
WorkloadActual   2: 1024 op, 589382100.00 ns, 575.5685 us/op
WorkloadActual   3: 1024 op, 556130300.00 ns, 543.0960 us/op
WorkloadActual   4: 1024 op, 593649200.00 ns, 579.7355 us/op
WorkloadActual   5: 1024 op, 566442000.00 ns, 553.1660 us/op
WorkloadActual   6: 1024 op, 559031800.00 ns, 545.9295 us/op
WorkloadActual   7: 1024 op, 571022100.00 ns, 557.6388 us/op
WorkloadActual   8: 1024 op, 564527100.00 ns, 551.2960 us/op
WorkloadActual   9: 1024 op, 560479600.00 ns, 547.3434 us/op
WorkloadActual  10: 1024 op, 565510200.00 ns, 552.2561 us/op
WorkloadActual  11: 1024 op, 547340000.00 ns, 534.5117 us/op
WorkloadActual  12: 1024 op, 557732500.00 ns, 544.6606 us/op
WorkloadActual  13: 1024 op, 561828500.00 ns, 548.6606 us/op
WorkloadActual  14: 1024 op, 568203400.00 ns, 554.8861 us/op
WorkloadActual  15: 1024 op, 571662400.00 ns, 558.2641 us/op

// AfterActualRun
WorkloadResult   1: 1024 op, 565159400.00 ns, 551.9135 us/op
WorkloadResult   2: 1024 op, 556128900.00 ns, 543.0946 us/op
WorkloadResult   3: 1024 op, 566440600.00 ns, 553.1646 us/op
WorkloadResult   4: 1024 op, 559030400.00 ns, 545.9281 us/op
WorkloadResult   5: 1024 op, 571020700.00 ns, 557.6374 us/op
WorkloadResult   6: 1024 op, 564525700.00 ns, 551.2946 us/op
WorkloadResult   7: 1024 op, 560478200.00 ns, 547.3420 us/op
WorkloadResult   8: 1024 op, 565508800.00 ns, 552.2547 us/op
WorkloadResult   9: 1024 op, 547338600.00 ns, 534.5104 us/op
WorkloadResult  10: 1024 op, 557731100.00 ns, 544.6593 us/op
WorkloadResult  11: 1024 op, 561827100.00 ns, 548.6593 us/op
WorkloadResult  12: 1024 op, 568202000.00 ns, 554.8848 us/op
WorkloadResult  13: 1024 op, 571661000.00 ns, 558.2627 us/op
// GC:  49 18 0 2490261504 1024
// Threading:  0 0 1024

// AfterAll
// Benchmark Process 41524 has exited with code 0.

Mean = 549.508 us, StdErr = 1.807 us (0.33%), N = 13, StdDev = 6.515 us
Min = 534.510 us, Q1 = 545.928 us, Median = 551.295 us, Q3 = 553.165 us, Max = 558.263 us
IQR = 7.237 us, LowerFence = 535.073 us, UpperFence = 564.019 us
ConfidenceInterval = [541.706 us; 557.310 us] (CI 99.9%), Margin = 7.802 us (1.42% of Mean)
Skewness = -0.66, Kurtosis = 2.75, MValue = 2

// ** Remained 8 (13.3%) benchmark(s) to run. Estimated finish 2026-09-21 12:40 (0h 3m from now) **
Setup power plan (GUID: 8c5e7fda-e8bf-4a96-9a85-a6e23a8c635c FriendlyName: High performance)
// **************************
// Benchmark: FixAgainstQuickFix.'A/A ours: parse + read': DefaultJob [From=Dictionary, Reading=PartiesLarge]
// *** Execute ***
// Launch: 1 / 1
// Execute: dotnet qfcompare-DefaultJob-1.dll --anonymousPipes 2676 2484 --benchmarkName "QfCompare.FixAgainstQuickFix.OursParseAgain(From: Dictionary, Reading: PartiesLarge)" --job Default --benchmarkId 52 in P:\dotgram.WorkTrees\fix-frozen\.work\qfcompare\bin\Release\net10.0\qfcompare-DefaultJob-1\bin\Release\net10.0
// BeforeAnythingElse

// Benchmark Process Environment Information:
// BenchmarkDotNet v0.15.8
// Runtime=.NET 10.0.12 (10.0.12, 10.0.1226.42308), X64 RyuJIT x86-64-v4
// GC=Concurrent Workstation
// HardwareIntrinsics=AVX512 BITALG+VBMI2+VNNI+VPOPCNTDQ,AVX512 IFMA+VBMI,AVX512 F+BW+CD+DQ+VL,AVX2+BMI1+BMI2+F16C+FMA+LZCNT+MOVBE,AVX,SSE3+SSSE3+SSE4.1+SSE4.2+POPCNT,X86Base+SSE+SSE2,AES+PCLMUL,AvxVnni VectorSize=256
// Job: DefaultJob

OverheadJitting  1: 1 op, 133200.00 ns, 133.2000 us/op
WorkloadJitting  1: 1 op, 1308400.00 ns, 1.3084 ms/op

OverheadJitting  2: 16 op, 228200.00 ns, 14.2625 us/op
WorkloadJitting  2: 16 op, 25710100.00 ns, 1.6069 ms/op

WorkloadPilot    1: 16 op, 14310300.00 ns, 894.3938 us/op
WorkloadPilot    2: 32 op, 27570900.00 ns, 861.5906 us/op
WorkloadPilot    3: 64 op, 53804400.00 ns, 840.6938 us/op
WorkloadPilot    4: 128 op, 94029400.00 ns, 734.6047 us/op
WorkloadPilot    5: 256 op, 129031600.00 ns, 504.0297 us/op
WorkloadPilot    6: 512 op, 231456800.00 ns, 452.0641 us/op
WorkloadPilot    7: 1024 op, 453220900.00 ns, 442.5985 us/op
WorkloadPilot    8: 2048 op, 912567500.00 ns, 445.5896 us/op

OverheadWarmup   1: 2048 op, 4800.00 ns, 2.3438 ns/op
OverheadWarmup   2: 2048 op, 2900.00 ns, 1.4160 ns/op
OverheadWarmup   3: 2048 op, 2700.00 ns, 1.3184 ns/op
OverheadWarmup   4: 2048 op, 2700.00 ns, 1.3184 ns/op
OverheadWarmup   5: 2048 op, 2800.00 ns, 1.3672 ns/op
OverheadWarmup   6: 2048 op, 3100.00 ns, 1.5137 ns/op
OverheadWarmup   7: 2048 op, 3100.00 ns, 1.5137 ns/op
OverheadWarmup   8: 2048 op, 2800.00 ns, 1.3672 ns/op

OverheadActual   1: 2048 op, 3000.00 ns, 1.4648 ns/op
OverheadActual   2: 2048 op, 2900.00 ns, 1.4160 ns/op
OverheadActual   3: 2048 op, 2700.00 ns, 1.3184 ns/op
OverheadActual   4: 2048 op, 3000.00 ns, 1.4648 ns/op
OverheadActual   5: 2048 op, 3000.00 ns, 1.4648 ns/op
OverheadActual   6: 2048 op, 2700.00 ns, 1.3184 ns/op
OverheadActual   7: 2048 op, 2700.00 ns, 1.3184 ns/op
OverheadActual   8: 2048 op, 2800.00 ns, 1.3672 ns/op
OverheadActual   9: 2048 op, 2700.00 ns, 1.3184 ns/op
OverheadActual  10: 2048 op, 3000.00 ns, 1.4648 ns/op
OverheadActual  11: 2048 op, 2800.00 ns, 1.3672 ns/op
OverheadActual  12: 2048 op, 2700.00 ns, 1.3184 ns/op
OverheadActual  13: 2048 op, 3000.00 ns, 1.4648 ns/op
OverheadActual  14: 2048 op, 2900.00 ns, 1.4160 ns/op
OverheadActual  15: 2048 op, 2800.00 ns, 1.3672 ns/op

WorkloadWarmup   1: 2048 op, 906725300.00 ns, 442.7370 us/op
WorkloadWarmup   2: 2048 op, 915278100.00 ns, 446.9131 us/op
WorkloadWarmup   3: 2048 op, 912636400.00 ns, 445.6232 us/op
WorkloadWarmup   4: 2048 op, 911380300.00 ns, 445.0099 us/op
WorkloadWarmup   5: 2048 op, 915867200.00 ns, 447.2008 us/op
WorkloadWarmup   6: 2048 op, 911946200.00 ns, 445.2862 us/op

// BeforeActualRun
WorkloadActual   1: 2048 op, 915902600.00 ns, 447.2181 us/op
WorkloadActual   2: 2048 op, 915894000.00 ns, 447.2139 us/op
WorkloadActual   3: 2048 op, 916020100.00 ns, 447.2754 us/op
WorkloadActual   4: 2048 op, 912196000.00 ns, 445.4082 us/op
WorkloadActual   5: 2048 op, 911899200.00 ns, 445.2633 us/op
WorkloadActual   6: 2048 op, 913862400.00 ns, 446.2219 us/op
WorkloadActual   7: 2048 op, 915806400.00 ns, 447.1711 us/op
WorkloadActual   8: 2048 op, 916077900.00 ns, 447.3037 us/op
WorkloadActual   9: 2048 op, 915449900.00 ns, 446.9970 us/op
WorkloadActual  10: 2048 op, 910498500.00 ns, 444.5793 us/op
WorkloadActual  11: 2048 op, 918690400.00 ns, 448.5793 us/op
WorkloadActual  12: 2048 op, 926549900.00 ns, 452.4169 us/op
WorkloadActual  13: 2048 op, 912795400.00 ns, 445.7009 us/op
WorkloadActual  14: 2048 op, 918484100.00 ns, 448.4786 us/op
WorkloadActual  15: 2048 op, 931235800.00 ns, 454.7050 us/op

// AfterActualRun
WorkloadResult   1: 2048 op, 915899800.00 ns, 447.2167 us/op
WorkloadResult   2: 2048 op, 915891200.00 ns, 447.2125 us/op
WorkloadResult   3: 2048 op, 916017300.00 ns, 447.2741 us/op
WorkloadResult   4: 2048 op, 912193200.00 ns, 445.4068 us/op
WorkloadResult   5: 2048 op, 911896400.00 ns, 445.2619 us/op
WorkloadResult   6: 2048 op, 913859600.00 ns, 446.2205 us/op
WorkloadResult   7: 2048 op, 915803600.00 ns, 447.1697 us/op
WorkloadResult   8: 2048 op, 916075100.00 ns, 447.3023 us/op
WorkloadResult   9: 2048 op, 915447100.00 ns, 446.9957 us/op
WorkloadResult  10: 2048 op, 910495700.00 ns, 444.5780 us/op
WorkloadResult  11: 2048 op, 918687600.00 ns, 448.5779 us/op
WorkloadResult  12: 2048 op, 912792600.00 ns, 445.6995 us/op
WorkloadResult  13: 2048 op, 918481300.00 ns, 448.4772 us/op
// GC:  73 69 58 1025371304 2048
// Threading:  0 0 2048

// AfterAll
// Benchmark Process 17816 has exited with code 0.

Mean = 446.723 us, StdErr = 0.337 us (0.08%), N = 13, StdDev = 1.214 us
Min = 444.578 us, Q1 = 445.700 us, Median = 447.170 us, Q3 = 447.274 us, Max = 448.578 us
IQR = 1.575 us, LowerFence = 443.338 us, UpperFence = 449.636 us
ConfidenceInterval = [445.269 us; 448.176 us] (CI 99.9%), Margin = 1.454 us (0.33% of Mean)
Skewness = -0.17, Kurtosis = 1.83, MValue = 2

// ** Remained 7 (11.7%) benchmark(s) to run. Estimated finish 2026-09-21 12:40 (0h 2m from now) **
Setup power plan (GUID: 8c5e7fda-e8bf-4a96-9a85-a6e23a8c635c FriendlyName: High performance)
// **************************
// Benchmark: FixAgainstQuickFix.'A/A QuickFIX/n: parse + read': DefaultJob [From=Dictionary, Reading=PartiesLarge]
// *** Execute ***
// Launch: 1 / 1
// Execute: dotnet qfcompare-DefaultJob-1.dll --anonymousPipes 1404 1928 --benchmarkName "QfCompare.FixAgainstQuickFix.TheirsParseAgain(From: Dictionary, Reading: PartiesLarge)" --job Default --benchmarkId 53 in P:\dotgram.WorkTrees\fix-frozen\.work\qfcompare\bin\Release\net10.0\qfcompare-DefaultJob-1\bin\Release\net10.0
// BeforeAnythingElse

// Benchmark Process Environment Information:
// BenchmarkDotNet v0.15.8
// Runtime=.NET 10.0.12 (10.0.12, 10.0.1226.42308), X64 RyuJIT x86-64-v4
// GC=Concurrent Workstation
// HardwareIntrinsics=AVX512 BITALG+VBMI2+VNNI+VPOPCNTDQ,AVX512 IFMA+VBMI,AVX512 F+BW+CD+DQ+VL,AVX2+BMI1+BMI2+F16C+FMA+LZCNT+MOVBE,AVX,SSE3+SSSE3+SSE4.1+SSE4.2+POPCNT,X86Base+SSE+SSE2,AES+PCLMUL,AvxVnni VectorSize=256
// Job: DefaultJob

OverheadJitting  1: 1 op, 133100.00 ns, 133.1000 us/op
WorkloadJitting  1: 1 op, 1534400.00 ns, 1.5344 ms/op

OverheadJitting  2: 16 op, 232900.00 ns, 14.5563 us/op
WorkloadJitting  2: 16 op, 29201500.00 ns, 1.8251 ms/op

WorkloadPilot    1: 16 op, 18512200.00 ns, 1.1570 ms/op
WorkloadPilot    2: 32 op, 36364600.00 ns, 1.1364 ms/op
WorkloadPilot    3: 64 op, 64165800.00 ns, 1.0026 ms/op
WorkloadPilot    4: 128 op, 135207900.00 ns, 1.0563 ms/op
WorkloadPilot    5: 256 op, 105946300.00 ns, 413.8527 us/op
WorkloadPilot    6: 512 op, 136698700.00 ns, 266.9896 us/op
WorkloadPilot    7: 1024 op, 272393300.00 ns, 266.0091 us/op
WorkloadPilot    8: 2048 op, 552218600.00 ns, 269.6380 us/op

OverheadWarmup   1: 2048 op, 4800.00 ns, 2.3438 ns/op
OverheadWarmup   2: 2048 op, 3100.00 ns, 1.5137 ns/op
OverheadWarmup   3: 2048 op, 2800.00 ns, 1.3672 ns/op
OverheadWarmup   4: 2048 op, 2700.00 ns, 1.3184 ns/op
OverheadWarmup   5: 2048 op, 2800.00 ns, 1.3672 ns/op
OverheadWarmup   6: 2048 op, 2800.00 ns, 1.3672 ns/op
OverheadWarmup   7: 2048 op, 2700.00 ns, 1.3184 ns/op
OverheadWarmup   8: 2048 op, 2800.00 ns, 1.3672 ns/op

OverheadActual   1: 2048 op, 2700.00 ns, 1.3184 ns/op
OverheadActual   2: 2048 op, 2700.00 ns, 1.3184 ns/op
OverheadActual   3: 2048 op, 2700.00 ns, 1.3184 ns/op
OverheadActual   4: 2048 op, 2700.00 ns, 1.3184 ns/op
OverheadActual   5: 2048 op, 3100.00 ns, 1.5137 ns/op
OverheadActual   6: 2048 op, 2700.00 ns, 1.3184 ns/op
OverheadActual   7: 2048 op, 2800.00 ns, 1.3672 ns/op
OverheadActual   8: 2048 op, 2700.00 ns, 1.3184 ns/op
OverheadActual   9: 2048 op, 3000.00 ns, 1.4648 ns/op
OverheadActual  10: 2048 op, 2700.00 ns, 1.3184 ns/op
OverheadActual  11: 2048 op, 3000.00 ns, 1.4648 ns/op
OverheadActual  12: 2048 op, 2700.00 ns, 1.3184 ns/op
OverheadActual  13: 2048 op, 2800.00 ns, 1.3672 ns/op
OverheadActual  14: 2048 op, 2700.00 ns, 1.3184 ns/op
OverheadActual  15: 2048 op, 2800.00 ns, 1.3672 ns/op

WorkloadWarmup   1: 2048 op, 562360200.00 ns, 274.5899 us/op
WorkloadWarmup   2: 2048 op, 560716500.00 ns, 273.7874 us/op
WorkloadWarmup   3: 2048 op, 564185400.00 ns, 275.4812 us/op
WorkloadWarmup   4: 2048 op, 585638300.00 ns, 285.9562 us/op
WorkloadWarmup   5: 2048 op, 583297600.00 ns, 284.8133 us/op
WorkloadWarmup   6: 2048 op, 587407300.00 ns, 286.8200 us/op
WorkloadWarmup   7: 2048 op, 599700900.00 ns, 292.8227 us/op
WorkloadWarmup   8: 2048 op, 580068200.00 ns, 283.2364 us/op

// BeforeActualRun
WorkloadActual   1: 2048 op, 596109800.00 ns, 291.0692 us/op
WorkloadActual   2: 2048 op, 585183400.00 ns, 285.7341 us/op
WorkloadActual   3: 2048 op, 581414300.00 ns, 283.8937 us/op
WorkloadActual   4: 2048 op, 603484500.00 ns, 294.6702 us/op
WorkloadActual   5: 2048 op, 582039100.00 ns, 284.1988 us/op
WorkloadActual   6: 2048 op, 580815800.00 ns, 283.6015 us/op
WorkloadActual   7: 2048 op, 578940100.00 ns, 282.6856 us/op
WorkloadActual   8: 2048 op, 616528700.00 ns, 301.0394 us/op
WorkloadActual   9: 2048 op, 589840900.00 ns, 288.0083 us/op
WorkloadActual  10: 2048 op, 585315000.00 ns, 285.7983 us/op
WorkloadActual  11: 2048 op, 587404700.00 ns, 286.8187 us/op
WorkloadActual  12: 2048 op, 581149000.00 ns, 283.7642 us/op
WorkloadActual  13: 2048 op, 572878500.00 ns, 279.7258 us/op
WorkloadActual  14: 2048 op, 584477900.00 ns, 285.3896 us/op
WorkloadActual  15: 2048 op, 597430100.00 ns, 291.7139 us/op

// AfterActualRun
WorkloadResult   1: 2048 op, 596107100.00 ns, 291.0679 us/op
WorkloadResult   2: 2048 op, 585180700.00 ns, 285.7328 us/op
WorkloadResult   3: 2048 op, 581411600.00 ns, 283.8924 us/op
WorkloadResult   4: 2048 op, 603481800.00 ns, 294.6688 us/op
WorkloadResult   5: 2048 op, 582036400.00 ns, 284.1975 us/op
WorkloadResult   6: 2048 op, 580813100.00 ns, 283.6001 us/op
WorkloadResult   7: 2048 op, 578937400.00 ns, 282.6843 us/op
WorkloadResult   8: 2048 op, 589838200.00 ns, 288.0069 us/op
WorkloadResult   9: 2048 op, 585312300.00 ns, 285.7970 us/op
WorkloadResult  10: 2048 op, 587402000.00 ns, 286.8174 us/op
WorkloadResult  11: 2048 op, 581146300.00 ns, 283.7628 us/op
WorkloadResult  12: 2048 op, 572875800.00 ns, 279.7245 us/op
WorkloadResult  13: 2048 op, 584475200.00 ns, 285.3883 us/op
WorkloadResult  14: 2048 op, 597427400.00 ns, 291.7126 us/op
// GC:  78 34 0 3960209408 2048
// Threading:  0 0 2048

// AfterAll
// Benchmark Process 42788 has exited with code 0.

Mean = 286.218 us, StdErr = 1.066 us (0.37%), N = 14, StdDev = 3.989 us
Min = 279.725 us, Q1 = 283.795 us, Median = 285.561 us, Q3 = 287.710 us, Max = 294.669 us
IQR = 3.914 us, LowerFence = 277.924 us, UpperFence = 293.581 us
ConfidenceInterval = [281.719 us; 290.717 us] (CI 99.9%), Margin = 4.499 us (1.57% of Mean)
Skewness = 0.58, Kurtosis = 2.44, MValue = 2

// ** Remained 6 (10.0%) benchmark(s) to run. Estimated finish 2026-09-21 12:39 (0h 2m from now) **
Setup power plan (GUID: 8c5e7fda-e8bf-4a96-9a85-a6e23a8c635c FriendlyName: High performance)
// **************************
// Benchmark: FixAgainstQuickFix.'ours: parse + read': DefaultJob [From=Dictionary, Reading=Binary]
// *** Execute ***
// Launch: 1 / 1
// Execute: dotnet qfcompare-DefaultJob-1.dll --anonymousPipes 1404 1928 --benchmarkName "QfCompare.FixAgainstQuickFix.OursParse(From: Dictionary, Reading: Binary)" --job Default --benchmarkId 54 in P:\dotgram.WorkTrees\fix-frozen\.work\qfcompare\bin\Release\net10.0\qfcompare-DefaultJob-1\bin\Release\net10.0
// BeforeAnythingElse

// Benchmark Process Environment Information:
// BenchmarkDotNet v0.15.8
// Runtime=.NET 10.0.12 (10.0.12, 10.0.1226.42308), X64 RyuJIT x86-64-v4
// GC=Concurrent Workstation
// HardwareIntrinsics=AVX512 BITALG+VBMI2+VNNI+VPOPCNTDQ,AVX512 IFMA+VBMI,AVX512 F+BW+CD+DQ+VL,AVX2+BMI1+BMI2+F16C+FMA+LZCNT+MOVBE,AVX,SSE3+SSSE3+SSE4.1+SSE4.2+POPCNT,X86Base+SSE+SSE2,AES+PCLMUL,AvxVnni VectorSize=256
// Job: DefaultJob

OverheadJitting  1: 1 op, 139700.00 ns, 139.7000 us/op
WorkloadJitting  1: 1 op, 163800.00 ns, 163.8000 us/op

OverheadJitting  2: 16 op, 220400.00 ns, 13.7750 us/op
WorkloadJitting  2: 16 op, 332200.00 ns, 20.7625 us/op

WorkloadPilot    1: 16 op, 112400.00 ns, 7.0250 us/op
WorkloadPilot    2: 32 op, 222000.00 ns, 6.9375 us/op
WorkloadPilot    3: 64 op, 431100.00 ns, 6.7359 us/op
WorkloadPilot    4: 128 op, 832900.00 ns, 6.5070 us/op
WorkloadPilot    5: 256 op, 1586100.00 ns, 6.1957 us/op
WorkloadPilot    6: 512 op, 3032900.00 ns, 5.9236 us/op
WorkloadPilot    7: 1024 op, 5714500.00 ns, 5.5806 us/op
WorkloadPilot    8: 2048 op, 11246000.00 ns, 5.4912 us/op
WorkloadPilot    9: 4096 op, 20710100.00 ns, 5.0562 us/op
WorkloadPilot   10: 8192 op, 39699400.00 ns, 4.8461 us/op
WorkloadPilot   11: 16384 op, 83505900.00 ns, 5.0968 us/op
WorkloadPilot   12: 32768 op, 60899800.00 ns, 1.8585 us/op
WorkloadPilot   13: 65536 op, 98046000.00 ns, 1.4961 us/op
WorkloadPilot   14: 131072 op, 122626100.00 ns, 935.5629 ns/op
WorkloadPilot   15: 262144 op, 246484000.00 ns, 940.2618 ns/op
WorkloadPilot   16: 524288 op, 486725100.00 ns, 928.3545 ns/op
WorkloadPilot   17: 1048576 op, 982823100.00 ns, 937.2931 ns/op

OverheadWarmup   1: 1048576 op, 1385600.00 ns, 1.3214 ns/op
OverheadWarmup   2: 1048576 op, 1374600.00 ns, 1.3109 ns/op
OverheadWarmup   3: 1048576 op, 1378200.00 ns, 1.3144 ns/op
OverheadWarmup   4: 1048576 op, 1383300.00 ns, 1.3192 ns/op
OverheadWarmup   5: 1048576 op, 1382800.00 ns, 1.3187 ns/op
OverheadWarmup   6: 1048576 op, 1388300.00 ns, 1.3240 ns/op
OverheadWarmup   7: 1048576 op, 1466700.00 ns, 1.3988 ns/op
OverheadWarmup   8: 1048576 op, 1372300.00 ns, 1.3087 ns/op

OverheadActual   1: 1048576 op, 1373000.00 ns, 1.3094 ns/op
OverheadActual   2: 1048576 op, 1375900.00 ns, 1.3122 ns/op
OverheadActual   3: 1048576 op, 1372100.00 ns, 1.3085 ns/op
OverheadActual   4: 1048576 op, 1375500.00 ns, 1.3118 ns/op
OverheadActual   5: 1048576 op, 1368500.00 ns, 1.3051 ns/op
OverheadActual   6: 1048576 op, 1425500.00 ns, 1.3595 ns/op
OverheadActual   7: 1048576 op, 1393600.00 ns, 1.3290 ns/op
OverheadActual   8: 1048576 op, 1392200.00 ns, 1.3277 ns/op
OverheadActual   9: 1048576 op, 1390100.00 ns, 1.3257 ns/op
OverheadActual  10: 1048576 op, 1383100.00 ns, 1.3190 ns/op
OverheadActual  11: 1048576 op, 1390400.00 ns, 1.3260 ns/op
OverheadActual  12: 1048576 op, 1375000.00 ns, 1.3113 ns/op
OverheadActual  13: 1048576 op, 1378300.00 ns, 1.3144 ns/op
OverheadActual  14: 1048576 op, 1389900.00 ns, 1.3255 ns/op
OverheadActual  15: 1048576 op, 1371400.00 ns, 1.3079 ns/op

WorkloadWarmup   1: 1048576 op, 1018524400.00 ns, 971.3406 ns/op
WorkloadWarmup   2: 1048576 op, 1023828600.00 ns, 976.3990 ns/op
WorkloadWarmup   3: 1048576 op, 1041948000.00 ns, 993.6790 ns/op
WorkloadWarmup   4: 1048576 op, 1033864800.00 ns, 985.9703 ns/op
WorkloadWarmup   5: 1048576 op, 1027852100.00 ns, 980.2361 ns/op
WorkloadWarmup   6: 1048576 op, 1058177600.00 ns, 1.0092 us/op
WorkloadWarmup   7: 1048576 op, 1029250400.00 ns, 981.5697 ns/op

// BeforeActualRun
WorkloadActual   1: 1048576 op, 1032798800.00 ns, 984.9537 ns/op
WorkloadActual   2: 1048576 op, 1030898700.00 ns, 983.1416 ns/op
WorkloadActual   3: 1048576 op, 1032374600.00 ns, 984.5491 ns/op
WorkloadActual   4: 1048576 op, 1034775200.00 ns, 986.8385 ns/op
WorkloadActual   5: 1048576 op, 1044557500.00 ns, 996.1677 ns/op
WorkloadActual   6: 1048576 op, 1025870800.00 ns, 978.3466 ns/op
WorkloadActual   7: 1048576 op, 1030115200.00 ns, 982.3944 ns/op
WorkloadActual   8: 1048576 op, 1056045700.00 ns, 1.0071 us/op
WorkloadActual   9: 1048576 op, 1052393500.00 ns, 1.0036 us/op
WorkloadActual  10: 1048576 op, 1035055600.00 ns, 987.1059 ns/op
WorkloadActual  11: 1048576 op, 1041814500.00 ns, 993.5517 ns/op
WorkloadActual  12: 1048576 op, 1043151000.00 ns, 994.8263 ns/op
WorkloadActual  13: 1048576 op, 1042747600.00 ns, 994.4416 ns/op
WorkloadActual  14: 1048576 op, 1057809100.00 ns, 1.0088 us/op
WorkloadActual  15: 1048576 op, 1027114500.00 ns, 979.5327 ns/op

// AfterActualRun
WorkloadResult   1: 1048576 op, 1031420500.00 ns, 983.6392 ns/op
WorkloadResult   2: 1048576 op, 1029520400.00 ns, 981.8272 ns/op
WorkloadResult   3: 1048576 op, 1030996300.00 ns, 983.2347 ns/op
WorkloadResult   4: 1048576 op, 1033396900.00 ns, 985.5241 ns/op
WorkloadResult   5: 1048576 op, 1043179200.00 ns, 994.8532 ns/op
WorkloadResult   6: 1048576 op, 1024492500.00 ns, 977.0322 ns/op
WorkloadResult   7: 1048576 op, 1028736900.00 ns, 981.0800 ns/op
WorkloadResult   8: 1048576 op, 1054667400.00 ns, 1.0058 us/op
WorkloadResult   9: 1048576 op, 1051015200.00 ns, 1.0023 us/op
WorkloadResult  10: 1048576 op, 1033677300.00 ns, 985.7915 ns/op
WorkloadResult  11: 1048576 op, 1040436200.00 ns, 992.2373 ns/op
WorkloadResult  12: 1048576 op, 1041772700.00 ns, 993.5119 ns/op
WorkloadResult  13: 1048576 op, 1041369300.00 ns, 993.1272 ns/op
WorkloadResult  14: 1048576 op, 1056430800.00 ns, 1.0075 us/op
WorkloadResult  15: 1048576 op, 1025736200.00 ns, 978.2183 ns/op
// GC:  60 0 0 3053453312 1048576
// Threading:  0 0 1048576

// AfterAll
// Benchmark Process 48824 has exited with code 0.

Mean = 989.714 ns, StdErr = 2.521 ns (0.25%), N = 15, StdDev = 9.763 ns
Min = 977.032 ns, Q1 = 982.531 ns, Median = 985.791 ns, Q3 = 994.183 ns, Max = 1,007.491 ns
IQR = 11.652 ns, LowerFence = 965.054 ns, UpperFence = 1,011.660 ns
ConfidenceInterval = [979.276 ns; 1,000.151 ns] (CI 99.9%), Margin = 10.438 ns (1.05% of Mean)
Skewness = 0.48, Kurtosis = 1.83, MValue = 2

// ** Remained 5 (8.3%) benchmark(s) to run. Estimated finish 2026-09-21 12:39 (0h 2m from now) **
Setup power plan (GUID: 8c5e7fda-e8bf-4a96-9a85-a6e23a8c635c FriendlyName: High performance)
// **************************
// Benchmark: FixAgainstQuickFix.'QuickFIX/n: parse + read': DefaultJob [From=Dictionary, Reading=Binary]
// *** Execute ***
// Launch: 1 / 1
// Execute: dotnet qfcompare-DefaultJob-1.dll --anonymousPipes 2160 2156 --benchmarkName "QfCompare.FixAgainstQuickFix.TheirsParse(From: Dictionary, Reading: Binary)" --job Default --benchmarkId 55 in P:\dotgram.WorkTrees\fix-frozen\.work\qfcompare\bin\Release\net10.0\qfcompare-DefaultJob-1\bin\Release\net10.0
// BeforeAnythingElse

// Benchmark Process Environment Information:
// BenchmarkDotNet v0.15.8
// Runtime=.NET 10.0.12 (10.0.12, 10.0.1226.42308), X64 RyuJIT x86-64-v4
// GC=Concurrent Workstation
// HardwareIntrinsics=AVX512 BITALG+VBMI2+VNNI+VPOPCNTDQ,AVX512 IFMA+VBMI,AVX512 F+BW+CD+DQ+VL,AVX2+BMI1+BMI2+F16C+FMA+LZCNT+MOVBE,AVX,SSE3+SSSE3+SSE4.1+SSE4.2+POPCNT,X86Base+SSE+SSE2,AES+PCLMUL,AvxVnni VectorSize=256
// Job: DefaultJob

OverheadJitting  1: 1 op, 140600.00 ns, 140.6000 us/op
WorkloadJitting  1: 1 op, 159300.00 ns, 159.3000 us/op

OverheadJitting  2: 16 op, 225400.00 ns, 14.0875 us/op
WorkloadJitting  2: 16 op, 318100.00 ns, 19.8813 us/op

WorkloadPilot    1: 16 op, 70300.00 ns, 4.3938 us/op
WorkloadPilot    2: 32 op, 124400.00 ns, 3.8875 us/op
WorkloadPilot    3: 64 op, 257600.00 ns, 4.0250 us/op
WorkloadPilot    4: 128 op, 472900.00 ns, 3.6945 us/op
WorkloadPilot    5: 256 op, 992200.00 ns, 3.8758 us/op
WorkloadPilot    6: 512 op, 1958000.00 ns, 3.8242 us/op
WorkloadPilot    7: 1024 op, 3762200.00 ns, 3.6740 us/op
WorkloadPilot    8: 2048 op, 7447400.00 ns, 3.6364 us/op
WorkloadPilot    9: 4096 op, 14584700.00 ns, 3.5607 us/op
WorkloadPilot   10: 8192 op, 27104400.00 ns, 3.3086 us/op
WorkloadPilot   11: 16384 op, 51705400.00 ns, 3.1558 us/op
WorkloadPilot   12: 32768 op, 52905700.00 ns, 1.6146 us/op
WorkloadPilot   13: 65536 op, 43102200.00 ns, 657.6874 ns/op
WorkloadPilot   14: 131072 op, 84671000.00 ns, 645.9885 ns/op
WorkloadPilot   15: 262144 op, 170264400.00 ns, 649.5071 ns/op
WorkloadPilot   16: 524288 op, 339554400.00 ns, 647.6486 ns/op
WorkloadPilot   17: 1048576 op, 678823000.00 ns, 647.3761 ns/op

OverheadWarmup   1: 1048576 op, 1390200.00 ns, 1.3258 ns/op
OverheadWarmup   2: 1048576 op, 1372000.00 ns, 1.3084 ns/op
OverheadWarmup   3: 1048576 op, 1373700.00 ns, 1.3101 ns/op
OverheadWarmup   4: 1048576 op, 1371000.00 ns, 1.3075 ns/op
OverheadWarmup   5: 1048576 op, 1386900.00 ns, 1.3227 ns/op
OverheadWarmup   6: 1048576 op, 1376700.00 ns, 1.3129 ns/op

OverheadActual   1: 1048576 op, 1373600.00 ns, 1.3100 ns/op
OverheadActual   2: 1048576 op, 1371800.00 ns, 1.3083 ns/op
OverheadActual   3: 1048576 op, 1366900.00 ns, 1.3036 ns/op
OverheadActual   4: 1048576 op, 1376800.00 ns, 1.3130 ns/op
OverheadActual   5: 1048576 op, 1376600.00 ns, 1.3128 ns/op
OverheadActual   6: 1048576 op, 1375400.00 ns, 1.3117 ns/op
OverheadActual   7: 1048576 op, 1374800.00 ns, 1.3111 ns/op
OverheadActual   8: 1048576 op, 1372200.00 ns, 1.3086 ns/op
OverheadActual   9: 1048576 op, 1389900.00 ns, 1.3255 ns/op
OverheadActual  10: 1048576 op, 1389100.00 ns, 1.3247 ns/op
OverheadActual  11: 1048576 op, 1375900.00 ns, 1.3122 ns/op
OverheadActual  12: 1048576 op, 1377200.00 ns, 1.3134 ns/op
OverheadActual  13: 1048576 op, 1380000.00 ns, 1.3161 ns/op
OverheadActual  14: 1048576 op, 1464800.00 ns, 1.3969 ns/op
OverheadActual  15: 1048576 op, 1383100.00 ns, 1.3190 ns/op

WorkloadWarmup   1: 1048576 op, 687157700.00 ns, 655.3246 ns/op
WorkloadWarmup   2: 1048576 op, 710534700.00 ns, 677.6187 ns/op
WorkloadWarmup   3: 1048576 op, 723456800.00 ns, 689.9422 ns/op
WorkloadWarmup   4: 1048576 op, 750479500.00 ns, 715.7130 ns/op
WorkloadWarmup   5: 1048576 op, 741109500.00 ns, 706.7771 ns/op
WorkloadWarmup   6: 1048576 op, 737234000.00 ns, 703.0811 ns/op
WorkloadWarmup   7: 1048576 op, 722060800.00 ns, 688.6108 ns/op
WorkloadWarmup   8: 1048576 op, 752304800.00 ns, 717.4538 ns/op
WorkloadWarmup   9: 1048576 op, 724166900.00 ns, 690.6194 ns/op

// BeforeActualRun
WorkloadActual   1: 1048576 op, 736902200.00 ns, 702.7647 ns/op
WorkloadActual   2: 1048576 op, 712011700.00 ns, 679.0273 ns/op
WorkloadActual   3: 1048576 op, 717632500.00 ns, 684.3877 ns/op
WorkloadActual   4: 1048576 op, 720496700.00 ns, 687.1192 ns/op
WorkloadActual   5: 1048576 op, 716905900.00 ns, 683.6947 ns/op
WorkloadActual   6: 1048576 op, 715497100.00 ns, 682.3512 ns/op
WorkloadActual   7: 1048576 op, 757282900.00 ns, 722.2013 ns/op
WorkloadActual   8: 1048576 op, 747498800.00 ns, 712.8704 ns/op
WorkloadActual   9: 1048576 op, 745261700.00 ns, 710.7369 ns/op
WorkloadActual  10: 1048576 op, 718791500.00 ns, 685.4930 ns/op
WorkloadActual  11: 1048576 op, 727395000.00 ns, 693.6979 ns/op
WorkloadActual  12: 1048576 op, 721121200.00 ns, 687.7148 ns/op
WorkloadActual  13: 1048576 op, 728827900.00 ns, 695.0644 ns/op
WorkloadActual  14: 1048576 op, 718449400.00 ns, 685.1667 ns/op
WorkloadActual  15: 1048576 op, 713032200.00 ns, 680.0005 ns/op

// AfterActualRun
WorkloadResult   1: 1048576 op, 735525600.00 ns, 701.4519 ns/op
WorkloadResult   2: 1048576 op, 710635100.00 ns, 677.7144 ns/op
WorkloadResult   3: 1048576 op, 716255900.00 ns, 683.0749 ns/op
WorkloadResult   4: 1048576 op, 719120100.00 ns, 685.8064 ns/op
WorkloadResult   5: 1048576 op, 715529300.00 ns, 682.3819 ns/op
WorkloadResult   6: 1048576 op, 714120500.00 ns, 681.0384 ns/op
WorkloadResult   7: 1048576 op, 746122200.00 ns, 711.5576 ns/op
WorkloadResult   8: 1048576 op, 743885100.00 ns, 709.4241 ns/op
WorkloadResult   9: 1048576 op, 717414900.00 ns, 684.1802 ns/op
WorkloadResult  10: 1048576 op, 726018400.00 ns, 692.3851 ns/op
WorkloadResult  11: 1048576 op, 719744600.00 ns, 686.4019 ns/op
WorkloadResult  12: 1048576 op, 727451300.00 ns, 693.7516 ns/op
WorkloadResult  13: 1048576 op, 717072800.00 ns, 683.8539 ns/op
WorkloadResult  14: 1048576 op, 711655600.00 ns, 678.6877 ns/op
// GC:  76 0 0 3816816640 1048576
// Threading:  0 0 1048576

// AfterAll
// Benchmark Process 59136 has exited with code 0.

Mean = 689.408 ns, StdErr = 2.923 ns (0.42%), N = 14, StdDev = 10.938 ns
Min = 677.714 ns, Q1 = 682.555 ns, Median = 684.993 ns, Q3 = 693.410 ns, Max = 711.558 ns
IQR = 10.855 ns, LowerFence = 666.273 ns, UpperFence = 709.692 ns
ConfidenceInterval = [677.069 ns; 701.747 ns] (CI 99.9%), Margin = 12.339 ns (1.79% of Mean)
Skewness = 0.89, Kurtosis = 2.32, MValue = 2

// ** Remained 4 (6.7%) benchmark(s) to run. Estimated finish 2026-09-21 12:39 (0h 1m from now) **
Setup power plan (GUID: 8c5e7fda-e8bf-4a96-9a85-a6e23a8c635c FriendlyName: High performance)
// **************************
// Benchmark: FixAgainstQuickFix.'ours: parse + validate + read': DefaultJob [From=Dictionary, Reading=Binary]
// *** Execute ***
// Launch: 1 / 1
// Execute: dotnet qfcompare-DefaultJob-1.dll --anonymousPipes 1848 2144 --benchmarkName "QfCompare.FixAgainstQuickFix.OursParseAndValidate(From: Dictionary, Reading: Binary)" --job Default --benchmarkId 56 in P:\dotgram.WorkTrees\fix-frozen\.work\qfcompare\bin\Release\net10.0\qfcompare-DefaultJob-1\bin\Release\net10.0
// BeforeAnythingElse

// Benchmark Process Environment Information:
// BenchmarkDotNet v0.15.8
// Runtime=.NET 10.0.12 (10.0.12, 10.0.1226.42308), X64 RyuJIT x86-64-v4
// GC=Concurrent Workstation
// HardwareIntrinsics=AVX512 BITALG+VBMI2+VNNI+VPOPCNTDQ,AVX512 IFMA+VBMI,AVX512 F+BW+CD+DQ+VL,AVX2+BMI1+BMI2+F16C+FMA+LZCNT+MOVBE,AVX,SSE3+SSSE3+SSE4.1+SSE4.2+POPCNT,X86Base+SSE+SSE2,AES+PCLMUL,AvxVnni VectorSize=256
// Job: DefaultJob

OverheadJitting  1: 1 op, 267300.00 ns, 267.3000 us/op
WorkloadJitting  1: 1 op, 173600.00 ns, 173.6000 us/op

OverheadJitting  2: 16 op, 231300.00 ns, 14.4563 us/op
WorkloadJitting  2: 16 op, 367200.00 ns, 22.9500 us/op

WorkloadPilot    1: 16 op, 152000.00 ns, 9.5000 us/op
WorkloadPilot    2: 32 op, 263900.00 ns, 8.2469 us/op
WorkloadPilot    3: 64 op, 547600.00 ns, 8.5563 us/op
WorkloadPilot    4: 128 op, 1104600.00 ns, 8.6297 us/op
WorkloadPilot    5: 256 op, 2152700.00 ns, 8.4090 us/op
WorkloadPilot    6: 512 op, 4376300.00 ns, 8.5475 us/op
WorkloadPilot    7: 1024 op, 8438600.00 ns, 8.2408 us/op
WorkloadPilot    8: 2048 op, 15011300.00 ns, 7.3297 us/op
WorkloadPilot    9: 4096 op, 28597500.00 ns, 6.9818 us/op
WorkloadPilot   10: 8192 op, 54402200.00 ns, 6.6409 us/op
WorkloadPilot   11: 16384 op, 94197100.00 ns, 5.7493 us/op
WorkloadPilot   12: 32768 op, 59299700.00 ns, 1.8097 us/op
WorkloadPilot   13: 65536 op, 86712100.00 ns, 1.3231 us/op
WorkloadPilot   14: 131072 op, 169387500.00 ns, 1.2923 us/op
WorkloadPilot   15: 262144 op, 339472200.00 ns, 1.2950 us/op
WorkloadPilot   16: 524288 op, 676296000.00 ns, 1.2899 us/op

OverheadWarmup   1: 524288 op, 695700.00 ns, 1.3269 ns/op
OverheadWarmup   2: 524288 op, 686600.00 ns, 1.3096 ns/op
OverheadWarmup   3: 524288 op, 689400.00 ns, 1.3149 ns/op
OverheadWarmup   4: 524288 op, 686700.00 ns, 1.3098 ns/op
OverheadWarmup   5: 524288 op, 685500.00 ns, 1.3075 ns/op
OverheadWarmup   6: 524288 op, 684600.00 ns, 1.3058 ns/op
OverheadWarmup   7: 524288 op, 712400.00 ns, 1.3588 ns/op
OverheadWarmup   8: 524288 op, 686200.00 ns, 1.3088 ns/op

OverheadActual   1: 524288 op, 686200.00 ns, 1.3088 ns/op
OverheadActual   2: 524288 op, 689700.00 ns, 1.3155 ns/op
OverheadActual   3: 524288 op, 682100.00 ns, 1.3010 ns/op
OverheadActual   4: 524288 op, 680500.00 ns, 1.2980 ns/op
OverheadActual   5: 524288 op, 688000.00 ns, 1.3123 ns/op
OverheadActual   6: 524288 op, 695800.00 ns, 1.3271 ns/op
OverheadActual   7: 524288 op, 730300.00 ns, 1.3929 ns/op
OverheadActual   8: 524288 op, 684800.00 ns, 1.3062 ns/op
OverheadActual   9: 524288 op, 685700.00 ns, 1.3079 ns/op
OverheadActual  10: 524288 op, 687900.00 ns, 1.3121 ns/op
OverheadActual  11: 524288 op, 681900.00 ns, 1.3006 ns/op
OverheadActual  12: 524288 op, 691300.00 ns, 1.3186 ns/op
OverheadActual  13: 524288 op, 693100.00 ns, 1.3220 ns/op
OverheadActual  14: 524288 op, 699500.00 ns, 1.3342 ns/op
OverheadActual  15: 524288 op, 687500.00 ns, 1.3113 ns/op

WorkloadWarmup   1: 524288 op, 680661500.00 ns, 1.2983 us/op
WorkloadWarmup   2: 524288 op, 690942000.00 ns, 1.3179 us/op
WorkloadWarmup   3: 524288 op, 756241800.00 ns, 1.4424 us/op
WorkloadWarmup   4: 524288 op, 716952700.00 ns, 1.3675 us/op
WorkloadWarmup   5: 524288 op, 712063200.00 ns, 1.3582 us/op
WorkloadWarmup   6: 524288 op, 713426100.00 ns, 1.3608 us/op
WorkloadWarmup   7: 524288 op, 733356500.00 ns, 1.3988 us/op
WorkloadWarmup   8: 524288 op, 707792200.00 ns, 1.3500 us/op

// BeforeActualRun
WorkloadActual   1: 524288 op, 729841100.00 ns, 1.3921 us/op
WorkloadActual   2: 524288 op, 709633600.00 ns, 1.3535 us/op
WorkloadActual   3: 524288 op, 707386700.00 ns, 1.3492 us/op
WorkloadActual   4: 524288 op, 730632900.00 ns, 1.3936 us/op
WorkloadActual   5: 524288 op, 709599800.00 ns, 1.3535 us/op
WorkloadActual   6: 524288 op, 713296400.00 ns, 1.3605 us/op
WorkloadActual   7: 524288 op, 737034300.00 ns, 1.4058 us/op
WorkloadActual   8: 524288 op, 736751900.00 ns, 1.4052 us/op
WorkloadActual   9: 524288 op, 755962700.00 ns, 1.4419 us/op
WorkloadActual  10: 524288 op, 736590400.00 ns, 1.4049 us/op
WorkloadActual  11: 524288 op, 746667800.00 ns, 1.4242 us/op
WorkloadActual  12: 524288 op, 729604000.00 ns, 1.3916 us/op
WorkloadActual  13: 524288 op, 713952000.00 ns, 1.3618 us/op
WorkloadActual  14: 524288 op, 725755100.00 ns, 1.3843 us/op
WorkloadActual  15: 524288 op, 719979200.00 ns, 1.3733 us/op
WorkloadActual  16: 524288 op, 736472000.00 ns, 1.4047 us/op

// AfterActualRun
WorkloadResult   1: 524288 op, 729153200.00 ns, 1.3907 us/op
WorkloadResult   2: 524288 op, 708945700.00 ns, 1.3522 us/op
WorkloadResult   3: 524288 op, 706698800.00 ns, 1.3479 us/op
WorkloadResult   4: 524288 op, 729945000.00 ns, 1.3923 us/op
WorkloadResult   5: 524288 op, 708911900.00 ns, 1.3521 us/op
WorkloadResult   6: 524288 op, 712608500.00 ns, 1.3592 us/op
WorkloadResult   7: 524288 op, 736346400.00 ns, 1.4045 us/op
WorkloadResult   8: 524288 op, 736064000.00 ns, 1.4039 us/op
WorkloadResult   9: 524288 op, 755274800.00 ns, 1.4406 us/op
WorkloadResult  10: 524288 op, 735902500.00 ns, 1.4036 us/op
WorkloadResult  11: 524288 op, 745979900.00 ns, 1.4228 us/op
WorkloadResult  12: 524288 op, 728916100.00 ns, 1.3903 us/op
WorkloadResult  13: 524288 op, 713264100.00 ns, 1.3604 us/op
WorkloadResult  14: 524288 op, 725067200.00 ns, 1.3830 us/op
WorkloadResult  15: 524288 op, 719291300.00 ns, 1.3719 us/op
WorkloadResult  16: 524288 op, 735784100.00 ns, 1.4034 us/op
// GC:  30 0 0 1543503872 524288
// Threading:  0 0 524288

// AfterAll
// Benchmark Process 41196 has exited with code 0.

Mean = 1.386 us, StdErr = 0.007 us (0.49%), N = 16, StdDev = 0.027 us
Min = 1.348 us, Q1 = 1.360 us, Median = 1.391 us, Q3 = 1.404 us, Max = 1.441 us
IQR = 0.044 us, LowerFence = 1.295 us, UpperFence = 1.469 us
ConfidenceInterval = [1.359 us; 1.414 us] (CI 99.9%), Margin = 0.028 us (1.99% of Mean)
Skewness = 0.18, Kurtosis = 1.95, MValue = 2

// ** Remained 3 (5.0%) benchmark(s) to run. Estimated finish 2026-09-21 12:39 (0h 1m from now) **
Setup power plan (GUID: 8c5e7fda-e8bf-4a96-9a85-a6e23a8c635c FriendlyName: High performance)
// **************************
// Benchmark: FixAgainstQuickFix.'QuickFIX/n: parse + validate + read': DefaultJob [From=Dictionary, Reading=Binary]
// *** Execute ***
// Launch: 1 / 1
// Execute: dotnet qfcompare-DefaultJob-1.dll --anonymousPipes 1960 1952 --benchmarkName "QfCompare.FixAgainstQuickFix.TheirsParseAndValidate(From: Dictionary, Reading: Binary)" --job Default --benchmarkId 57 in P:\dotgram.WorkTrees\fix-frozen\.work\qfcompare\bin\Release\net10.0\qfcompare-DefaultJob-1\bin\Release\net10.0
// BeforeAnythingElse

// Benchmark Process Environment Information:
// BenchmarkDotNet v0.15.8
// Runtime=.NET 10.0.12 (10.0.12, 10.0.1226.42308), X64 RyuJIT x86-64-v4
// GC=Concurrent Workstation
// HardwareIntrinsics=AVX512 BITALG+VBMI2+VNNI+VPOPCNTDQ,AVX512 IFMA+VBMI,AVX512 F+BW+CD+DQ+VL,AVX2+BMI1+BMI2+F16C+FMA+LZCNT+MOVBE,AVX,SSE3+SSSE3+SSE4.1+SSE4.2+POPCNT,X86Base+SSE+SSE2,AES+PCLMUL,AvxVnni VectorSize=256
// Job: DefaultJob

OverheadJitting  1: 1 op, 137800.00 ns, 137.8000 us/op
WorkloadJitting  1: 1 op, 9926000.00 ns, 9.9260 ms/op

OverheadJitting  2: 16 op, 231100.00 ns, 14.4438 us/op
WorkloadJitting  2: 16 op, 469200.00 ns, 29.3250 us/op

WorkloadPilot    1: 16 op, 201400.00 ns, 12.5875 us/op
WorkloadPilot    2: 32 op, 366200.00 ns, 11.4438 us/op
WorkloadPilot    3: 64 op, 759500.00 ns, 11.8672 us/op
WorkloadPilot    4: 128 op, 1452200.00 ns, 11.3453 us/op
WorkloadPilot    5: 256 op, 3034800.00 ns, 11.8547 us/op
WorkloadPilot    6: 512 op, 6015700.00 ns, 11.7494 us/op
WorkloadPilot    7: 1024 op, 11484800.00 ns, 11.2156 us/op
WorkloadPilot    8: 2048 op, 22370700.00 ns, 10.9232 us/op
WorkloadPilot    9: 4096 op, 42552500.00 ns, 10.3888 us/op
WorkloadPilot   10: 8192 op, 100315100.00 ns, 12.2455 us/op
WorkloadPilot   11: 16384 op, 94028800.00 ns, 5.7391 us/op
WorkloadPilot   12: 32768 op, 148736600.00 ns, 4.5391 us/op
WorkloadPilot   13: 65536 op, 172920100.00 ns, 2.6386 us/op
WorkloadPilot   14: 131072 op, 215279500.00 ns, 1.6425 us/op
WorkloadPilot   15: 262144 op, 426838300.00 ns, 1.6283 us/op
WorkloadPilot   16: 524288 op, 853192900.00 ns, 1.6273 us/op

OverheadWarmup   1: 524288 op, 673900.00 ns, 1.2854 ns/op
OverheadWarmup   2: 524288 op, 675600.00 ns, 1.2886 ns/op
OverheadWarmup   3: 524288 op, 683100.00 ns, 1.3029 ns/op
OverheadWarmup   4: 524288 op, 682000.00 ns, 1.3008 ns/op
OverheadWarmup   5: 524288 op, 684000.00 ns, 1.3046 ns/op
OverheadWarmup   6: 524288 op, 677400.00 ns, 1.2920 ns/op

OverheadActual   1: 524288 op, 690200.00 ns, 1.3165 ns/op
OverheadActual   2: 524288 op, 682800.00 ns, 1.3023 ns/op
OverheadActual   3: 524288 op, 684000.00 ns, 1.3046 ns/op
OverheadActual   4: 524288 op, 696800.00 ns, 1.3290 ns/op
OverheadActual   5: 524288 op, 694700.00 ns, 1.3250 ns/op
OverheadActual   6: 524288 op, 689500.00 ns, 1.3151 ns/op
OverheadActual   7: 524288 op, 685600.00 ns, 1.3077 ns/op
OverheadActual   8: 524288 op, 685700.00 ns, 1.3079 ns/op
OverheadActual   9: 524288 op, 683300.00 ns, 1.3033 ns/op
OverheadActual  10: 524288 op, 680100.00 ns, 1.2972 ns/op
OverheadActual  11: 524288 op, 680300.00 ns, 1.2976 ns/op
OverheadActual  12: 524288 op, 682600.00 ns, 1.3020 ns/op
OverheadActual  13: 524288 op, 684300.00 ns, 1.3052 ns/op
OverheadActual  14: 524288 op, 683000.00 ns, 1.3027 ns/op
OverheadActual  15: 524288 op, 678500.00 ns, 1.2941 ns/op

WorkloadWarmup   1: 524288 op, 883819000.00 ns, 1.6858 us/op
WorkloadWarmup   2: 524288 op, 914201400.00 ns, 1.7437 us/op
WorkloadWarmup   3: 524288 op, 919071800.00 ns, 1.7530 us/op
WorkloadWarmup   4: 524288 op, 906711700.00 ns, 1.7294 us/op
WorkloadWarmup   5: 524288 op, 912056600.00 ns, 1.7396 us/op
WorkloadWarmup   6: 524288 op, 910055900.00 ns, 1.7358 us/op

// BeforeActualRun
WorkloadActual   1: 524288 op, 915853400.00 ns, 1.7469 us/op
WorkloadActual   2: 524288 op, 904172400.00 ns, 1.7246 us/op
WorkloadActual   3: 524288 op, 901069700.00 ns, 1.7187 us/op
WorkloadActual   4: 524288 op, 916960500.00 ns, 1.7490 us/op
WorkloadActual   5: 524288 op, 915697700.00 ns, 1.7466 us/op
WorkloadActual   6: 524288 op, 967957300.00 ns, 1.8462 us/op
WorkloadActual   7: 524288 op, 908412000.00 ns, 1.7327 us/op
WorkloadActual   8: 524288 op, 917847900.00 ns, 1.7507 us/op
WorkloadActual   9: 524288 op, 897549600.00 ns, 1.7119 us/op
WorkloadActual  10: 524288 op, 917586700.00 ns, 1.7502 us/op
WorkloadActual  11: 524288 op, 911414000.00 ns, 1.7384 us/op
WorkloadActual  12: 524288 op, 934411800.00 ns, 1.7822 us/op
WorkloadActual  13: 524288 op, 908083500.00 ns, 1.7320 us/op
WorkloadActual  14: 524288 op, 903176400.00 ns, 1.7227 us/op
WorkloadActual  15: 524288 op, 921496100.00 ns, 1.7576 us/op

// AfterActualRun
WorkloadResult   1: 524288 op, 915169400.00 ns, 1.7455 us/op
WorkloadResult   2: 524288 op, 903488400.00 ns, 1.7233 us/op
WorkloadResult   3: 524288 op, 900385700.00 ns, 1.7173 us/op
WorkloadResult   4: 524288 op, 916276500.00 ns, 1.7477 us/op
WorkloadResult   5: 524288 op, 915013700.00 ns, 1.7453 us/op
WorkloadResult   6: 524288 op, 907728000.00 ns, 1.7314 us/op
WorkloadResult   7: 524288 op, 917163900.00 ns, 1.7494 us/op
WorkloadResult   8: 524288 op, 896865600.00 ns, 1.7106 us/op
WorkloadResult   9: 524288 op, 916902700.00 ns, 1.7489 us/op
WorkloadResult  10: 524288 op, 910730000.00 ns, 1.7371 us/op
WorkloadResult  11: 524288 op, 933727800.00 ns, 1.7809 us/op
WorkloadResult  12: 524288 op, 907399500.00 ns, 1.7307 us/op
WorkloadResult  13: 524288 op, 902492400.00 ns, 1.7214 us/op
WorkloadResult  14: 524288 op, 920812100.00 ns, 1.7563 us/op
// GC:  58 0 0 2923429888 524288
// Threading:  0 0 524288

// AfterAll
// Benchmark Process 53740 has exited with code 0.

Mean = 1.739 us, StdErr = 0.005 us (0.28%), N = 14, StdDev = 0.018 us
Min = 1.711 us, Q1 = 1.725 us, Median = 1.741 us, Q3 = 1.749 us, Max = 1.781 us
IQR = 0.023 us, LowerFence = 1.690 us, UpperFence = 1.784 us
ConfidenceInterval = [1.718 us; 1.760 us] (CI 99.9%), Margin = 0.021 us (1.19% of Mean)
Skewness = 0.45, Kurtosis = 2.67, MValue = 2

// ** Remained 2 (3.3%) benchmark(s) to run. Estimated finish 2026-09-21 12:39 (0h 0m from now) **
Setup power plan (GUID: 8c5e7fda-e8bf-4a96-9a85-a6e23a8c635c FriendlyName: High performance)
// **************************
// Benchmark: FixAgainstQuickFix.'A/A ours: parse + read': DefaultJob [From=Dictionary, Reading=Binary]
// *** Execute ***
// Launch: 1 / 1
// Execute: dotnet qfcompare-DefaultJob-1.dll --anonymousPipes 2140 2188 --benchmarkName "QfCompare.FixAgainstQuickFix.OursParseAgain(From: Dictionary, Reading: Binary)" --job Default --benchmarkId 58 in P:\dotgram.WorkTrees\fix-frozen\.work\qfcompare\bin\Release\net10.0\qfcompare-DefaultJob-1\bin\Release\net10.0
// BeforeAnythingElse

// Benchmark Process Environment Information:
// BenchmarkDotNet v0.15.8
// Runtime=.NET 10.0.12 (10.0.12, 10.0.1226.42308), X64 RyuJIT x86-64-v4
// GC=Concurrent Workstation
// HardwareIntrinsics=AVX512 BITALG+VBMI2+VNNI+VPOPCNTDQ,AVX512 IFMA+VBMI,AVX512 F+BW+CD+DQ+VL,AVX2+BMI1+BMI2+F16C+FMA+LZCNT+MOVBE,AVX,SSE3+SSSE3+SSE4.1+SSE4.2+POPCNT,X86Base+SSE+SSE2,AES+PCLMUL,AvxVnni VectorSize=256
// Job: DefaultJob

OverheadJitting  1: 1 op, 140700.00 ns, 140.7000 us/op
WorkloadJitting  1: 1 op, 189600.00 ns, 189.6000 us/op

OverheadJitting  2: 16 op, 235400.00 ns, 14.7125 us/op
WorkloadJitting  2: 16 op, 366400.00 ns, 22.9000 us/op

WorkloadPilot    1: 16 op, 119100.00 ns, 7.4438 us/op
WorkloadPilot    2: 32 op, 215900.00 ns, 6.7469 us/op
WorkloadPilot    3: 64 op, 431500.00 ns, 6.7422 us/op
WorkloadPilot    4: 128 op, 856700.00 ns, 6.6930 us/op
WorkloadPilot    5: 256 op, 1615600.00 ns, 6.3109 us/op
WorkloadPilot    6: 512 op, 3156200.00 ns, 6.1645 us/op
WorkloadPilot    7: 1024 op, 5835200.00 ns, 5.6984 us/op
WorkloadPilot    8: 2048 op, 10778200.00 ns, 5.2628 us/op
WorkloadPilot    9: 4096 op, 20612200.00 ns, 5.0323 us/op
WorkloadPilot   10: 8192 op, 40382200.00 ns, 4.9295 us/op
WorkloadPilot   11: 16384 op, 83142400.00 ns, 5.0746 us/op
WorkloadPilot   12: 32768 op, 59942000.00 ns, 1.8293 us/op
WorkloadPilot   13: 65536 op, 92335700.00 ns, 1.4089 us/op
WorkloadPilot   14: 131072 op, 119034100.00 ns, 908.1581 ns/op
WorkloadPilot   15: 262144 op, 241303400.00 ns, 920.4994 ns/op
WorkloadPilot   16: 524288 op, 474826900.00 ns, 905.6604 ns/op
WorkloadPilot   17: 1048576 op, 952043700.00 ns, 907.9396 ns/op

OverheadWarmup   1: 1048576 op, 1359500.00 ns, 1.2965 ns/op
OverheadWarmup   2: 1048576 op, 1364300.00 ns, 1.3011 ns/op
OverheadWarmup   3: 1048576 op, 1355300.00 ns, 1.2925 ns/op
OverheadWarmup   4: 1048576 op, 1358900.00 ns, 1.2959 ns/op
OverheadWarmup   5: 1048576 op, 1359900.00 ns, 1.2969 ns/op
OverheadWarmup   6: 1048576 op, 1358200.00 ns, 1.2953 ns/op

OverheadActual   1: 1048576 op, 1377200.00 ns, 1.3134 ns/op
OverheadActual   2: 1048576 op, 1362100.00 ns, 1.2990 ns/op
OverheadActual   3: 1048576 op, 1355300.00 ns, 1.2925 ns/op
OverheadActual   4: 1048576 op, 1357100.00 ns, 1.2942 ns/op
OverheadActual   5: 1048576 op, 1356100.00 ns, 1.2933 ns/op
OverheadActual   6: 1048576 op, 1361400.00 ns, 1.2983 ns/op
OverheadActual   7: 1048576 op, 1360100.00 ns, 1.2971 ns/op
OverheadActual   8: 1048576 op, 1361700.00 ns, 1.2986 ns/op
OverheadActual   9: 1048576 op, 1359600.00 ns, 1.2966 ns/op
OverheadActual  10: 1048576 op, 1362900.00 ns, 1.2998 ns/op
OverheadActual  11: 1048576 op, 1364700.00 ns, 1.3015 ns/op
OverheadActual  12: 1048576 op, 1361900.00 ns, 1.2988 ns/op
OverheadActual  13: 1048576 op, 1366500.00 ns, 1.3032 ns/op
OverheadActual  14: 1048576 op, 1370500.00 ns, 1.3070 ns/op
OverheadActual  15: 1048576 op, 1365800.00 ns, 1.3025 ns/op

WorkloadWarmup   1: 1048576 op, 986804500.00 ns, 941.0901 ns/op
WorkloadWarmup   2: 1048576 op, 996032100.00 ns, 949.8902 ns/op
WorkloadWarmup   3: 1048576 op, 1005397000.00 ns, 958.8213 ns/op
WorkloadWarmup   4: 1048576 op, 1004341400.00 ns, 957.8146 ns/op
WorkloadWarmup   5: 1048576 op, 1039814100.00 ns, 991.6440 ns/op
WorkloadWarmup   6: 1048576 op, 1010919600.00 ns, 964.0881 ns/op

// BeforeActualRun
WorkloadActual   1: 1048576 op, 1048928800.00 ns, 1.0003 us/op
WorkloadActual   2: 1048576 op, 996841600.00 ns, 950.6622 ns/op
WorkloadActual   3: 1048576 op, 1006365000.00 ns, 959.7445 ns/op
WorkloadActual   4: 1048576 op, 1018759600.00 ns, 971.5649 ns/op
WorkloadActual   5: 1048576 op, 1011317800.00 ns, 964.4678 ns/op
WorkloadActual   6: 1048576 op, 999921800.00 ns, 953.5997 ns/op
WorkloadActual   7: 1048576 op, 1044703100.00 ns, 996.3065 ns/op
WorkloadActual   8: 1048576 op, 1011503900.00 ns, 964.6453 ns/op
WorkloadActual   9: 1048576 op, 1013599600.00 ns, 966.6439 ns/op
WorkloadActual  10: 1048576 op, 1023109500.00 ns, 975.7133 ns/op
WorkloadActual  11: 1048576 op, 1023542000.00 ns, 976.1257 ns/op
WorkloadActual  12: 1048576 op, 1049500100.00 ns, 1.0009 us/op
WorkloadActual  13: 1048576 op, 996984800.00 ns, 950.7988 ns/op
WorkloadActual  14: 1048576 op, 1020044000.00 ns, 972.7898 ns/op
WorkloadActual  15: 1048576 op, 1010321900.00 ns, 963.5180 ns/op

// AfterActualRun
WorkloadResult   1: 1048576 op, 995479700.00 ns, 949.3634 ns/op
WorkloadResult   2: 1048576 op, 1005003100.00 ns, 958.4456 ns/op
WorkloadResult   3: 1048576 op, 1017397700.00 ns, 970.2661 ns/op
WorkloadResult   4: 1048576 op, 1009955900.00 ns, 963.1690 ns/op
WorkloadResult   5: 1048576 op, 998559900.00 ns, 952.3009 ns/op
WorkloadResult   6: 1048576 op, 1043341200.00 ns, 995.0077 ns/op
WorkloadResult   7: 1048576 op, 1010142000.00 ns, 963.3465 ns/op
WorkloadResult   8: 1048576 op, 1012237700.00 ns, 965.3451 ns/op
WorkloadResult   9: 1048576 op, 1021747600.00 ns, 974.4144 ns/op
WorkloadResult  10: 1048576 op, 1022180100.00 ns, 974.8269 ns/op
WorkloadResult  11: 1048576 op, 995622900.00 ns, 949.5000 ns/op
WorkloadResult  12: 1048576 op, 1018682100.00 ns, 971.4910 ns/op
WorkloadResult  13: 1048576 op, 1008960000.00 ns, 962.2192 ns/op
// GC:  60 0 0 3053453312 1048576
// Threading:  0 0 1048576

// AfterAll
// Benchmark Process 53840 has exited with code 0.

Mean = 965.361 ns, StdErr = 3.450 ns (0.36%), N = 13, StdDev = 12.439 ns
Min = 949.363 ns, Q1 = 958.446 ns, Median = 963.346 ns, Q3 = 971.491 ns, Max = 995.008 ns
IQR = 13.045 ns, LowerFence = 938.878 ns, UpperFence = 991.059 ns
ConfidenceInterval = [950.465 ns; 980.257 ns] (CI 99.9%), Margin = 14.896 ns (1.54% of Mean)
Skewness = 0.69, Kurtosis = 3.05, MValue = 2

// ** Remained 1 (1.7%) benchmark(s) to run. Estimated finish 2026-09-21 12:39 (0h 0m from now) **
Setup power plan (GUID: 8c5e7fda-e8bf-4a96-9a85-a6e23a8c635c FriendlyName: High performance)
// **************************
// Benchmark: FixAgainstQuickFix.'A/A QuickFIX/n: parse + read': DefaultJob [From=Dictionary, Reading=Binary]
// *** Execute ***
// Launch: 1 / 1
// Execute: dotnet qfcompare-DefaultJob-1.dll --anonymousPipes 1964 1952 --benchmarkName "QfCompare.FixAgainstQuickFix.TheirsParseAgain(From: Dictionary, Reading: Binary)" --job Default --benchmarkId 59 in P:\dotgram.WorkTrees\fix-frozen\.work\qfcompare\bin\Release\net10.0\qfcompare-DefaultJob-1\bin\Release\net10.0
// BeforeAnythingElse

// Benchmark Process Environment Information:
// BenchmarkDotNet v0.15.8
// Runtime=.NET 10.0.12 (10.0.12, 10.0.1226.42308), X64 RyuJIT x86-64-v4
// GC=Concurrent Workstation
// HardwareIntrinsics=AVX512 BITALG+VBMI2+VNNI+VPOPCNTDQ,AVX512 IFMA+VBMI,AVX512 F+BW+CD+DQ+VL,AVX2+BMI1+BMI2+F16C+FMA+LZCNT+MOVBE,AVX,SSE3+SSSE3+SSE4.1+SSE4.2+POPCNT,X86Base+SSE+SSE2,AES+PCLMUL,AvxVnni VectorSize=256
// Job: DefaultJob

OverheadJitting  1: 1 op, 132700.00 ns, 132.7000 us/op
WorkloadJitting  1: 1 op, 196100.00 ns, 196.1000 us/op

OverheadJitting  2: 16 op, 235200.00 ns, 14.7000 us/op
WorkloadJitting  2: 16 op, 324900.00 ns, 20.3063 us/op

WorkloadPilot    1: 16 op, 69000.00 ns, 4.3125 us/op
WorkloadPilot    2: 32 op, 118400.00 ns, 3.7000 us/op
WorkloadPilot    3: 64 op, 246100.00 ns, 3.8453 us/op
WorkloadPilot    4: 128 op, 506700.00 ns, 3.9586 us/op
WorkloadPilot    5: 256 op, 1057900.00 ns, 4.1324 us/op
WorkloadPilot    6: 512 op, 2130000.00 ns, 4.1602 us/op
WorkloadPilot    7: 1024 op, 3905000.00 ns, 3.8135 us/op
WorkloadPilot    8: 2048 op, 7380100.00 ns, 3.6036 us/op
WorkloadPilot    9: 4096 op, 14598100.00 ns, 3.5640 us/op
WorkloadPilot   10: 8192 op, 27234500.00 ns, 3.3245 us/op
WorkloadPilot   11: 16384 op, 52266800.00 ns, 3.1901 us/op
WorkloadPilot   12: 32768 op, 60000400.00 ns, 1.8311 us/op
WorkloadPilot   13: 65536 op, 43155700.00 ns, 658.5037 ns/op
WorkloadPilot   14: 131072 op, 84961500.00 ns, 648.2048 ns/op
WorkloadPilot   15: 262144 op, 169811600.00 ns, 647.7798 ns/op
WorkloadPilot   16: 524288 op, 339305600.00 ns, 647.1741 ns/op
WorkloadPilot   17: 1048576 op, 677734100.00 ns, 646.3376 ns/op

OverheadWarmup   1: 1048576 op, 1368200.00 ns, 1.3048 ns/op
OverheadWarmup   2: 1048576 op, 1358800.00 ns, 1.2959 ns/op
OverheadWarmup   3: 1048576 op, 1364800.00 ns, 1.3016 ns/op
OverheadWarmup   4: 1048576 op, 1390100.00 ns, 1.3257 ns/op
OverheadWarmup   5: 1048576 op, 1391700.00 ns, 1.3272 ns/op
OverheadWarmup   6: 1048576 op, 1373800.00 ns, 1.3102 ns/op
OverheadWarmup   7: 1048576 op, 1374500.00 ns, 1.3108 ns/op
OverheadWarmup   8: 1048576 op, 1376000.00 ns, 1.3123 ns/op
OverheadWarmup   9: 1048576 op, 1378000.00 ns, 1.3142 ns/op
OverheadWarmup  10: 1048576 op, 1367100.00 ns, 1.3038 ns/op

OverheadActual   1: 1048576 op, 1379300.00 ns, 1.3154 ns/op
OverheadActual   2: 1048576 op, 1364400.00 ns, 1.3012 ns/op
OverheadActual   3: 1048576 op, 1362500.00 ns, 1.2994 ns/op
OverheadActual   4: 1048576 op, 1367500.00 ns, 1.3041 ns/op
OverheadActual   5: 1048576 op, 1373200.00 ns, 1.3096 ns/op
OverheadActual   6: 1048576 op, 1394500.00 ns, 1.3299 ns/op
OverheadActual   7: 1048576 op, 1420300.00 ns, 1.3545 ns/op
OverheadActual   8: 1048576 op, 1367800.00 ns, 1.3044 ns/op
OverheadActual   9: 1048576 op, 1361500.00 ns, 1.2984 ns/op
OverheadActual  10: 1048576 op, 1362100.00 ns, 1.2990 ns/op
OverheadActual  11: 1048576 op, 1372100.00 ns, 1.3085 ns/op
OverheadActual  12: 1048576 op, 1361800.00 ns, 1.2987 ns/op
OverheadActual  13: 1048576 op, 1357900.00 ns, 1.2950 ns/op
OverheadActual  14: 1048576 op, 1369300.00 ns, 1.3059 ns/op
OverheadActual  15: 1048576 op, 1361100.00 ns, 1.2980 ns/op

WorkloadWarmup   1: 1048576 op, 685119900.00 ns, 653.3813 ns/op
WorkloadWarmup   2: 1048576 op, 704675100.00 ns, 672.0305 ns/op
WorkloadWarmup   3: 1048576 op, 733692100.00 ns, 699.7033 ns/op
WorkloadWarmup   4: 1048576 op, 728343700.00 ns, 694.6027 ns/op
WorkloadWarmup   5: 1048576 op, 729537800.00 ns, 695.7415 ns/op
WorkloadWarmup   6: 1048576 op, 733167700.00 ns, 699.2032 ns/op
WorkloadWarmup   7: 1048576 op, 730058300.00 ns, 696.2379 ns/op

// BeforeActualRun
WorkloadActual   1: 1048576 op, 723272700.00 ns, 689.7666 ns/op
WorkloadActual   2: 1048576 op, 727783800.00 ns, 694.0687 ns/op
WorkloadActual   3: 1048576 op, 727911500.00 ns, 694.1905 ns/op
WorkloadActual   4: 1048576 op, 731495800.00 ns, 697.6088 ns/op
WorkloadActual   5: 1048576 op, 740609700.00 ns, 706.3004 ns/op
WorkloadActual   6: 1048576 op, 740054600.00 ns, 705.7711 ns/op
WorkloadActual   7: 1048576 op, 715450400.00 ns, 682.3067 ns/op
WorkloadActual   8: 1048576 op, 729500400.00 ns, 695.7058 ns/op
WorkloadActual   9: 1048576 op, 755581000.00 ns, 720.5782 ns/op
WorkloadActual  10: 1048576 op, 734852800.00 ns, 700.8102 ns/op
WorkloadActual  11: 1048576 op, 734441900.00 ns, 700.4184 ns/op
WorkloadActual  12: 1048576 op, 728898500.00 ns, 695.1318 ns/op
WorkloadActual  13: 1048576 op, 726340900.00 ns, 692.6927 ns/op
WorkloadActual  14: 1048576 op, 739707800.00 ns, 705.4403 ns/op
WorkloadActual  15: 1048576 op, 725869700.00 ns, 692.2433 ns/op

// AfterActualRun
WorkloadResult   1: 1048576 op, 721905200.00 ns, 688.4624 ns/op
WorkloadResult   2: 1048576 op, 726416300.00 ns, 692.7646 ns/op
WorkloadResult   3: 1048576 op, 726544000.00 ns, 692.8864 ns/op
WorkloadResult   4: 1048576 op, 730128300.00 ns, 696.3046 ns/op
WorkloadResult   5: 1048576 op, 739242200.00 ns, 704.9963 ns/op
WorkloadResult   6: 1048576 op, 738687100.00 ns, 704.4669 ns/op
WorkloadResult   7: 1048576 op, 714082900.00 ns, 681.0025 ns/op
WorkloadResult   8: 1048576 op, 728132900.00 ns, 694.4016 ns/op
WorkloadResult   9: 1048576 op, 733485300.00 ns, 699.5061 ns/op
WorkloadResult  10: 1048576 op, 733074400.00 ns, 699.1142 ns/op
WorkloadResult  11: 1048576 op, 727531000.00 ns, 693.8276 ns/op
WorkloadResult  12: 1048576 op, 724973400.00 ns, 691.3885 ns/op
WorkloadResult  13: 1048576 op, 738340300.00 ns, 704.1362 ns/op
WorkloadResult  14: 1048576 op, 724502200.00 ns, 690.9391 ns/op
// GC:  76 0 0 3816816640 1048576
// Threading:  0 0 1048576

// AfterAll
// Benchmark Process 15984 has exited with code 0.

Mean = 695.300 ns, StdErr = 1.801 ns (0.26%), N = 14, StdDev = 6.737 ns
Min = 681.003 ns, Q1 = 691.733 ns, Median = 694.115 ns, Q3 = 699.408 ns, Max = 704.996 ns
IQR = 7.676 ns, LowerFence = 680.219 ns, UpperFence = 710.922 ns
ConfidenceInterval = [687.700 ns; 702.900 ns] (CI 99.9%), Margin = 7.600 ns (1.09% of Mean)
Skewness = -0.21, Kurtosis = 2.33, MValue = 2

// ** Remained 0 (0.0%) benchmark(s) to run. Estimated finish 2026-09-21 12:39 (0h 0m from now) **
Successfully reverted power plan (GUID: 8c5e7fda-e8bf-4a96-9a85-a6e23a8c635c FriendlyName: High performance)
// ***** BenchmarkRunner: Finish  *****

// * Export *
  T:\TEMP\dotgram-bdn\fix-hot-20260921-121539\results\QfCompare.FixAgainstQuickFix-report.csv
  T:\TEMP\dotgram-bdn\fix-hot-20260921-121539\results\QfCompare.FixAgainstQuickFix-report-github.md
  T:\TEMP\dotgram-bdn\fix-hot-20260921-121539\results\QfCompare.FixAgainstQuickFix-report.html

// * Detailed results *
FixAgainstQuickFix.'ours: parse + read': DefaultJob [From=Compiled, Reading=Order]
Runtime = .NET 10.0.12 (10.0.12, 10.0.1226.42308), X64 RyuJIT x86-64-v4; GC = Concurrent Workstation
Mean = 1.371 us, StdErr = 0.004 us (0.32%), N = 15, StdDev = 0.017 us
Min = 1.335 us, Q1 = 1.364 us, Median = 1.378 us, Q3 = 1.381 us, Max = 1.396 us
IQR = 0.017 us, LowerFence = 1.338 us, UpperFence = 1.407 us
ConfidenceInterval = [1.353 us; 1.389 us] (CI 99.9%), Margin = 0.018 us (1.33% of Mean)
Skewness = -0.68, Kurtosis = 2.29, MValue = 2
-------------------- Histogram --------------------
[1.328 us ; 1.362 us) | @@@@
[1.362 us ; 1.405 us) | @@@@@@@@@@@
---------------------------------------------------

FixAgainstQuickFix.'QuickFIX/n: parse + read': DefaultJob [From=Compiled, Reading=Order]
Runtime = .NET 10.0.12 (10.0.12, 10.0.1226.42308), X64 RyuJIT x86-64-v4; GC = Concurrent Workstation
Mean = 1.159 us, StdErr = 0.006 us (0.48%), N = 17, StdDev = 0.023 us
Min = 1.130 us, Q1 = 1.146 us, Median = 1.155 us, Q3 = 1.165 us, Max = 1.205 us
IQR = 0.019 us, LowerFence = 1.118 us, UpperFence = 1.194 us
ConfidenceInterval = [1.137 us; 1.181 us] (CI 99.9%), Margin = 0.022 us (1.92% of Mean)
Skewness = 0.59, Kurtosis = 2.26, MValue = 2
-------------------- Histogram --------------------
[1.118 us ; 1.144 us) | @@@@
[1.144 us ; 1.211 us) | @@@@@@@@@@@@@
---------------------------------------------------

FixAgainstQuickFix.'ours: parse + validate + read': DefaultJob [From=Compiled, Reading=Order]
Runtime = .NET 10.0.12 (10.0.12, 10.0.1226.42308), X64 RyuJIT x86-64-v4; GC = Concurrent Workstation
Mean = 1.949 us, StdErr = 0.006 us (0.28%), N = 15, StdDev = 0.021 us
Min = 1.915 us, Q1 = 1.937 us, Median = 1.947 us, Q3 = 1.962 us, Max = 1.994 us
IQR = 0.024 us, LowerFence = 1.901 us, UpperFence = 1.998 us
ConfidenceInterval = [1.926 us; 1.971 us] (CI 99.9%), Margin = 0.023 us (1.18% of Mean)
Skewness = 0.3, Kurtosis = 2.25, MValue = 2
-------------------- Histogram --------------------
[1.904 us ; 2.005 us) | @@@@@@@@@@@@@@@
---------------------------------------------------

FixAgainstQuickFix.'QuickFIX/n: parse + validate + read': DefaultJob [From=Compiled, Reading=Order]
Runtime = .NET 10.0.12 (10.0.12, 10.0.1226.42308), X64 RyuJIT x86-64-v4; GC = Concurrent Workstation
Mean = 2.667 us, StdErr = 0.012 us (0.46%), N = 15, StdDev = 0.047 us
Min = 2.601 us, Q1 = 2.631 us, Median = 2.670 us, Q3 = 2.698 us, Max = 2.777 us
IQR = 0.068 us, LowerFence = 2.529 us, UpperFence = 2.799 us
ConfidenceInterval = [2.617 us; 2.718 us] (CI 99.9%), Margin = 0.051 us (1.90% of Mean)
Skewness = 0.46, Kurtosis = 2.57, MValue = 2
-------------------- Histogram --------------------
[2.596 us ; 2.659 us) | @@@@@@
[2.659 us ; 2.802 us) | @@@@@@@@@
---------------------------------------------------

FixAgainstQuickFix.'A/A ours: parse + read': DefaultJob [From=Compiled, Reading=Order]
Runtime = .NET 10.0.12 (10.0.12, 10.0.1226.42308), X64 RyuJIT x86-64-v4; GC = Concurrent Workstation
Mean = 1.281 us, StdErr = 0.004 us (0.34%), N = 14, StdDev = 0.016 us
Min = 1.249 us, Q1 = 1.278 us, Median = 1.281 us, Q3 = 1.291 us, Max = 1.313 us
IQR = 0.013 us, LowerFence = 1.258 us, UpperFence = 1.311 us
ConfidenceInterval = [1.263 us; 1.299 us] (CI 99.9%), Margin = 0.018 us (1.42% of Mean)
Skewness = -0.25, Kurtosis = 2.68, MValue = 2
-------------------- Histogram --------------------
[1.241 us ; 1.273 us) | @@@
[1.273 us ; 1.321 us) | @@@@@@@@@@@
---------------------------------------------------

FixAgainstQuickFix.'A/A QuickFIX/n: parse + read': DefaultJob [From=Compiled, Reading=Order]
Runtime = .NET 10.0.12 (10.0.12, 10.0.1226.42308), X64 RyuJIT x86-64-v4; GC = Concurrent Workstation
Mean = 1.228 us, StdErr = 0.016 us (1.27%), N = 93, StdDev = 0.150 us
Min = 1.098 us, Q1 = 1.120 us, Median = 1.159 us, Q3 = 1.272 us, Max = 1.647 us
IQR = 0.151 us, LowerFence = 0.893 us, UpperFence = 1.499 us
ConfidenceInterval = [1.175 us; 1.281 us] (CI 99.9%), Margin = 0.053 us (4.32% of Mean)
Skewness = 1.45, Kurtosis = 4.12, MValue = 2.38
-------------------- Histogram --------------------
[1.095 us ; 1.182 us) | @@@@@@@@@@@@@@@@@@@@@@@@@@@@@@@@@@@@@@@@@@@@@@@@@@@@@@@
[1.182 us ; 1.276 us) | @@@@@@@@@@@@@@@
[1.276 us ; 1.375 us) | @@@@@@@@@@
[1.375 us ; 1.450 us) | @@@
[1.450 us ; 1.483 us) | 
[1.483 us ; 1.577 us) | @@@@
[1.577 us ; 1.664 us) | @@@@@@
---------------------------------------------------

FixAgainstQuickFix.'ours: parse + read': DefaultJob [From=Compiled, Reading=Parties]
Runtime = .NET 10.0.12 (10.0.12, 10.0.1226.42308), X64 RyuJIT x86-64-v4; GC = Concurrent Workstation
Mean = 1.981 us, StdErr = 0.006 us (0.29%), N = 15, StdDev = 0.022 us
Min = 1.936 us, Q1 = 1.968 us, Median = 1.984 us, Q3 = 1.993 us, Max = 2.014 us
IQR = 0.024 us, LowerFence = 1.932 us, UpperFence = 2.029 us
ConfidenceInterval = [1.957 us; 2.005 us] (CI 99.9%), Margin = 0.024 us (1.21% of Mean)
Skewness = -0.45, Kurtosis = 2.09, MValue = 2
-------------------- Histogram --------------------
[1.928 us ; 1.968 us) | @@@@
[1.968 us ; 2.026 us) | @@@@@@@@@@@
---------------------------------------------------

FixAgainstQuickFix.'QuickFIX/n: parse + read': DefaultJob [From=Compiled, Reading=Parties]
Runtime = .NET 10.0.12 (10.0.12, 10.0.1226.42308), X64 RyuJIT x86-64-v4; GC = Concurrent Workstation
Mean = 2.251 us, StdErr = 0.007 us (0.31%), N = 13, StdDev = 0.025 us
Min = 2.218 us, Q1 = 2.230 us, Median = 2.252 us, Q3 = 2.266 us, Max = 2.294 us
IQR = 0.035 us, LowerFence = 2.177 us, UpperFence = 2.319 us
ConfidenceInterval = [2.221 us; 2.281 us] (CI 99.9%), Margin = 0.030 us (1.34% of Mean)
Skewness = 0.17, Kurtosis = 1.64, MValue = 2
-------------------- Histogram --------------------
[2.204 us ; 2.308 us) | @@@@@@@@@@@@@
---------------------------------------------------

FixAgainstQuickFix.'ours: parse + validate + read': DefaultJob [From=Compiled, Reading=Parties]
Runtime = .NET 10.0.12 (10.0.12, 10.0.1226.42308), X64 RyuJIT x86-64-v4; GC = Concurrent Workstation
Mean = 3.105 us, StdErr = 0.009 us (0.29%), N = 15, StdDev = 0.035 us
Min = 3.049 us, Q1 = 3.082 us, Median = 3.102 us, Q3 = 3.124 us, Max = 3.184 us
IQR = 0.042 us, LowerFence = 3.019 us, UpperFence = 3.187 us
ConfidenceInterval = [3.068 us; 3.143 us] (CI 99.9%), Margin = 0.037 us (1.21% of Mean)
Skewness = 0.67, Kurtosis = 2.68, MValue = 2
-------------------- Histogram --------------------
[3.031 us ; 3.122 us) | @@@@@@@@@@@
[3.122 us ; 3.202 us) | @@@@
---------------------------------------------------

FixAgainstQuickFix.'QuickFIX/n: parse + validate + read': DefaultJob [From=Compiled, Reading=Parties]
Runtime = .NET 10.0.12 (10.0.12, 10.0.1226.42308), X64 RyuJIT x86-64-v4; GC = Concurrent Workstation
Mean = 4.449 us, StdErr = 0.014 us (0.31%), N = 14, StdDev = 0.051 us
Min = 4.366 us, Q1 = 4.424 us, Median = 4.448 us, Q3 = 4.490 us, Max = 4.534 us
IQR = 0.066 us, LowerFence = 4.324 us, UpperFence = 4.589 us
ConfidenceInterval = [4.391 us; 4.507 us] (CI 99.9%), Margin = 0.058 us (1.30% of Mean)
Skewness = -0.02, Kurtosis = 1.74, MValue = 2
-------------------- Histogram --------------------
[4.338 us ; 4.562 us) | @@@@@@@@@@@@@@
---------------------------------------------------

FixAgainstQuickFix.'A/A ours: parse + read': DefaultJob [From=Compiled, Reading=Parties]
Runtime = .NET 10.0.12 (10.0.12, 10.0.1226.42308), X64 RyuJIT x86-64-v4; GC = Concurrent Workstation
Mean = 2.000 us, StdErr = 0.008 us (0.41%), N = 13, StdDev = 0.029 us
Min = 1.953 us, Q1 = 1.979 us, Median = 1.996 us, Q3 = 2.011 us, Max = 2.057 us
IQR = 0.032 us, LowerFence = 1.931 us, UpperFence = 2.060 us
ConfidenceInterval = [1.965 us; 2.035 us] (CI 99.9%), Margin = 0.035 us (1.75% of Mean)
Skewness = 0.37, Kurtosis = 2.13, MValue = 2
-------------------- Histogram --------------------
[1.937 us ; 2.013 us) | @@@@@@@@@@
[2.013 us ; 2.062 us) | @@@
---------------------------------------------------

FixAgainstQuickFix.'A/A QuickFIX/n: parse + read': DefaultJob [From=Compiled, Reading=Parties]
Runtime = .NET 10.0.12 (10.0.12, 10.0.1226.42308), X64 RyuJIT x86-64-v4; GC = Concurrent Workstation
Mean = 2.783 us, StdErr = 0.056 us (2.01%), N = 100, StdDev = 0.558 us
Min = 2.203 us, Q1 = 2.269 us, Median = 2.420 us, Q3 = 3.390 us, Max = 3.765 us
IQR = 1.121 us, LowerFence = 0.586 us, UpperFence = 5.072 us
ConfidenceInterval = [2.593 us; 2.972 us] (CI 99.9%), Margin = 0.189 us (6.81% of Mean)
Skewness = 0.37, Kurtosis = 1.37, MValue = 3.32
-------------------- Histogram --------------------
[2.192 us ; 2.508 us) | @@@@@@@@@@@@@@@@@@@@@@@@@@@@@@@@@@@@@@@@@@@@@@@@@@@@@
[2.508 us ; 2.807 us) | @@@
[2.807 us ; 3.028 us) | @@
[3.028 us ; 3.378 us) | @@@@@@@@@@@@@@@@
[3.378 us ; 3.693 us) | @@@@@@@@@@@@@@@@@@@@@@@@@
[3.693 us ; 3.923 us) | @
---------------------------------------------------

FixAgainstQuickFix.'ours: parse + read': DefaultJob [From=Compiled, Reading=PartiesMedium]
Runtime = .NET 10.0.12 (10.0.12, 10.0.1226.42308), X64 RyuJIT x86-64-v4; GC = Concurrent Workstation
Mean = 19.234 us, StdErr = 0.095 us (0.49%), N = 21, StdDev = 0.436 us
Min = 18.659 us, Q1 = 18.839 us, Median = 19.141 us, Q3 = 19.565 us, Max = 19.891 us
IQR = 0.726 us, LowerFence = 17.750 us, UpperFence = 20.654 us
ConfidenceInterval = [18.867 us; 19.600 us] (CI 99.9%), Margin = 0.366 us (1.90% of Mean)
Skewness = 0.16, Kurtosis = 1.44, MValue = 2
-------------------- Histogram --------------------
[18.638 us ; 19.053 us) | @@@@@@@@@
[19.053 us ; 20.099 us) | @@@@@@@@@@@@
---------------------------------------------------

FixAgainstQuickFix.'QuickFIX/n: parse + read': DefaultJob [From=Compiled, Reading=PartiesMedium]
Runtime = .NET 10.0.12 (10.0.12, 10.0.1226.42308), X64 RyuJIT x86-64-v4; GC = Concurrent Workstation
Mean = 29.415 us, StdErr = 0.133 us (0.45%), N = 18, StdDev = 0.563 us
Min = 28.797 us, Q1 = 29.033 us, Median = 29.363 us, Q3 = 29.587 us, Max = 30.800 us
IQR = 0.554 us, LowerFence = 28.202 us, UpperFence = 30.417 us
ConfidenceInterval = [28.889 us; 29.941 us] (CI 99.9%), Margin = 0.526 us (1.79% of Mean)
Skewness = 1.16, Kurtosis = 3.62, MValue = 2
-------------------- Histogram --------------------
[28.515 us ; 29.641 us) | @@@@@@@@@@@@@@@
[29.641 us ; 30.419 us) | @
[30.419 us ; 31.082 us) | @@
---------------------------------------------------

FixAgainstQuickFix.'ours: parse + validate + read': DefaultJob [From=Compiled, Reading=PartiesMedium]
Runtime = .NET 10.0.12 (10.0.12, 10.0.1226.42308), X64 RyuJIT x86-64-v4; GC = Concurrent Workstation
Mean = 27.896 us, StdErr = 0.123 us (0.44%), N = 15, StdDev = 0.476 us
Min = 27.062 us, Q1 = 27.675 us, Median = 27.935 us, Q3 = 28.119 us, Max = 28.755 us
IQR = 0.444 us, LowerFence = 27.009 us, UpperFence = 28.784 us
ConfidenceInterval = [27.387 us; 28.404 us] (CI 99.9%), Margin = 0.509 us (1.82% of Mean)
Skewness = -0.09, Kurtosis = 2.42, MValue = 2
-------------------- Histogram --------------------
[27.029 us ; 27.715 us) | @@@@
[27.715 us ; 28.413 us) | @@@@@@@@@
[28.413 us ; 29.008 us) | @@
---------------------------------------------------

FixAgainstQuickFix.'QuickFIX/n: parse + validate + read': DefaultJob [From=Compiled, Reading=PartiesMedium]
Runtime = .NET 10.0.12 (10.0.12, 10.0.1226.42308), X64 RyuJIT x86-64-v4; GC = Concurrent Workstation
Mean = 48.688 us, StdErr = 0.118 us (0.24%), N = 14, StdDev = 0.440 us
Min = 47.631 us, Q1 = 48.507 us, Median = 48.663 us, Q3 = 48.855 us, Max = 49.489 us
IQR = 0.348 us, LowerFence = 47.985 us, UpperFence = 49.377 us
ConfidenceInterval = [48.191 us; 49.184 us] (CI 99.9%), Margin = 0.497 us (1.02% of Mean)
Skewness = -0.43, Kurtosis = 3.43, MValue = 2
-------------------- Histogram --------------------
[47.391 us ; 49.729 us) | @@@@@@@@@@@@@@
---------------------------------------------------

FixAgainstQuickFix.'A/A ours: parse + read': DefaultJob [From=Compiled, Reading=PartiesMedium]
Runtime = .NET 10.0.12 (10.0.12, 10.0.1226.42308), X64 RyuJIT x86-64-v4; GC = Concurrent Workstation
Mean = 19.068 us, StdErr = 0.084 us (0.44%), N = 15, StdDev = 0.325 us
Min = 18.536 us, Q1 = 18.893 us, Median = 18.995 us, Q3 = 19.194 us, Max = 19.637 us
IQR = 0.301 us, LowerFence = 18.442 us, UpperFence = 19.645 us
ConfidenceInterval = [18.720 us; 19.416 us] (CI 99.9%), Margin = 0.348 us (1.82% of Mean)
Skewness = 0.45, Kurtosis = 2.14, MValue = 2
-------------------- Histogram --------------------
[18.363 us ; 18.772 us) | @@
[18.772 us ; 19.774 us) | @@@@@@@@@@@@@
---------------------------------------------------

FixAgainstQuickFix.'A/A QuickFIX/n: parse + read': DefaultJob [From=Compiled, Reading=PartiesMedium]
Runtime = .NET 10.0.12 (10.0.12, 10.0.1226.42308), X64 RyuJIT x86-64-v4; GC = Concurrent Workstation
Mean = 29.242 us, StdErr = 0.115 us (0.39%), N = 15, StdDev = 0.445 us
Min = 28.735 us, Q1 = 28.871 us, Median = 29.233 us, Q3 = 29.442 us, Max = 30.111 us
IQR = 0.571 us, LowerFence = 28.015 us, UpperFence = 30.299 us
ConfidenceInterval = [28.766 us; 29.717 us] (CI 99.9%), Margin = 0.476 us (1.63% of Mean)
Skewness = 0.64, Kurtosis = 2.14, MValue = 2
-------------------- Histogram --------------------
[28.499 us ; 29.325 us) | @@@@@@@@@@@
[29.325 us ; 30.131 us) | @@@@
---------------------------------------------------

FixAgainstQuickFix.'ours: parse + read': DefaultJob [From=Compiled, Reading=PartiesLarge]
Runtime = .NET 10.0.12 (10.0.12, 10.0.1226.42308), X64 RyuJIT x86-64-v4; GC = Concurrent Workstation
Mean = 473.824 us, StdErr = 0.957 us (0.20%), N = 15, StdDev = 3.706 us
Min = 467.596 us, Q1 = 471.447 us, Median = 475.538 us, Q3 = 476.308 us, Max = 478.089 us
IQR = 4.861 us, LowerFence = 464.155 us, UpperFence = 483.599 us
ConfidenceInterval = [469.862 us; 477.786 us] (CI 99.9%), Margin = 3.962 us (0.84% of Mean)
Skewness = -0.76, Kurtosis = 1.78, MValue = 2
-------------------- Histogram --------------------
[465.624 us ; 480.061 us) | @@@@@@@@@@@@@@@
---------------------------------------------------

FixAgainstQuickFix.'QuickFIX/n: parse + read': DefaultJob [From=Compiled, Reading=PartiesLarge]
Runtime = .NET 10.0.12 (10.0.12, 10.0.1226.42308), X64 RyuJIT x86-64-v4; GC = Concurrent Workstation
Mean = 298.063 us, StdErr = 1.473 us (0.49%), N = 18, StdDev = 6.249 us
Min = 289.228 us, Q1 = 292.581 us, Median = 297.057 us, Q3 = 303.416 us, Max = 308.246 us
IQR = 10.835 us, LowerFence = 276.328 us, UpperFence = 319.669 us
ConfidenceInterval = [292.223 us; 303.903 us] (CI 99.9%), Margin = 5.840 us (1.96% of Mean)
Skewness = 0.31, Kurtosis = 1.56, MValue = 2
-------------------- Histogram --------------------
[286.098 us ; 296.915 us) | @@@@@@@@@
[296.915 us ; 308.788 us) | @@@@@@@@@
---------------------------------------------------

FixAgainstQuickFix.'ours: parse + validate + read': DefaultJob [From=Compiled, Reading=PartiesLarge]
Runtime = .NET 10.0.12 (10.0.12, 10.0.1226.42308), X64 RyuJIT x86-64-v4; GC = Concurrent Workstation
Mean = 426.696 us, StdErr = 2.391 us (0.56%), N = 50, StdDev = 16.904 us
Min = 387.070 us, Q1 = 414.780 us, Median = 431.151 us, Q3 = 437.615 us, Max = 462.751 us
IQR = 22.835 us, LowerFence = 380.528 us, UpperFence = 471.867 us
ConfidenceInterval = [418.328 us; 435.064 us] (CI 99.9%), Margin = 8.368 us (1.96% of Mean)
Skewness = -0.24, Kurtosis = 2.68, MValue = 2
-------------------- Histogram --------------------
[385.563 us ; 397.608 us) | @@@@
[397.608 us ; 412.942 us) | @@@@@
[412.942 us ; 428.929 us) | @@@@@@@@@@@@@@
[428.929 us ; 440.974 us) | @@@@@@@@@@@@@@@@@@@@
[440.974 us ; 455.982 us) | @@@@@@
[455.982 us ; 468.774 us) | @
---------------------------------------------------

FixAgainstQuickFix.'QuickFIX/n: parse + validate + read': DefaultJob [From=Compiled, Reading=PartiesLarge]
Runtime = .NET 10.0.12 (10.0.12, 10.0.1226.42308), X64 RyuJIT x86-64-v4; GC = Concurrent Workstation
Mean = 541.154 us, StdErr = 2.266 us (0.42%), N = 14, StdDev = 8.479 us
Min = 522.634 us, Q1 = 538.717 us, Median = 541.037 us, Q3 = 545.389 us, Max = 556.365 us
IQR = 6.673 us, LowerFence = 528.708 us, UpperFence = 555.398 us
ConfidenceInterval = [531.590 us; 550.719 us] (CI 99.9%), Margin = 9.565 us (1.77% of Mean)
Skewness = -0.31, Kurtosis = 2.77, MValue = 2
-------------------- Histogram --------------------
[518.016 us ; 536.895 us) | @@@
[536.895 us ; 558.439 us) | @@@@@@@@@@@
---------------------------------------------------

FixAgainstQuickFix.'A/A ours: parse + read': DefaultJob [From=Compiled, Reading=PartiesLarge]
Runtime = .NET 10.0.12 (10.0.12, 10.0.1226.42308), X64 RyuJIT x86-64-v4; GC = Concurrent Workstation
Mean = 473.376 us, StdErr = 0.895 us (0.19%), N = 15, StdDev = 3.467 us
Min = 466.773 us, Q1 = 471.690 us, Median = 474.606 us, Q3 = 475.744 us, Max = 476.535 us
IQR = 4.053 us, LowerFence = 465.610 us, UpperFence = 481.823 us
ConfidenceInterval = [469.669 us; 477.082 us] (CI 99.9%), Margin = 3.706 us (0.78% of Mean)
Skewness = -0.91, Kurtosis = 2.03, MValue = 2
-------------------- Histogram --------------------
[464.928 us ; 478.380 us) | @@@@@@@@@@@@@@@
---------------------------------------------------

FixAgainstQuickFix.'A/A QuickFIX/n: parse + read': DefaultJob [From=Compiled, Reading=PartiesLarge]
Runtime = .NET 10.0.12 (10.0.12, 10.0.1226.42308), X64 RyuJIT x86-64-v4; GC = Concurrent Workstation
Mean = 302.244 us, StdErr = 1.243 us (0.41%), N = 15, StdDev = 4.814 us
Min = 295.010 us, Q1 = 299.349 us, Median = 301.045 us, Q3 = 305.530 us, Max = 310.322 us
IQR = 6.181 us, LowerFence = 290.077 us, UpperFence = 314.802 us
ConfidenceInterval = [297.097 us; 307.390 us] (CI 99.9%), Margin = 5.147 us (1.70% of Mean)
Skewness = 0.21, Kurtosis = 1.71, MValue = 2
-------------------- Histogram --------------------
[292.448 us ; 298.513 us) | @@@
[298.513 us ; 311.326 us) | @@@@@@@@@@@@
---------------------------------------------------

FixAgainstQuickFix.'ours: parse + read': DefaultJob [From=Compiled, Reading=Binary]
Runtime = .NET 10.0.12 (10.0.12, 10.0.1226.42308), X64 RyuJIT x86-64-v4; GC = Concurrent Workstation
Mean = 958.235 ns, StdErr = 3.772 ns (0.39%), N = 15, StdDev = 14.610 ns
Min = 938.561 ns, Q1 = 946.406 ns, Median = 957.854 ns, Q3 = 966.774 ns, Max = 993.451 ns
IQR = 20.369 ns, LowerFence = 915.853 ns, UpperFence = 997.327 ns
ConfidenceInterval = [942.617 ns; 973.854 ns] (CI 99.9%), Margin = 15.619 ns (1.63% of Mean)
Skewness = 0.62, Kurtosis = 2.83, MValue = 2
-------------------- Histogram --------------------
[934.754 ns ;   970.651 ns) | @@@@@@@@@@@@@
[970.651 ns ; 1,001.226 ns) | @@
---------------------------------------------------

FixAgainstQuickFix.'QuickFIX/n: parse + read': DefaultJob [From=Compiled, Reading=Binary]
Runtime = .NET 10.0.12 (10.0.12, 10.0.1226.42308), X64 RyuJIT x86-64-v4; GC = Concurrent Workstation
Mean = 690.133 ns, StdErr = 3.024 ns (0.44%), N = 15, StdDev = 11.713 ns
Min = 674.930 ns, Q1 = 681.687 ns, Median = 687.334 ns, Q3 = 696.111 ns, Max = 713.821 ns
IQR = 14.424 ns, LowerFence = 660.050 ns, UpperFence = 717.748 ns
ConfidenceInterval = [677.611 ns; 702.655 ns] (CI 99.9%), Margin = 12.522 ns (1.81% of Mean)
Skewness = 0.7, Kurtosis = 2.1, MValue = 2
-------------------- Histogram --------------------
[668.697 ns ; 690.871 ns) | @@@@@@@@@@
[690.871 ns ; 717.547 ns) | @@@@@
---------------------------------------------------

FixAgainstQuickFix.'ours: parse + validate + read': DefaultJob [From=Compiled, Reading=Binary]
Runtime = .NET 10.0.12 (10.0.12, 10.0.1226.42308), X64 RyuJIT x86-64-v4; GC = Concurrent Workstation
Mean = 1.330 us, StdErr = 0.006 us (0.43%), N = 17, StdDev = 0.024 us
Min = 1.305 us, Q1 = 1.312 us, Median = 1.320 us, Q3 = 1.339 us, Max = 1.383 us
IQR = 0.027 us, LowerFence = 1.272 us, UpperFence = 1.379 us
ConfidenceInterval = [1.307 us; 1.354 us] (CI 99.9%), Margin = 0.023 us (1.75% of Mean)
Skewness = 0.87, Kurtosis = 2.41, MValue = 2
-------------------- Histogram --------------------
[1.299 us ; 1.351 us) | @@@@@@@@@@@@@@
[1.351 us ; 1.389 us) | @@@
---------------------------------------------------

FixAgainstQuickFix.'QuickFIX/n: parse + validate + read': DefaultJob [From=Compiled, Reading=Binary]
Runtime = .NET 10.0.12 (10.0.12, 10.0.1226.42308), X64 RyuJIT x86-64-v4; GC = Concurrent Workstation
Mean = 1.747 us, StdErr = 0.004 us (0.25%), N = 15, StdDev = 0.017 us
Min = 1.721 us, Q1 = 1.734 us, Median = 1.744 us, Q3 = 1.763 us, Max = 1.773 us
IQR = 0.029 us, LowerFence = 1.690 us, UpperFence = 1.806 us
ConfidenceInterval = [1.729 us; 1.765 us] (CI 99.9%), Margin = 0.018 us (1.03% of Mean)
Skewness = -0.12, Kurtosis = 1.47, MValue = 2
-------------------- Histogram --------------------
[1.719 us ; 1.782 us) | @@@@@@@@@@@@@@@
---------------------------------------------------

FixAgainstQuickFix.'A/A ours: parse + read': DefaultJob [From=Compiled, Reading=Binary]
Runtime = .NET 10.0.12 (10.0.12, 10.0.1226.42308), X64 RyuJIT x86-64-v4; GC = Concurrent Workstation
Mean = 962.087 ns, StdErr = 2.040 ns (0.21%), N = 15, StdDev = 7.901 ns
Min = 949.673 ns, Q1 = 957.450 ns, Median = 961.723 ns, Q3 = 966.623 ns, Max = 975.479 ns
IQR = 9.173 ns, LowerFence = 943.690 ns, UpperFence = 980.382 ns
ConfidenceInterval = [953.640 ns; 970.533 ns] (CI 99.9%), Margin = 8.446 ns (0.88% of Mean)
Skewness = 0.16, Kurtosis = 1.93, MValue = 2
-------------------- Histogram --------------------
[945.468 ns ; 979.684 ns) | @@@@@@@@@@@@@@@
---------------------------------------------------

FixAgainstQuickFix.'A/A QuickFIX/n: parse + read': DefaultJob [From=Compiled, Reading=Binary]
Runtime = .NET 10.0.12 (10.0.12, 10.0.1226.42308), X64 RyuJIT x86-64-v4; GC = Concurrent Workstation
Mean = 694.976 ns, StdErr = 3.065 ns (0.44%), N = 15, StdDev = 11.869 ns
Min = 674.084 ns, Q1 = 685.947 ns, Median = 697.133 ns, Q3 = 704.596 ns, Max = 716.127 ns
IQR = 18.649 ns, LowerFence = 657.974 ns, UpperFence = 732.569 ns
ConfidenceInterval = [682.287 ns; 707.664 ns] (CI 99.9%), Margin = 12.689 ns (1.83% of Mean)
Skewness = 0.05, Kurtosis = 1.75, MValue = 2
-------------------- Histogram --------------------
[667.768 ns ; 692.649 ns) | @@@@@@@
[692.649 ns ; 722.444 ns) | @@@@@@@@
---------------------------------------------------

FixAgainstQuickFix.'ours: parse + read': DefaultJob [From=Dictionary, Reading=Order]
Runtime = .NET 10.0.12 (10.0.12, 10.0.1226.42308), X64 RyuJIT x86-64-v4; GC = Concurrent Workstation
Mean = 1.249 us, StdErr = 0.005 us (0.40%), N = 15, StdDev = 0.019 us
Min = 1.217 us, Q1 = 1.237 us, Median = 1.249 us, Q3 = 1.260 us, Max = 1.282 us
IQR = 0.023 us, LowerFence = 1.203 us, UpperFence = 1.294 us
ConfidenceInterval = [1.228 us; 1.270 us] (CI 99.9%), Margin = 0.021 us (1.66% of Mean)
Skewness = 0.2, Kurtosis = 2.03, MValue = 2
-------------------- Histogram --------------------
[1.207 us ; 1.256 us) | @@@@@@@@@@
[1.256 us ; 1.290 us) | @@@@@
---------------------------------------------------

FixAgainstQuickFix.'QuickFIX/n: parse + read': DefaultJob [From=Dictionary, Reading=Order]
Runtime = .NET 10.0.12 (10.0.12, 10.0.1226.42308), X64 RyuJIT x86-64-v4; GC = Concurrent Workstation
Mean = 1.136 us, StdErr = 0.003 us (0.25%), N = 14, StdDev = 0.010 us
Min = 1.121 us, Q1 = 1.130 us, Median = 1.135 us, Q3 = 1.145 us, Max = 1.153 us
IQR = 0.015 us, LowerFence = 1.107 us, UpperFence = 1.167 us
ConfidenceInterval = [1.125 us; 1.148 us] (CI 99.9%), Margin = 0.012 us (1.04% of Mean)
Skewness = 0.26, Kurtosis = 1.63, MValue = 2
-------------------- Histogram --------------------
[1.115 us ; 1.159 us) | @@@@@@@@@@@@@@
---------------------------------------------------

FixAgainstQuickFix.'ours: parse + validate + read': DefaultJob [From=Dictionary, Reading=Order]
Runtime = .NET 10.0.12 (10.0.12, 10.0.1226.42308), X64 RyuJIT x86-64-v4; GC = Concurrent Workstation
Mean = 1.963 us, StdErr = 0.008 us (0.40%), N = 15, StdDev = 0.030 us
Min = 1.918 us, Q1 = 1.943 us, Median = 1.958 us, Q3 = 1.979 us, Max = 2.014 us
IQR = 0.036 us, LowerFence = 1.890 us, UpperFence = 2.032 us
ConfidenceInterval = [1.931 us; 1.995 us] (CI 99.9%), Margin = 0.032 us (1.65% of Mean)
Skewness = 0.23, Kurtosis = 1.79, MValue = 2
-------------------- Histogram --------------------
[1.907 us ; 1.985 us) | @@@@@@@@@@@@
[1.985 us ; 2.030 us) | @@@
---------------------------------------------------

FixAgainstQuickFix.'QuickFIX/n: parse + validate + read': DefaultJob [From=Dictionary, Reading=Order]
Runtime = .NET 10.0.12 (10.0.12, 10.0.1226.42308), X64 RyuJIT x86-64-v4; GC = Concurrent Workstation
Mean = 2.659 us, StdErr = 0.008 us (0.30%), N = 13, StdDev = 0.029 us
Min = 2.618 us, Q1 = 2.648 us, Median = 2.652 us, Q3 = 2.673 us, Max = 2.730 us
IQR = 0.025 us, LowerFence = 2.610 us, UpperFence = 2.710 us
ConfidenceInterval = [2.624 us; 2.694 us] (CI 99.9%), Margin = 0.035 us (1.31% of Mean)
Skewness = 0.86, Kurtosis = 3.24, MValue = 2
-------------------- Histogram --------------------
[2.602 us ; 2.675 us) | @@@@@@@@@@
[2.675 us ; 2.746 us) | @@@
---------------------------------------------------

FixAgainstQuickFix.'A/A ours: parse + read': DefaultJob [From=Dictionary, Reading=Order]
Runtime = .NET 10.0.12 (10.0.12, 10.0.1226.42308), X64 RyuJIT x86-64-v4; GC = Concurrent Workstation
Mean = 1.252 us, StdErr = 0.005 us (0.43%), N = 15, StdDev = 0.021 us
Min = 1.227 us, Q1 = 1.237 us, Median = 1.245 us, Q3 = 1.267 us, Max = 1.292 us
IQR = 0.030 us, LowerFence = 1.191 us, UpperFence = 1.313 us
ConfidenceInterval = [1.230 us; 1.274 us] (CI 99.9%), Margin = 0.022 us (1.79% of Mean)
Skewness = 0.54, Kurtosis = 1.78, MValue = 2
-------------------- Histogram --------------------
[1.224 us ; 1.296 us) | @@@@@@@@@@@@@@@
---------------------------------------------------

FixAgainstQuickFix.'A/A QuickFIX/n: parse + read': DefaultJob [From=Dictionary, Reading=Order]
Runtime = .NET 10.0.12 (10.0.12, 10.0.1226.42308), X64 RyuJIT x86-64-v4; GC = Concurrent Workstation
Mean = 1.145 us, StdErr = 0.006 us (0.52%), N = 26, StdDev = 0.030 us
Min = 1.101 us, Q1 = 1.118 us, Median = 1.144 us, Q3 = 1.162 us, Max = 1.223 us
IQR = 0.044 us, LowerFence = 1.053 us, UpperFence = 1.227 us
ConfidenceInterval = [1.122 us; 1.167 us] (CI 99.9%), Margin = 0.022 us (1.94% of Mean)
Skewness = 0.67, Kurtosis = 2.89, MValue = 2
-------------------- Histogram --------------------
[1.087 us ; 1.132 us) | @@@@@@@@@@@
[1.132 us ; 1.165 us) | @@@@@@@@@@
[1.165 us ; 1.199 us) | @@@
[1.199 us ; 1.226 us) | @@
---------------------------------------------------

FixAgainstQuickFix.'ours: parse + read': DefaultJob [From=Dictionary, Reading=Parties]
Runtime = .NET 10.0.12 (10.0.12, 10.0.1226.42308), X64 RyuJIT x86-64-v4; GC = Concurrent Workstation
Mean = 1.967 us, StdErr = 0.006 us (0.32%), N = 15, StdDev = 0.024 us
Min = 1.930 us, Q1 = 1.948 us, Median = 1.967 us, Q3 = 1.986 us, Max = 2.006 us
IQR = 0.038 us, LowerFence = 1.890 us, UpperFence = 2.043 us
ConfidenceInterval = [1.941 us; 1.993 us] (CI 99.9%), Margin = 0.026 us (1.31% of Mean)
Skewness = 0.15, Kurtosis = 1.58, MValue = 2
-------------------- Histogram --------------------
[1.917 us ; 1.978 us) | @@@@@@@@@@@
[1.978 us ; 2.019 us) | @@@@
---------------------------------------------------

FixAgainstQuickFix.'QuickFIX/n: parse + read': DefaultJob [From=Dictionary, Reading=Parties]
Runtime = .NET 10.0.12 (10.0.12, 10.0.1226.42308), X64 RyuJIT x86-64-v4; GC = Concurrent Workstation
Mean = 2.245 us, StdErr = 0.009 us (0.38%), N = 14, StdDev = 0.032 us
Min = 2.203 us, Q1 = 2.217 us, Median = 2.244 us, Q3 = 2.265 us, Max = 2.302 us
IQR = 0.048 us, LowerFence = 2.145 us, UpperFence = 2.337 us
ConfidenceInterval = [2.209 us; 2.281 us] (CI 99.9%), Margin = 0.036 us (1.61% of Mean)
Skewness = 0.39, Kurtosis = 1.75, MValue = 2
-------------------- Histogram --------------------
[2.193 us ; 2.320 us) | @@@@@@@@@@@@@@
---------------------------------------------------

FixAgainstQuickFix.'ours: parse + validate + read': DefaultJob [From=Dictionary, Reading=Parties]
Runtime = .NET 10.0.12 (10.0.12, 10.0.1226.42308), X64 RyuJIT x86-64-v4; GC = Concurrent Workstation
Mean = 2.977 us, StdErr = 0.013 us (0.44%), N = 15, StdDev = 0.050 us
Min = 2.903 us, Q1 = 2.943 us, Median = 2.976 us, Q3 = 3.010 us, Max = 3.070 us
IQR = 0.067 us, LowerFence = 2.842 us, UpperFence = 3.111 us
ConfidenceInterval = [2.923 us; 3.031 us] (CI 99.9%), Margin = 0.054 us (1.81% of Mean)
Skewness = 0.14, Kurtosis = 1.86, MValue = 2
-------------------- Histogram --------------------
[2.891 us ; 3.001 us) | @@@@@@@@@@@
[3.001 us ; 3.078 us) | @@@@
---------------------------------------------------

FixAgainstQuickFix.'QuickFIX/n: parse + validate + read': DefaultJob [From=Dictionary, Reading=Parties]
Runtime = .NET 10.0.12 (10.0.12, 10.0.1226.42308), X64 RyuJIT x86-64-v4; GC = Concurrent Workstation
Mean = 4.464 us, StdErr = 0.019 us (0.43%), N = 15, StdDev = 0.074 us
Min = 4.377 us, Q1 = 4.406 us, Median = 4.440 us, Q3 = 4.518 us, Max = 4.600 us
IQR = 0.112 us, LowerFence = 4.238 us, UpperFence = 4.686 us
ConfidenceInterval = [4.385 us; 4.544 us] (CI 99.9%), Margin = 0.080 us (1.78% of Mean)
Skewness = 0.56, Kurtosis = 1.74, MValue = 2
-------------------- Histogram --------------------
[4.372 us ; 4.620 us) | @@@@@@@@@@@@@@@
---------------------------------------------------

FixAgainstQuickFix.'A/A ours: parse + read': DefaultJob [From=Dictionary, Reading=Parties]
Runtime = .NET 10.0.12 (10.0.12, 10.0.1226.42308), X64 RyuJIT x86-64-v4; GC = Concurrent Workstation
Mean = 1.961 us, StdErr = 0.007 us (0.36%), N = 14, StdDev = 0.027 us
Min = 1.907 us, Q1 = 1.939 us, Median = 1.966 us, Q3 = 1.979 us, Max = 2.000 us
IQR = 0.041 us, LowerFence = 1.878 us, UpperFence = 2.040 us
ConfidenceInterval = [1.931 us; 1.991 us] (CI 99.9%), Margin = 0.030 us (1.53% of Mean)
Skewness = -0.45, Kurtosis = 1.95, MValue = 2
-------------------- Histogram --------------------
[1.901 us ; 1.947 us) | @@@@
[1.947 us ; 2.014 us) | @@@@@@@@@@
---------------------------------------------------

FixAgainstQuickFix.'A/A QuickFIX/n: parse + read': DefaultJob [From=Dictionary, Reading=Parties]
Runtime = .NET 10.0.12 (10.0.12, 10.0.1226.42308), X64 RyuJIT x86-64-v4; GC = Concurrent Workstation
Mean = 2.245 us, StdErr = 0.011 us (0.48%), N = 19, StdDev = 0.047 us
Min = 2.177 us, Q1 = 2.207 us, Median = 2.240 us, Q3 = 2.280 us, Max = 2.328 us
IQR = 0.073 us, LowerFence = 2.096 us, UpperFence = 2.390 us
ConfidenceInterval = [2.202 us; 2.287 us] (CI 99.9%), Margin = 0.042 us (1.89% of Mean)
Skewness = 0.27, Kurtosis = 1.7, MValue = 2
-------------------- Histogram --------------------
[2.154 us ; 2.203 us) | @@@
[2.203 us ; 2.249 us) | @@@@@@@@@
[2.249 us ; 2.351 us) | @@@@@@@
---------------------------------------------------

FixAgainstQuickFix.'ours: parse + read': DefaultJob [From=Dictionary, Reading=PartiesMedium]
Runtime = .NET 10.0.12 (10.0.12, 10.0.1226.42308), X64 RyuJIT x86-64-v4; GC = Concurrent Workstation
Mean = 19.286 us, StdErr = 0.051 us (0.26%), N = 12, StdDev = 0.176 us
Min = 18.898 us, Q1 = 19.229 us, Median = 19.301 us, Q3 = 19.394 us, Max = 19.579 us
IQR = 0.166 us, LowerFence = 18.980 us, UpperFence = 19.643 us
ConfidenceInterval = [19.060 us; 19.512 us] (CI 99.9%), Margin = 0.226 us (1.17% of Mean)
Skewness = -0.55, Kurtosis = 2.81, MValue = 2
-------------------- Histogram --------------------
[18.797 us ; 19.680 us) | @@@@@@@@@@@@
---------------------------------------------------

FixAgainstQuickFix.'QuickFIX/n: parse + read': DefaultJob [From=Dictionary, Reading=PartiesMedium]
Runtime = .NET 10.0.12 (10.0.12, 10.0.1226.42308), X64 RyuJIT x86-64-v4; GC = Concurrent Workstation
Mean = 29.285 us, StdErr = 0.098 us (0.34%), N = 14, StdDev = 0.367 us
Min = 28.922 us, Q1 = 28.994 us, Median = 29.194 us, Q3 = 29.323 us, Max = 30.117 us
IQR = 0.330 us, LowerFence = 28.499 us, UpperFence = 29.818 us
ConfidenceInterval = [28.870 us; 29.699 us] (CI 99.9%), Margin = 0.414 us (1.41% of Mean)
Skewness = 1.02, Kurtosis = 2.68, MValue = 2
-------------------- Histogram --------------------
[28.790 us ; 30.228 us) | @@@@@@@@@@@@@@
---------------------------------------------------

FixAgainstQuickFix.'ours: parse + validate + read': DefaultJob [From=Dictionary, Reading=PartiesMedium]
Runtime = .NET 10.0.12 (10.0.12, 10.0.1226.42308), X64 RyuJIT x86-64-v4; GC = Concurrent Workstation
Mean = 27.476 us, StdErr = 0.098 us (0.36%), N = 15, StdDev = 0.381 us
Min = 27.105 us, Q1 = 27.196 us, Median = 27.322 us, Q3 = 27.733 us, Max = 28.410 us
IQR = 0.537 us, LowerFence = 26.391 us, UpperFence = 28.538 us
ConfidenceInterval = [27.070 us; 27.883 us] (CI 99.9%), Margin = 0.407 us (1.48% of Mean)
Skewness = 1, Kurtosis = 2.89, MValue = 2
-------------------- Histogram --------------------
[27.008 us ; 28.613 us) | @@@@@@@@@@@@@@@
---------------------------------------------------

FixAgainstQuickFix.'QuickFIX/n: parse + validate + read': DefaultJob [From=Dictionary, Reading=PartiesMedium]
Runtime = .NET 10.0.12 (10.0.12, 10.0.1226.42308), X64 RyuJIT x86-64-v4; GC = Concurrent Workstation
Mean = 49.979 us, StdErr = 0.248 us (0.50%), N = 17, StdDev = 1.024 us
Min = 48.777 us, Q1 = 49.196 us, Median = 49.791 us, Q3 = 50.379 us, Max = 52.093 us
IQR = 1.183 us, LowerFence = 47.421 us, UpperFence = 52.153 us
ConfidenceInterval = [48.982 us; 50.976 us] (CI 99.9%), Margin = 0.997 us (2.00% of Mean)
Skewness = 0.64, Kurtosis = 2.11, MValue = 2
-------------------- Histogram --------------------
[48.761 us ; 49.807 us) | @@@@@@@@@
[49.807 us ; 51.152 us) | @@@@@@
[51.152 us ; 52.616 us) | @@
---------------------------------------------------

FixAgainstQuickFix.'A/A ours: parse + read': DefaultJob [From=Dictionary, Reading=PartiesMedium]
Runtime = .NET 10.0.12 (10.0.12, 10.0.1226.42308), X64 RyuJIT x86-64-v4; GC = Concurrent Workstation
Mean = 19.247 us, StdErr = 0.064 us (0.33%), N = 13, StdDev = 0.231 us
Min = 19.013 us, Q1 = 19.071 us, Median = 19.217 us, Q3 = 19.325 us, Max = 19.818 us
IQR = 0.254 us, LowerFence = 18.689 us, UpperFence = 19.707 us
ConfidenceInterval = [18.970 us; 19.524 us] (CI 99.9%), Margin = 0.277 us (1.44% of Mean)
Skewness = 1.05, Kurtosis = 3.26, MValue = 2
-------------------- Histogram --------------------
[18.979 us ; 19.947 us) | @@@@@@@@@@@@@
---------------------------------------------------

FixAgainstQuickFix.'A/A QuickFIX/n: parse + read': DefaultJob [From=Dictionary, Reading=PartiesMedium]
Runtime = .NET 10.0.12 (10.0.12, 10.0.1226.42308), X64 RyuJIT x86-64-v4; GC = Concurrent Workstation
Mean = 29.568 us, StdErr = 0.082 us (0.28%), N = 14, StdDev = 0.308 us
Min = 29.105 us, Q1 = 29.436 us, Median = 29.600 us, Q3 = 29.734 us, Max = 30.024 us
IQR = 0.297 us, LowerFence = 28.990 us, UpperFence = 30.180 us
ConfidenceInterval = [29.220 us; 29.916 us] (CI 99.9%), Margin = 0.348 us (1.18% of Mean)
Skewness = -0.11, Kurtosis = 1.78, MValue = 2
-------------------- Histogram --------------------
[28.937 us ; 30.192 us) | @@@@@@@@@@@@@@
---------------------------------------------------

FixAgainstQuickFix.'ours: parse + read': DefaultJob [From=Dictionary, Reading=PartiesLarge]
Runtime = .NET 10.0.12 (10.0.12, 10.0.1226.42308), X64 RyuJIT x86-64-v4; GC = Concurrent Workstation
Mean = 445.596 us, StdErr = 0.317 us (0.07%), N = 14, StdDev = 1.186 us
Min = 443.560 us, Q1 = 444.896 us, Median = 445.432 us, Q3 = 446.270 us, Max = 447.909 us
IQR = 1.374 us, LowerFence = 442.835 us, UpperFence = 448.331 us
ConfidenceInterval = [444.259 us; 446.934 us] (CI 99.9%), Margin = 1.338 us (0.30% of Mean)
Skewness = 0.14, Kurtosis = 2.2, MValue = 2
-------------------- Histogram --------------------
[442.914 us ; 448.555 us) | @@@@@@@@@@@@@@
---------------------------------------------------

FixAgainstQuickFix.'QuickFIX/n: parse + read': DefaultJob [From=Dictionary, Reading=PartiesLarge]
Runtime = .NET 10.0.12 (10.0.12, 10.0.1226.42308), X64 RyuJIT x86-64-v4; GC = Concurrent Workstation
Mean = 286.176 us, StdErr = 1.014 us (0.35%), N = 13, StdDev = 3.655 us
Min = 277.960 us, Q1 = 283.721 us, Median = 287.152 us, Q3 = 288.721 us, Max = 290.236 us
IQR = 5.001 us, LowerFence = 276.220 us, UpperFence = 296.222 us
ConfidenceInterval = [281.799 us; 290.553 us] (CI 99.9%), Margin = 4.377 us (1.53% of Mean)
Skewness = -0.84, Kurtosis = 2.51, MValue = 2
-------------------- Histogram --------------------
[275.920 us ; 291.426 us) | @@@@@@@@@@@@@
---------------------------------------------------

FixAgainstQuickFix.'ours: parse + validate + read': DefaultJob [From=Dictionary, Reading=PartiesLarge]
Runtime = .NET 10.0.12 (10.0.12, 10.0.1226.42308), X64 RyuJIT x86-64-v4; GC = Concurrent Workstation
Mean = 454.103 us, StdErr = 1.573 us (0.35%), N = 14, StdDev = 5.886 us
Min = 445.156 us, Q1 = 452.357 us, Median = 454.193 us, Q3 = 455.640 us, Max = 468.414 us
IQR = 3.283 us, LowerFence = 447.431 us, UpperFence = 460.565 us
ConfidenceInterval = [447.463 us; 460.743 us] (CI 99.9%), Margin = 6.640 us (1.46% of Mean)
Skewness = 0.57, Kurtosis = 3.3, MValue = 2
-------------------- Histogram --------------------
[441.951 us ; 459.719 us) | @@@@@@@@@@@@@
[459.719 us ; 471.620 us) | @
---------------------------------------------------

FixAgainstQuickFix.'QuickFIX/n: parse + validate + read': DefaultJob [From=Dictionary, Reading=PartiesLarge]
Runtime = .NET 10.0.12 (10.0.12, 10.0.1226.42308), X64 RyuJIT x86-64-v4; GC = Concurrent Workstation
Mean = 549.508 us, StdErr = 1.807 us (0.33%), N = 13, StdDev = 6.515 us
Min = 534.510 us, Q1 = 545.928 us, Median = 551.295 us, Q3 = 553.165 us, Max = 558.263 us
IQR = 7.237 us, LowerFence = 535.073 us, UpperFence = 564.019 us
ConfidenceInterval = [541.706 us; 557.310 us] (CI 99.9%), Margin = 7.802 us (1.42% of Mean)
Skewness = -0.66, Kurtosis = 2.75, MValue = 2
-------------------- Histogram --------------------
[530.874 us ; 560.326 us) | @@@@@@@@@@@@@
---------------------------------------------------

FixAgainstQuickFix.'A/A ours: parse + read': DefaultJob [From=Dictionary, Reading=PartiesLarge]
Runtime = .NET 10.0.12 (10.0.12, 10.0.1226.42308), X64 RyuJIT x86-64-v4; GC = Concurrent Workstation
Mean = 446.723 us, StdErr = 0.337 us (0.08%), N = 13, StdDev = 1.214 us
Min = 444.578 us, Q1 = 445.700 us, Median = 447.170 us, Q3 = 447.274 us, Max = 448.578 us
IQR = 1.575 us, LowerFence = 443.338 us, UpperFence = 449.636 us
ConfidenceInterval = [445.269 us; 448.176 us] (CI 99.9%), Margin = 1.454 us (0.33% of Mean)
Skewness = -0.17, Kurtosis = 1.83, MValue = 2
-------------------- Histogram --------------------
[443.900 us ; 449.256 us) | @@@@@@@@@@@@@
---------------------------------------------------

FixAgainstQuickFix.'A/A QuickFIX/n: parse + read': DefaultJob [From=Dictionary, Reading=PartiesLarge]
Runtime = .NET 10.0.12 (10.0.12, 10.0.1226.42308), X64 RyuJIT x86-64-v4; GC = Concurrent Workstation
Mean = 286.218 us, StdErr = 1.066 us (0.37%), N = 14, StdDev = 3.989 us
Min = 279.725 us, Q1 = 283.795 us, Median = 285.561 us, Q3 = 287.710 us, Max = 294.669 us
IQR = 3.914 us, LowerFence = 277.924 us, UpperFence = 293.581 us
ConfidenceInterval = [281.719 us; 290.717 us] (CI 99.9%), Margin = 4.499 us (1.57% of Mean)
Skewness = 0.58, Kurtosis = 2.44, MValue = 2
-------------------- Histogram --------------------
[277.552 us ; 287.598 us) | @@@@@@@@@@
[287.598 us ; 295.797 us) | @@@@
---------------------------------------------------

FixAgainstQuickFix.'ours: parse + read': DefaultJob [From=Dictionary, Reading=Binary]
Runtime = .NET 10.0.12 (10.0.12, 10.0.1226.42308), X64 RyuJIT x86-64-v4; GC = Concurrent Workstation
Mean = 989.714 ns, StdErr = 2.521 ns (0.25%), N = 15, StdDev = 9.763 ns
Min = 977.032 ns, Q1 = 982.531 ns, Median = 985.791 ns, Q3 = 994.183 ns, Max = 1,007.491 ns
IQR = 11.652 ns, LowerFence = 965.054 ns, UpperFence = 1,011.660 ns
ConfidenceInterval = [979.276 ns; 1,000.151 ns] (CI 99.9%), Margin = 10.438 ns (1.05% of Mean)
Skewness = 0.48, Kurtosis = 1.83, MValue = 2
-------------------- Histogram --------------------
[971.836 ns ; 1,012.687 ns) | @@@@@@@@@@@@@@@
---------------------------------------------------

FixAgainstQuickFix.'QuickFIX/n: parse + read': DefaultJob [From=Dictionary, Reading=Binary]
Runtime = .NET 10.0.12 (10.0.12, 10.0.1226.42308), X64 RyuJIT x86-64-v4; GC = Concurrent Workstation
Mean = 689.408 ns, StdErr = 2.923 ns (0.42%), N = 14, StdDev = 10.938 ns
Min = 677.714 ns, Q1 = 682.555 ns, Median = 684.993 ns, Q3 = 693.410 ns, Max = 711.558 ns
IQR = 10.855 ns, LowerFence = 666.273 ns, UpperFence = 709.692 ns
ConfidenceInterval = [677.069 ns; 701.747 ns] (CI 99.9%), Margin = 12.339 ns (1.79% of Mean)
Skewness = 0.89, Kurtosis = 2.32, MValue = 2
-------------------- Histogram --------------------
[675.238 ns ; 717.514 ns) | @@@@@@@@@@@@@@
---------------------------------------------------

FixAgainstQuickFix.'ours: parse + validate + read': DefaultJob [From=Dictionary, Reading=Binary]
Runtime = .NET 10.0.12 (10.0.12, 10.0.1226.42308), X64 RyuJIT x86-64-v4; GC = Concurrent Workstation
Mean = 1.386 us, StdErr = 0.007 us (0.49%), N = 16, StdDev = 0.027 us
Min = 1.348 us, Q1 = 1.360 us, Median = 1.391 us, Q3 = 1.404 us, Max = 1.441 us
IQR = 0.044 us, LowerFence = 1.295 us, UpperFence = 1.469 us
ConfidenceInterval = [1.359 us; 1.414 us] (CI 99.9%), Margin = 0.028 us (1.99% of Mean)
Skewness = 0.18, Kurtosis = 1.95, MValue = 2
-------------------- Histogram --------------------
[1.346 us ; 1.380 us) | @@@@@@
[1.380 us ; 1.446 us) | @@@@@@@@@@
---------------------------------------------------

FixAgainstQuickFix.'QuickFIX/n: parse + validate + read': DefaultJob [From=Dictionary, Reading=Binary]
Runtime = .NET 10.0.12 (10.0.12, 10.0.1226.42308), X64 RyuJIT x86-64-v4; GC = Concurrent Workstation
Mean = 1.739 us, StdErr = 0.005 us (0.28%), N = 14, StdDev = 0.018 us
Min = 1.711 us, Q1 = 1.725 us, Median = 1.741 us, Q3 = 1.749 us, Max = 1.781 us
IQR = 0.023 us, LowerFence = 1.690 us, UpperFence = 1.784 us
ConfidenceInterval = [1.718 us; 1.760 us] (CI 99.9%), Margin = 0.021 us (1.19% of Mean)
Skewness = 0.45, Kurtosis = 2.67, MValue = 2
-------------------- Histogram --------------------
[1.701 us ; 1.791 us) | @@@@@@@@@@@@@@
---------------------------------------------------

FixAgainstQuickFix.'A/A ours: parse + read': DefaultJob [From=Dictionary, Reading=Binary]
Runtime = .NET 10.0.12 (10.0.12, 10.0.1226.42308), X64 RyuJIT x86-64-v4; GC = Concurrent Workstation
Mean = 965.361 ns, StdErr = 3.450 ns (0.36%), N = 13, StdDev = 12.439 ns
Min = 949.363 ns, Q1 = 958.446 ns, Median = 963.346 ns, Q3 = 971.491 ns, Max = 995.008 ns
IQR = 13.045 ns, LowerFence = 938.878 ns, UpperFence = 991.059 ns
ConfidenceInterval = [950.465 ns; 980.257 ns] (CI 99.9%), Margin = 14.896 ns (1.54% of Mean)
Skewness = 0.69, Kurtosis = 3.05, MValue = 2
-------------------- Histogram --------------------
[942.420 ns ;   978.208 ns) | @@@@@@@@@@@@
[978.208 ns ; 1,001.951 ns) | @
---------------------------------------------------

FixAgainstQuickFix.'A/A QuickFIX/n: parse + read': DefaultJob [From=Dictionary, Reading=Binary]
Runtime = .NET 10.0.12 (10.0.12, 10.0.1226.42308), X64 RyuJIT x86-64-v4; GC = Concurrent Workstation
Mean = 695.300 ns, StdErr = 1.801 ns (0.26%), N = 14, StdDev = 6.737 ns
Min = 681.003 ns, Q1 = 691.733 ns, Median = 694.115 ns, Q3 = 699.408 ns, Max = 704.996 ns
IQR = 7.676 ns, LowerFence = 680.219 ns, UpperFence = 710.922 ns
ConfidenceInterval = [687.700 ns; 702.900 ns] (CI 99.9%), Margin = 7.600 ns (1.09% of Mean)
Skewness = -0.21, Kurtosis = 2.33, MValue = 2
-------------------- Histogram --------------------
[677.334 ns ; 708.665 ns) | @@@@@@@@@@@@@@
---------------------------------------------------

// * Summary *

BenchmarkDotNet v0.15.8, Windows 11 (10.0.26200.9445/25H2/2025Update/HudsonValley2)
AMD Ryzen 9 9950X3D 4.30GHz, 1 CPU, 32 logical and 16 physical cores
.NET SDK 10.0.401
  [Host]     : .NET 10.0.12 (10.0.12, 10.0.1226.42308), X64 RyuJIT x86-64-v4
  DefaultJob : .NET 10.0.12 (10.0.12, 10.0.1226.42308), X64 RyuJIT x86-64-v4


| Method                                | From       | Reading       | Mean         | Error       | StdDev       | Median       | Op/s        | Gen0    | Gen1    | Gen2    | Allocated  |
|-------------------------------------- |----------- |-------------- |-------------:|------------:|-------------:|-------------:|------------:|--------:|--------:|--------:|-----------:|
| 'ours: parse + read'                  | Compiled   | Order         |   1,371.0 ns |    18.30 ns |     17.12 ns |   1,377.5 ns |   729,416.0 |  0.0877 |       - |       - |     4.3 KB |
| 'QuickFIX/n: parse + read'            | Compiled   | Order         |   1,159.1 ns |    22.29 ns |     22.89 ns |   1,154.6 ns |   862,758.1 |  0.0916 |       - |       - |    4.54 KB |
| 'ours: parse + validate + read'       | Compiled   | Order         |   1,948.5 ns |    22.94 ns |     21.46 ns |   1,947.1 ns |   513,212.3 |  0.0877 |       - |       - |    4.34 KB |
| 'QuickFIX/n: parse + validate + read' | Compiled   | Order         |   2,667.3 ns |    50.60 ns |     47.33 ns |   2,670.3 ns |   374,914.6 |  0.1335 |       - |       - |    6.55 KB |
| 'A/A ours: parse + read'              | Compiled   | Order         |   1,281.0 ns |    18.25 ns |     16.18 ns |   1,280.6 ns |   780,640.6 |  0.0877 |       - |       - |     4.3 KB |
| 'A/A QuickFIX/n: parse + read'        | Compiled   | Order         |   1,228.0 ns |    53.03 ns |    150.43 ns |   1,158.9 ns |   814,300.6 |  0.0916 |       - |       - |    4.54 KB |
| 'ours: parse + read'                  | Compiled   | Parties       |   1,980.7 ns |    23.91 ns |     22.37 ns |   1,984.5 ns |   504,870.4 |  0.1202 |       - |       - |    5.95 KB |
| 'QuickFIX/n: parse + read'            | Compiled   | Parties       |   2,250.9 ns |    30.12 ns |     25.15 ns |   2,252.2 ns |   444,275.8 |  0.2136 |  0.0038 |       - |   10.63 KB |
| 'ours: parse + validate + read'       | Compiled   | Parties       |   3,105.2 ns |    37.46 ns |     35.04 ns |   3,102.2 ns |   322,036.0 |  0.1221 |       - |       - |    6.01 KB |
| 'QuickFIX/n: parse + validate + read' | Compiled   | Parties       |   4,449.2 ns |    57.87 ns |     51.30 ns |   4,447.6 ns |   224,758.9 |  0.2899 |  0.0076 |       - |   14.21 KB |
| 'A/A ours: parse + read'              | Compiled   | Parties       |   2,000.0 ns |    34.98 ns |     29.21 ns |   1,995.9 ns |   499,991.7 |  0.1202 |       - |       - |    5.95 KB |
| 'A/A QuickFIX/n: parse + read'        | Compiled   | Parties       |   2,782.5 ns |   189.37 ns |    558.36 ns |   2,419.9 ns |   359,384.0 |  0.2136 |  0.0038 |       - |   10.63 KB |
| 'ours: parse + read'                  | Compiled   | PartiesMedium |  19,233.8 ns |   366.34 ns |    436.10 ns |  19,140.9 ns |    51,991.8 |  1.0681 |       - |       - |   52.95 KB |
| 'QuickFIX/n: parse + read'            | Compiled   | PartiesMedium |  29,414.7 ns |   526.15 ns |    562.98 ns |  29,362.8 ns |    33,996.6 |  3.9368 |  0.7629 |       - |  193.84 KB |
| 'ours: parse + validate + read'       | Compiled   | PartiesMedium |  27,895.8 ns |   508.52 ns |    475.67 ns |  27,935.3 ns |    35,847.7 |  1.0681 |  0.0916 |       - |   53.02 KB |
| 'QuickFIX/n: parse + validate + read' | Compiled   | PartiesMedium |  48,687.6 ns |   496.65 ns |    440.27 ns |  48,662.8 ns |    20,539.1 |  4.9438 |  1.0986 |       - |  244.42 KB |
| 'A/A ours: parse + read'              | Compiled   | PartiesMedium |  19,067.7 ns |   347.93 ns |    325.46 ns |  18,994.6 ns |    52,444.6 |  1.0681 |       - |       - |   52.95 KB |
| 'A/A QuickFIX/n: parse + read'        | Compiled   | PartiesMedium |  29,241.6 ns |   475.71 ns |    444.98 ns |  29,233.3 ns |    34,197.8 |  3.9368 |  0.7629 |       - |  193.84 KB |
| 'ours: parse + read'                  | Compiled   | PartiesLarge  | 473,824.1 ns | 3,961.62 ns |  3,705.70 ns | 475,537.7 ns |     2,110.5 | 37.5977 | 33.6914 | 30.2734 |  488.95 KB |
| 'QuickFIX/n: parse + read'            | Compiled   | PartiesLarge  | 298,063.3 ns | 5,839.90 ns |  6,248.63 ns | 297,056.9 ns |     3,355.0 | 38.0859 | 16.6016 |       - | 1888.38 KB |
| 'ours: parse + validate + read'       | Compiled   | PartiesLarge  | 426,695.9 ns | 8,368.29 ns | 16,904.36 ns | 431,151.3 ns |     2,343.6 | 37.5977 | 34.6680 | 30.2734 |  489.13 KB |
| 'QuickFIX/n: parse + validate + read' | Compiled   | PartiesLarge  | 541,154.5 ns | 9,564.77 ns |  8,478.92 ns | 541,037.1 ns |     1,847.9 | 47.8516 | 17.5781 |       - |  2374.9 KB |
| 'A/A ours: parse + read'              | Compiled   | PartiesLarge  | 473,375.5 ns | 3,706.40 ns |  3,466.97 ns | 474,606.2 ns |     2,112.5 | 37.5977 | 33.6914 | 30.2734 |  488.91 KB |
| 'A/A QuickFIX/n: parse + read'        | Compiled   | PartiesLarge  | 302,243.6 ns | 5,146.91 ns |  4,814.42 ns | 301,044.7 ns |     3,308.6 | 38.0859 | 16.6016 |       - | 1888.38 KB |
| 'ours: parse + read'                  | Compiled   | Binary        |     958.2 ns |    15.62 ns |     14.61 ns |     957.9 ns | 1,043,585.1 |  0.0572 |       - |       - |    2.84 KB |
| 'QuickFIX/n: parse + read'            | Compiled   | Binary        |     690.1 ns |    12.52 ns |     11.71 ns |     687.3 ns | 1,448,995.4 |  0.0725 |       - |       - |    3.55 KB |
| 'ours: parse + validate + read'       | Compiled   | Binary        |   1,330.4 ns |    23.23 ns |     23.85 ns |   1,319.6 ns |   751,652.9 |  0.0572 |       - |       - |    2.88 KB |
| 'QuickFIX/n: parse + validate + read' | Compiled   | Binary        |   1,747.1 ns |    18.06 ns |     16.89 ns |   1,744.5 ns |   572,379.6 |  0.1106 |       - |       - |    5.45 KB |
| 'A/A ours: parse + read'              | Compiled   | Binary        |     962.1 ns |     8.45 ns |      7.90 ns |     961.7 ns | 1,039,407.4 |  0.0572 |       - |       - |    2.84 KB |
| 'A/A QuickFIX/n: parse + read'        | Compiled   | Binary        |     695.0 ns |    12.69 ns |     11.87 ns |     697.1 ns | 1,438,899.6 |  0.0725 |       - |       - |    3.55 KB |
| 'ours: parse + read'                  | Dictionary | Order         |   1,249.1 ns |    20.72 ns |     19.38 ns |   1,248.6 ns |   800,562.4 |  0.0877 |       - |       - |     4.3 KB |
| 'QuickFIX/n: parse + read'            | Dictionary | Order         |   1,136.5 ns |    11.80 ns |     10.46 ns |   1,134.7 ns |   879,932.7 |  0.0916 |       - |       - |    4.54 KB |
| 'ours: parse + validate + read'       | Dictionary | Order         |   1,963.1 ns |    32.42 ns |     30.33 ns |   1,957.7 ns |   509,407.1 |  0.0877 |       - |       - |    4.34 KB |
| 'QuickFIX/n: parse + validate + read' | Dictionary | Order         |   2,659.0 ns |    34.91 ns |     29.15 ns |   2,651.9 ns |   376,075.1 |  0.1335 |       - |       - |    6.55 KB |
| 'A/A ours: parse + read'              | Dictionary | Order         |   1,252.0 ns |    22.43 ns |     20.98 ns |   1,245.3 ns |   798,734.1 |  0.0877 |       - |       - |     4.3 KB |
| 'A/A QuickFIX/n: parse + read'        | Dictionary | Order         |   1,144.5 ns |    22.23 ns |     30.42 ns |   1,144.4 ns |   873,728.9 |  0.0916 |       - |       - |    4.54 KB |
| 'ours: parse + read'                  | Dictionary | Parties       |   1,966.8 ns |    25.85 ns |     24.18 ns |   1,966.8 ns |   508,429.6 |  0.1202 |       - |       - |    5.95 KB |
| 'QuickFIX/n: parse + read'            | Dictionary | Parties       |   2,245.3 ns |    36.16 ns |     32.05 ns |   2,243.9 ns |   445,379.0 |  0.2136 |  0.0038 |       - |   10.63 KB |
| 'ours: parse + validate + read'       | Dictionary | Parties       |   2,976.9 ns |    53.81 ns |     50.33 ns |   2,975.6 ns |   335,917.6 |  0.1221 |       - |       - |    6.01 KB |
| 'QuickFIX/n: parse + validate + read' | Dictionary | Parties       |   4,464.2 ns |    79.64 ns |     74.50 ns |   4,439.8 ns |   224,002.0 |  0.2899 |  0.0076 |       - |   14.21 KB |
| 'A/A ours: parse + read'              | Dictionary | Parties       |   1,960.6 ns |    30.04 ns |     26.63 ns |   1,966.1 ns |   510,054.8 |  0.1202 |       - |       - |    5.95 KB |
| 'A/A QuickFIX/n: parse + read'        | Dictionary | Parties       |   2,244.8 ns |    42.48 ns |     47.22 ns |   2,240.1 ns |   445,476.2 |  0.2136 |  0.0038 |       - |   10.63 KB |
| 'ours: parse + read'                  | Dictionary | PartiesMedium |  19,285.9 ns |   225.82 ns |    176.31 ns |  19,301.2 ns |    51,851.2 |  1.0681 |       - |       - |   52.95 KB |
| 'QuickFIX/n: parse + read'            | Dictionary | PartiesMedium |  29,284.9 ns |   414.38 ns |    367.33 ns |  29,193.7 ns |    34,147.3 |  3.9368 |  0.7629 |       - |  193.84 KB |
| 'ours: parse + validate + read'       | Dictionary | PartiesMedium |  27,476.4 ns |   406.80 ns |    380.52 ns |  27,322.2 ns |    36,394.8 |  1.0681 |  0.0916 |       - |   53.02 KB |
| 'QuickFIX/n: parse + validate + read' | Dictionary | PartiesMedium |  49,979.2 ns |   997.20 ns |  1,024.06 ns |  49,791.0 ns |    20,008.3 |  4.9438 |  1.0986 |       - |  244.42 KB |
| 'A/A ours: parse + read'              | Dictionary | PartiesMedium |  19,247.2 ns |   276.94 ns |    231.26 ns |  19,216.6 ns |    51,955.6 |  1.0681 |       - |       - |   52.95 KB |
| 'A/A QuickFIX/n: parse + read'        | Dictionary | PartiesMedium |  29,568.0 ns |   347.79 ns |    308.31 ns |  29,600.2 ns |    33,820.3 |  3.9368 |  0.7629 |       - |  193.84 KB |
| 'ours: parse + read'                  | Dictionary | PartiesLarge  | 445,596.4 ns | 1,337.89 ns |  1,186.00 ns | 445,432.0 ns |     2,244.2 | 35.6445 | 33.2031 | 28.3203 |  488.95 KB |
| 'QuickFIX/n: parse + read'            | Dictionary | PartiesLarge  | 286,175.7 ns | 4,376.80 ns |  3,654.83 ns | 287,152.4 ns |     3,494.4 | 38.0859 | 16.6016 |       - | 1888.38 KB |
| 'ours: parse + validate + read'       | Dictionary | PartiesLarge  | 454,103.1 ns | 6,640.25 ns |  5,886.41 ns | 454,193.0 ns |     2,202.1 | 35.6445 | 33.2031 | 28.3203 |  489.06 KB |
| 'QuickFIX/n: parse + validate + read' | Dictionary | PartiesLarge  | 549,508.2 ns | 7,801.90 ns |  6,514.94 ns | 551,294.6 ns |     1,819.8 | 47.8516 | 17.5781 |       - |  2374.9 KB |
| 'A/A ours: parse + read'              | Dictionary | PartiesLarge  | 446,722.5 ns | 1,453.70 ns |  1,213.90 ns | 447,169.7 ns |     2,238.5 | 35.6445 | 33.6914 | 28.3203 |  488.94 KB |
| 'A/A QuickFIX/n: parse + read'        | Dictionary | PartiesLarge  | 286,218.1 ns | 4,499.38 ns |  3,988.58 ns | 285,560.5 ns |     3,493.8 | 38.0859 | 16.6016 |       - | 1888.38 KB |
| 'ours: parse + read'                  | Dictionary | Binary        |     989.7 ns |    10.44 ns |      9.76 ns |     985.8 ns | 1,010,393.4 |  0.0572 |       - |       - |    2.84 KB |
| 'QuickFIX/n: parse + read'            | Dictionary | Binary        |     689.4 ns |    12.34 ns |     10.94 ns |     685.0 ns | 1,450,520.2 |  0.0725 |       - |       - |    3.55 KB |
| 'ours: parse + validate + read'       | Dictionary | Binary        |   1,386.2 ns |    27.58 ns |     27.09 ns |   1,390.5 ns |   721,405.0 |  0.0572 |       - |       - |    2.88 KB |
| 'QuickFIX/n: parse + validate + read' | Dictionary | Binary        |   1,739.0 ns |    20.71 ns |     18.36 ns |   1,741.2 ns |   575,050.3 |  0.1106 |       - |       - |    5.45 KB |
| 'A/A ours: parse + read'              | Dictionary | Binary        |     965.4 ns |    14.90 ns |     12.44 ns |     963.3 ns | 1,035,881.7 |  0.0572 |       - |       - |    2.84 KB |
| 'A/A QuickFIX/n: parse + read'        | Dictionary | Binary        |     695.3 ns |     7.60 ns |      6.74 ns |     694.1 ns | 1,438,228.5 |  0.0725 |       - |       - |    3.55 KB |

// * Warnings *
MultimodalDistribution
  FixAgainstQuickFix.'A/A QuickFIX/n: parse + read': Default -> It seems that the distribution is bimodal (mValue = 3.32)

// * Hints *
Outliers
  FixAgainstQuickFix.'ours: parse + read': Default                  -> 1 outlier  was  detected (1.34 us)
  FixAgainstQuickFix.'QuickFIX/n: parse + read': Default            -> 1 outlier  was  removed (1.23 us)
  FixAgainstQuickFix.'A/A ours: parse + read': Default              -> 1 outlier  was  removed, 3 outliers were detected (1.25 us, 1.26 us, 1.60 us)
  FixAgainstQuickFix.'A/A QuickFIX/n: parse + read': Default        -> 7 outliers were removed (1.67 us..2.04 us)
  FixAgainstQuickFix.'QuickFIX/n: parse + read': Default            -> 2 outliers were removed (2.38 us, 2.39 us)
  FixAgainstQuickFix.'QuickFIX/n: parse + validate + read': Default -> 1 outlier  was  removed (4.63 us)
  FixAgainstQuickFix.'A/A ours: parse + read': Default              -> 2 outliers were removed (2.23 us, 2.96 us)
  FixAgainstQuickFix.'QuickFIX/n: parse + read': Default            -> 3 outliers were removed (31.39 us..37.49 us)
  FixAgainstQuickFix.'QuickFIX/n: parse + validate + read': Default -> 1 outlier  was  removed, 2 outliers were detected (47.63 us, 50.01 us)
  FixAgainstQuickFix.'QuickFIX/n: parse + validate + read': Default -> 1 outlier  was  removed, 2 outliers were detected (522.64 us, 568.44 us)
  FixAgainstQuickFix.'ours: parse + validate + read': Default       -> 1 outlier  was  removed (1.40 us)
  FixAgainstQuickFix.'QuickFIX/n: parse + read': Default            -> 1 outlier  was  removed (1.21 us)
  FixAgainstQuickFix.'QuickFIX/n: parse + validate + read': Default -> 2 outliers were removed (2.75 us, 2.78 us)
  FixAgainstQuickFix.'QuickFIX/n: parse + read': Default            -> 1 outlier  was  removed (2.37 us)
  FixAgainstQuickFix.'A/A ours: parse + read': Default              -> 1 outlier  was  removed (2.07 us)
  FixAgainstQuickFix.'ours: parse + read': Default                  -> 3 outliers were removed (19.98 us..20.12 us)
  FixAgainstQuickFix.'QuickFIX/n: parse + read': Default            -> 1 outlier  was  removed (30.75 us)
  FixAgainstQuickFix.'A/A ours: parse + read': Default              -> 2 outliers were removed (20.02 us, 20.16 us)
  FixAgainstQuickFix.'A/A QuickFIX/n: parse + read': Default        -> 1 outlier  was  removed (31.27 us)
  FixAgainstQuickFix.'ours: parse + read': Default                  -> 1 outlier  was  removed (449.55 us)
  FixAgainstQuickFix.'QuickFIX/n: parse + read': Default            -> 2 outliers were removed, 3 outliers were detected (277.96 us, 300.30 us, 303.66 us)
  FixAgainstQuickFix.'ours: parse + validate + read': Default       -> 3 outliers were removed (474.79 us..482.98 us)
  FixAgainstQuickFix.'QuickFIX/n: parse + validate + read': Default -> 2 outliers were removed (575.57 us, 579.74 us)
  FixAgainstQuickFix.'A/A ours: parse + read': Default              -> 2 outliers were removed (452.42 us, 454.70 us)
  FixAgainstQuickFix.'A/A QuickFIX/n: parse + read': Default        -> 1 outlier  was  removed (301.04 us)
  FixAgainstQuickFix.'QuickFIX/n: parse + read': Default            -> 1 outlier  was  removed (722.20 ns)
  FixAgainstQuickFix.'QuickFIX/n: parse + validate + read': Default -> 1 outlier  was  removed (1.85 us)
  FixAgainstQuickFix.'A/A ours: parse + read': Default              -> 2 outliers were removed (1.00 us, 1.00 us)
  FixAgainstQuickFix.'A/A QuickFIX/n: parse + read': Default        -> 1 outlier  was  removed (720.58 ns)

// * Legends *
  From      : Value of the 'From' parameter
  Reading   : Value of the 'Reading' parameter
  Mean      : Arithmetic mean of all measurements
  Error     : Half of 99.9% confidence interval
  StdDev    : Standard deviation of all measurements
  Median    : Value separating the higher half of all measurements (50th percentile)
  Op/s      : Operation per second
  Gen0      : GC Generation 0 collects per 1000 operations
  Gen1      : GC Generation 1 collects per 1000 operations
  Gen2      : GC Generation 2 collects per 1000 operations
  Allocated : Allocated memory per single operation (managed only, inclusive, 1KB = 1024B)
  1 ns      : 1 Nanosecond (0.000000001 sec)

// * Diagnostic Output - MemoryDiagnoser *


// ***** BenchmarkRunner: End *****
Run time: 00:23:49 (1429.56 sec), executed benchmarks: 60

Global total time: 00:23:59 (1439.31 sec), executed benchmarks: 60
// * Artifacts cleanup *
Artifacts cleanup is finished
