// Validating benchmarks:
// ***** BenchmarkRunner: Start   *****
// ***** Found 20 benchmark(s) in total *****
// ***** Building 1 exe(s) in Parallel: Start   *****
// start dotnet  restore --nodeReuse:false /p:UseSharedCompilation=false /p:Deterministic=true /p:Optimize=true /p:ArtifactsPath="P:\dotgram.WorkTrees\fix-frozen\.work\qfcompare\bin\Release\net10.0\qfcompare-DefaultJob-1/" /p:OutDir="P:\dotgram.WorkTrees\fix-frozen\.work\qfcompare\bin\Release\net10.0\qfcompare-DefaultJob-1\bin\Release\net10.0/" /p:OutputPath="P:\dotgram.WorkTrees\fix-frozen\.work\qfcompare\bin\Release\net10.0\qfcompare-DefaultJob-1\bin\Release\net10.0/" /p:PublishDir="P:\dotgram.WorkTrees\fix-frozen\.work\qfcompare\bin\Release\net10.0\qfcompare-DefaultJob-1\publish/" in P:\dotgram.WorkTrees\fix-frozen\.work\qfcompare\bin\Release\net10.0\qfcompare-DefaultJob-1
// command took 0.69 sec and exited with 0
// start dotnet  build -c Release --no-restore --nodeReuse:false /p:UseSharedCompilation=false /p:Deterministic=true /p:Optimize=true /p:ArtifactsPath="P:\dotgram.WorkTrees\fix-frozen\.work\qfcompare\bin\Release\net10.0\qfcompare-DefaultJob-1/" /p:OutDir="P:\dotgram.WorkTrees\fix-frozen\.work\qfcompare\bin\Release\net10.0\qfcompare-DefaultJob-1\bin\Release\net10.0/" /p:OutputPath="P:\dotgram.WorkTrees\fix-frozen\.work\qfcompare\bin\Release\net10.0\qfcompare-DefaultJob-1\bin\Release\net10.0/" /p:PublishDir="P:\dotgram.WorkTrees\fix-frozen\.work\qfcompare\bin\Release\net10.0\qfcompare-DefaultJob-1\publish/" --output "P:\dotgram.WorkTrees\fix-frozen\.work\qfcompare\bin\Release\net10.0\qfcompare-DefaultJob-1\bin\Release\net10.0/" in P:\dotgram.WorkTrees\fix-frozen\.work\qfcompare\bin\Release\net10.0\qfcompare-DefaultJob-1
// command took 8.2 sec and exited with 0
// ***** Done, took 00:00:08 (8.93 sec)   *****
// Found 20 benchmarks:
//   FixInputForms.'ours: message from a string': DefaultJob [Reading=Order]
//   FixInputForms.'QuickFIX/n: message from a string (their only form)': DefaultJob [Reading=Order]
//   FixInputForms.'ours: message from a span': DefaultJob [Reading=Order]
//   FixInputForms.'ours: message from a stream (no partner)': DefaultJob [Reading=Order]
//   FixInputForms.'ours: message from a reader (no partner)': DefaultJob [Reading=Order]
//   FixInputForms.'ours: message from octets (no partner)': DefaultJob [Reading=Order]
//   FixInputForms.'ours: message from a span of octets (no partner)': DefaultJob [Reading=Order]
//   FixInputForms.'ours: fields from a string': DefaultJob [Reading=Order]
//   FixInputForms.'ours: fields from octets (no partner)': DefaultJob [Reading=Order]
//   FixInputForms.'A/A ours: message from a string': DefaultJob [Reading=Order]
//   FixInputForms.'ours: message from a string': DefaultJob [Reading=PartiesLarge]
//   FixInputForms.'QuickFIX/n: message from a string (their only form)': DefaultJob [Reading=PartiesLarge]
//   FixInputForms.'ours: message from a span': DefaultJob [Reading=PartiesLarge]
//   FixInputForms.'ours: message from a stream (no partner)': DefaultJob [Reading=PartiesLarge]
//   FixInputForms.'ours: message from a reader (no partner)': DefaultJob [Reading=PartiesLarge]
//   FixInputForms.'ours: message from octets (no partner)': DefaultJob [Reading=PartiesLarge]
//   FixInputForms.'ours: message from a span of octets (no partner)': DefaultJob [Reading=PartiesLarge]
//   FixInputForms.'ours: fields from a string': DefaultJob [Reading=PartiesLarge]
//   FixInputForms.'ours: fields from octets (no partner)': DefaultJob [Reading=PartiesLarge]
//   FixInputForms.'A/A ours: message from a string': DefaultJob [Reading=PartiesLarge]

Setup power plan (GUID: 8c5e7fda-e8bf-4a96-9a85-a6e23a8c635c FriendlyName: High performance)
// **************************
// Benchmark: FixInputForms.'ours: message from a string': DefaultJob [Reading=Order]
// *** Execute ***
// Launch: 1 / 1
// Execute: dotnet qfcompare-DefaultJob-1.dll --anonymousPipes 1520 1512 --benchmarkName "QfCompare.FixInputForms.FromString(Reading: Order)" --job Default --benchmarkId 0 in P:\dotgram.WorkTrees\fix-frozen\.work\qfcompare\bin\Release\net10.0\qfcompare-DefaultJob-1\bin\Release\net10.0
// BeforeAnythingElse

// Benchmark Process Environment Information:
// BenchmarkDotNet v0.15.8
// Runtime=.NET 10.0.12 (10.0.12, 10.0.1226.42308), X64 RyuJIT x86-64-v4
// GC=Concurrent Workstation
// HardwareIntrinsics=AVX512 BITALG+VBMI2+VNNI+VPOPCNTDQ,AVX512 IFMA+VBMI,AVX512 F+BW+CD+DQ+VL,AVX2+BMI1+BMI2+F16C+FMA+LZCNT+MOVBE,AVX,SSE3+SSSE3+SSE4.1+SSE4.2+POPCNT,X86Base+SSE+SSE2,AES+PCLMUL,AvxVnni VectorSize=256
// Job: DefaultJob

OverheadJitting  1: 1 op, 128300.00 ns, 128.3000 us/op
WorkloadJitting  1: 1 op, 147700.00 ns, 147.7000 us/op

OverheadJitting  2: 16 op, 246100.00 ns, 15.3813 us/op
WorkloadJitting  2: 16 op, 381900.00 ns, 23.8688 us/op

WorkloadPilot    1: 16 op, 141100.00 ns, 8.8188 us/op
WorkloadPilot    2: 32 op, 259400.00 ns, 8.1063 us/op
WorkloadPilot    3: 64 op, 554200.00 ns, 8.6594 us/op
WorkloadPilot    4: 128 op, 1125600.00 ns, 8.7938 us/op
WorkloadPilot    5: 256 op, 2051400.00 ns, 8.0133 us/op
WorkloadPilot    6: 512 op, 4099600.00 ns, 8.0070 us/op
WorkloadPilot    7: 1024 op, 7328300.00 ns, 7.1565 us/op
WorkloadPilot    8: 2048 op, 14027300.00 ns, 6.8493 us/op
WorkloadPilot    9: 4096 op, 27403300.00 ns, 6.6903 us/op
WorkloadPilot   10: 8192 op, 52487000.00 ns, 6.4071 us/op
WorkloadPilot   11: 16384 op, 122206800.00 ns, 7.4589 us/op
WorkloadPilot   12: 32768 op, 178583800.00 ns, 5.4499 us/op
WorkloadPilot   13: 65536 op, 84116000.00 ns, 1.2835 us/op
WorkloadPilot   14: 131072 op, 145806700.00 ns, 1.1124 us/op
WorkloadPilot   15: 262144 op, 273592200.00 ns, 1.0437 us/op
WorkloadPilot   16: 524288 op, 549354800.00 ns, 1.0478 us/op

OverheadWarmup   1: 524288 op, 682000.00 ns, 1.3008 ns/op
OverheadWarmup   2: 524288 op, 682600.00 ns, 1.3020 ns/op
OverheadWarmup   3: 524288 op, 683800.00 ns, 1.3042 ns/op
OverheadWarmup   4: 524288 op, 692600.00 ns, 1.3210 ns/op
OverheadWarmup   5: 524288 op, 680900.00 ns, 1.2987 ns/op
OverheadWarmup   6: 524288 op, 736400.00 ns, 1.4046 ns/op
OverheadWarmup   7: 524288 op, 687600.00 ns, 1.3115 ns/op

OverheadActual   1: 524288 op, 686500.00 ns, 1.3094 ns/op
OverheadActual   2: 524288 op, 686000.00 ns, 1.3084 ns/op
OverheadActual   3: 524288 op, 687300.00 ns, 1.3109 ns/op
OverheadActual   4: 524288 op, 687700.00 ns, 1.3117 ns/op
OverheadActual   5: 524288 op, 692000.00 ns, 1.3199 ns/op
OverheadActual   6: 524288 op, 685800.00 ns, 1.3081 ns/op
OverheadActual   7: 524288 op, 687400.00 ns, 1.3111 ns/op
OverheadActual   8: 524288 op, 693000.00 ns, 1.3218 ns/op
OverheadActual   9: 524288 op, 684000.00 ns, 1.3046 ns/op
OverheadActual  10: 524288 op, 683900.00 ns, 1.3044 ns/op
OverheadActual  11: 524288 op, 693700.00 ns, 1.3231 ns/op
OverheadActual  12: 524288 op, 685000.00 ns, 1.3065 ns/op
OverheadActual  13: 524288 op, 682300.00 ns, 1.3014 ns/op
OverheadActual  14: 524288 op, 686200.00 ns, 1.3088 ns/op
OverheadActual  15: 524288 op, 684600.00 ns, 1.3058 ns/op

WorkloadWarmup   1: 524288 op, 566384200.00 ns, 1.0803 us/op
WorkloadWarmup   2: 524288 op, 575227000.00 ns, 1.0972 us/op
WorkloadWarmup   3: 524288 op, 588575000.00 ns, 1.1226 us/op
WorkloadWarmup   4: 524288 op, 586729400.00 ns, 1.1191 us/op
WorkloadWarmup   5: 524288 op, 582968700.00 ns, 1.1119 us/op
WorkloadWarmup   6: 524288 op, 607016200.00 ns, 1.1578 us/op
WorkloadWarmup   7: 524288 op, 656209300.00 ns, 1.2516 us/op
WorkloadWarmup   8: 524288 op, 620365900.00 ns, 1.1833 us/op

// BeforeActualRun
WorkloadActual   1: 524288 op, 604251300.00 ns, 1.1525 us/op
WorkloadActual   2: 524288 op, 584510800.00 ns, 1.1149 us/op
WorkloadActual   3: 524288 op, 582954200.00 ns, 1.1119 us/op
WorkloadActual   4: 524288 op, 599107200.00 ns, 1.1427 us/op
WorkloadActual   5: 524288 op, 579618700.00 ns, 1.1055 us/op
WorkloadActual   6: 524288 op, 593986900.00 ns, 1.1329 us/op
WorkloadActual   7: 524288 op, 580936900.00 ns, 1.1080 us/op
WorkloadActual   8: 524288 op, 624430100.00 ns, 1.1910 us/op
WorkloadActual   9: 524288 op, 580389400.00 ns, 1.1070 us/op
WorkloadActual  10: 524288 op, 589676000.00 ns, 1.1247 us/op
WorkloadActual  11: 524288 op, 595618300.00 ns, 1.1361 us/op
WorkloadActual  12: 524288 op, 585244400.00 ns, 1.1163 us/op
WorkloadActual  13: 524288 op, 598357500.00 ns, 1.1413 us/op
WorkloadActual  14: 524288 op, 591761200.00 ns, 1.1287 us/op
WorkloadActual  15: 524288 op, 601040100.00 ns, 1.1464 us/op

// AfterActualRun
WorkloadResult   1: 524288 op, 603565100.00 ns, 1.1512 us/op
WorkloadResult   2: 524288 op, 583824600.00 ns, 1.1136 us/op
WorkloadResult   3: 524288 op, 582268000.00 ns, 1.1106 us/op
WorkloadResult   4: 524288 op, 598421000.00 ns, 1.1414 us/op
WorkloadResult   5: 524288 op, 578932500.00 ns, 1.1042 us/op
WorkloadResult   6: 524288 op, 593300700.00 ns, 1.1316 us/op
WorkloadResult   7: 524288 op, 580250700.00 ns, 1.1067 us/op
WorkloadResult   8: 524288 op, 579703200.00 ns, 1.1057 us/op
WorkloadResult   9: 524288 op, 588989800.00 ns, 1.1234 us/op
WorkloadResult  10: 524288 op, 594932100.00 ns, 1.1347 us/op
WorkloadResult  11: 524288 op, 584558200.00 ns, 1.1150 us/op
WorkloadResult  12: 524288 op, 597671300.00 ns, 1.1400 us/op
WorkloadResult  13: 524288 op, 591075000.00 ns, 1.1274 us/op
WorkloadResult  14: 524288 op, 600353900.00 ns, 1.1451 us/op
// GC:  44 0 0 2243952640 524288
// Threading:  0 0 524288

// AfterAll
// Benchmark Process 51636 has exited with code 0.

Mean = 1.125 us, StdErr = 0.004 us (0.38%), N = 14, StdDev = 0.016 us
Min = 1.104 us, Q1 = 1.111 us, Median = 1.125 us, Q3 = 1.139 us, Max = 1.151 us
IQR = 0.027 us, LowerFence = 1.070 us, UpperFence = 1.180 us
ConfidenceInterval = [1.107 us; 1.143 us] (CI 99.9%), Margin = 0.018 us (1.60% of Mean)
Skewness = 0.12, Kurtosis = 1.41, MValue = 2

// ** Remained 19 (95.0%) benchmark(s) to run. Estimated finish 2026-09-21 12:45 (0h 5m from now) **
Setup power plan (GUID: 8c5e7fda-e8bf-4a96-9a85-a6e23a8c635c FriendlyName: High performance)
// **************************
// Benchmark: FixInputForms.'QuickFIX/n: message from a string (their only form)': DefaultJob [Reading=Order]
// *** Execute ***
// Launch: 1 / 1
// Execute: dotnet qfcompare-DefaultJob-1.dll --anonymousPipes 2816 2812 --benchmarkName "QfCompare.FixInputForms.Theirs(Reading: Order)" --job Default --benchmarkId 1 in P:\dotgram.WorkTrees\fix-frozen\.work\qfcompare\bin\Release\net10.0\qfcompare-DefaultJob-1\bin\Release\net10.0
// BeforeAnythingElse

// Benchmark Process Environment Information:
// BenchmarkDotNet v0.15.8
// Runtime=.NET 10.0.12 (10.0.12, 10.0.1226.42308), X64 RyuJIT x86-64-v4
// GC=Concurrent Workstation
// HardwareIntrinsics=AVX512 BITALG+VBMI2+VNNI+VPOPCNTDQ,AVX512 IFMA+VBMI,AVX512 F+BW+CD+DQ+VL,AVX2+BMI1+BMI2+F16C+FMA+LZCNT+MOVBE,AVX,SSE3+SSSE3+SSE4.1+SSE4.2+POPCNT,X86Base+SSE+SSE2,AES+PCLMUL,AvxVnni VectorSize=256
// Job: DefaultJob

OverheadJitting  1: 1 op, 128800.00 ns, 128.8000 us/op
WorkloadJitting  1: 1 op, 3068800.00 ns, 3.0688 ms/op

OverheadJitting  2: 16 op, 235000.00 ns, 14.6875 us/op
WorkloadJitting  2: 16 op, 338400.00 ns, 21.1500 us/op

WorkloadPilot    1: 16 op, 102900.00 ns, 6.4313 us/op
WorkloadPilot    2: 32 op, 188600.00 ns, 5.8938 us/op
WorkloadPilot    3: 64 op, 364700.00 ns, 5.6984 us/op
WorkloadPilot    4: 128 op, 805800.00 ns, 6.2953 us/op
WorkloadPilot    5: 256 op, 1652700.00 ns, 6.4559 us/op
WorkloadPilot    6: 512 op, 3377000.00 ns, 6.5957 us/op
WorkloadPilot    7: 1024 op, 6000200.00 ns, 5.8596 us/op
WorkloadPilot    8: 2048 op, 11540800.00 ns, 5.6352 us/op
WorkloadPilot    9: 4096 op, 22557700.00 ns, 5.5073 us/op
WorkloadPilot   10: 8192 op, 42610700.00 ns, 5.2015 us/op
WorkloadPilot   11: 16384 op, 81938500.00 ns, 5.0011 us/op
WorkloadPilot   12: 32768 op, 37701600.00 ns, 1.1506 us/op
WorkloadPilot   13: 65536 op, 67253400.00 ns, 1.0262 us/op
WorkloadPilot   14: 131072 op, 121812900.00 ns, 929.3587 ns/op
WorkloadPilot   15: 262144 op, 241126200.00 ns, 919.8235 ns/op
WorkloadPilot   16: 524288 op, 480224400.00 ns, 915.9554 ns/op
WorkloadPilot   17: 1048576 op, 961128700.00 ns, 916.6038 ns/op

OverheadWarmup   1: 1048576 op, 1392400.00 ns, 1.3279 ns/op
OverheadWarmup   2: 1048576 op, 1380700.00 ns, 1.3167 ns/op
OverheadWarmup   3: 1048576 op, 1374700.00 ns, 1.3110 ns/op
OverheadWarmup   4: 1048576 op, 1490700.00 ns, 1.4216 ns/op
OverheadWarmup   5: 1048576 op, 1386100.00 ns, 1.3219 ns/op
OverheadWarmup   6: 1048576 op, 1373600.00 ns, 1.3100 ns/op
OverheadWarmup   7: 1048576 op, 1378800.00 ns, 1.3149 ns/op
OverheadWarmup   8: 1048576 op, 1367600.00 ns, 1.3042 ns/op

OverheadActual   1: 1048576 op, 1386100.00 ns, 1.3219 ns/op
OverheadActual   2: 1048576 op, 1369500.00 ns, 1.3061 ns/op
OverheadActual   3: 1048576 op, 1376500.00 ns, 1.3127 ns/op
OverheadActual   4: 1048576 op, 1372400.00 ns, 1.3088 ns/op
OverheadActual   5: 1048576 op, 1361300.00 ns, 1.2982 ns/op
OverheadActual   6: 1048576 op, 1373200.00 ns, 1.3096 ns/op
OverheadActual   7: 1048576 op, 1380700.00 ns, 1.3167 ns/op
OverheadActual   8: 1048576 op, 1367800.00 ns, 1.3044 ns/op
OverheadActual   9: 1048576 op, 1382400.00 ns, 1.3184 ns/op
OverheadActual  10: 1048576 op, 1374900.00 ns, 1.3112 ns/op
OverheadActual  11: 1048576 op, 1386300.00 ns, 1.3221 ns/op
OverheadActual  12: 1048576 op, 1384700.00 ns, 1.3206 ns/op
OverheadActual  13: 1048576 op, 1377600.00 ns, 1.3138 ns/op
OverheadActual  14: 1048576 op, 1378800.00 ns, 1.3149 ns/op
OverheadActual  15: 1048576 op, 1393800.00 ns, 1.3292 ns/op

WorkloadWarmup   1: 1048576 op, 1018517100.00 ns, 971.3336 ns/op
WorkloadWarmup   2: 1048576 op, 1033151400.00 ns, 985.2900 ns/op
WorkloadWarmup   3: 1048576 op, 1019068400.00 ns, 971.8594 ns/op
WorkloadWarmup   4: 1048576 op, 1013878700.00 ns, 966.9101 ns/op
WorkloadWarmup   5: 1048576 op, 1020010900.00 ns, 972.7582 ns/op
WorkloadWarmup   6: 1048576 op, 1021453600.00 ns, 974.1341 ns/op
WorkloadWarmup   7: 1048576 op, 1025727200.00 ns, 978.2097 ns/op
WorkloadWarmup   8: 1048576 op, 1004706400.00 ns, 958.1627 ns/op

// BeforeActualRun
WorkloadActual   1: 1048576 op, 1043677700.00 ns, 995.3286 ns/op
WorkloadActual   2: 1048576 op, 1010358500.00 ns, 963.5530 ns/op
WorkloadActual   3: 1048576 op, 1022859200.00 ns, 975.4745 ns/op
WorkloadActual   4: 1048576 op, 1024135400.00 ns, 976.6916 ns/op
WorkloadActual   5: 1048576 op, 1037969700.00 ns, 989.8850 ns/op
WorkloadActual   6: 1048576 op, 1026188800.00 ns, 978.6499 ns/op
WorkloadActual   7: 1048576 op, 1035412800.00 ns, 987.4466 ns/op
WorkloadActual   8: 1048576 op, 1065718200.00 ns, 1.0163 us/op
WorkloadActual   9: 1048576 op, 1014421000.00 ns, 967.4273 ns/op
WorkloadActual  10: 1048576 op, 1047565300.00 ns, 999.0361 ns/op
WorkloadActual  11: 1048576 op, 1024302000.00 ns, 976.8505 ns/op
WorkloadActual  12: 1048576 op, 1016455400.00 ns, 969.3674 ns/op
WorkloadActual  13: 1048576 op, 1032710700.00 ns, 984.8697 ns/op
WorkloadActual  14: 1048576 op, 1021526300.00 ns, 974.2034 ns/op
WorkloadActual  15: 1048576 op, 1074654900.00 ns, 1.0249 us/op

// AfterActualRun
WorkloadResult   1: 1048576 op, 1042300100.00 ns, 994.0148 ns/op
WorkloadResult   2: 1048576 op, 1008980900.00 ns, 962.2392 ns/op
WorkloadResult   3: 1048576 op, 1021481600.00 ns, 974.1608 ns/op
WorkloadResult   4: 1048576 op, 1022757800.00 ns, 975.3778 ns/op
WorkloadResult   5: 1048576 op, 1036592100.00 ns, 988.5713 ns/op
WorkloadResult   6: 1048576 op, 1024811200.00 ns, 977.3361 ns/op
WorkloadResult   7: 1048576 op, 1034035200.00 ns, 986.1328 ns/op
WorkloadResult   8: 1048576 op, 1064340600.00 ns, 1.0150 us/op
WorkloadResult   9: 1048576 op, 1013043400.00 ns, 966.1135 ns/op
WorkloadResult  10: 1048576 op, 1046187700.00 ns, 997.7223 ns/op
WorkloadResult  11: 1048576 op, 1022924400.00 ns, 975.5367 ns/op
WorkloadResult  12: 1048576 op, 1015077800.00 ns, 968.0536 ns/op
WorkloadResult  13: 1048576 op, 1031333100.00 ns, 983.5559 ns/op
WorkloadResult  14: 1048576 op, 1020148700.00 ns, 972.8896 ns/op
// GC:  92 1 0 4622123008 1048576
// Threading:  0 0 1048576

// AfterAll
// Benchmark Process 46684 has exited with code 0.

Mean = 981.196 ns, StdErr = 3.798 ns (0.39%), N = 14, StdDev = 14.212 ns
Min = 962.239 ns, Q1 = 973.207 ns, Median = 976.436 ns, Q3 = 987.962 ns, Max = 1,015.034 ns
IQR = 14.754 ns, LowerFence = 951.076 ns, UpperFence = 1,010.093 ns
ConfidenceInterval = [965.164 ns; 997.227 ns] (CI 99.9%), Margin = 16.032 ns (1.63% of Mean)
Skewness = 0.8, Kurtosis = 2.87, MValue = 2

// ** Remained 18 (90.0%) benchmark(s) to run. Estimated finish 2026-09-21 12:47 (0h 6m from now) **
Setup power plan (GUID: 8c5e7fda-e8bf-4a96-9a85-a6e23a8c635c FriendlyName: High performance)
// **************************
// Benchmark: FixInputForms.'ours: message from a span': DefaultJob [Reading=Order]
// *** Execute ***
// Launch: 1 / 1
// Execute: dotnet qfcompare-DefaultJob-1.dll --anonymousPipes 1512 660 --benchmarkName "QfCompare.FixInputForms.FromSpan(Reading: Order)" --job Default --benchmarkId 2 in P:\dotgram.WorkTrees\fix-frozen\.work\qfcompare\bin\Release\net10.0\qfcompare-DefaultJob-1\bin\Release\net10.0
// BeforeAnythingElse

// Benchmark Process Environment Information:
// BenchmarkDotNet v0.15.8
// Runtime=.NET 10.0.12 (10.0.12, 10.0.1226.42308), X64 RyuJIT x86-64-v4
// GC=Concurrent Workstation
// HardwareIntrinsics=AVX512 BITALG+VBMI2+VNNI+VPOPCNTDQ,AVX512 IFMA+VBMI,AVX512 F+BW+CD+DQ+VL,AVX2+BMI1+BMI2+F16C+FMA+LZCNT+MOVBE,AVX,SSE3+SSSE3+SSE4.1+SSE4.2+POPCNT,X86Base+SSE+SSE2,AES+PCLMUL,AvxVnni VectorSize=256
// Job: DefaultJob

OverheadJitting  1: 1 op, 134300.00 ns, 134.3000 us/op
WorkloadJitting  1: 1 op, 151400.00 ns, 151.4000 us/op

OverheadJitting  2: 16 op, 249200.00 ns, 15.5750 us/op
WorkloadJitting  2: 16 op, 381200.00 ns, 23.8250 us/op

WorkloadPilot    1: 16 op, 144100.00 ns, 9.0063 us/op
WorkloadPilot    2: 32 op, 265600.00 ns, 8.3000 us/op
WorkloadPilot    3: 64 op, 574000.00 ns, 8.9688 us/op
WorkloadPilot    4: 128 op, 1203600.00 ns, 9.4031 us/op
WorkloadPilot    5: 256 op, 2146500.00 ns, 8.3848 us/op
WorkloadPilot    6: 512 op, 4335100.00 ns, 8.4670 us/op
WorkloadPilot    7: 1024 op, 7475100.00 ns, 7.2999 us/op
WorkloadPilot    8: 2048 op, 14121700.00 ns, 6.8954 us/op
WorkloadPilot    9: 4096 op, 27943400.00 ns, 6.8221 us/op
WorkloadPilot   10: 8192 op, 52731900.00 ns, 6.4370 us/op
WorkloadPilot   11: 16384 op, 125414700.00 ns, 7.6547 us/op
WorkloadPilot   12: 32768 op, 193953800.00 ns, 5.9190 us/op
WorkloadPilot   13: 65536 op, 101917800.00 ns, 1.5551 us/op
WorkloadPilot   14: 131072 op, 179874300.00 ns, 1.3723 us/op
WorkloadPilot   15: 262144 op, 284509500.00 ns, 1.0853 us/op
WorkloadPilot   16: 524288 op, 573975600.00 ns, 1.0948 us/op

OverheadWarmup   1: 524288 op, 684400.00 ns, 1.3054 ns/op
OverheadWarmup   2: 524288 op, 685300.00 ns, 1.3071 ns/op
OverheadWarmup   3: 524288 op, 684500.00 ns, 1.3056 ns/op
OverheadWarmup   4: 524288 op, 683000.00 ns, 1.3027 ns/op
OverheadWarmup   5: 524288 op, 686800.00 ns, 1.3100 ns/op
OverheadWarmup   6: 524288 op, 697200.00 ns, 1.3298 ns/op
OverheadWarmup   7: 524288 op, 694500.00 ns, 1.3247 ns/op

OverheadActual   1: 524288 op, 696200.00 ns, 1.3279 ns/op
OverheadActual   2: 524288 op, 692500.00 ns, 1.3208 ns/op
OverheadActual   3: 524288 op, 691500.00 ns, 1.3189 ns/op
OverheadActual   4: 524288 op, 695400.00 ns, 1.3264 ns/op
OverheadActual   5: 524288 op, 767000.00 ns, 1.4629 ns/op
OverheadActual   6: 524288 op, 693800.00 ns, 1.3233 ns/op
OverheadActual   7: 524288 op, 690900.00 ns, 1.3178 ns/op
OverheadActual   8: 524288 op, 692300.00 ns, 1.3205 ns/op
OverheadActual   9: 524288 op, 686000.00 ns, 1.3084 ns/op
OverheadActual  10: 524288 op, 688100.00 ns, 1.3124 ns/op
OverheadActual  11: 524288 op, 684900.00 ns, 1.3063 ns/op
OverheadActual  12: 524288 op, 684000.00 ns, 1.3046 ns/op
OverheadActual  13: 524288 op, 692800.00 ns, 1.3214 ns/op
OverheadActual  14: 524288 op, 688200.00 ns, 1.3126 ns/op
OverheadActual  15: 524288 op, 684300.00 ns, 1.3052 ns/op

WorkloadWarmup   1: 524288 op, 581454800.00 ns, 1.1090 us/op
WorkloadWarmup   2: 524288 op, 585388600.00 ns, 1.1165 us/op
WorkloadWarmup   3: 524288 op, 617322600.00 ns, 1.1774 us/op
WorkloadWarmup   4: 524288 op, 604235600.00 ns, 1.1525 us/op
WorkloadWarmup   5: 524288 op, 614161700.00 ns, 1.1714 us/op
WorkloadWarmup   6: 524288 op, 612660000.00 ns, 1.1686 us/op

// BeforeActualRun
WorkloadActual   1: 524288 op, 610019900.00 ns, 1.1635 us/op
WorkloadActual   2: 524288 op, 602559800.00 ns, 1.1493 us/op
WorkloadActual   3: 524288 op, 629885800.00 ns, 1.2014 us/op
WorkloadActual   4: 524288 op, 596387000.00 ns, 1.1375 us/op
WorkloadActual   5: 524288 op, 599792400.00 ns, 1.1440 us/op
WorkloadActual   6: 524288 op, 609501200.00 ns, 1.1625 us/op
WorkloadActual   7: 524288 op, 598548100.00 ns, 1.1416 us/op
WorkloadActual   8: 524288 op, 601008100.00 ns, 1.1463 us/op
WorkloadActual   9: 524288 op, 603568100.00 ns, 1.1512 us/op
WorkloadActual  10: 524288 op, 620211500.00 ns, 1.1830 us/op
WorkloadActual  11: 524288 op, 622105500.00 ns, 1.1866 us/op
WorkloadActual  12: 524288 op, 597313700.00 ns, 1.1393 us/op
WorkloadActual  13: 524288 op, 619229000.00 ns, 1.1811 us/op
WorkloadActual  14: 524288 op, 599071800.00 ns, 1.1426 us/op
WorkloadActual  15: 524288 op, 598380400.00 ns, 1.1413 us/op

// AfterActualRun
WorkloadResult   1: 524288 op, 609328400.00 ns, 1.1622 us/op
WorkloadResult   2: 524288 op, 601868300.00 ns, 1.1480 us/op
WorkloadResult   3: 524288 op, 629194300.00 ns, 1.2001 us/op
WorkloadResult   4: 524288 op, 595695500.00 ns, 1.1362 us/op
WorkloadResult   5: 524288 op, 599100900.00 ns, 1.1427 us/op
WorkloadResult   6: 524288 op, 608809700.00 ns, 1.1612 us/op
WorkloadResult   7: 524288 op, 597856600.00 ns, 1.1403 us/op
WorkloadResult   8: 524288 op, 600316600.00 ns, 1.1450 us/op
WorkloadResult   9: 524288 op, 602876600.00 ns, 1.1499 us/op
WorkloadResult  10: 524288 op, 619520000.00 ns, 1.1816 us/op
WorkloadResult  11: 524288 op, 621414000.00 ns, 1.1853 us/op
WorkloadResult  12: 524288 op, 596622200.00 ns, 1.1380 us/op
WorkloadResult  13: 524288 op, 618537500.00 ns, 1.1798 us/op
WorkloadResult  14: 524288 op, 598380300.00 ns, 1.1413 us/op
WorkloadResult  15: 524288 op, 597688900.00 ns, 1.1400 us/op
// GC:  47 0 0 2399141888 524288
// Threading:  0 0 524288

// AfterAll
// Benchmark Process 50784 has exited with code 0.

Mean = 1.157 us, StdErr = 0.005 us (0.46%), N = 15, StdDev = 0.021 us
Min = 1.136 us, Q1 = 1.141 us, Median = 1.148 us, Q3 = 1.171 us, Max = 1.200 us
IQR = 0.030 us, LowerFence = 1.096 us, UpperFence = 1.216 us
ConfidenceInterval = [1.135 us; 1.179 us] (CI 99.9%), Margin = 0.022 us (1.90% of Mean)
Skewness = 0.76, Kurtosis = 2.03, MValue = 2

// ** Remained 17 (85.0%) benchmark(s) to run. Estimated finish 2026-09-21 12:46 (0h 5m from now) **
Setup power plan (GUID: 8c5e7fda-e8bf-4a96-9a85-a6e23a8c635c FriendlyName: High performance)
// **************************
// Benchmark: FixInputForms.'ours: message from a stream (no partner)': DefaultJob [Reading=Order]
// *** Execute ***
// Launch: 1 / 1
// Execute: dotnet qfcompare-DefaultJob-1.dll --anonymousPipes 656 1520 --benchmarkName "QfCompare.FixInputForms.FromStream(Reading: Order)" --job Default --benchmarkId 3 in P:\dotgram.WorkTrees\fix-frozen\.work\qfcompare\bin\Release\net10.0\qfcompare-DefaultJob-1\bin\Release\net10.0
// BeforeAnythingElse

// Benchmark Process Environment Information:
// BenchmarkDotNet v0.15.8
// Runtime=.NET 10.0.12 (10.0.12, 10.0.1226.42308), X64 RyuJIT x86-64-v4
// GC=Concurrent Workstation
// HardwareIntrinsics=AVX512 BITALG+VBMI2+VNNI+VPOPCNTDQ,AVX512 IFMA+VBMI,AVX512 F+BW+CD+DQ+VL,AVX2+BMI1+BMI2+F16C+FMA+LZCNT+MOVBE,AVX,SSE3+SSSE3+SSE4.1+SSE4.2+POPCNT,X86Base+SSE+SSE2,AES+PCLMUL,AvxVnni VectorSize=256
// Job: DefaultJob

OverheadJitting  1: 1 op, 128300.00 ns, 128.3000 us/op
WorkloadJitting  1: 1 op, 156200.00 ns, 156.2000 us/op

OverheadJitting  2: 16 op, 243900.00 ns, 15.2438 us/op
WorkloadJitting  2: 16 op, 421800.00 ns, 26.3625 us/op

WorkloadPilot    1: 16 op, 181900.00 ns, 11.3688 us/op
WorkloadPilot    2: 32 op, 329700.00 ns, 10.3031 us/op
WorkloadPilot    3: 64 op, 690000.00 ns, 10.7813 us/op
WorkloadPilot    4: 128 op, 1439400.00 ns, 11.2453 us/op
WorkloadPilot    5: 256 op, 2824200.00 ns, 11.0320 us/op
WorkloadPilot    6: 512 op, 5581200.00 ns, 10.9008 us/op
WorkloadPilot    7: 1024 op, 10191100.00 ns, 9.9522 us/op
WorkloadPilot    8: 2048 op, 19814700.00 ns, 9.6751 us/op
WorkloadPilot    9: 4096 op, 37117400.00 ns, 9.0619 us/op
WorkloadPilot   10: 8192 op, 69106300.00 ns, 8.4358 us/op
WorkloadPilot   11: 16384 op, 172818600.00 ns, 10.5480 us/op
WorkloadPilot   12: 32768 op, 140779100.00 ns, 4.2962 us/op
WorkloadPilot   13: 65536 op, 120065700.00 ns, 1.8321 us/op
WorkloadPilot   14: 131072 op, 190720700.00 ns, 1.4551 us/op
WorkloadPilot   15: 262144 op, 375347400.00 ns, 1.4318 us/op
WorkloadPilot   16: 524288 op, 751258400.00 ns, 1.4329 us/op

OverheadWarmup   1: 524288 op, 684600.00 ns, 1.3058 ns/op
OverheadWarmup   2: 524288 op, 703100.00 ns, 1.3411 ns/op
OverheadWarmup   3: 524288 op, 683900.00 ns, 1.3044 ns/op
OverheadWarmup   4: 524288 op, 686800.00 ns, 1.3100 ns/op
OverheadWarmup   5: 524288 op, 682700.00 ns, 1.3021 ns/op

OverheadActual   1: 524288 op, 687000.00 ns, 1.3103 ns/op
OverheadActual   2: 524288 op, 684000.00 ns, 1.3046 ns/op
OverheadActual   3: 524288 op, 692700.00 ns, 1.3212 ns/op
OverheadActual   4: 524288 op, 702200.00 ns, 1.3393 ns/op
OverheadActual   5: 524288 op, 693700.00 ns, 1.3231 ns/op
OverheadActual   6: 524288 op, 689400.00 ns, 1.3149 ns/op
OverheadActual   7: 524288 op, 693300.00 ns, 1.3224 ns/op
OverheadActual   8: 524288 op, 688800.00 ns, 1.3138 ns/op
OverheadActual   9: 524288 op, 686900.00 ns, 1.3102 ns/op
OverheadActual  10: 524288 op, 685800.00 ns, 1.3081 ns/op
OverheadActual  11: 524288 op, 686300.00 ns, 1.3090 ns/op
OverheadActual  12: 524288 op, 684800.00 ns, 1.3062 ns/op
OverheadActual  13: 524288 op, 684200.00 ns, 1.3050 ns/op
OverheadActual  14: 524288 op, 683300.00 ns, 1.3033 ns/op
OverheadActual  15: 524288 op, 694200.00 ns, 1.3241 ns/op

WorkloadWarmup   1: 524288 op, 758191500.00 ns, 1.4461 us/op
WorkloadWarmup   2: 524288 op, 812944900.00 ns, 1.5506 us/op
WorkloadWarmup   3: 524288 op, 799727800.00 ns, 1.5254 us/op
WorkloadWarmup   4: 524288 op, 813747100.00 ns, 1.5521 us/op
WorkloadWarmup   5: 524288 op, 802330300.00 ns, 1.5303 us/op
WorkloadWarmup   6: 524288 op, 792277400.00 ns, 1.5111 us/op

// BeforeActualRun
WorkloadActual   1: 524288 op, 794422400.00 ns, 1.5152 us/op
WorkloadActual   2: 524288 op, 799676400.00 ns, 1.5253 us/op
WorkloadActual   3: 524288 op, 808324500.00 ns, 1.5418 us/op
WorkloadActual   4: 524288 op, 809104400.00 ns, 1.5432 us/op
WorkloadActual   5: 524288 op, 806110900.00 ns, 1.5375 us/op
WorkloadActual   6: 524288 op, 806435200.00 ns, 1.5382 us/op
WorkloadActual   7: 524288 op, 804586700.00 ns, 1.5346 us/op
WorkloadActual   8: 524288 op, 798377100.00 ns, 1.5228 us/op
WorkloadActual   9: 524288 op, 799331800.00 ns, 1.5246 us/op
WorkloadActual  10: 524288 op, 802801400.00 ns, 1.5312 us/op
WorkloadActual  11: 524288 op, 810261400.00 ns, 1.5455 us/op
WorkloadActual  12: 524288 op, 794534000.00 ns, 1.5155 us/op
WorkloadActual  13: 524288 op, 808600900.00 ns, 1.5423 us/op
WorkloadActual  14: 524288 op, 792662500.00 ns, 1.5119 us/op
WorkloadActual  15: 524288 op, 799327400.00 ns, 1.5246 us/op

// AfterActualRun
WorkloadResult   1: 524288 op, 793735400.00 ns, 1.5139 us/op
WorkloadResult   2: 524288 op, 798989400.00 ns, 1.5240 us/op
WorkloadResult   3: 524288 op, 807637500.00 ns, 1.5404 us/op
WorkloadResult   4: 524288 op, 808417400.00 ns, 1.5419 us/op
WorkloadResult   5: 524288 op, 805423900.00 ns, 1.5362 us/op
WorkloadResult   6: 524288 op, 805748200.00 ns, 1.5368 us/op
WorkloadResult   7: 524288 op, 803899700.00 ns, 1.5333 us/op
WorkloadResult   8: 524288 op, 797690100.00 ns, 1.5215 us/op
WorkloadResult   9: 524288 op, 798644800.00 ns, 1.5233 us/op
WorkloadResult  10: 524288 op, 802114400.00 ns, 1.5299 us/op
WorkloadResult  11: 524288 op, 809574400.00 ns, 1.5441 us/op
WorkloadResult  12: 524288 op, 793847000.00 ns, 1.5141 us/op
WorkloadResult  13: 524288 op, 807913900.00 ns, 1.5410 us/op
WorkloadResult  14: 524288 op, 791975500.00 ns, 1.5106 us/op
WorkloadResult  15: 524288 op, 798640400.00 ns, 1.5233 us/op
// GC:  94 0 0 4747952128 524288
// Threading:  0 0 524288

// AfterAll
// Benchmark Process 28192 has exited with code 0.

Mean = 1.529 us, StdErr = 0.003 us (0.19%), N = 15, StdDev = 0.011 us
Min = 1.511 us, Q1 = 1.522 us, Median = 1.530 us, Q3 = 1.539 us, Max = 1.544 us
IQR = 0.016 us, LowerFence = 1.498 us, UpperFence = 1.563 us
ConfidenceInterval = [1.517 us; 1.541 us] (CI 99.9%), Margin = 0.012 us (0.78% of Mean)
Skewness = -0.19, Kurtosis = 1.5, MValue = 2

// ** Remained 16 (80.0%) benchmark(s) to run. Estimated finish 2026-09-21 12:46 (0h 5m from now) **
Setup power plan (GUID: 8c5e7fda-e8bf-4a96-9a85-a6e23a8c635c FriendlyName: High performance)
// **************************
// Benchmark: FixInputForms.'ours: message from a reader (no partner)': DefaultJob [Reading=Order]
// *** Execute ***
// Launch: 1 / 1
// Execute: dotnet qfcompare-DefaultJob-1.dll --anonymousPipes 656 1520 --benchmarkName "QfCompare.FixInputForms.FromReader(Reading: Order)" --job Default --benchmarkId 4 in P:\dotgram.WorkTrees\fix-frozen\.work\qfcompare\bin\Release\net10.0\qfcompare-DefaultJob-1\bin\Release\net10.0
// BeforeAnythingElse

// Benchmark Process Environment Information:
// BenchmarkDotNet v0.15.8
// Runtime=.NET 10.0.12 (10.0.12, 10.0.1226.42308), X64 RyuJIT x86-64-v4
// GC=Concurrent Workstation
// HardwareIntrinsics=AVX512 BITALG+VBMI2+VNNI+VPOPCNTDQ,AVX512 IFMA+VBMI,AVX512 F+BW+CD+DQ+VL,AVX2+BMI1+BMI2+F16C+FMA+LZCNT+MOVBE,AVX,SSE3+SSSE3+SSE4.1+SSE4.2+POPCNT,X86Base+SSE+SSE2,AES+PCLMUL,AvxVnni VectorSize=256
// Job: DefaultJob

OverheadJitting  1: 1 op, 129500.00 ns, 129.5000 us/op
WorkloadJitting  1: 1 op, 147200.00 ns, 147.2000 us/op

OverheadJitting  2: 16 op, 233600.00 ns, 14.6000 us/op
WorkloadJitting  2: 16 op, 380700.00 ns, 23.7938 us/op

WorkloadPilot    1: 16 op, 163200.00 ns, 10.2000 us/op
WorkloadPilot    2: 32 op, 280400.00 ns, 8.7625 us/op
WorkloadPilot    3: 64 op, 613600.00 ns, 9.5875 us/op
WorkloadPilot    4: 128 op, 1276500.00 ns, 9.9727 us/op
WorkloadPilot    5: 256 op, 2293600.00 ns, 8.9594 us/op
WorkloadPilot    6: 512 op, 4646200.00 ns, 9.0746 us/op
WorkloadPilot    7: 1024 op, 9146400.00 ns, 8.9320 us/op
WorkloadPilot    8: 2048 op, 16141300.00 ns, 7.8815 us/op
WorkloadPilot    9: 4096 op, 30908400.00 ns, 7.5460 us/op
WorkloadPilot   10: 8192 op, 53392000.00 ns, 6.5176 us/op
WorkloadPilot   11: 16384 op, 105231900.00 ns, 6.4228 us/op
WorkloadPilot   12: 32768 op, 268198400.00 ns, 8.1848 us/op
WorkloadPilot   13: 65536 op, 131348600.00 ns, 2.0042 us/op
WorkloadPilot   14: 131072 op, 182480700.00 ns, 1.3922 us/op
WorkloadPilot   15: 262144 op, 359425000.00 ns, 1.3711 us/op
WorkloadPilot   16: 524288 op, 710583900.00 ns, 1.3553 us/op

OverheadWarmup   1: 524288 op, 686600.00 ns, 1.3096 ns/op
OverheadWarmup   2: 524288 op, 680800.00 ns, 1.2985 ns/op
OverheadWarmup   3: 524288 op, 683200.00 ns, 1.3031 ns/op
OverheadWarmup   4: 524288 op, 681400.00 ns, 1.2997 ns/op
OverheadWarmup   5: 524288 op, 697300.00 ns, 1.3300 ns/op
OverheadWarmup   6: 524288 op, 680300.00 ns, 1.2976 ns/op

OverheadActual   1: 524288 op, 680000.00 ns, 1.2970 ns/op
OverheadActual   2: 524288 op, 694400.00 ns, 1.3245 ns/op
OverheadActual   3: 524288 op, 689300.00 ns, 1.3147 ns/op
OverheadActual   4: 524288 op, 683000.00 ns, 1.3027 ns/op
OverheadActual   5: 524288 op, 679600.00 ns, 1.2962 ns/op
OverheadActual   6: 524288 op, 682800.00 ns, 1.3023 ns/op
OverheadActual   7: 524288 op, 685900.00 ns, 1.3083 ns/op
OverheadActual   8: 524288 op, 693300.00 ns, 1.3224 ns/op
OverheadActual   9: 524288 op, 688200.00 ns, 1.3126 ns/op
OverheadActual  10: 524288 op, 708400.00 ns, 1.3512 ns/op
OverheadActual  11: 524288 op, 681600.00 ns, 1.3000 ns/op
OverheadActual  12: 524288 op, 769300.00 ns, 1.4673 ns/op
OverheadActual  13: 524288 op, 682400.00 ns, 1.3016 ns/op
OverheadActual  14: 524288 op, 685800.00 ns, 1.3081 ns/op
OverheadActual  15: 524288 op, 709600.00 ns, 1.3535 ns/op

WorkloadWarmup   1: 524288 op, 732282500.00 ns, 1.3967 us/op
WorkloadWarmup   2: 524288 op, 762301300.00 ns, 1.4540 us/op
WorkloadWarmup   3: 524288 op, 757386400.00 ns, 1.4446 us/op
WorkloadWarmup   4: 524288 op, 765417900.00 ns, 1.4599 us/op
WorkloadWarmup   5: 524288 op, 761880200.00 ns, 1.4532 us/op
WorkloadWarmup   6: 524288 op, 811122300.00 ns, 1.5471 us/op

// BeforeActualRun
WorkloadActual   1: 524288 op, 770190000.00 ns, 1.4690 us/op
WorkloadActual   2: 524288 op, 760418900.00 ns, 1.4504 us/op
WorkloadActual   3: 524288 op, 763621800.00 ns, 1.4565 us/op
WorkloadActual   4: 524288 op, 756559400.00 ns, 1.4430 us/op
WorkloadActual   5: 524288 op, 757741000.00 ns, 1.4453 us/op
WorkloadActual   6: 524288 op, 783108700.00 ns, 1.4937 us/op
WorkloadActual   7: 524288 op, 760059100.00 ns, 1.4497 us/op
WorkloadActual   8: 524288 op, 776431500.00 ns, 1.4809 us/op
WorkloadActual   9: 524288 op, 750359900.00 ns, 1.4312 us/op
WorkloadActual  10: 524288 op, 772880800.00 ns, 1.4742 us/op
WorkloadActual  11: 524288 op, 762590400.00 ns, 1.4545 us/op
WorkloadActual  12: 524288 op, 749316600.00 ns, 1.4292 us/op
WorkloadActual  13: 524288 op, 767215000.00 ns, 1.4633 us/op
WorkloadActual  14: 524288 op, 765468700.00 ns, 1.4600 us/op
WorkloadActual  15: 524288 op, 757232000.00 ns, 1.4443 us/op

// AfterActualRun
WorkloadResult   1: 524288 op, 769504100.00 ns, 1.4677 us/op
WorkloadResult   2: 524288 op, 759733000.00 ns, 1.4491 us/op
WorkloadResult   3: 524288 op, 762935900.00 ns, 1.4552 us/op
WorkloadResult   4: 524288 op, 755873500.00 ns, 1.4417 us/op
WorkloadResult   5: 524288 op, 757055100.00 ns, 1.4440 us/op
WorkloadResult   6: 524288 op, 782422800.00 ns, 1.4924 us/op
WorkloadResult   7: 524288 op, 759373200.00 ns, 1.4484 us/op
WorkloadResult   8: 524288 op, 775745600.00 ns, 1.4796 us/op
WorkloadResult   9: 524288 op, 749674000.00 ns, 1.4299 us/op
WorkloadResult  10: 524288 op, 772194900.00 ns, 1.4728 us/op
WorkloadResult  11: 524288 op, 761904500.00 ns, 1.4532 us/op
WorkloadResult  12: 524288 op, 748630700.00 ns, 1.4279 us/op
WorkloadResult  13: 524288 op, 766529100.00 ns, 1.4620 us/op
WorkloadResult  14: 524288 op, 764782800.00 ns, 1.4587 us/op
WorkloadResult  15: 524288 op, 756546100.00 ns, 1.4430 us/op
// GC:  135 4 0 6786383872 524288
// Threading:  0 0 524288

// AfterAll
// Benchmark Process 32932 has exited with code 0.

Mean = 1.455 us, StdErr = 0.005 us (0.32%), N = 15, StdDev = 0.018 us
Min = 1.428 us, Q1 = 1.443 us, Median = 1.453 us, Q3 = 1.465 us, Max = 1.492 us
IQR = 0.021 us, LowerFence = 1.411 us, UpperFence = 1.497 us
ConfidenceInterval = [1.436 us; 1.474 us] (CI 99.9%), Margin = 0.019 us (1.31% of Mean)
Skewness = 0.39, Kurtosis = 2.29, MValue = 2

// ** Remained 15 (75.0%) benchmark(s) to run. Estimated finish 2026-09-21 12:46 (0h 4m from now) **
Setup power plan (GUID: 8c5e7fda-e8bf-4a96-9a85-a6e23a8c635c FriendlyName: High performance)
// **************************
// Benchmark: FixInputForms.'ours: message from octets (no partner)': DefaultJob [Reading=Order]
// *** Execute ***
// Launch: 1 / 1
// Execute: dotnet qfcompare-DefaultJob-1.dll --anonymousPipes 2848 2816 --benchmarkName "QfCompare.FixInputForms.FromOctets(Reading: Order)" --job Default --benchmarkId 5 in P:\dotgram.WorkTrees\fix-frozen\.work\qfcompare\bin\Release\net10.0\qfcompare-DefaultJob-1\bin\Release\net10.0
// BeforeAnythingElse

// Benchmark Process Environment Information:
// BenchmarkDotNet v0.15.8
// Runtime=.NET 10.0.12 (10.0.12, 10.0.1226.42308), X64 RyuJIT x86-64-v4
// GC=Concurrent Workstation
// HardwareIntrinsics=AVX512 BITALG+VBMI2+VNNI+VPOPCNTDQ,AVX512 IFMA+VBMI,AVX512 F+BW+CD+DQ+VL,AVX2+BMI1+BMI2+F16C+FMA+LZCNT+MOVBE,AVX,SSE3+SSSE3+SSE4.1+SSE4.2+POPCNT,X86Base+SSE+SSE2,AES+PCLMUL,AvxVnni VectorSize=256
// Job: DefaultJob

OverheadJitting  1: 1 op, 128200.00 ns, 128.2000 us/op
WorkloadJitting  1: 1 op, 151200.00 ns, 151.2000 us/op

OverheadJitting  2: 16 op, 241600.00 ns, 15.1000 us/op
WorkloadJitting  2: 16 op, 384200.00 ns, 24.0125 us/op

WorkloadPilot    1: 16 op, 156000.00 ns, 9.7500 us/op
WorkloadPilot    2: 32 op, 295200.00 ns, 9.2250 us/op
WorkloadPilot    3: 64 op, 628600.00 ns, 9.8219 us/op
WorkloadPilot    4: 128 op, 1294500.00 ns, 10.1133 us/op
WorkloadPilot    5: 256 op, 2433100.00 ns, 9.5043 us/op
WorkloadPilot    6: 512 op, 5038800.00 ns, 9.8414 us/op
WorkloadPilot    7: 1024 op, 9254500.00 ns, 9.0376 us/op
WorkloadPilot    8: 2048 op, 17314100.00 ns, 8.4542 us/op
WorkloadPilot    9: 4096 op, 34487600.00 ns, 8.4198 us/op
WorkloadPilot   10: 8192 op, 65745000.00 ns, 8.0255 us/op
WorkloadPilot   11: 16384 op, 167763700.00 ns, 10.2395 us/op
WorkloadPilot   12: 32768 op, 140013900.00 ns, 4.2729 us/op
WorkloadPilot   13: 65536 op, 82501800.00 ns, 1.2589 us/op
WorkloadPilot   14: 131072 op, 163394200.00 ns, 1.2466 us/op
WorkloadPilot   15: 262144 op, 326122800.00 ns, 1.2441 us/op
WorkloadPilot   16: 524288 op, 653912400.00 ns, 1.2472 us/op

OverheadWarmup   1: 524288 op, 695100.00 ns, 1.3258 ns/op
OverheadWarmup   2: 524288 op, 686200.00 ns, 1.3088 ns/op
OverheadWarmup   3: 524288 op, 698500.00 ns, 1.3323 ns/op
OverheadWarmup   4: 524288 op, 697500.00 ns, 1.3304 ns/op
OverheadWarmup   5: 524288 op, 694100.00 ns, 1.3239 ns/op
OverheadWarmup   6: 524288 op, 697200.00 ns, 1.3298 ns/op
OverheadWarmup   7: 524288 op, 690800.00 ns, 1.3176 ns/op

OverheadActual   1: 524288 op, 678900.00 ns, 1.2949 ns/op
OverheadActual   2: 524288 op, 787400.00 ns, 1.5018 ns/op
OverheadActual   3: 524288 op, 688300.00 ns, 1.3128 ns/op
OverheadActual   4: 524288 op, 690600.00 ns, 1.3172 ns/op
OverheadActual   5: 524288 op, 686900.00 ns, 1.3102 ns/op
OverheadActual   6: 524288 op, 693400.00 ns, 1.3226 ns/op
OverheadActual   7: 524288 op, 684500.00 ns, 1.3056 ns/op
OverheadActual   8: 524288 op, 685200.00 ns, 1.3069 ns/op
OverheadActual   9: 524288 op, 682700.00 ns, 1.3021 ns/op
OverheadActual  10: 524288 op, 685800.00 ns, 1.3081 ns/op
OverheadActual  11: 524288 op, 687500.00 ns, 1.3113 ns/op
OverheadActual  12: 524288 op, 685200.00 ns, 1.3069 ns/op
OverheadActual  13: 524288 op, 685100.00 ns, 1.3067 ns/op
OverheadActual  14: 524288 op, 687300.00 ns, 1.3109 ns/op
OverheadActual  15: 524288 op, 684400.00 ns, 1.3054 ns/op

WorkloadWarmup   1: 524288 op, 660258900.00 ns, 1.2593 us/op
WorkloadWarmup   2: 524288 op, 674002700.00 ns, 1.2856 us/op
WorkloadWarmup   3: 524288 op, 686243400.00 ns, 1.3089 us/op
WorkloadWarmup   4: 524288 op, 687256400.00 ns, 1.3108 us/op
WorkloadWarmup   5: 524288 op, 687271200.00 ns, 1.3109 us/op
WorkloadWarmup   6: 524288 op, 683599700.00 ns, 1.3039 us/op
WorkloadWarmup   7: 524288 op, 690592500.00 ns, 1.3172 us/op
WorkloadWarmup   8: 524288 op, 683549900.00 ns, 1.3038 us/op

// BeforeActualRun
WorkloadActual   1: 524288 op, 706125100.00 ns, 1.3468 us/op
WorkloadActual   2: 524288 op, 734926800.00 ns, 1.4018 us/op
WorkloadActual   3: 524288 op, 688946500.00 ns, 1.3141 us/op
WorkloadActual   4: 524288 op, 686038600.00 ns, 1.3085 us/op
WorkloadActual   5: 524288 op, 705416700.00 ns, 1.3455 us/op
WorkloadActual   6: 524288 op, 706343100.00 ns, 1.3472 us/op
WorkloadActual   7: 524288 op, 723533700.00 ns, 1.3800 us/op
WorkloadActual   8: 524288 op, 721088600.00 ns, 1.3754 us/op
WorkloadActual   9: 524288 op, 687135700.00 ns, 1.3106 us/op
WorkloadActual  10: 524288 op, 698732000.00 ns, 1.3327 us/op
WorkloadActual  11: 524288 op, 714801800.00 ns, 1.3634 us/op
WorkloadActual  12: 524288 op, 687711900.00 ns, 1.3117 us/op
WorkloadActual  13: 524288 op, 681506300.00 ns, 1.2999 us/op
WorkloadActual  14: 524288 op, 700923500.00 ns, 1.3369 us/op
WorkloadActual  15: 524288 op, 692590400.00 ns, 1.3210 us/op
WorkloadActual  16: 524288 op, 714888700.00 ns, 1.3635 us/op
WorkloadActual  17: 524288 op, 702755300.00 ns, 1.3404 us/op
WorkloadActual  18: 524288 op, 703263200.00 ns, 1.3414 us/op

// AfterActualRun
WorkloadResult   1: 524288 op, 705439300.00 ns, 1.3455 us/op
WorkloadResult   2: 524288 op, 734241000.00 ns, 1.4005 us/op
WorkloadResult   3: 524288 op, 688260700.00 ns, 1.3128 us/op
WorkloadResult   4: 524288 op, 685352800.00 ns, 1.3072 us/op
WorkloadResult   5: 524288 op, 704730900.00 ns, 1.3442 us/op
WorkloadResult   6: 524288 op, 705657300.00 ns, 1.3459 us/op
WorkloadResult   7: 524288 op, 722847900.00 ns, 1.3787 us/op
WorkloadResult   8: 524288 op, 720402800.00 ns, 1.3741 us/op
WorkloadResult   9: 524288 op, 686449900.00 ns, 1.3093 us/op
WorkloadResult  10: 524288 op, 698046200.00 ns, 1.3314 us/op
WorkloadResult  11: 524288 op, 714116000.00 ns, 1.3621 us/op
WorkloadResult  12: 524288 op, 687026100.00 ns, 1.3104 us/op
WorkloadResult  13: 524288 op, 680820500.00 ns, 1.2986 us/op
WorkloadResult  14: 524288 op, 700237700.00 ns, 1.3356 us/op
WorkloadResult  15: 524288 op, 691904600.00 ns, 1.3197 us/op
WorkloadResult  16: 524288 op, 714202900.00 ns, 1.3622 us/op
WorkloadResult  17: 524288 op, 702069500.00 ns, 1.3391 us/op
WorkloadResult  18: 524288 op, 702577400.00 ns, 1.3401 us/op
// GC:  47 0 0 2403336192 524288
// Threading:  0 0 524288

// AfterAll
// Benchmark Process 60336 has exited with code 0.

Mean = 1.340 us, StdErr = 0.007 us (0.49%), N = 18, StdDev = 0.028 us
Min = 1.299 us, Q1 = 1.314 us, Median = 1.340 us, Q3 = 1.358 us, Max = 1.400 us
IQR = 0.044 us, LowerFence = 1.249 us, UpperFence = 1.423 us
ConfidenceInterval = [1.314 us; 1.366 us] (CI 99.9%), Margin = 0.026 us (1.95% of Mean)
Skewness = 0.4, Kurtosis = 2.2, MValue = 2

// ** Remained 14 (70.0%) benchmark(s) to run. Estimated finish 2026-09-21 12:46 (0h 4m from now) **
Setup power plan (GUID: 8c5e7fda-e8bf-4a96-9a85-a6e23a8c635c FriendlyName: High performance)
// **************************
// Benchmark: FixInputForms.'ours: message from a span of octets (no partner)': DefaultJob [Reading=Order]
// *** Execute ***
// Launch: 1 / 1
// Execute: dotnet qfcompare-DefaultJob-1.dll --anonymousPipes 2848 2816 --benchmarkName "QfCompare.FixInputForms.FromOctetSpan(Reading: Order)" --job Default --benchmarkId 6 in P:\dotgram.WorkTrees\fix-frozen\.work\qfcompare\bin\Release\net10.0\qfcompare-DefaultJob-1\bin\Release\net10.0
// BeforeAnythingElse

// Benchmark Process Environment Information:
// BenchmarkDotNet v0.15.8
// Runtime=.NET 10.0.12 (10.0.12, 10.0.1226.42308), X64 RyuJIT x86-64-v4
// GC=Concurrent Workstation
// HardwareIntrinsics=AVX512 BITALG+VBMI2+VNNI+VPOPCNTDQ,AVX512 IFMA+VBMI,AVX512 F+BW+CD+DQ+VL,AVX2+BMI1+BMI2+F16C+FMA+LZCNT+MOVBE,AVX,SSE3+SSSE3+SSE4.1+SSE4.2+POPCNT,X86Base+SSE+SSE2,AES+PCLMUL,AvxVnni VectorSize=256
// Job: DefaultJob

OverheadJitting  1: 1 op, 134300.00 ns, 134.3000 us/op
WorkloadJitting  1: 1 op, 154900.00 ns, 154.9000 us/op

OverheadJitting  2: 16 op, 243300.00 ns, 15.2063 us/op
WorkloadJitting  2: 16 op, 409900.00 ns, 25.6188 us/op

WorkloadPilot    1: 16 op, 163100.00 ns, 10.1938 us/op
WorkloadPilot    2: 32 op, 312400.00 ns, 9.7625 us/op
WorkloadPilot    3: 64 op, 646400.00 ns, 10.1000 us/op
WorkloadPilot    4: 128 op, 1327300.00 ns, 10.3695 us/op
WorkloadPilot    5: 256 op, 2522000.00 ns, 9.8516 us/op
WorkloadPilot    6: 512 op, 5160500.00 ns, 10.0791 us/op
WorkloadPilot    7: 1024 op, 9090800.00 ns, 8.8777 us/op
WorkloadPilot    8: 2048 op, 17409600.00 ns, 8.5008 us/op
WorkloadPilot    9: 4096 op, 34335500.00 ns, 8.3827 us/op
WorkloadPilot   10: 8192 op, 66452000.00 ns, 8.1118 us/op
WorkloadPilot   11: 16384 op, 134855400.00 ns, 8.2309 us/op
WorkloadPilot   12: 32768 op, 250568200.00 ns, 7.6467 us/op
WorkloadPilot   13: 65536 op, 100135900.00 ns, 1.5280 us/op
WorkloadPilot   14: 131072 op, 167263400.00 ns, 1.2761 us/op
WorkloadPilot   15: 262144 op, 318175100.00 ns, 1.2137 us/op
WorkloadPilot   16: 524288 op, 638179100.00 ns, 1.2172 us/op

OverheadWarmup   1: 524288 op, 702500.00 ns, 1.3399 ns/op
OverheadWarmup   2: 524288 op, 699900.00 ns, 1.3350 ns/op
OverheadWarmup   3: 524288 op, 693700.00 ns, 1.3231 ns/op
OverheadWarmup   4: 524288 op, 690000.00 ns, 1.3161 ns/op
OverheadWarmup   5: 524288 op, 691200.00 ns, 1.3184 ns/op
OverheadWarmup   6: 524288 op, 691300.00 ns, 1.3186 ns/op
OverheadWarmup   7: 524288 op, 687900.00 ns, 1.3121 ns/op
OverheadWarmup   8: 524288 op, 690500.00 ns, 1.3170 ns/op
OverheadWarmup   9: 524288 op, 693900.00 ns, 1.3235 ns/op
OverheadWarmup  10: 524288 op, 691900.00 ns, 1.3197 ns/op

OverheadActual   1: 524288 op, 693800.00 ns, 1.3233 ns/op
OverheadActual   2: 524288 op, 699200.00 ns, 1.3336 ns/op
OverheadActual   3: 524288 op, 696900.00 ns, 1.3292 ns/op
OverheadActual   4: 524288 op, 691500.00 ns, 1.3189 ns/op
OverheadActual   5: 524288 op, 690200.00 ns, 1.3165 ns/op
OverheadActual   6: 524288 op, 691100.00 ns, 1.3182 ns/op
OverheadActual   7: 524288 op, 692300.00 ns, 1.3205 ns/op
OverheadActual   8: 524288 op, 689600.00 ns, 1.3153 ns/op
OverheadActual   9: 524288 op, 690100.00 ns, 1.3163 ns/op
OverheadActual  10: 524288 op, 686700.00 ns, 1.3098 ns/op
OverheadActual  11: 524288 op, 691800.00 ns, 1.3195 ns/op
OverheadActual  12: 524288 op, 692500.00 ns, 1.3208 ns/op
OverheadActual  13: 524288 op, 695300.00 ns, 1.3262 ns/op
OverheadActual  14: 524288 op, 693400.00 ns, 1.3226 ns/op
OverheadActual  15: 524288 op, 695100.00 ns, 1.3258 ns/op

WorkloadWarmup   1: 524288 op, 646728400.00 ns, 1.2335 us/op
WorkloadWarmup   2: 524288 op, 696932100.00 ns, 1.3293 us/op
WorkloadWarmup   3: 524288 op, 679613300.00 ns, 1.2963 us/op
WorkloadWarmup   4: 524288 op, 707996500.00 ns, 1.3504 us/op
WorkloadWarmup   5: 524288 op, 663926000.00 ns, 1.2663 us/op
WorkloadWarmup   6: 524288 op, 686948000.00 ns, 1.3102 us/op

// BeforeActualRun
WorkloadActual   1: 524288 op, 687642500.00 ns, 1.3116 us/op
WorkloadActual   2: 524288 op, 682417700.00 ns, 1.3016 us/op
WorkloadActual   3: 524288 op, 737157000.00 ns, 1.4060 us/op
WorkloadActual   4: 524288 op, 678352900.00 ns, 1.2939 us/op
WorkloadActual   5: 524288 op, 677738900.00 ns, 1.2927 us/op
WorkloadActual   6: 524288 op, 674883400.00 ns, 1.2872 us/op
WorkloadActual   7: 524288 op, 673627800.00 ns, 1.2848 us/op
WorkloadActual   8: 524288 op, 682996800.00 ns, 1.3027 us/op
WorkloadActual   9: 524288 op, 681416600.00 ns, 1.2997 us/op
WorkloadActual  10: 524288 op, 685037300.00 ns, 1.3066 us/op
WorkloadActual  11: 524288 op, 670368100.00 ns, 1.2786 us/op
WorkloadActual  12: 524288 op, 685428200.00 ns, 1.3074 us/op
WorkloadActual  13: 524288 op, 696415600.00 ns, 1.3283 us/op
WorkloadActual  14: 524288 op, 673622800.00 ns, 1.2848 us/op
WorkloadActual  15: 524288 op, 679107100.00 ns, 1.2953 us/op

// AfterActualRun
WorkloadResult   1: 524288 op, 686950200.00 ns, 1.3103 us/op
WorkloadResult   2: 524288 op, 681725400.00 ns, 1.3003 us/op
WorkloadResult   3: 524288 op, 677660600.00 ns, 1.2925 us/op
WorkloadResult   4: 524288 op, 677046600.00 ns, 1.2914 us/op
WorkloadResult   5: 524288 op, 674191100.00 ns, 1.2859 us/op
WorkloadResult   6: 524288 op, 672935500.00 ns, 1.2835 us/op
WorkloadResult   7: 524288 op, 682304500.00 ns, 1.3014 us/op
WorkloadResult   8: 524288 op, 680724300.00 ns, 1.2984 us/op
WorkloadResult   9: 524288 op, 684345000.00 ns, 1.3053 us/op
WorkloadResult  10: 524288 op, 669675800.00 ns, 1.2773 us/op
WorkloadResult  11: 524288 op, 684735900.00 ns, 1.3060 us/op
WorkloadResult  12: 524288 op, 695723300.00 ns, 1.3270 us/op
WorkloadResult  13: 524288 op, 672930500.00 ns, 1.2835 us/op
WorkloadResult  14: 524288 op, 678414800.00 ns, 1.2940 us/op
// GC:  49 0 0 2491416576 524288
// Threading:  0 0 524288

// AfterAll
// Benchmark Process 29684 has exited with code 0.

Mean = 1.297 us, StdErr = 0.003 us (0.27%), N = 14, StdDev = 0.013 us
Min = 1.277 us, Q1 = 1.287 us, Median = 1.296 us, Q3 = 1.304 us, Max = 1.327 us
IQR = 0.017 us, LowerFence = 1.262 us, UpperFence = 1.330 us
ConfidenceInterval = [1.282 us; 1.312 us] (CI 99.9%), Margin = 0.015 us (1.13% of Mean)
Skewness = 0.56, Kurtosis = 2.74, MValue = 2

// ** Remained 13 (65.0%) benchmark(s) to run. Estimated finish 2026-09-21 12:46 (0h 4m from now) **
Setup power plan (GUID: 8c5e7fda-e8bf-4a96-9a85-a6e23a8c635c FriendlyName: High performance)
// **************************
// Benchmark: FixInputForms.'ours: fields from a string': DefaultJob [Reading=Order]
// *** Execute ***
// Launch: 1 / 1
// Execute: dotnet qfcompare-DefaultJob-1.dll --anonymousPipes 2800 2232 --benchmarkName "QfCompare.FixInputForms.FieldsFromString(Reading: Order)" --job Default --benchmarkId 7 in P:\dotgram.WorkTrees\fix-frozen\.work\qfcompare\bin\Release\net10.0\qfcompare-DefaultJob-1\bin\Release\net10.0
// BeforeAnythingElse

// Benchmark Process Environment Information:
// BenchmarkDotNet v0.15.8
// Runtime=.NET 10.0.12 (10.0.12, 10.0.1226.42308), X64 RyuJIT x86-64-v4
// GC=Concurrent Workstation
// HardwareIntrinsics=AVX512 BITALG+VBMI2+VNNI+VPOPCNTDQ,AVX512 IFMA+VBMI,AVX512 F+BW+CD+DQ+VL,AVX2+BMI1+BMI2+F16C+FMA+LZCNT+MOVBE,AVX,SSE3+SSSE3+SSE4.1+SSE4.2+POPCNT,X86Base+SSE+SSE2,AES+PCLMUL,AvxVnni VectorSize=256
// Job: DefaultJob

OverheadJitting  1: 1 op, 130700.00 ns, 130.7000 us/op
WorkloadJitting  1: 1 op, 138400.00 ns, 138.4000 us/op

OverheadJitting  2: 16 op, 234400.00 ns, 14.6500 us/op
WorkloadJitting  2: 16 op, 325700.00 ns, 20.3563 us/op

WorkloadPilot    1: 16 op, 76600.00 ns, 4.7875 us/op
WorkloadPilot    2: 32 op, 151200.00 ns, 4.7250 us/op
WorkloadPilot    3: 64 op, 295900.00 ns, 4.6234 us/op
WorkloadPilot    4: 128 op, 622300.00 ns, 4.8617 us/op
WorkloadPilot    5: 256 op, 1230500.00 ns, 4.8066 us/op
WorkloadPilot    6: 512 op, 2579800.00 ns, 5.0387 us/op
WorkloadPilot    7: 1024 op, 4725300.00 ns, 4.6146 us/op
WorkloadPilot    8: 2048 op, 8983600.00 ns, 4.3865 us/op
WorkloadPilot    9: 4096 op, 16790900.00 ns, 4.0993 us/op
WorkloadPilot   10: 8192 op, 32498000.00 ns, 3.9670 us/op
WorkloadPilot   11: 16384 op, 64244400.00 ns, 3.9212 us/op
WorkloadPilot   12: 32768 op, 58386300.00 ns, 1.7818 us/op
WorkloadPilot   13: 65536 op, 40624500.00 ns, 619.8807 ns/op
WorkloadPilot   14: 131072 op, 76323000.00 ns, 582.2983 ns/op
WorkloadPilot   15: 262144 op, 152361500.00 ns, 581.2130 ns/op
WorkloadPilot   16: 524288 op, 301823300.00 ns, 575.6823 ns/op
WorkloadPilot   17: 1048576 op, 605677300.00 ns, 577.6189 ns/op

OverheadWarmup   1: 1048576 op, 1382400.00 ns, 1.3184 ns/op
OverheadWarmup   2: 1048576 op, 1375400.00 ns, 1.3117 ns/op
OverheadWarmup   3: 1048576 op, 1366400.00 ns, 1.3031 ns/op
OverheadWarmup   4: 1048576 op, 1366400.00 ns, 1.3031 ns/op
OverheadWarmup   5: 1048576 op, 1364400.00 ns, 1.3012 ns/op
OverheadWarmup   6: 1048576 op, 1362800.00 ns, 1.2997 ns/op
OverheadWarmup   7: 1048576 op, 1399200.00 ns, 1.3344 ns/op
OverheadWarmup   8: 1048576 op, 1455700.00 ns, 1.3883 ns/op
OverheadWarmup   9: 1048576 op, 1371900.00 ns, 1.3083 ns/op

OverheadActual   1: 1048576 op, 1364900.00 ns, 1.3017 ns/op
OverheadActual   2: 1048576 op, 1363900.00 ns, 1.3007 ns/op
OverheadActual   3: 1048576 op, 1364900.00 ns, 1.3017 ns/op
OverheadActual   4: 1048576 op, 1365300.00 ns, 1.3021 ns/op
OverheadActual   5: 1048576 op, 1364000.00 ns, 1.3008 ns/op
OverheadActual   6: 1048576 op, 1373400.00 ns, 1.3098 ns/op
OverheadActual   7: 1048576 op, 1385400.00 ns, 1.3212 ns/op
OverheadActual   8: 1048576 op, 1379500.00 ns, 1.3156 ns/op
OverheadActual   9: 1048576 op, 1372400.00 ns, 1.3088 ns/op
OverheadActual  10: 1048576 op, 1377000.00 ns, 1.3132 ns/op
OverheadActual  11: 1048576 op, 1376000.00 ns, 1.3123 ns/op
OverheadActual  12: 1048576 op, 1359500.00 ns, 1.2965 ns/op
OverheadActual  13: 1048576 op, 1382400.00 ns, 1.3184 ns/op
OverheadActual  14: 1048576 op, 1383500.00 ns, 1.3194 ns/op
OverheadActual  15: 1048576 op, 1374900.00 ns, 1.3112 ns/op

WorkloadWarmup   1: 1048576 op, 632175200.00 ns, 602.8893 ns/op
WorkloadWarmup   2: 1048576 op, 608327200.00 ns, 580.1460 ns/op
WorkloadWarmup   3: 1048576 op, 633672000.00 ns, 604.3167 ns/op
WorkloadWarmup   4: 1048576 op, 635529500.00 ns, 606.0882 ns/op
WorkloadWarmup   5: 1048576 op, 636988700.00 ns, 607.4798 ns/op
WorkloadWarmup   6: 1048576 op, 639030500.00 ns, 609.4270 ns/op
WorkloadWarmup   7: 1048576 op, 634990300.00 ns, 605.5739 ns/op
WorkloadWarmup   8: 1048576 op, 632153700.00 ns, 602.8687 ns/op
WorkloadWarmup   9: 1048576 op, 662019800.00 ns, 631.3513 ns/op
WorkloadWarmup  10: 1048576 op, 633099300.00 ns, 603.7705 ns/op

// BeforeActualRun
WorkloadActual   1: 1048576 op, 645114200.00 ns, 615.2288 ns/op
WorkloadActual   2: 1048576 op, 639914500.00 ns, 610.2700 ns/op
WorkloadActual   3: 1048576 op, 655994100.00 ns, 625.6047 ns/op
WorkloadActual   4: 1048576 op, 658373400.00 ns, 627.8738 ns/op
WorkloadActual   5: 1048576 op, 639075000.00 ns, 609.4694 ns/op
WorkloadActual   6: 1048576 op, 666107400.00 ns, 635.2495 ns/op
WorkloadActual   7: 1048576 op, 693237200.00 ns, 661.1225 ns/op
WorkloadActual   8: 1048576 op, 635015200.00 ns, 605.5977 ns/op
WorkloadActual   9: 1048576 op, 640425600.00 ns, 610.7574 ns/op
WorkloadActual  10: 1048576 op, 644641000.00 ns, 614.7776 ns/op
WorkloadActual  11: 1048576 op, 665473300.00 ns, 634.6448 ns/op
WorkloadActual  12: 1048576 op, 645519800.00 ns, 615.6157 ns/op
WorkloadActual  13: 1048576 op, 643295200.00 ns, 613.4941 ns/op
WorkloadActual  14: 1048576 op, 640590900.00 ns, 610.9151 ns/op
WorkloadActual  15: 1048576 op, 658397800.00 ns, 627.8971 ns/op

// AfterActualRun
WorkloadResult   1: 1048576 op, 643740800.00 ns, 613.9191 ns/op
WorkloadResult   2: 1048576 op, 638541100.00 ns, 608.9602 ns/op
WorkloadResult   3: 1048576 op, 654620700.00 ns, 624.2949 ns/op
WorkloadResult   4: 1048576 op, 657000000.00 ns, 626.5640 ns/op
WorkloadResult   5: 1048576 op, 637701600.00 ns, 608.1596 ns/op
WorkloadResult   6: 1048576 op, 664734000.00 ns, 633.9397 ns/op
WorkloadResult   7: 1048576 op, 633641800.00 ns, 604.2879 ns/op
WorkloadResult   8: 1048576 op, 639052200.00 ns, 609.4477 ns/op
WorkloadResult   9: 1048576 op, 643267600.00 ns, 613.4678 ns/op
WorkloadResult  10: 1048576 op, 664099900.00 ns, 633.3350 ns/op
WorkloadResult  11: 1048576 op, 644146400.00 ns, 614.3059 ns/op
WorkloadResult  12: 1048576 op, 641921800.00 ns, 612.1843 ns/op
WorkloadResult  13: 1048576 op, 639217500.00 ns, 609.6053 ns/op
WorkloadResult  14: 1048576 op, 657024400.00 ns, 626.5873 ns/op
// GC:  24 0 0 1233125376 1048576
// Threading:  0 0 1048576

// AfterAll
// Benchmark Process 47156 has exited with code 0.

Mean = 617.076 ns, StdErr = 2.630 ns (0.43%), N = 14, StdDev = 9.840 ns
Min = 604.288 ns, Q1 = 609.487 ns, Median = 613.693 ns, Q3 = 625.997 ns, Max = 633.940 ns
IQR = 16.510 ns, LowerFence = 584.723 ns, UpperFence = 650.761 ns
ConfidenceInterval = [605.975 ns; 628.176 ns] (CI 99.9%), Margin = 11.101 ns (1.80% of Mean)
Skewness = 0.51, Kurtosis = 1.63, MValue = 2

// ** Remained 12 (60.0%) benchmark(s) to run. Estimated finish 2026-09-21 12:46 (0h 3m from now) **
Setup power plan (GUID: 8c5e7fda-e8bf-4a96-9a85-a6e23a8c635c FriendlyName: High performance)
// **************************
// Benchmark: FixInputForms.'ours: fields from octets (no partner)': DefaultJob [Reading=Order]
// *** Execute ***
// Launch: 1 / 1
// Execute: dotnet qfcompare-DefaultJob-1.dll --anonymousPipes 1588 1596 --benchmarkName "QfCompare.FixInputForms.FieldsFromOctets(Reading: Order)" --job Default --benchmarkId 8 in P:\dotgram.WorkTrees\fix-frozen\.work\qfcompare\bin\Release\net10.0\qfcompare-DefaultJob-1\bin\Release\net10.0
// BeforeAnythingElse

// Benchmark Process Environment Information:
// BenchmarkDotNet v0.15.8
// Runtime=.NET 10.0.12 (10.0.12, 10.0.1226.42308), X64 RyuJIT x86-64-v4
// GC=Concurrent Workstation
// HardwareIntrinsics=AVX512 BITALG+VBMI2+VNNI+VPOPCNTDQ,AVX512 IFMA+VBMI,AVX512 F+BW+CD+DQ+VL,AVX2+BMI1+BMI2+F16C+FMA+LZCNT+MOVBE,AVX,SSE3+SSSE3+SSE4.1+SSE4.2+POPCNT,X86Base+SSE+SSE2,AES+PCLMUL,AvxVnni VectorSize=256
// Job: DefaultJob

OverheadJitting  1: 1 op, 132400.00 ns, 132.4000 us/op
WorkloadJitting  1: 1 op, 155500.00 ns, 155.5000 us/op

OverheadJitting  2: 16 op, 231600.00 ns, 14.4750 us/op
WorkloadJitting  2: 16 op, 335800.00 ns, 20.9875 us/op

WorkloadPilot    1: 16 op, 98900.00 ns, 6.1813 us/op
WorkloadPilot    2: 32 op, 202600.00 ns, 6.3313 us/op
WorkloadPilot    3: 64 op, 422300.00 ns, 6.5984 us/op
WorkloadPilot    4: 128 op, 855500.00 ns, 6.6836 us/op
WorkloadPilot    5: 256 op, 1660400.00 ns, 6.4859 us/op
WorkloadPilot    6: 512 op, 3493300.00 ns, 6.8229 us/op
WorkloadPilot    7: 1024 op, 6645500.00 ns, 6.4897 us/op
WorkloadPilot    8: 2048 op, 12756300.00 ns, 6.2287 us/op
WorkloadPilot    9: 4096 op, 24944500.00 ns, 6.0900 us/op
WorkloadPilot   10: 8192 op, 49227500.00 ns, 6.0092 us/op
WorkloadPilot   11: 16384 op, 82193600.00 ns, 5.0167 us/op
WorkloadPilot   12: 32768 op, 34772400.00 ns, 1.0612 us/op
WorkloadPilot   13: 65536 op, 51845400.00 ns, 791.0980 ns/op
WorkloadPilot   14: 131072 op, 97876900.00 ns, 746.7415 ns/op
WorkloadPilot   15: 262144 op, 195387500.00 ns, 745.3442 ns/op
WorkloadPilot   16: 524288 op, 394099700.00 ns, 751.6855 ns/op
WorkloadPilot   17: 1048576 op, 783882900.00 ns, 747.5690 ns/op

OverheadWarmup   1: 1048576 op, 1363600.00 ns, 1.3004 ns/op
OverheadWarmup   2: 1048576 op, 1363200.00 ns, 1.3000 ns/op
OverheadWarmup   3: 1048576 op, 1421400.00 ns, 1.3556 ns/op
OverheadWarmup   4: 1048576 op, 1370100.00 ns, 1.3066 ns/op
OverheadWarmup   5: 1048576 op, 1370100.00 ns, 1.3066 ns/op
OverheadWarmup   6: 1048576 op, 1371200.00 ns, 1.3077 ns/op

OverheadActual   1: 1048576 op, 1362100.00 ns, 1.2990 ns/op
OverheadActual   2: 1048576 op, 1371300.00 ns, 1.3078 ns/op
OverheadActual   3: 1048576 op, 1385700.00 ns, 1.3215 ns/op
OverheadActual   4: 1048576 op, 1365800.00 ns, 1.3025 ns/op
OverheadActual   5: 1048576 op, 1362200.00 ns, 1.2991 ns/op
OverheadActual   6: 1048576 op, 1360000.00 ns, 1.2970 ns/op
OverheadActual   7: 1048576 op, 1357400.00 ns, 1.2945 ns/op
OverheadActual   8: 1048576 op, 1360900.00 ns, 1.2979 ns/op
OverheadActual   9: 1048576 op, 1362800.00 ns, 1.2997 ns/op
OverheadActual  10: 1048576 op, 1369300.00 ns, 1.3059 ns/op
OverheadActual  11: 1048576 op, 1366400.00 ns, 1.3031 ns/op
OverheadActual  12: 1048576 op, 1507400.00 ns, 1.4376 ns/op
OverheadActual  13: 1048576 op, 1374500.00 ns, 1.3108 ns/op
OverheadActual  14: 1048576 op, 1373100.00 ns, 1.3095 ns/op
OverheadActual  15: 1048576 op, 1367000.00 ns, 1.3037 ns/op

WorkloadWarmup   1: 1048576 op, 802251100.00 ns, 765.0863 ns/op
WorkloadWarmup   2: 1048576 op, 847854500.00 ns, 808.5771 ns/op
WorkloadWarmup   3: 1048576 op, 834336300.00 ns, 795.6851 ns/op
WorkloadWarmup   4: 1048576 op, 828670600.00 ns, 790.2819 ns/op
WorkloadWarmup   5: 1048576 op, 844750000.00 ns, 805.6164 ns/op
WorkloadWarmup   6: 1048576 op, 832817600.00 ns, 794.2368 ns/op

// BeforeActualRun
WorkloadActual   1: 1048576 op, 825900500.00 ns, 787.6401 ns/op
WorkloadActual   2: 1048576 op, 832938500.00 ns, 794.3521 ns/op
WorkloadActual   3: 1048576 op, 825320600.00 ns, 787.0871 ns/op
WorkloadActual   4: 1048576 op, 838691400.00 ns, 799.8384 ns/op
WorkloadActual   5: 1048576 op, 824103500.00 ns, 785.9263 ns/op
WorkloadActual   6: 1048576 op, 819322000.00 ns, 781.3663 ns/op
WorkloadActual   7: 1048576 op, 848134700.00 ns, 808.8443 ns/op
WorkloadActual   8: 1048576 op, 837308100.00 ns, 798.5192 ns/op
WorkloadActual   9: 1048576 op, 825831000.00 ns, 787.5738 ns/op
WorkloadActual  10: 1048576 op, 840769800.00 ns, 801.8206 ns/op
WorkloadActual  11: 1048576 op, 838062600.00 ns, 799.2388 ns/op
WorkloadActual  12: 1048576 op, 822041600.00 ns, 783.9600 ns/op
WorkloadActual  13: 1048576 op, 823577600.00 ns, 785.4248 ns/op
WorkloadActual  14: 1048576 op, 822859400.00 ns, 784.7399 ns/op
WorkloadActual  15: 1048576 op, 824755900.00 ns, 786.5485 ns/op

// AfterActualRun
WorkloadResult   1: 1048576 op, 824534100.00 ns, 786.3370 ns/op
WorkloadResult   2: 1048576 op, 831572100.00 ns, 793.0490 ns/op
WorkloadResult   3: 1048576 op, 823954200.00 ns, 785.7840 ns/op
WorkloadResult   4: 1048576 op, 837325000.00 ns, 798.5353 ns/op
WorkloadResult   5: 1048576 op, 822737100.00 ns, 784.6232 ns/op
WorkloadResult   6: 1048576 op, 817955600.00 ns, 780.0632 ns/op
WorkloadResult   7: 1048576 op, 846768300.00 ns, 807.5412 ns/op
WorkloadResult   8: 1048576 op, 835941700.00 ns, 797.2161 ns/op
WorkloadResult   9: 1048576 op, 824464600.00 ns, 786.2707 ns/op
WorkloadResult  10: 1048576 op, 839403400.00 ns, 800.5175 ns/op
WorkloadResult  11: 1048576 op, 836696200.00 ns, 797.9357 ns/op
WorkloadResult  12: 1048576 op, 820675200.00 ns, 782.6569 ns/op
WorkloadResult  13: 1048576 op, 822211200.00 ns, 784.1217 ns/op
WorkloadResult  14: 1048576 op, 821493000.00 ns, 783.4368 ns/op
WorkloadResult  15: 1048576 op, 823389500.00 ns, 785.2454 ns/op
// GC:  25 0 0 1291845632 1048576
// Threading:  0 0 1048576

// AfterAll
// Benchmark Process 56708 has exited with code 0.

Mean = 790.222 ns, StdErr = 2.118 ns (0.27%), N = 15, StdDev = 8.201 ns
Min = 780.063 ns, Q1 = 784.372 ns, Median = 786.271 ns, Q3 = 797.576 ns, Max = 807.541 ns
IQR = 13.203 ns, LowerFence = 764.567 ns, UpperFence = 817.381 ns
ConfidenceInterval = [781.454 ns; 798.990 ns] (CI 99.9%), Margin = 8.768 ns (1.11% of Mean)
Skewness = 0.62, Kurtosis = 1.94, MValue = 2

// ** Remained 11 (55.0%) benchmark(s) to run. Estimated finish 2026-09-21 12:46 (0h 3m from now) **
Setup power plan (GUID: 8c5e7fda-e8bf-4a96-9a85-a6e23a8c635c FriendlyName: High performance)
// **************************
// Benchmark: FixInputForms.'A/A ours: message from a string': DefaultJob [Reading=Order]
// *** Execute ***
// Launch: 1 / 1
// Execute: dotnet qfcompare-DefaultJob-1.dll --anonymousPipes 2872 2720 --benchmarkName "QfCompare.FixInputForms.FromStringAgain(Reading: Order)" --job Default --benchmarkId 9 in P:\dotgram.WorkTrees\fix-frozen\.work\qfcompare\bin\Release\net10.0\qfcompare-DefaultJob-1\bin\Release\net10.0
// BeforeAnythingElse

// Benchmark Process Environment Information:
// BenchmarkDotNet v0.15.8
// Runtime=.NET 10.0.12 (10.0.12, 10.0.1226.42308), X64 RyuJIT x86-64-v4
// GC=Concurrent Workstation
// HardwareIntrinsics=AVX512 BITALG+VBMI2+VNNI+VPOPCNTDQ,AVX512 IFMA+VBMI,AVX512 F+BW+CD+DQ+VL,AVX2+BMI1+BMI2+F16C+FMA+LZCNT+MOVBE,AVX,SSE3+SSSE3+SSE4.1+SSE4.2+POPCNT,X86Base+SSE+SSE2,AES+PCLMUL,AvxVnni VectorSize=256
// Job: DefaultJob

OverheadJitting  1: 1 op, 120300.00 ns, 120.3000 us/op
WorkloadJitting  1: 1 op, 190700.00 ns, 190.7000 us/op

OverheadJitting  2: 16 op, 238600.00 ns, 14.9125 us/op
WorkloadJitting  2: 16 op, 416900.00 ns, 26.0563 us/op

WorkloadPilot    1: 16 op, 138700.00 ns, 8.6688 us/op
WorkloadPilot    2: 32 op, 258600.00 ns, 8.0813 us/op
WorkloadPilot    3: 64 op, 568000.00 ns, 8.8750 us/op
WorkloadPilot    4: 128 op, 1121500.00 ns, 8.7617 us/op
WorkloadPilot    5: 256 op, 2055200.00 ns, 8.0281 us/op
WorkloadPilot    6: 512 op, 4121500.00 ns, 8.0498 us/op
WorkloadPilot    7: 1024 op, 7409000.00 ns, 7.2354 us/op
WorkloadPilot    8: 2048 op, 14453100.00 ns, 7.0572 us/op
WorkloadPilot    9: 4096 op, 27575400.00 ns, 6.7323 us/op
WorkloadPilot   10: 8192 op, 52882600.00 ns, 6.4554 us/op
WorkloadPilot   11: 16384 op, 100919300.00 ns, 6.1596 us/op
WorkloadPilot   12: 32768 op, 237238500.00 ns, 7.2399 us/op
WorkloadPilot   13: 65536 op, 142931900.00 ns, 2.1810 us/op
WorkloadPilot   14: 131072 op, 149235300.00 ns, 1.1386 us/op
WorkloadPilot   15: 262144 op, 279502700.00 ns, 1.0662 us/op
WorkloadPilot   16: 524288 op, 560921500.00 ns, 1.0699 us/op

OverheadWarmup   1: 524288 op, 681500.00 ns, 1.2999 ns/op
OverheadWarmup   2: 524288 op, 683300.00 ns, 1.3033 ns/op
OverheadWarmup   3: 524288 op, 688700.00 ns, 1.3136 ns/op
OverheadWarmup   4: 524288 op, 688500.00 ns, 1.3132 ns/op
OverheadWarmup   5: 524288 op, 693000.00 ns, 1.3218 ns/op
OverheadWarmup   6: 524288 op, 682300.00 ns, 1.3014 ns/op

OverheadActual   1: 524288 op, 683300.00 ns, 1.3033 ns/op
OverheadActual   2: 524288 op, 679800.00 ns, 1.2966 ns/op
OverheadActual   3: 524288 op, 682800.00 ns, 1.3023 ns/op
OverheadActual   4: 524288 op, 680200.00 ns, 1.2974 ns/op
OverheadActual   5: 524288 op, 681300.00 ns, 1.2995 ns/op
OverheadActual   6: 524288 op, 729900.00 ns, 1.3922 ns/op
OverheadActual   7: 524288 op, 680200.00 ns, 1.2974 ns/op
OverheadActual   8: 524288 op, 682900.00 ns, 1.3025 ns/op
OverheadActual   9: 524288 op, 680400.00 ns, 1.2978 ns/op
OverheadActual  10: 524288 op, 681500.00 ns, 1.2999 ns/op
OverheadActual  11: 524288 op, 687200.00 ns, 1.3107 ns/op
OverheadActual  12: 524288 op, 684600.00 ns, 1.3058 ns/op
OverheadActual  13: 524288 op, 681700.00 ns, 1.3002 ns/op
OverheadActual  14: 524288 op, 679300.00 ns, 1.2957 ns/op
OverheadActual  15: 524288 op, 683900.00 ns, 1.3044 ns/op

WorkloadWarmup   1: 524288 op, 572463200.00 ns, 1.0919 us/op
WorkloadWarmup   2: 524288 op, 568464800.00 ns, 1.0843 us/op
WorkloadWarmup   3: 524288 op, 582358200.00 ns, 1.1108 us/op
WorkloadWarmup   4: 524288 op, 586297900.00 ns, 1.1183 us/op
WorkloadWarmup   5: 524288 op, 621025800.00 ns, 1.1845 us/op
WorkloadWarmup   6: 524288 op, 603557100.00 ns, 1.1512 us/op
WorkloadWarmup   7: 524288 op, 594950500.00 ns, 1.1348 us/op
WorkloadWarmup   8: 524288 op, 598433500.00 ns, 1.1414 us/op
WorkloadWarmup   9: 524288 op, 599645700.00 ns, 1.1437 us/op
WorkloadWarmup  10: 524288 op, 592665500.00 ns, 1.1304 us/op

// BeforeActualRun
WorkloadActual   1: 524288 op, 601702900.00 ns, 1.1477 us/op
WorkloadActual   2: 524288 op, 598783900.00 ns, 1.1421 us/op
WorkloadActual   3: 524288 op, 592444200.00 ns, 1.1300 us/op
WorkloadActual   4: 524288 op, 598608900.00 ns, 1.1418 us/op
WorkloadActual   5: 524288 op, 634795600.00 ns, 1.2108 us/op
WorkloadActual   6: 524288 op, 605514100.00 ns, 1.1549 us/op
WorkloadActual   7: 524288 op, 610718000.00 ns, 1.1649 us/op
WorkloadActual   8: 524288 op, 607985300.00 ns, 1.1596 us/op
WorkloadActual   9: 524288 op, 602534300.00 ns, 1.1492 us/op
WorkloadActual  10: 524288 op, 593562500.00 ns, 1.1321 us/op
WorkloadActual  11: 524288 op, 585951900.00 ns, 1.1176 us/op
WorkloadActual  12: 524288 op, 591498700.00 ns, 1.1282 us/op
WorkloadActual  13: 524288 op, 620771800.00 ns, 1.1840 us/op
WorkloadActual  14: 524288 op, 599270200.00 ns, 1.1430 us/op
WorkloadActual  15: 524288 op, 593420800.00 ns, 1.1319 us/op

// AfterActualRun
WorkloadResult   1: 524288 op, 601021200.00 ns, 1.1464 us/op
WorkloadResult   2: 524288 op, 598102200.00 ns, 1.1408 us/op
WorkloadResult   3: 524288 op, 591762500.00 ns, 1.1287 us/op
WorkloadResult   4: 524288 op, 597927200.00 ns, 1.1405 us/op
WorkloadResult   5: 524288 op, 604832400.00 ns, 1.1536 us/op
WorkloadResult   6: 524288 op, 610036300.00 ns, 1.1636 us/op
WorkloadResult   7: 524288 op, 607303600.00 ns, 1.1583 us/op
WorkloadResult   8: 524288 op, 601852600.00 ns, 1.1479 us/op
WorkloadResult   9: 524288 op, 592880800.00 ns, 1.1308 us/op
WorkloadResult  10: 524288 op, 585270200.00 ns, 1.1163 us/op
WorkloadResult  11: 524288 op, 590817000.00 ns, 1.1269 us/op
WorkloadResult  12: 524288 op, 620090100.00 ns, 1.1827 us/op
WorkloadResult  13: 524288 op, 598588500.00 ns, 1.1417 us/op
WorkloadResult  14: 524288 op, 592739100.00 ns, 1.1306 us/op
// GC:  44 0 0 2243952640 524288
// Threading:  0 0 524288

// AfterAll
// Benchmark Process 58956 has exited with code 0.

Mean = 1.143 us, StdErr = 0.005 us (0.40%), N = 14, StdDev = 0.017 us
Min = 1.116 us, Q1 = 1.131 us, Median = 1.141 us, Q3 = 1.152 us, Max = 1.183 us
IQR = 0.022 us, LowerFence = 1.098 us, UpperFence = 1.185 us
ConfidenceInterval = [1.124 us; 1.163 us] (CI 99.9%), Margin = 0.019 us (1.70% of Mean)
Skewness = 0.57, Kurtosis = 2.67, MValue = 2

// ** Remained 10 (50.0%) benchmark(s) to run. Estimated finish 2026-09-21 12:46 (0h 3m from now) **
Setup power plan (GUID: 8c5e7fda-e8bf-4a96-9a85-a6e23a8c635c FriendlyName: High performance)
// **************************
// Benchmark: FixInputForms.'ours: message from a string': DefaultJob [Reading=PartiesLarge]
// *** Execute ***
// Launch: 1 / 1
// Execute: dotnet qfcompare-DefaultJob-1.dll --anonymousPipes 2672 2676 --benchmarkName "QfCompare.FixInputForms.FromString(Reading: PartiesLarge)" --job Default --benchmarkId 10 in P:\dotgram.WorkTrees\fix-frozen\.work\qfcompare\bin\Release\net10.0\qfcompare-DefaultJob-1\bin\Release\net10.0
// BeforeAnythingElse

// Benchmark Process Environment Information:
// BenchmarkDotNet v0.15.8
// Runtime=.NET 10.0.12 (10.0.12, 10.0.1226.42308), X64 RyuJIT x86-64-v4
// GC=Concurrent Workstation
// HardwareIntrinsics=AVX512 BITALG+VBMI2+VNNI+VPOPCNTDQ,AVX512 IFMA+VBMI,AVX512 F+BW+CD+DQ+VL,AVX2+BMI1+BMI2+F16C+FMA+LZCNT+MOVBE,AVX,SSE3+SSSE3+SSE4.1+SSE4.2+POPCNT,X86Base+SSE+SSE2,AES+PCLMUL,AvxVnni VectorSize=256
// Job: DefaultJob

OverheadJitting  1: 1 op, 119400.00 ns, 119.4000 us/op
WorkloadJitting  1: 1 op, 1068100.00 ns, 1.0681 ms/op

OverheadJitting  2: 16 op, 238800.00 ns, 14.9250 us/op
WorkloadJitting  2: 16 op, 16040900.00 ns, 1.0026 ms/op

WorkloadPilot    1: 16 op, 12773400.00 ns, 798.3375 us/op
WorkloadPilot    2: 32 op, 25509100.00 ns, 797.1594 us/op
WorkloadPilot    3: 64 op, 50556700.00 ns, 789.9484 us/op
WorkloadPilot    4: 128 op, 116042600.00 ns, 906.5828 us/op
WorkloadPilot    5: 256 op, 217317800.00 ns, 848.8977 us/op
WorkloadPilot    6: 512 op, 243647700.00 ns, 475.8744 us/op
WorkloadPilot    7: 1024 op, 489254900.00 ns, 477.7880 us/op
WorkloadPilot    8: 2048 op, 952740400.00 ns, 465.2053 us/op

OverheadWarmup   1: 2048 op, 3900.00 ns, 1.9043 ns/op
OverheadWarmup   2: 2048 op, 2800.00 ns, 1.3672 ns/op
OverheadWarmup   3: 2048 op, 3000.00 ns, 1.4648 ns/op
OverheadWarmup   4: 2048 op, 2600.00 ns, 1.2695 ns/op
OverheadWarmup   5: 2048 op, 3000.00 ns, 1.4648 ns/op
OverheadWarmup   6: 2048 op, 2700.00 ns, 1.3184 ns/op

OverheadActual   1: 2048 op, 3000.00 ns, 1.4648 ns/op
OverheadActual   2: 2048 op, 3000.00 ns, 1.4648 ns/op
OverheadActual   3: 2048 op, 3000.00 ns, 1.4648 ns/op
OverheadActual   4: 2048 op, 2900.00 ns, 1.4160 ns/op
OverheadActual   5: 2048 op, 3000.00 ns, 1.4648 ns/op
OverheadActual   6: 2048 op, 2700.00 ns, 1.3184 ns/op
OverheadActual   7: 2048 op, 2700.00 ns, 1.3184 ns/op
OverheadActual   8: 2048 op, 3000.00 ns, 1.4648 ns/op
OverheadActual   9: 2048 op, 2800.00 ns, 1.3672 ns/op
OverheadActual  10: 2048 op, 2700.00 ns, 1.3184 ns/op
OverheadActual  11: 2048 op, 3000.00 ns, 1.4648 ns/op
OverheadActual  12: 2048 op, 2600.00 ns, 1.2695 ns/op
OverheadActual  13: 2048 op, 2800.00 ns, 1.3672 ns/op
OverheadActual  14: 2048 op, 3000.00 ns, 1.4648 ns/op
OverheadActual  15: 2048 op, 2900.00 ns, 1.4160 ns/op
OverheadActual  16: 2048 op, 2700.00 ns, 1.3184 ns/op
OverheadActual  17: 2048 op, 2700.00 ns, 1.3184 ns/op

WorkloadWarmup   1: 2048 op, 972704900.00 ns, 474.9536 us/op
WorkloadWarmup   2: 2048 op, 939145600.00 ns, 458.5672 us/op
WorkloadWarmup   3: 2048 op, 973717600.00 ns, 475.4480 us/op
WorkloadWarmup   4: 2048 op, 955176100.00 ns, 466.3946 us/op
WorkloadWarmup   5: 2048 op, 956602300.00 ns, 467.0910 us/op
WorkloadWarmup   6: 2048 op, 972387300.00 ns, 474.7985 us/op
WorkloadWarmup   7: 2048 op, 973951500.00 ns, 475.5623 us/op
WorkloadWarmup   8: 2048 op, 972429600.00 ns, 474.8191 us/op

// BeforeActualRun
WorkloadActual   1: 2048 op, 966031000.00 ns, 471.6948 us/op
WorkloadActual   2: 2048 op, 963355800.00 ns, 470.3886 us/op
WorkloadActual   3: 2048 op, 967706900.00 ns, 472.5131 us/op
WorkloadActual   4: 2048 op, 958150900.00 ns, 467.8471 us/op
WorkloadActual   5: 2048 op, 970048900.00 ns, 473.6567 us/op
WorkloadActual   6: 2048 op, 968530100.00 ns, 472.9151 us/op
WorkloadActual   7: 2048 op, 969975000.00 ns, 473.6206 us/op
WorkloadActual   8: 2048 op, 969419400.00 ns, 473.3493 us/op
WorkloadActual   9: 2048 op, 968087700.00 ns, 472.6991 us/op
WorkloadActual  10: 2048 op, 975719200.00 ns, 476.4254 us/op
WorkloadActual  11: 2048 op, 952936100.00 ns, 465.3008 us/op
WorkloadActual  12: 2048 op, 969590600.00 ns, 473.4329 us/op
WorkloadActual  13: 2048 op, 970227100.00 ns, 473.7437 us/op
WorkloadActual  14: 2048 op, 975735200.00 ns, 476.4332 us/op
WorkloadActual  15: 2048 op, 955141100.00 ns, 466.3775 us/op

// AfterActualRun
WorkloadResult   1: 2048 op, 966028100.00 ns, 471.6934 us/op
WorkloadResult   2: 2048 op, 963352900.00 ns, 470.3872 us/op
WorkloadResult   3: 2048 op, 967704000.00 ns, 472.5117 us/op
WorkloadResult   4: 2048 op, 958148000.00 ns, 467.8457 us/op
WorkloadResult   5: 2048 op, 970046000.00 ns, 473.6553 us/op
WorkloadResult   6: 2048 op, 968527200.00 ns, 472.9137 us/op
WorkloadResult   7: 2048 op, 969972100.00 ns, 473.6192 us/op
WorkloadResult   8: 2048 op, 969416500.00 ns, 473.3479 us/op
WorkloadResult   9: 2048 op, 968084800.00 ns, 472.6977 us/op
WorkloadResult  10: 2048 op, 975716300.00 ns, 476.4240 us/op
WorkloadResult  11: 2048 op, 952933200.00 ns, 465.2994 us/op
WorkloadResult  12: 2048 op, 969587700.00 ns, 473.4315 us/op
WorkloadResult  13: 2048 op, 970224200.00 ns, 473.7423 us/op
WorkloadResult  14: 2048 op, 975732300.00 ns, 476.4318 us/op
WorkloadResult  15: 2048 op, 955138200.00 ns, 466.3761 us/op
// GC:  77 69 62 1025023888 2048
// Threading:  0 0 2048

// AfterAll
// Benchmark Process 48012 has exited with code 0.

Mean = 472.025 us, StdErr = 0.844 us (0.18%), N = 15, StdDev = 3.268 us
Min = 465.299 us, Q1 = 471.040 us, Median = 472.914 us, Q3 = 473.637 us, Max = 476.432 us
IQR = 2.597 us, LowerFence = 467.145 us, UpperFence = 477.533 us
ConfidenceInterval = [468.531 us; 475.519 us] (CI 99.9%), Margin = 3.494 us (0.74% of Mean)
Skewness = -0.71, Kurtosis = 2.43, MValue = 2

// ** Remained 9 (45.0%) benchmark(s) to run. Estimated finish 2026-09-21 12:46 (0h 3m from now) **
Setup power plan (GUID: 8c5e7fda-e8bf-4a96-9a85-a6e23a8c635c FriendlyName: High performance)
// **************************
// Benchmark: FixInputForms.'QuickFIX/n: message from a string (their only form)': DefaultJob [Reading=PartiesLarge]
// *** Execute ***
// Launch: 1 / 1
// Execute: dotnet qfcompare-DefaultJob-1.dll --anonymousPipes 1596 2680 --benchmarkName "QfCompare.FixInputForms.Theirs(Reading: PartiesLarge)" --job Default --benchmarkId 11 in P:\dotgram.WorkTrees\fix-frozen\.work\qfcompare\bin\Release\net10.0\qfcompare-DefaultJob-1\bin\Release\net10.0
// BeforeAnythingElse

// Benchmark Process Environment Information:
// BenchmarkDotNet v0.15.8
// Runtime=.NET 10.0.12 (10.0.12, 10.0.1226.42308), X64 RyuJIT x86-64-v4
// GC=Concurrent Workstation
// HardwareIntrinsics=AVX512 BITALG+VBMI2+VNNI+VPOPCNTDQ,AVX512 IFMA+VBMI,AVX512 F+BW+CD+DQ+VL,AVX2+BMI1+BMI2+F16C+FMA+LZCNT+MOVBE,AVX,SSE3+SSSE3+SSE4.1+SSE4.2+POPCNT,X86Base+SSE+SSE2,AES+PCLMUL,AvxVnni VectorSize=256
// Job: DefaultJob

OverheadJitting  1: 1 op, 124000.00 ns, 124.0000 us/op
WorkloadJitting  1: 1 op, 17277900.00 ns, 17.2779 ms/op

OverheadJitting  2: 16 op, 229800.00 ns, 14.3625 us/op
WorkloadJitting  2: 16 op, 23259300.00 ns, 1.4537 ms/op

WorkloadPilot    1: 16 op, 15187300.00 ns, 949.2063 us/op
WorkloadPilot    2: 32 op, 30659300.00 ns, 958.1031 us/op
WorkloadPilot    3: 64 op, 51016300.00 ns, 797.1297 us/op
WorkloadPilot    4: 128 op, 139558000.00 ns, 1.0903 ms/op
WorkloadPilot    5: 256 op, 198292600.00 ns, 774.5805 us/op
WorkloadPilot    6: 512 op, 119050400.00 ns, 232.5203 us/op
WorkloadPilot    7: 1024 op, 233213800.00 ns, 227.7479 us/op
WorkloadPilot    8: 2048 op, 461323800.00 ns, 225.2558 us/op
WorkloadPilot    9: 4096 op, 925207200.00 ns, 225.8807 us/op

OverheadWarmup   1: 4096 op, 6900.00 ns, 1.6846 ns/op
OverheadWarmup   2: 4096 op, 5700.00 ns, 1.3916 ns/op
OverheadWarmup   3: 4096 op, 5600.00 ns, 1.3672 ns/op
OverheadWarmup   4: 4096 op, 5500.00 ns, 1.3428 ns/op
OverheadWarmup   5: 4096 op, 5500.00 ns, 1.3428 ns/op
OverheadWarmup   6: 4096 op, 5500.00 ns, 1.3428 ns/op
OverheadWarmup   7: 4096 op, 5600.00 ns, 1.3672 ns/op
OverheadWarmup   8: 4096 op, 5300.00 ns, 1.2939 ns/op

OverheadActual   1: 4096 op, 5700.00 ns, 1.3916 ns/op
OverheadActual   2: 4096 op, 5400.00 ns, 1.3184 ns/op
OverheadActual   3: 4096 op, 5400.00 ns, 1.3184 ns/op
OverheadActual   4: 4096 op, 5700.00 ns, 1.3916 ns/op
OverheadActual   5: 4096 op, 5600.00 ns, 1.3672 ns/op
OverheadActual   6: 4096 op, 5500.00 ns, 1.3428 ns/op
OverheadActual   7: 4096 op, 5400.00 ns, 1.3184 ns/op
OverheadActual   8: 4096 op, 5600.00 ns, 1.3672 ns/op
OverheadActual   9: 4096 op, 6200.00 ns, 1.5137 ns/op
OverheadActual  10: 4096 op, 5400.00 ns, 1.3184 ns/op
OverheadActual  11: 4096 op, 5500.00 ns, 1.3428 ns/op
OverheadActual  12: 4096 op, 5500.00 ns, 1.3428 ns/op
OverheadActual  13: 4096 op, 5500.00 ns, 1.3428 ns/op
OverheadActual  14: 4096 op, 5500.00 ns, 1.3428 ns/op
OverheadActual  15: 4096 op, 5500.00 ns, 1.3428 ns/op

WorkloadWarmup   1: 4096 op, 1019999300.00 ns, 249.0233 us/op
WorkloadWarmup   2: 4096 op, 1077028600.00 ns, 262.9464 us/op
WorkloadWarmup   3: 4096 op, 1148416500.00 ns, 280.3751 us/op
WorkloadWarmup   4: 4096 op, 1028568100.00 ns, 251.1153 us/op
WorkloadWarmup   5: 4096 op, 976467100.00 ns, 238.3953 us/op
WorkloadWarmup   6: 4096 op, 987048500.00 ns, 240.9786 us/op
WorkloadWarmup   7: 4096 op, 988182000.00 ns, 241.2554 us/op
WorkloadWarmup   8: 4096 op, 999277200.00 ns, 243.9642 us/op
WorkloadWarmup   9: 4096 op, 1007763700.00 ns, 246.0361 us/op
WorkloadWarmup  10: 4096 op, 1046087500.00 ns, 255.3925 us/op
WorkloadWarmup  11: 4096 op, 1030041400.00 ns, 251.4750 us/op

// BeforeActualRun
WorkloadActual   1: 4096 op, 1075668100.00 ns, 262.6143 us/op
WorkloadActual   2: 4096 op, 1039410600.00 ns, 253.7624 us/op
WorkloadActual   3: 4096 op, 1087678800.00 ns, 265.5466 us/op
WorkloadActual   4: 4096 op, 1118265400.00 ns, 273.0140 us/op
WorkloadActual   5: 4096 op, 1017966700.00 ns, 248.5270 us/op
WorkloadActual   6: 4096 op, 1160259000.00 ns, 283.2664 us/op
WorkloadActual   7: 4096 op, 1001537300.00 ns, 244.5159 us/op
WorkloadActual   8: 4096 op, 1006860500.00 ns, 245.8156 us/op
WorkloadActual   9: 4096 op, 1035101500.00 ns, 252.7103 us/op
WorkloadActual  10: 4096 op, 1010387100.00 ns, 246.6765 us/op
WorkloadActual  11: 4096 op, 992239600.00 ns, 242.2460 us/op
WorkloadActual  12: 4096 op, 1028983900.00 ns, 251.2168 us/op
WorkloadActual  13: 4096 op, 986940000.00 ns, 240.9521 us/op
WorkloadActual  14: 4096 op, 1020904600.00 ns, 249.2443 us/op
WorkloadActual  15: 4096 op, 1044402300.00 ns, 254.9810 us/op
WorkloadActual  16: 4096 op, 1055474000.00 ns, 257.6841 us/op
WorkloadActual  17: 4096 op, 1021138400.00 ns, 249.3014 us/op
WorkloadActual  18: 4096 op, 1015119000.00 ns, 247.8318 us/op
WorkloadActual  19: 4096 op, 1076470400.00 ns, 262.8102 us/op
WorkloadActual  20: 4096 op, 1007649000.00 ns, 246.0081 us/op
WorkloadActual  21: 4096 op, 1009598900.00 ns, 246.4841 us/op
WorkloadActual  22: 4096 op, 1020109300.00 ns, 249.0501 us/op
WorkloadActual  23: 4096 op, 996215400.00 ns, 243.2167 us/op
WorkloadActual  24: 4096 op, 1023276100.00 ns, 249.8233 us/op
WorkloadActual  25: 4096 op, 1039575100.00 ns, 253.8025 us/op
WorkloadActual  26: 4096 op, 992842300.00 ns, 242.3931 us/op
WorkloadActual  27: 4096 op, 1021453500.00 ns, 249.3783 us/op

// AfterActualRun
WorkloadResult   1: 4096 op, 1075662600.00 ns, 262.6129 us/op
WorkloadResult   2: 4096 op, 1039405100.00 ns, 253.7610 us/op
WorkloadResult   3: 4096 op, 1087673300.00 ns, 265.5452 us/op
WorkloadResult   4: 4096 op, 1017961200.00 ns, 248.5257 us/op
WorkloadResult   5: 4096 op, 1001531800.00 ns, 244.5146 us/op
WorkloadResult   6: 4096 op, 1006855000.00 ns, 245.8142 us/op
WorkloadResult   7: 4096 op, 1035096000.00 ns, 252.7090 us/op
WorkloadResult   8: 4096 op, 1010381600.00 ns, 246.6752 us/op
WorkloadResult   9: 4096 op, 992234100.00 ns, 242.2447 us/op
WorkloadResult  10: 4096 op, 1028978400.00 ns, 251.2154 us/op
WorkloadResult  11: 4096 op, 986934500.00 ns, 240.9508 us/op
WorkloadResult  12: 4096 op, 1020899100.00 ns, 249.2429 us/op
WorkloadResult  13: 4096 op, 1044396800.00 ns, 254.9797 us/op
WorkloadResult  14: 4096 op, 1055468500.00 ns, 257.6827 us/op
WorkloadResult  15: 4096 op, 1021132900.00 ns, 249.3000 us/op
WorkloadResult  16: 4096 op, 1015113500.00 ns, 247.8304 us/op
WorkloadResult  17: 4096 op, 1076464900.00 ns, 262.8088 us/op
WorkloadResult  18: 4096 op, 1007643500.00 ns, 246.0067 us/op
WorkloadResult  19: 4096 op, 1009593400.00 ns, 246.4828 us/op
WorkloadResult  20: 4096 op, 1020103800.00 ns, 249.0488 us/op
WorkloadResult  21: 4096 op, 996209900.00 ns, 243.2153 us/op
WorkloadResult  22: 4096 op, 1023270600.00 ns, 249.8219 us/op
WorkloadResult  23: 4096 op, 1039569600.00 ns, 253.8012 us/op
WorkloadResult  24: 4096 op, 992836800.00 ns, 242.3918 us/op
WorkloadResult  25: 4096 op, 1021448000.00 ns, 249.3770 us/op
// GC:  140 59 0 7067467776 4096
// Threading:  0 0 4096

// AfterAll
// Benchmark Process 13868 has exited with code 0.

Mean = 250.262 us, StdErr = 1.308 us (0.52%), N = 25, StdDev = 6.540 us
Min = 240.951 us, Q1 = 246.007 us, Median = 249.243 us, Q3 = 253.761 us, Max = 265.545 us
IQR = 7.754 us, LowerFence = 234.375 us, UpperFence = 265.392 us
ConfidenceInterval = [245.363 us; 255.161 us] (CI 99.9%), Margin = 4.899 us (1.96% of Mean)
Skewness = 0.77, Kurtosis = 2.77, MValue = 2

// ** Remained 8 (40.0%) benchmark(s) to run. Estimated finish 2026-09-21 12:47 (0h 2m from now) **
Setup power plan (GUID: 8c5e7fda-e8bf-4a96-9a85-a6e23a8c635c FriendlyName: High performance)
// **************************
// Benchmark: FixInputForms.'ours: message from a span': DefaultJob [Reading=PartiesLarge]
// *** Execute ***
// Launch: 1 / 1
// Execute: dotnet qfcompare-DefaultJob-1.dll --anonymousPipes 2620 2664 --benchmarkName "QfCompare.FixInputForms.FromSpan(Reading: PartiesLarge)" --job Default --benchmarkId 12 in P:\dotgram.WorkTrees\fix-frozen\.work\qfcompare\bin\Release\net10.0\qfcompare-DefaultJob-1\bin\Release\net10.0
// BeforeAnythingElse

// Benchmark Process Environment Information:
// BenchmarkDotNet v0.15.8
// Runtime=.NET 10.0.12 (10.0.12, 10.0.1226.42308), X64 RyuJIT x86-64-v4
// GC=Concurrent Workstation
// HardwareIntrinsics=AVX512 BITALG+VBMI2+VNNI+VPOPCNTDQ,AVX512 IFMA+VBMI,AVX512 F+BW+CD+DQ+VL,AVX2+BMI1+BMI2+F16C+FMA+LZCNT+MOVBE,AVX,SSE3+SSSE3+SSE4.1+SSE4.2+POPCNT,X86Base+SSE+SSE2,AES+PCLMUL,AvxVnni VectorSize=256
// Job: DefaultJob

OverheadJitting  1: 1 op, 123400.00 ns, 123.4000 us/op
WorkloadJitting  1: 1 op, 1005900.00 ns, 1.0059 ms/op

OverheadJitting  2: 16 op, 258500.00 ns, 16.1563 us/op
WorkloadJitting  2: 16 op, 16242100.00 ns, 1.0151 ms/op

WorkloadPilot    1: 16 op, 12881800.00 ns, 805.1125 us/op
WorkloadPilot    2: 32 op, 25272200.00 ns, 789.7563 us/op
WorkloadPilot    3: 64 op, 51238100.00 ns, 800.5953 us/op
WorkloadPilot    4: 128 op, 102535300.00 ns, 801.0570 us/op
WorkloadPilot    5: 256 op, 200798900.00 ns, 784.3707 us/op
WorkloadPilot    6: 512 op, 290897700.00 ns, 568.1596 us/op
WorkloadPilot    7: 1024 op, 485741700.00 ns, 474.3571 us/op
WorkloadPilot    8: 2048 op, 956947700.00 ns, 467.2596 us/op

OverheadWarmup   1: 2048 op, 3900.00 ns, 1.9043 ns/op
OverheadWarmup   2: 2048 op, 3100.00 ns, 1.5137 ns/op
OverheadWarmup   3: 2048 op, 3600.00 ns, 1.7578 ns/op
OverheadWarmup   4: 2048 op, 2900.00 ns, 1.4160 ns/op
OverheadWarmup   5: 2048 op, 3000.00 ns, 1.4648 ns/op
OverheadWarmup   6: 2048 op, 2700.00 ns, 1.3184 ns/op

OverheadActual   1: 2048 op, 3000.00 ns, 1.4648 ns/op
OverheadActual   2: 2048 op, 3100.00 ns, 1.5137 ns/op
OverheadActual   3: 2048 op, 2700.00 ns, 1.3184 ns/op
OverheadActual   4: 2048 op, 2700.00 ns, 1.3184 ns/op
OverheadActual   5: 2048 op, 2600.00 ns, 1.2695 ns/op
OverheadActual   6: 2048 op, 2700.00 ns, 1.3184 ns/op
OverheadActual   7: 2048 op, 2800.00 ns, 1.3672 ns/op
OverheadActual   8: 2048 op, 2700.00 ns, 1.3184 ns/op
OverheadActual   9: 2048 op, 2700.00 ns, 1.3184 ns/op
OverheadActual  10: 2048 op, 3000.00 ns, 1.4648 ns/op
OverheadActual  11: 2048 op, 2900.00 ns, 1.4160 ns/op
OverheadActual  12: 2048 op, 2700.00 ns, 1.3184 ns/op
OverheadActual  13: 2048 op, 2700.00 ns, 1.3184 ns/op
OverheadActual  14: 2048 op, 2700.00 ns, 1.3184 ns/op
OverheadActual  15: 2048 op, 2600.00 ns, 1.2695 ns/op
OverheadActual  16: 2048 op, 2800.00 ns, 1.3672 ns/op

WorkloadWarmup   1: 2048 op, 972087800.00 ns, 474.6522 us/op
WorkloadWarmup   2: 2048 op, 951270200.00 ns, 464.4874 us/op
WorkloadWarmup   3: 2048 op, 969875200.00 ns, 473.5719 us/op
WorkloadWarmup   4: 2048 op, 970593700.00 ns, 473.9227 us/op
WorkloadWarmup   5: 2048 op, 952975700.00 ns, 465.3202 us/op
WorkloadWarmup   6: 2048 op, 971583400.00 ns, 474.4060 us/op
WorkloadWarmup   7: 2048 op, 971328200.00 ns, 474.2813 us/op

// BeforeActualRun
WorkloadActual   1: 2048 op, 955299500.00 ns, 466.4548 us/op
WorkloadActual   2: 2048 op, 959143900.00 ns, 468.3320 us/op
WorkloadActual   3: 2048 op, 961867600.00 ns, 469.6619 us/op
WorkloadActual   4: 2048 op, 969004200.00 ns, 473.1466 us/op
WorkloadActual   5: 2048 op, 955443000.00 ns, 466.5249 us/op
WorkloadActual   6: 2048 op, 971916600.00 ns, 474.5687 us/op
WorkloadActual   7: 2048 op, 971789600.00 ns, 474.5066 us/op
WorkloadActual   8: 2048 op, 953534400.00 ns, 465.5930 us/op
WorkloadActual   9: 2048 op, 969624800.00 ns, 473.4496 us/op
WorkloadActual  10: 2048 op, 973397900.00 ns, 475.2919 us/op
WorkloadActual  11: 2048 op, 953978700.00 ns, 465.8099 us/op
WorkloadActual  12: 2048 op, 966678100.00 ns, 472.0108 us/op
WorkloadActual  13: 2048 op, 965434400.00 ns, 471.4035 us/op
WorkloadActual  14: 2048 op, 952356200.00 ns, 465.0177 us/op
WorkloadActual  15: 2048 op, 953277000.00 ns, 465.4673 us/op

// AfterActualRun
WorkloadResult   1: 2048 op, 955296800.00 ns, 466.4535 us/op
WorkloadResult   2: 2048 op, 959141200.00 ns, 468.3307 us/op
WorkloadResult   3: 2048 op, 961864900.00 ns, 469.6606 us/op
WorkloadResult   4: 2048 op, 969001500.00 ns, 473.1453 us/op
WorkloadResult   5: 2048 op, 955440300.00 ns, 466.5236 us/op
WorkloadResult   6: 2048 op, 971913900.00 ns, 474.5673 us/op
WorkloadResult   7: 2048 op, 971786900.00 ns, 474.5053 us/op
WorkloadResult   8: 2048 op, 953531700.00 ns, 465.5917 us/op
WorkloadResult   9: 2048 op, 969622100.00 ns, 473.4483 us/op
WorkloadResult  10: 2048 op, 973395200.00 ns, 475.2906 us/op
WorkloadResult  11: 2048 op, 953976000.00 ns, 465.8086 us/op
WorkloadResult  12: 2048 op, 966675400.00 ns, 472.0095 us/op
WorkloadResult  13: 2048 op, 965431700.00 ns, 471.4022 us/op
WorkloadResult  14: 2048 op, 952353500.00 ns, 465.0164 us/op
WorkloadResult  15: 2048 op, 953274300.00 ns, 465.4660 us/op
// GC:  79 71 62 1127687304 2048
// Threading:  0 0 2048

// AfterAll
// Benchmark Process 28444 has exited with code 0.

Mean = 469.815 us, StdErr = 0.991 us (0.21%), N = 15, StdDev = 3.839 us
Min = 465.016 us, Q1 = 466.131 us, Median = 469.661 us, Q3 = 473.297 us, Max = 475.291 us
IQR = 7.166 us, LowerFence = 455.382 us, UpperFence = 484.045 us
ConfidenceInterval = [465.710 us; 473.919 us] (CI 99.9%), Margin = 4.105 us (0.87% of Mean)
Skewness = 0.08, Kurtosis = 1.21, MValue = 2

// ** Remained 7 (35.0%) benchmark(s) to run. Estimated finish 2026-09-21 12:47 (0h 2m from now) **
Setup power plan (GUID: 8c5e7fda-e8bf-4a96-9a85-a6e23a8c635c FriendlyName: High performance)
// **************************
// Benchmark: FixInputForms.'ours: message from a stream (no partner)': DefaultJob [Reading=PartiesLarge]
// *** Execute ***
// Launch: 1 / 1
// Execute: dotnet qfcompare-DefaultJob-1.dll --anonymousPipes 2564 2568 --benchmarkName "QfCompare.FixInputForms.FromStream(Reading: PartiesLarge)" --job Default --benchmarkId 13 in P:\dotgram.WorkTrees\fix-frozen\.work\qfcompare\bin\Release\net10.0\qfcompare-DefaultJob-1\bin\Release\net10.0
// BeforeAnythingElse

// Benchmark Process Environment Information:
// BenchmarkDotNet v0.15.8
// Runtime=.NET 10.0.12 (10.0.12, 10.0.1226.42308), X64 RyuJIT x86-64-v4
// GC=Concurrent Workstation
// HardwareIntrinsics=AVX512 BITALG+VBMI2+VNNI+VPOPCNTDQ,AVX512 IFMA+VBMI,AVX512 F+BW+CD+DQ+VL,AVX2+BMI1+BMI2+F16C+FMA+LZCNT+MOVBE,AVX,SSE3+SSSE3+SSE4.1+SSE4.2+POPCNT,X86Base+SSE+SSE2,AES+PCLMUL,AvxVnni VectorSize=256
// Job: DefaultJob

OverheadJitting  1: 1 op, 123100.00 ns, 123.1000 us/op
WorkloadJitting  1: 1 op, 1327000.00 ns, 1.3270 ms/op

OverheadJitting  2: 16 op, 238700.00 ns, 14.9188 us/op
WorkloadJitting  2: 16 op, 21076100.00 ns, 1.3173 ms/op

WorkloadPilot    1: 16 op, 17315100.00 ns, 1.0822 ms/op
WorkloadPilot    2: 32 op, 35328300.00 ns, 1.1040 ms/op
WorkloadPilot    3: 64 op, 70076500.00 ns, 1.0949 ms/op
WorkloadPilot    4: 128 op, 132934800.00 ns, 1.0386 ms/op
WorkloadPilot    5: 256 op, 184611900.00 ns, 721.1402 us/op
WorkloadPilot    6: 512 op, 259105600.00 ns, 506.0656 us/op
WorkloadPilot    7: 1024 op, 487933000.00 ns, 476.4971 us/op
WorkloadPilot    8: 2048 op, 988745000.00 ns, 482.7856 us/op

OverheadWarmup   1: 2048 op, 6900.00 ns, 3.3691 ns/op
OverheadWarmup   2: 2048 op, 5100.00 ns, 2.4902 ns/op
OverheadWarmup   3: 2048 op, 5200.00 ns, 2.5391 ns/op
OverheadWarmup   4: 2048 op, 5100.00 ns, 2.4902 ns/op
OverheadWarmup   5: 2048 op, 5000.00 ns, 2.4414 ns/op
OverheadWarmup   6: 2048 op, 5300.00 ns, 2.5879 ns/op
OverheadWarmup   7: 2048 op, 5100.00 ns, 2.4902 ns/op

OverheadActual   1: 2048 op, 5000.00 ns, 2.4414 ns/op
OverheadActual   2: 2048 op, 5200.00 ns, 2.5391 ns/op
OverheadActual   3: 2048 op, 5300.00 ns, 2.5879 ns/op
OverheadActual   4: 2048 op, 5000.00 ns, 2.4414 ns/op
OverheadActual   5: 2048 op, 5100.00 ns, 2.4902 ns/op
OverheadActual   6: 2048 op, 5300.00 ns, 2.5879 ns/op
OverheadActual   7: 2048 op, 5000.00 ns, 2.4414 ns/op
OverheadActual   8: 2048 op, 5000.00 ns, 2.4414 ns/op
OverheadActual   9: 2048 op, 5300.00 ns, 2.5879 ns/op
OverheadActual  10: 2048 op, 5000.00 ns, 2.4414 ns/op
OverheadActual  11: 2048 op, 5200.00 ns, 2.5391 ns/op
OverheadActual  12: 2048 op, 5100.00 ns, 2.4902 ns/op
OverheadActual  13: 2048 op, 5000.00 ns, 2.4414 ns/op
OverheadActual  14: 2048 op, 5100.00 ns, 2.4902 ns/op
OverheadActual  15: 2048 op, 5000.00 ns, 2.4414 ns/op

WorkloadWarmup   1: 2048 op, 982118700.00 ns, 479.5501 us/op
WorkloadWarmup   2: 2048 op, 998124800.00 ns, 487.3656 us/op
WorkloadWarmup   3: 2048 op, 992024300.00 ns, 484.3869 us/op
WorkloadWarmup   4: 2048 op, 1006137100.00 ns, 491.2779 us/op
WorkloadWarmup   5: 2048 op, 1001917000.00 ns, 489.2173 us/op
WorkloadWarmup   6: 2048 op, 1005482000.00 ns, 490.9580 us/op

// BeforeActualRun
WorkloadActual   1: 2048 op, 985395000.00 ns, 481.1499 us/op
WorkloadActual   2: 2048 op, 985124300.00 ns, 481.0177 us/op
WorkloadActual   3: 2048 op, 989316900.00 ns, 483.0649 us/op
WorkloadActual   4: 2048 op, 985457300.00 ns, 481.1803 us/op
WorkloadActual   5: 2048 op, 988048200.00 ns, 482.4454 us/op
WorkloadActual   6: 2048 op, 1001296500.00 ns, 488.9143 us/op
WorkloadActual   7: 2048 op, 1003953800.00 ns, 490.2118 us/op
WorkloadActual   8: 2048 op, 987302900.00 ns, 482.0815 us/op
WorkloadActual   9: 2048 op, 1003480000.00 ns, 489.9805 us/op
WorkloadActual  10: 2048 op, 1008009700.00 ns, 492.1922 us/op
WorkloadActual  11: 2048 op, 988435300.00 ns, 482.6344 us/op
WorkloadActual  12: 2048 op, 1003598500.00 ns, 490.0383 us/op
WorkloadActual  13: 2048 op, 1001862300.00 ns, 489.1906 us/op
WorkloadActual  14: 2048 op, 1000832700.00 ns, 488.6878 us/op
WorkloadActual  15: 2048 op, 991841900.00 ns, 484.2978 us/op

// AfterActualRun
WorkloadResult   1: 2048 op, 985389900.00 ns, 481.1474 us/op
WorkloadResult   2: 2048 op, 985119200.00 ns, 481.0152 us/op
WorkloadResult   3: 2048 op, 989311800.00 ns, 483.0624 us/op
WorkloadResult   4: 2048 op, 985452200.00 ns, 481.1778 us/op
WorkloadResult   5: 2048 op, 988043100.00 ns, 482.4429 us/op
WorkloadResult   6: 2048 op, 1001291400.00 ns, 488.9118 us/op
WorkloadResult   7: 2048 op, 1003948700.00 ns, 490.2093 us/op
WorkloadResult   8: 2048 op, 987297800.00 ns, 482.0790 us/op
WorkloadResult   9: 2048 op, 1003474900.00 ns, 489.9780 us/op
WorkloadResult  10: 2048 op, 1008004600.00 ns, 492.1897 us/op
WorkloadResult  11: 2048 op, 988430200.00 ns, 482.6319 us/op
WorkloadResult  12: 2048 op, 1003593400.00 ns, 490.0358 us/op
WorkloadResult  13: 2048 op, 1001857200.00 ns, 489.1881 us/op
WorkloadResult  14: 2048 op, 1000827600.00 ns, 488.6854 us/op
WorkloadResult  15: 2048 op, 991836800.00 ns, 484.2953 us/op
// GC:  85 77 64 1305356224 2048
// Threading:  0 0 2048

// AfterAll
// Benchmark Process 45344 has exited with code 0.

Mean = 485.803 us, StdErr = 1.060 us (0.22%), N = 15, StdDev = 4.106 us
Min = 481.015 us, Q1 = 482.261 us, Median = 484.295 us, Q3 = 489.583 us, Max = 492.190 us
IQR = 7.322 us, LowerFence = 471.278 us, UpperFence = 500.566 us
ConfidenceInterval = [481.414 us; 490.192 us] (CI 99.9%), Margin = 4.389 us (0.90% of Mean)
Skewness = 0.13, Kurtosis = 1.15, MValue = 2

// ** Remained 6 (30.0%) benchmark(s) to run. Estimated finish 2026-09-21 12:47 (0h 2m from now) **
Setup power plan (GUID: 8c5e7fda-e8bf-4a96-9a85-a6e23a8c635c FriendlyName: High performance)
// **************************
// Benchmark: FixInputForms.'ours: message from a reader (no partner)': DefaultJob [Reading=PartiesLarge]
// *** Execute ***
// Launch: 1 / 1
// Execute: dotnet qfcompare-DefaultJob-1.dll --anonymousPipes 2228 2532 --benchmarkName "QfCompare.FixInputForms.FromReader(Reading: PartiesLarge)" --job Default --benchmarkId 14 in P:\dotgram.WorkTrees\fix-frozen\.work\qfcompare\bin\Release\net10.0\qfcompare-DefaultJob-1\bin\Release\net10.0
// BeforeAnythingElse

// Benchmark Process Environment Information:
// BenchmarkDotNet v0.15.8
// Runtime=.NET 10.0.12 (10.0.12, 10.0.1226.42308), X64 RyuJIT x86-64-v4
// GC=Concurrent Workstation
// HardwareIntrinsics=AVX512 BITALG+VBMI2+VNNI+VPOPCNTDQ,AVX512 IFMA+VBMI,AVX512 F+BW+CD+DQ+VL,AVX2+BMI1+BMI2+F16C+FMA+LZCNT+MOVBE,AVX,SSE3+SSSE3+SSE4.1+SSE4.2+POPCNT,X86Base+SSE+SSE2,AES+PCLMUL,AvxVnni VectorSize=256
// Job: DefaultJob

OverheadJitting  1: 1 op, 119600.00 ns, 119.6000 us/op
WorkloadJitting  1: 1 op, 981800.00 ns, 981.8000 us/op

OverheadJitting  2: 16 op, 240300.00 ns, 15.0188 us/op
WorkloadJitting  2: 16 op, 16564600.00 ns, 1.0353 ms/op

WorkloadPilot    1: 16 op, 12478500.00 ns, 779.9063 us/op
WorkloadPilot    2: 32 op, 25243600.00 ns, 788.8625 us/op
WorkloadPilot    3: 64 op, 48699700.00 ns, 760.9328 us/op
WorkloadPilot    4: 128 op, 104053000.00 ns, 812.9141 us/op
WorkloadPilot    5: 256 op, 202045100.00 ns, 789.2387 us/op
WorkloadPilot    6: 512 op, 242487000.00 ns, 473.6074 us/op
WorkloadPilot    7: 1024 op, 492410300.00 ns, 480.8694 us/op
WorkloadPilot    8: 2048 op, 988658600.00 ns, 482.7435 us/op

OverheadWarmup   1: 2048 op, 4300.00 ns, 2.0996 ns/op
OverheadWarmup   2: 2048 op, 2900.00 ns, 1.4160 ns/op
OverheadWarmup   3: 2048 op, 2800.00 ns, 1.3672 ns/op
OverheadWarmup   4: 2048 op, 2800.00 ns, 1.3672 ns/op
OverheadWarmup   5: 2048 op, 2900.00 ns, 1.4160 ns/op
OverheadWarmup   6: 2048 op, 2700.00 ns, 1.3184 ns/op
OverheadWarmup   7: 2048 op, 3100.00 ns, 1.5137 ns/op

OverheadActual   1: 2048 op, 2900.00 ns, 1.4160 ns/op
OverheadActual   2: 2048 op, 3100.00 ns, 1.5137 ns/op
OverheadActual   3: 2048 op, 3000.00 ns, 1.4648 ns/op
OverheadActual   4: 2048 op, 2900.00 ns, 1.4160 ns/op
OverheadActual   5: 2048 op, 2900.00 ns, 1.4160 ns/op
OverheadActual   6: 2048 op, 3100.00 ns, 1.5137 ns/op
OverheadActual   7: 2048 op, 2700.00 ns, 1.3184 ns/op
OverheadActual   8: 2048 op, 2800.00 ns, 1.3672 ns/op
OverheadActual   9: 2048 op, 3000.00 ns, 1.4648 ns/op
OverheadActual  10: 2048 op, 3000.00 ns, 1.4648 ns/op
OverheadActual  11: 2048 op, 2700.00 ns, 1.3184 ns/op
OverheadActual  12: 2048 op, 2800.00 ns, 1.3672 ns/op
OverheadActual  13: 2048 op, 3100.00 ns, 1.5137 ns/op
OverheadActual  14: 2048 op, 2700.00 ns, 1.3184 ns/op
OverheadActual  15: 2048 op, 2800.00 ns, 1.3672 ns/op
OverheadActual  16: 2048 op, 3000.00 ns, 1.4648 ns/op
OverheadActual  17: 2048 op, 2700.00 ns, 1.3184 ns/op

WorkloadWarmup   1: 2048 op, 998471600.00 ns, 487.5350 us/op
WorkloadWarmup   2: 2048 op, 990427500.00 ns, 483.6072 us/op
WorkloadWarmup   3: 2048 op, 1001987100.00 ns, 489.2515 us/op
WorkloadWarmup   4: 2048 op, 991964500.00 ns, 484.3577 us/op
WorkloadWarmup   5: 2048 op, 1000047900.00 ns, 488.3046 us/op
WorkloadWarmup   6: 2048 op, 1005945700.00 ns, 491.1844 us/op
WorkloadWarmup   7: 2048 op, 997627800.00 ns, 487.1229 us/op

// BeforeActualRun
WorkloadActual   1: 2048 op, 987844100.00 ns, 482.3458 us/op
WorkloadActual   2: 2048 op, 1004087700.00 ns, 490.2772 us/op
WorkloadActual   3: 2048 op, 1002741900.00 ns, 489.6201 us/op
WorkloadActual   4: 2048 op, 990079900.00 ns, 483.4375 us/op
WorkloadActual   5: 2048 op, 981622000.00 ns, 479.3076 us/op
WorkloadActual   6: 2048 op, 1002856700.00 ns, 489.6761 us/op
WorkloadActual   7: 2048 op, 969075600.00 ns, 473.1814 us/op
WorkloadActual   8: 2048 op, 988056400.00 ns, 482.4494 us/op
WorkloadActual   9: 2048 op, 999572400.00 ns, 488.0725 us/op
WorkloadActual  10: 2048 op, 984723400.00 ns, 480.8220 us/op
WorkloadActual  11: 2048 op, 980925800.00 ns, 478.9677 us/op
WorkloadActual  12: 2048 op, 1001355700.00 ns, 488.9432 us/op
WorkloadActual  13: 2048 op, 987423000.00 ns, 482.1401 us/op
WorkloadActual  14: 2048 op, 1000123500.00 ns, 488.3416 us/op
WorkloadActual  15: 2048 op, 988370700.00 ns, 482.6029 us/op

// AfterActualRun
WorkloadResult   1: 2048 op, 987841200.00 ns, 482.3443 us/op
WorkloadResult   2: 2048 op, 1004084800.00 ns, 490.2758 us/op
WorkloadResult   3: 2048 op, 1002739000.00 ns, 489.6187 us/op
WorkloadResult   4: 2048 op, 990077000.00 ns, 483.4360 us/op
WorkloadResult   5: 2048 op, 981619100.00 ns, 479.3062 us/op
WorkloadResult   6: 2048 op, 1002853800.00 ns, 489.6747 us/op
WorkloadResult   7: 2048 op, 969072700.00 ns, 473.1800 us/op
WorkloadResult   8: 2048 op, 988053500.00 ns, 482.4480 us/op
WorkloadResult   9: 2048 op, 999569500.00 ns, 488.0710 us/op
WorkloadResult  10: 2048 op, 984720500.00 ns, 480.8206 us/op
WorkloadResult  11: 2048 op, 980922900.00 ns, 478.9663 us/op
WorkloadResult  12: 2048 op, 1001352800.00 ns, 488.9418 us/op
WorkloadResult  13: 2048 op, 987420100.00 ns, 482.1387 us/op
WorkloadResult  14: 2048 op, 1000120600.00 ns, 488.3401 us/op
WorkloadResult  15: 2048 op, 988367800.00 ns, 482.6015 us/op
// GC:  86 79 64 1379851208 2048
// Threading:  0 0 2048

// AfterAll
// Benchmark Process 27228 has exited with code 0.

Mean = 484.011 us, StdErr = 1.288 us (0.27%), N = 15, StdDev = 4.989 us
Min = 473.180 us, Q1 = 481.480 us, Median = 482.601 us, Q3 = 488.641 us, Max = 490.276 us
IQR = 7.161 us, LowerFence = 470.738 us, UpperFence = 499.383 us
ConfidenceInterval = [478.678 us; 489.344 us] (CI 99.9%), Margin = 5.333 us (1.10% of Mean)
Skewness = -0.37, Kurtosis = 2.13, MValue = 2

// ** Remained 5 (25.0%) benchmark(s) to run. Estimated finish 2026-09-21 12:47 (0h 1m from now) **
Setup power plan (GUID: 8c5e7fda-e8bf-4a96-9a85-a6e23a8c635c FriendlyName: High performance)
// **************************
// Benchmark: FixInputForms.'ours: message from octets (no partner)': DefaultJob [Reading=PartiesLarge]
// *** Execute ***
// Launch: 1 / 1
// Execute: dotnet qfcompare-DefaultJob-1.dll --anonymousPipes 2588 2616 --benchmarkName "QfCompare.FixInputForms.FromOctets(Reading: PartiesLarge)" --job Default --benchmarkId 15 in P:\dotgram.WorkTrees\fix-frozen\.work\qfcompare\bin\Release\net10.0\qfcompare-DefaultJob-1\bin\Release\net10.0
// BeforeAnythingElse

// Benchmark Process Environment Information:
// BenchmarkDotNet v0.15.8
// Runtime=.NET 10.0.12 (10.0.12, 10.0.1226.42308), X64 RyuJIT x86-64-v4
// GC=Concurrent Workstation
// HardwareIntrinsics=AVX512 BITALG+VBMI2+VNNI+VPOPCNTDQ,AVX512 IFMA+VBMI,AVX512 F+BW+CD+DQ+VL,AVX2+BMI1+BMI2+F16C+FMA+LZCNT+MOVBE,AVX,SSE3+SSSE3+SSE4.1+SSE4.2+POPCNT,X86Base+SSE+SSE2,AES+PCLMUL,AvxVnni VectorSize=256
// Job: DefaultJob

OverheadJitting  1: 1 op, 123400.00 ns, 123.4000 us/op
WorkloadJitting  1: 1 op, 1283400.00 ns, 1.2834 ms/op

OverheadJitting  2: 16 op, 241800.00 ns, 15.1125 us/op
WorkloadJitting  2: 16 op, 20703700.00 ns, 1.2940 ms/op

WorkloadPilot    1: 16 op, 16988500.00 ns, 1.0618 ms/op
WorkloadPilot    2: 32 op, 34559900.00 ns, 1.0800 ms/op
WorkloadPilot    3: 64 op, 69302300.00 ns, 1.0828 ms/op
WorkloadPilot    4: 128 op, 130781600.00 ns, 1.0217 ms/op
WorkloadPilot    5: 256 op, 222935800.00 ns, 870.8430 us/op
WorkloadPilot    6: 512 op, 256818200.00 ns, 501.5980 us/op
WorkloadPilot    7: 1024 op, 487572400.00 ns, 476.1449 us/op
WorkloadPilot    8: 2048 op, 950516400.00 ns, 464.1193 us/op

OverheadWarmup   1: 2048 op, 4000.00 ns, 1.9531 ns/op
OverheadWarmup   2: 2048 op, 3000.00 ns, 1.4648 ns/op
OverheadWarmup   3: 2048 op, 3000.00 ns, 1.4648 ns/op
OverheadWarmup   4: 2048 op, 2900.00 ns, 1.4160 ns/op
OverheadWarmup   5: 2048 op, 2800.00 ns, 1.3672 ns/op
OverheadWarmup   6: 2048 op, 2800.00 ns, 1.3672 ns/op
OverheadWarmup   7: 2048 op, 2700.00 ns, 1.3184 ns/op

OverheadActual   1: 2048 op, 3000.00 ns, 1.4648 ns/op
OverheadActual   2: 2048 op, 2800.00 ns, 1.3672 ns/op
OverheadActual   3: 2048 op, 2800.00 ns, 1.3672 ns/op
OverheadActual   4: 2048 op, 2900.00 ns, 1.4160 ns/op
OverheadActual   5: 2048 op, 3000.00 ns, 1.4648 ns/op
OverheadActual   6: 2048 op, 2800.00 ns, 1.3672 ns/op
OverheadActual   7: 2048 op, 3000.00 ns, 1.4648 ns/op
OverheadActual   8: 2048 op, 2700.00 ns, 1.3184 ns/op
OverheadActual   9: 2048 op, 2800.00 ns, 1.3672 ns/op
OverheadActual  10: 2048 op, 3000.00 ns, 1.4648 ns/op
OverheadActual  11: 2048 op, 3000.00 ns, 1.4648 ns/op
OverheadActual  12: 2048 op, 2800.00 ns, 1.3672 ns/op
OverheadActual  13: 2048 op, 3000.00 ns, 1.4648 ns/op
OverheadActual  14: 2048 op, 3000.00 ns, 1.4648 ns/op
OverheadActual  15: 2048 op, 2800.00 ns, 1.3672 ns/op

WorkloadWarmup   1: 2048 op, 964073600.00 ns, 470.7391 us/op
WorkloadWarmup   2: 2048 op, 973210000.00 ns, 475.2002 us/op
WorkloadWarmup   3: 2048 op, 972103200.00 ns, 474.6598 us/op
WorkloadWarmup   4: 2048 op, 974953400.00 ns, 476.0515 us/op
WorkloadWarmup   5: 2048 op, 975730800.00 ns, 476.4311 us/op
WorkloadWarmup   6: 2048 op, 969202600.00 ns, 473.2435 us/op

// BeforeActualRun
WorkloadActual   1: 2048 op, 970915100.00 ns, 474.0796 us/op
WorkloadActual   2: 2048 op, 961056000.00 ns, 469.2656 us/op
WorkloadActual   3: 2048 op, 974713400.00 ns, 475.9343 us/op
WorkloadActual   4: 2048 op, 976385600.00 ns, 476.7508 us/op
WorkloadActual   5: 2048 op, 966988500.00 ns, 472.1624 us/op
WorkloadActual   6: 2048 op, 973188300.00 ns, 475.1896 us/op
WorkloadActual   7: 2048 op, 974318300.00 ns, 475.7414 us/op
WorkloadActual   8: 2048 op, 976229100.00 ns, 476.6744 us/op
WorkloadActual   9: 2048 op, 973624100.00 ns, 475.4024 us/op
WorkloadActual  10: 2048 op, 973509500.00 ns, 475.3464 us/op
WorkloadActual  11: 2048 op, 972617300.00 ns, 474.9108 us/op
WorkloadActual  12: 2048 op, 972364900.00 ns, 474.7875 us/op
WorkloadActual  13: 2048 op, 974009200.00 ns, 475.5904 us/op
WorkloadActual  14: 2048 op, 975166600.00 ns, 476.1556 us/op
WorkloadActual  15: 2048 op, 973359500.00 ns, 475.2732 us/op

// AfterActualRun
WorkloadResult   1: 2048 op, 970912200.00 ns, 474.0782 us/op
WorkloadResult   2: 2048 op, 961053100.00 ns, 469.2642 us/op
WorkloadResult   3: 2048 op, 974710500.00 ns, 475.9329 us/op
WorkloadResult   4: 2048 op, 976382700.00 ns, 476.7494 us/op
WorkloadResult   5: 2048 op, 966985600.00 ns, 472.1609 us/op
WorkloadResult   6: 2048 op, 973185400.00 ns, 475.1882 us/op
WorkloadResult   7: 2048 op, 974315400.00 ns, 475.7399 us/op
WorkloadResult   8: 2048 op, 976226200.00 ns, 476.6729 us/op
WorkloadResult   9: 2048 op, 973621200.00 ns, 475.4010 us/op
WorkloadResult  10: 2048 op, 973506600.00 ns, 475.3450 us/op
WorkloadResult  11: 2048 op, 972614400.00 ns, 474.9094 us/op
WorkloadResult  12: 2048 op, 972362000.00 ns, 474.7861 us/op
WorkloadResult  13: 2048 op, 974006300.00 ns, 475.5890 us/op
WorkloadResult  14: 2048 op, 975163700.00 ns, 476.1542 us/op
WorkloadResult  15: 2048 op, 973356600.00 ns, 475.2718 us/op
// GC:  79 70 62 1127656104 2048
// Threading:  0 0 2048

// AfterAll
// Benchmark Process 50264 has exited with code 0.

Mean = 474.883 us, StdErr = 0.493 us (0.10%), N = 15, StdDev = 1.909 us
Min = 469.264 us, Q1 = 474.848 us, Median = 475.345 us, Q3 = 475.836 us, Max = 476.749 us
IQR = 0.989 us, LowerFence = 473.365 us, UpperFence = 477.319 us
ConfidenceInterval = [472.842 us; 476.923 us] (CI 99.9%), Margin = 2.040 us (0.43% of Mean)
Skewness = -1.74, Kurtosis = 5.42, MValue = 2

// ** Remained 4 (20.0%) benchmark(s) to run. Estimated finish 2026-09-21 12:47 (0h 1m from now) **
Setup power plan (GUID: 8c5e7fda-e8bf-4a96-9a85-a6e23a8c635c FriendlyName: High performance)
// **************************
// Benchmark: FixInputForms.'ours: message from a span of octets (no partner)': DefaultJob [Reading=PartiesLarge]
// *** Execute ***
// Launch: 1 / 1
// Execute: dotnet qfcompare-DefaultJob-1.dll --anonymousPipes 2596 2612 --benchmarkName "QfCompare.FixInputForms.FromOctetSpan(Reading: PartiesLarge)" --job Default --benchmarkId 16 in P:\dotgram.WorkTrees\fix-frozen\.work\qfcompare\bin\Release\net10.0\qfcompare-DefaultJob-1\bin\Release\net10.0
// BeforeAnythingElse

// Benchmark Process Environment Information:
// BenchmarkDotNet v0.15.8
// Runtime=.NET 10.0.12 (10.0.12, 10.0.1226.42308), X64 RyuJIT x86-64-v4
// GC=Concurrent Workstation
// HardwareIntrinsics=AVX512 BITALG+VBMI2+VNNI+VPOPCNTDQ,AVX512 IFMA+VBMI,AVX512 F+BW+CD+DQ+VL,AVX2+BMI1+BMI2+F16C+FMA+LZCNT+MOVBE,AVX,SSE3+SSSE3+SSE4.1+SSE4.2+POPCNT,X86Base+SSE+SSE2,AES+PCLMUL,AvxVnni VectorSize=256
// Job: DefaultJob

OverheadJitting  1: 1 op, 120500.00 ns, 120.5000 us/op
WorkloadJitting  1: 1 op, 1288200.00 ns, 1.2882 ms/op

OverheadJitting  2: 16 op, 239200.00 ns, 14.9500 us/op
WorkloadJitting  2: 16 op, 20829200.00 ns, 1.3018 ms/op

WorkloadPilot    1: 16 op, 17291400.00 ns, 1.0807 ms/op
WorkloadPilot    2: 32 op, 33737900.00 ns, 1.0543 ms/op
WorkloadPilot    3: 64 op, 66149100.00 ns, 1.0336 ms/op
WorkloadPilot    4: 128 op, 131600000.00 ns, 1.0281 ms/op
WorkloadPilot    5: 256 op, 185429300.00 ns, 724.3332 us/op
WorkloadPilot    6: 512 op, 272775100.00 ns, 532.7639 us/op
WorkloadPilot    7: 1024 op, 489322000.00 ns, 477.8535 us/op
WorkloadPilot    8: 2048 op, 982644100.00 ns, 479.8067 us/op

OverheadWarmup   1: 2048 op, 4000.00 ns, 1.9531 ns/op
OverheadWarmup   2: 2048 op, 3000.00 ns, 1.4648 ns/op
OverheadWarmup   3: 2048 op, 3000.00 ns, 1.4648 ns/op
OverheadWarmup   4: 2048 op, 3000.00 ns, 1.4648 ns/op
OverheadWarmup   5: 2048 op, 2700.00 ns, 1.3184 ns/op
OverheadWarmup   6: 2048 op, 3000.00 ns, 1.4648 ns/op

OverheadActual   1: 2048 op, 3000.00 ns, 1.4648 ns/op
OverheadActual   2: 2048 op, 3000.00 ns, 1.4648 ns/op
OverheadActual   3: 2048 op, 3000.00 ns, 1.4648 ns/op
OverheadActual   4: 2048 op, 3000.00 ns, 1.4648 ns/op
OverheadActual   5: 2048 op, 3000.00 ns, 1.4648 ns/op
OverheadActual   6: 2048 op, 2700.00 ns, 1.3184 ns/op
OverheadActual   7: 2048 op, 2700.00 ns, 1.3184 ns/op
OverheadActual   8: 2048 op, 2700.00 ns, 1.3184 ns/op
OverheadActual   9: 2048 op, 2700.00 ns, 1.3184 ns/op
OverheadActual  10: 2048 op, 2700.00 ns, 1.3184 ns/op
OverheadActual  11: 2048 op, 2600.00 ns, 1.2695 ns/op
OverheadActual  12: 2048 op, 3000.00 ns, 1.4648 ns/op
OverheadActual  13: 2048 op, 2800.00 ns, 1.3672 ns/op
OverheadActual  14: 2048 op, 2700.00 ns, 1.3184 ns/op
OverheadActual  15: 2048 op, 3000.00 ns, 1.4648 ns/op
OverheadActual  16: 2048 op, 3000.00 ns, 1.4648 ns/op
OverheadActual  17: 2048 op, 2700.00 ns, 1.3184 ns/op
OverheadActual  18: 2048 op, 3000.00 ns, 1.4648 ns/op
OverheadActual  19: 2048 op, 3000.00 ns, 1.4648 ns/op

WorkloadWarmup   1: 2048 op, 997197500.00 ns, 486.9128 us/op
WorkloadWarmup   2: 2048 op, 1002882600.00 ns, 489.6888 us/op
WorkloadWarmup   3: 2048 op, 985733500.00 ns, 481.3152 us/op
WorkloadWarmup   4: 2048 op, 1003513100.00 ns, 489.9966 us/op
WorkloadWarmup   5: 2048 op, 1008284100.00 ns, 492.3262 us/op
WorkloadWarmup   6: 2048 op, 998620300.00 ns, 487.6076 us/op

// BeforeActualRun
WorkloadActual   1: 2048 op, 999602300.00 ns, 488.0871 us/op
WorkloadActual   2: 2048 op, 999572100.00 ns, 488.0723 us/op
WorkloadActual   3: 2048 op, 1002331300.00 ns, 489.4196 us/op
WorkloadActual   4: 2048 op, 988797300.00 ns, 482.8112 us/op
WorkloadActual   5: 2048 op, 1002934400.00 ns, 489.7141 us/op
WorkloadActual   6: 2048 op, 1006160900.00 ns, 491.2895 us/op
WorkloadActual   7: 2048 op, 998727700.00 ns, 487.6600 us/op
WorkloadActual   8: 2048 op, 985303900.00 ns, 481.1054 us/op
WorkloadActual   9: 2048 op, 1000893700.00 ns, 488.7176 us/op
WorkloadActual  10: 2048 op, 999781800.00 ns, 488.1747 us/op
WorkloadActual  11: 2048 op, 987941000.00 ns, 482.3931 us/op
WorkloadActual  12: 2048 op, 1004140800.00 ns, 490.3031 us/op
WorkloadActual  13: 2048 op, 1001967300.00 ns, 489.2418 us/op
WorkloadActual  14: 2048 op, 996762200.00 ns, 486.7003 us/op
WorkloadActual  15: 2048 op, 986920200.00 ns, 481.8946 us/op

// AfterActualRun
WorkloadResult   1: 2048 op, 999599300.00 ns, 488.0856 us/op
WorkloadResult   2: 2048 op, 999569100.00 ns, 488.0708 us/op
WorkloadResult   3: 2048 op, 1002328300.00 ns, 489.4181 us/op
WorkloadResult   4: 2048 op, 988794300.00 ns, 482.8097 us/op
WorkloadResult   5: 2048 op, 1002931400.00 ns, 489.7126 us/op
WorkloadResult   6: 2048 op, 1006157900.00 ns, 491.2880 us/op
WorkloadResult   7: 2048 op, 998724700.00 ns, 487.6585 us/op
WorkloadResult   8: 2048 op, 985300900.00 ns, 481.1040 us/op
WorkloadResult   9: 2048 op, 1000890700.00 ns, 488.7162 us/op
WorkloadResult  10: 2048 op, 999778800.00 ns, 488.1732 us/op
WorkloadResult  11: 2048 op, 987938000.00 ns, 482.3916 us/op
WorkloadResult  12: 2048 op, 1004137800.00 ns, 490.3017 us/op
WorkloadResult  13: 2048 op, 1001964300.00 ns, 489.2404 us/op
WorkloadResult  14: 2048 op, 996759200.00 ns, 486.6988 us/op
WorkloadResult  15: 2048 op, 986917200.00 ns, 481.8932 us/op
// GC:  82 74 64 1178996536 2048
// Threading:  0 0 2048

// AfterAll
// Benchmark Process 49028 has exited with code 0.

Mean = 487.037 us, StdErr = 0.857 us (0.18%), N = 15, StdDev = 3.320 us
Min = 481.104 us, Q1 = 484.754 us, Median = 488.086 us, Q3 = 489.329 us, Max = 491.288 us
IQR = 4.575 us, LowerFence = 477.892 us, UpperFence = 496.192 us
ConfidenceInterval = [483.488 us; 490.587 us] (CI 99.9%), Margin = 3.549 us (0.73% of Mean)
Skewness = -0.65, Kurtosis = 1.8, MValue = 2

// ** Remained 3 (15.0%) benchmark(s) to run. Estimated finish 2026-09-21 12:47 (0h 1m from now) **
Setup power plan (GUID: 8c5e7fda-e8bf-4a96-9a85-a6e23a8c635c FriendlyName: High performance)
// **************************
// Benchmark: FixInputForms.'ours: fields from a string': DefaultJob [Reading=PartiesLarge]
// *** Execute ***
// Launch: 1 / 1
// Execute: dotnet qfcompare-DefaultJob-1.dll --anonymousPipes 1752 2588 --benchmarkName "QfCompare.FixInputForms.FieldsFromString(Reading: PartiesLarge)" --job Default --benchmarkId 17 in P:\dotgram.WorkTrees\fix-frozen\.work\qfcompare\bin\Release\net10.0\qfcompare-DefaultJob-1\bin\Release\net10.0
// BeforeAnythingElse

// Benchmark Process Environment Information:
// BenchmarkDotNet v0.15.8
// Runtime=.NET 10.0.12 (10.0.12, 10.0.1226.42308), X64 RyuJIT x86-64-v4
// GC=Concurrent Workstation
// HardwareIntrinsics=AVX512 BITALG+VBMI2+VNNI+VPOPCNTDQ,AVX512 IFMA+VBMI,AVX512 F+BW+CD+DQ+VL,AVX2+BMI1+BMI2+F16C+FMA+LZCNT+MOVBE,AVX,SSE3+SSSE3+SSE4.1+SSE4.2+POPCNT,X86Base+SSE+SSE2,AES+PCLMUL,AvxVnni VectorSize=256
// Job: DefaultJob

OverheadJitting  1: 1 op, 131900.00 ns, 131.9000 us/op
WorkloadJitting  1: 1 op, 839200.00 ns, 839.2000 us/op

OverheadJitting  2: 16 op, 248400.00 ns, 15.5250 us/op
WorkloadJitting  2: 16 op, 10744400.00 ns, 671.5250 us/op

WorkloadPilot    1: 16 op, 9905800.00 ns, 619.1125 us/op
WorkloadPilot    2: 32 op, 18762700.00 ns, 586.3344 us/op
WorkloadPilot    3: 64 op, 37593100.00 ns, 587.3922 us/op
WorkloadPilot    4: 128 op, 73680700.00 ns, 575.6305 us/op
WorkloadPilot    5: 256 op, 46686000.00 ns, 182.3672 us/op
WorkloadPilot    6: 512 op, 47610300.00 ns, 92.9889 us/op
WorkloadPilot    7: 1024 op, 93397600.00 ns, 91.2086 us/op
WorkloadPilot    8: 2048 op, 185971000.00 ns, 90.8062 us/op
WorkloadPilot    9: 4096 op, 373726100.00 ns, 91.2417 us/op
WorkloadPilot   10: 8192 op, 747799000.00 ns, 91.2841 us/op

OverheadWarmup   1: 8192 op, 12700.00 ns, 1.5503 ns/op
OverheadWarmup   2: 8192 op, 10700.00 ns, 1.3062 ns/op
OverheadWarmup   3: 8192 op, 10700.00 ns, 1.3062 ns/op
OverheadWarmup   4: 8192 op, 10500.00 ns, 1.2817 ns/op
OverheadWarmup   5: 8192 op, 10600.00 ns, 1.2939 ns/op
OverheadWarmup   6: 8192 op, 10600.00 ns, 1.2939 ns/op

OverheadActual   1: 8192 op, 15700.00 ns, 1.9165 ns/op
OverheadActual   2: 8192 op, 11000.00 ns, 1.3428 ns/op
OverheadActual   3: 8192 op, 11400.00 ns, 1.3916 ns/op
OverheadActual   4: 8192 op, 10800.00 ns, 1.3184 ns/op
OverheadActual   5: 8192 op, 10500.00 ns, 1.2817 ns/op
OverheadActual   6: 8192 op, 10500.00 ns, 1.2817 ns/op
OverheadActual   7: 8192 op, 10800.00 ns, 1.3184 ns/op
OverheadActual   8: 8192 op, 10800.00 ns, 1.3184 ns/op
OverheadActual   9: 8192 op, 11000.00 ns, 1.3428 ns/op
OverheadActual  10: 8192 op, 10600.00 ns, 1.2939 ns/op
OverheadActual  11: 8192 op, 11600.00 ns, 1.4160 ns/op
OverheadActual  12: 8192 op, 10800.00 ns, 1.3184 ns/op
OverheadActual  13: 8192 op, 10800.00 ns, 1.3184 ns/op
OverheadActual  14: 8192 op, 10800.00 ns, 1.3184 ns/op
OverheadActual  15: 8192 op, 10800.00 ns, 1.3184 ns/op

WorkloadWarmup   1: 8192 op, 761984400.00 ns, 93.0157 us/op
WorkloadWarmup   2: 8192 op, 891792100.00 ns, 108.8613 us/op
WorkloadWarmup   3: 8192 op, 791306300.00 ns, 96.5950 us/op
WorkloadWarmup   4: 8192 op, 809480200.00 ns, 98.8135 us/op
WorkloadWarmup   5: 8192 op, 798065600.00 ns, 97.4201 us/op
WorkloadWarmup   6: 8192 op, 806372900.00 ns, 98.4342 us/op

// BeforeActualRun
WorkloadActual   1: 8192 op, 801902900.00 ns, 97.8885 us/op
WorkloadActual   2: 8192 op, 795724700.00 ns, 97.1344 us/op
WorkloadActual   3: 8192 op, 808027800.00 ns, 98.6362 us/op
WorkloadActual   4: 8192 op, 801876200.00 ns, 97.8853 us/op
WorkloadActual   5: 8192 op, 795135500.00 ns, 97.0624 us/op
WorkloadActual   6: 8192 op, 802878400.00 ns, 98.0076 us/op
WorkloadActual   7: 8192 op, 794560000.00 ns, 96.9922 us/op
WorkloadActual   8: 8192 op, 796423000.00 ns, 97.2196 us/op
WorkloadActual   9: 8192 op, 798120400.00 ns, 97.4268 us/op
WorkloadActual  10: 8192 op, 823704200.00 ns, 100.5498 us/op
WorkloadActual  11: 8192 op, 787456600.00 ns, 96.1251 us/op
WorkloadActual  12: 8192 op, 804832400.00 ns, 98.2461 us/op
WorkloadActual  13: 8192 op, 801871000.00 ns, 97.8846 us/op
WorkloadActual  14: 8192 op, 797026700.00 ns, 97.2933 us/op
WorkloadActual  15: 8192 op, 812444800.00 ns, 99.1754 us/op

// AfterActualRun
WorkloadResult   1: 8192 op, 801892100.00 ns, 97.8872 us/op
WorkloadResult   2: 8192 op, 795713900.00 ns, 97.1330 us/op
WorkloadResult   3: 8192 op, 808017000.00 ns, 98.6349 us/op
WorkloadResult   4: 8192 op, 801865400.00 ns, 97.8840 us/op
WorkloadResult   5: 8192 op, 795124700.00 ns, 97.0611 us/op
WorkloadResult   6: 8192 op, 802867600.00 ns, 98.0063 us/op
WorkloadResult   7: 8192 op, 794549200.00 ns, 96.9909 us/op
WorkloadResult   8: 8192 op, 796412200.00 ns, 97.2183 us/op
WorkloadResult   9: 8192 op, 798109600.00 ns, 97.4255 us/op
WorkloadResult  10: 8192 op, 787445800.00 ns, 96.1238 us/op
WorkloadResult  11: 8192 op, 804821600.00 ns, 98.2448 us/op
WorkloadResult  12: 8192 op, 801860200.00 ns, 97.8833 us/op
WorkloadResult  13: 8192 op, 797015900.00 ns, 97.2920 us/op
WorkloadResult  14: 8192 op, 812434000.00 ns, 99.1741 us/op
// GC:  31 7 0 1582956544 8192
// Threading:  0 0 8192

// AfterAll
// Benchmark Process 53840 has exited with code 0.

Mean = 97.640 us, StdErr = 0.205 us (0.21%), N = 14, StdDev = 0.769 us
Min = 96.124 us, Q1 = 97.154 us, Median = 97.654 us, Q3 = 97.977 us, Max = 99.174 us
IQR = 0.822 us, LowerFence = 95.921 us, UpperFence = 99.210 us
ConfidenceInterval = [96.773 us; 98.507 us] (CI 99.9%), Margin = 0.867 us (0.89% of Mean)
Skewness = 0.11, Kurtosis = 2.53, MValue = 2

// ** Remained 2 (10.0%) benchmark(s) to run. Estimated finish 2026-09-21 12:47 (0h 0m from now) **
Setup power plan (GUID: 8c5e7fda-e8bf-4a96-9a85-a6e23a8c635c FriendlyName: High performance)
// **************************
// Benchmark: FixInputForms.'ours: fields from octets (no partner)': DefaultJob [Reading=PartiesLarge]
// *** Execute ***
// Launch: 1 / 1
// Execute: dotnet qfcompare-DefaultJob-1.dll --anonymousPipes 2588 2500 --benchmarkName "QfCompare.FixInputForms.FieldsFromOctets(Reading: PartiesLarge)" --job Default --benchmarkId 18 in P:\dotgram.WorkTrees\fix-frozen\.work\qfcompare\bin\Release\net10.0\qfcompare-DefaultJob-1\bin\Release\net10.0
// BeforeAnythingElse

// Benchmark Process Environment Information:
// BenchmarkDotNet v0.15.8
// Runtime=.NET 10.0.12 (10.0.12, 10.0.1226.42308), X64 RyuJIT x86-64-v4
// GC=Concurrent Workstation
// HardwareIntrinsics=AVX512 BITALG+VBMI2+VNNI+VPOPCNTDQ,AVX512 IFMA+VBMI,AVX512 F+BW+CD+DQ+VL,AVX2+BMI1+BMI2+F16C+FMA+LZCNT+MOVBE,AVX,SSE3+SSSE3+SSE4.1+SSE4.2+POPCNT,X86Base+SSE+SSE2,AES+PCLMUL,AvxVnni VectorSize=256
// Job: DefaultJob

OverheadJitting  1: 1 op, 131400.00 ns, 131.4000 us/op
WorkloadJitting  1: 1 op, 1129700.00 ns, 1.1297 ms/op

OverheadJitting  2: 16 op, 238800.00 ns, 14.9250 us/op
WorkloadJitting  2: 16 op, 15365500.00 ns, 960.3438 us/op

WorkloadPilot    1: 16 op, 14148100.00 ns, 884.2563 us/op
WorkloadPilot    2: 32 op, 27398100.00 ns, 856.1906 us/op
WorkloadPilot    3: 64 op, 55208900.00 ns, 862.6391 us/op
WorkloadPilot    4: 128 op, 75131700.00 ns, 586.9664 us/op
WorkloadPilot    5: 256 op, 37034200.00 ns, 144.6648 us/op
WorkloadPilot    6: 512 op, 60948000.00 ns, 119.0391 us/op
WorkloadPilot    7: 1024 op, 118254400.00 ns, 115.4828 us/op
WorkloadPilot    8: 2048 op, 235421400.00 ns, 114.9519 us/op
WorkloadPilot    9: 4096 op, 474380200.00 ns, 115.8155 us/op
WorkloadPilot   10: 8192 op, 946990100.00 ns, 115.5994 us/op

OverheadWarmup   1: 8192 op, 12000.00 ns, 1.4648 ns/op
OverheadWarmup   2: 8192 op, 10800.00 ns, 1.3184 ns/op
OverheadWarmup   3: 8192 op, 11000.00 ns, 1.3428 ns/op
OverheadWarmup   4: 8192 op, 10800.00 ns, 1.3184 ns/op
OverheadWarmup   5: 8192 op, 10900.00 ns, 1.3306 ns/op
OverheadWarmup   6: 8192 op, 10800.00 ns, 1.3184 ns/op

OverheadActual   1: 8192 op, 11000.00 ns, 1.3428 ns/op
OverheadActual   2: 8192 op, 10900.00 ns, 1.3306 ns/op
OverheadActual   3: 8192 op, 11500.00 ns, 1.4038 ns/op
OverheadActual   4: 8192 op, 10800.00 ns, 1.3184 ns/op
OverheadActual   5: 8192 op, 10800.00 ns, 1.3184 ns/op
OverheadActual   6: 8192 op, 10800.00 ns, 1.3184 ns/op
OverheadActual   7: 8192 op, 10900.00 ns, 1.3306 ns/op
OverheadActual   8: 8192 op, 10500.00 ns, 1.2817 ns/op
OverheadActual   9: 8192 op, 10600.00 ns, 1.2939 ns/op
OverheadActual  10: 8192 op, 11000.00 ns, 1.3428 ns/op
OverheadActual  11: 8192 op, 11400.00 ns, 1.3916 ns/op
OverheadActual  12: 8192 op, 11000.00 ns, 1.3428 ns/op
OverheadActual  13: 8192 op, 10900.00 ns, 1.3306 ns/op
OverheadActual  14: 8192 op, 10900.00 ns, 1.3306 ns/op
OverheadActual  15: 8192 op, 10600.00 ns, 1.2939 ns/op

WorkloadWarmup   1: 8192 op, 983044000.00 ns, 120.0005 us/op
WorkloadWarmup   2: 8192 op, 1016217800.00 ns, 124.0500 us/op
WorkloadWarmup   3: 8192 op, 998037700.00 ns, 121.8308 us/op
WorkloadWarmup   4: 8192 op, 1011799500.00 ns, 123.5107 us/op
WorkloadWarmup   5: 8192 op, 1001106100.00 ns, 122.2053 us/op
WorkloadWarmup   6: 8192 op, 1043245800.00 ns, 127.3493 us/op

// BeforeActualRun
WorkloadActual   1: 8192 op, 1023217800.00 ns, 124.9045 us/op
WorkloadActual   2: 8192 op, 1013196800.00 ns, 123.6813 us/op
WorkloadActual   3: 8192 op, 1009807300.00 ns, 123.2675 us/op
WorkloadActual   4: 8192 op, 1001420600.00 ns, 122.2437 us/op
WorkloadActual   5: 8192 op, 1008867600.00 ns, 123.1528 us/op
WorkloadActual   6: 8192 op, 1005587600.00 ns, 122.7524 us/op
WorkloadActual   7: 8192 op, 1067295200.00 ns, 130.2851 us/op
WorkloadActual   8: 8192 op, 994475600.00 ns, 121.3959 us/op
WorkloadActual   9: 8192 op, 1008049500.00 ns, 123.0529 us/op
WorkloadActual  10: 8192 op, 1015172800.00 ns, 123.9225 us/op
WorkloadActual  11: 8192 op, 988684100.00 ns, 120.6890 us/op
WorkloadActual  12: 8192 op, 1006768600.00 ns, 122.8966 us/op
WorkloadActual  13: 8192 op, 989798500.00 ns, 120.8250 us/op
WorkloadActual  14: 8192 op, 1020025700.00 ns, 124.5149 us/op
WorkloadActual  15: 8192 op, 1018109300.00 ns, 124.2809 us/op

// AfterActualRun
WorkloadResult   1: 8192 op, 1023206900.00 ns, 124.9032 us/op
WorkloadResult   2: 8192 op, 1013185900.00 ns, 123.6799 us/op
WorkloadResult   3: 8192 op, 1009796400.00 ns, 123.2662 us/op
WorkloadResult   4: 8192 op, 1001409700.00 ns, 122.2424 us/op
WorkloadResult   5: 8192 op, 1008856700.00 ns, 123.1515 us/op
WorkloadResult   6: 8192 op, 1005576700.00 ns, 122.7511 us/op
WorkloadResult   7: 8192 op, 994464700.00 ns, 121.3946 us/op
WorkloadResult   8: 8192 op, 1008038600.00 ns, 123.0516 us/op
WorkloadResult   9: 8192 op, 1015161900.00 ns, 123.9211 us/op
WorkloadResult  10: 8192 op, 988673200.00 ns, 120.6876 us/op
WorkloadResult  11: 8192 op, 1006757700.00 ns, 122.8952 us/op
WorkloadResult  12: 8192 op, 989787600.00 ns, 120.8237 us/op
WorkloadResult  13: 8192 op, 1020014800.00 ns, 124.5135 us/op
WorkloadResult  14: 8192 op, 1018098400.00 ns, 124.2796 us/op
// GC:  31 5 0 1583415296 8192
// Threading:  0 0 8192

// AfterAll
// Benchmark Process 27140 has exited with code 0.

Mean = 122.969 us, StdErr = 0.350 us (0.28%), N = 14, StdDev = 1.308 us
Min = 120.688 us, Q1 = 122.370 us, Median = 123.102 us, Q3 = 123.861 us, Max = 124.903 us
IQR = 1.491 us, LowerFence = 120.133 us, UpperFence = 126.098 us
ConfidenceInterval = [121.493 us; 124.444 us] (CI 99.9%), Margin = 1.476 us (1.20% of Mean)
Skewness = -0.37, Kurtosis = 1.91, MValue = 2

// ** Remained 1 (5.0%) benchmark(s) to run. Estimated finish 2026-09-21 12:47 (0h 0m from now) **
Setup power plan (GUID: 8c5e7fda-e8bf-4a96-9a85-a6e23a8c635c FriendlyName: High performance)
// **************************
// Benchmark: FixInputForms.'A/A ours: message from a string': DefaultJob [Reading=PartiesLarge]
// *** Execute ***
// Launch: 1 / 1
// Execute: dotnet qfcompare-DefaultJob-1.dll --anonymousPipes 2636 2632 --benchmarkName "QfCompare.FixInputForms.FromStringAgain(Reading: PartiesLarge)" --job Default --benchmarkId 19 in P:\dotgram.WorkTrees\fix-frozen\.work\qfcompare\bin\Release\net10.0\qfcompare-DefaultJob-1\bin\Release\net10.0
// BeforeAnythingElse

// Benchmark Process Environment Information:
// BenchmarkDotNet v0.15.8
// Runtime=.NET 10.0.12 (10.0.12, 10.0.1226.42308), X64 RyuJIT x86-64-v4
// GC=Concurrent Workstation
// HardwareIntrinsics=AVX512 BITALG+VBMI2+VNNI+VPOPCNTDQ,AVX512 IFMA+VBMI,AVX512 F+BW+CD+DQ+VL,AVX2+BMI1+BMI2+F16C+FMA+LZCNT+MOVBE,AVX,SSE3+SSSE3+SSE4.1+SSE4.2+POPCNT,X86Base+SSE+SSE2,AES+PCLMUL,AvxVnni VectorSize=256
// Job: DefaultJob

OverheadJitting  1: 1 op, 121500.00 ns, 121.5000 us/op
WorkloadJitting  1: 1 op, 1020400.00 ns, 1.0204 ms/op

OverheadJitting  2: 16 op, 237300.00 ns, 14.8313 us/op
WorkloadJitting  2: 16 op, 15994500.00 ns, 999.6563 us/op

WorkloadPilot    1: 16 op, 12636600.00 ns, 789.7875 us/op
WorkloadPilot    2: 32 op, 24413200.00 ns, 762.9125 us/op
WorkloadPilot    3: 64 op, 48256800.00 ns, 754.0125 us/op
WorkloadPilot    4: 128 op, 109338900.00 ns, 854.2102 us/op
WorkloadPilot    5: 256 op, 228242400.00 ns, 891.5719 us/op
WorkloadPilot    6: 512 op, 229239100.00 ns, 447.7326 us/op
WorkloadPilot    7: 1024 op, 488487300.00 ns, 477.0384 us/op
WorkloadPilot    8: 2048 op, 957621400.00 ns, 467.5886 us/op

OverheadWarmup   1: 2048 op, 4200.00 ns, 2.0508 ns/op
OverheadWarmup   2: 2048 op, 2800.00 ns, 1.3672 ns/op
OverheadWarmup   3: 2048 op, 3000.00 ns, 1.4648 ns/op
OverheadWarmup   4: 2048 op, 2800.00 ns, 1.3672 ns/op
OverheadWarmup   5: 2048 op, 3000.00 ns, 1.4648 ns/op
OverheadWarmup   6: 2048 op, 2800.00 ns, 1.3672 ns/op

OverheadActual   1: 2048 op, 3000.00 ns, 1.4648 ns/op
OverheadActual   2: 2048 op, 3100.00 ns, 1.5137 ns/op
OverheadActual   3: 2048 op, 3000.00 ns, 1.4648 ns/op
OverheadActual   4: 2048 op, 2900.00 ns, 1.4160 ns/op
OverheadActual   5: 2048 op, 3000.00 ns, 1.4648 ns/op
OverheadActual   6: 2048 op, 3000.00 ns, 1.4648 ns/op
OverheadActual   7: 2048 op, 2700.00 ns, 1.3184 ns/op
OverheadActual   8: 2048 op, 2800.00 ns, 1.3672 ns/op
OverheadActual   9: 2048 op, 2700.00 ns, 1.3184 ns/op
OverheadActual  10: 2048 op, 2600.00 ns, 1.2695 ns/op
OverheadActual  11: 2048 op, 3000.00 ns, 1.4648 ns/op
OverheadActual  12: 2048 op, 2700.00 ns, 1.3184 ns/op
OverheadActual  13: 2048 op, 3000.00 ns, 1.4648 ns/op
OverheadActual  14: 2048 op, 2700.00 ns, 1.3184 ns/op
OverheadActual  15: 2048 op, 2800.00 ns, 1.3672 ns/op
OverheadActual  16: 2048 op, 2700.00 ns, 1.3184 ns/op
OverheadActual  17: 2048 op, 3000.00 ns, 1.4648 ns/op
OverheadActual  18: 2048 op, 3000.00 ns, 1.4648 ns/op
OverheadActual  19: 2048 op, 3000.00 ns, 1.4648 ns/op

WorkloadWarmup   1: 2048 op, 950639900.00 ns, 464.1796 us/op
WorkloadWarmup   2: 2048 op, 950431400.00 ns, 464.0778 us/op
WorkloadWarmup   3: 2048 op, 950080900.00 ns, 463.9067 us/op
WorkloadWarmup   4: 2048 op, 952190100.00 ns, 464.9366 us/op
WorkloadWarmup   5: 2048 op, 957197800.00 ns, 467.3817 us/op
WorkloadWarmup   6: 2048 op, 956841000.00 ns, 467.2075 us/op
WorkloadWarmup   7: 2048 op, 954154000.00 ns, 465.8955 us/op
WorkloadWarmup   8: 2048 op, 960014900.00 ns, 468.7573 us/op
WorkloadWarmup   9: 2048 op, 961715800.00 ns, 469.5878 us/op
WorkloadWarmup  10: 2048 op, 959706600.00 ns, 468.6067 us/op

// BeforeActualRun
WorkloadActual   1: 2048 op, 962872700.00 ns, 470.1527 us/op
WorkloadActual   2: 2048 op, 957490900.00 ns, 467.5249 us/op
WorkloadActual   3: 2048 op, 951105900.00 ns, 464.4072 us/op
WorkloadActual   4: 2048 op, 950403900.00 ns, 464.0644 us/op
WorkloadActual   5: 2048 op, 953159200.00 ns, 465.4098 us/op
WorkloadActual   6: 2048 op, 947418300.00 ns, 462.6066 us/op
WorkloadActual   7: 2048 op, 959692200.00 ns, 468.5997 us/op
WorkloadActual   8: 2048 op, 958595400.00 ns, 468.0642 us/op
WorkloadActual   9: 2048 op, 970609200.00 ns, 473.9303 us/op
WorkloadActual  10: 2048 op, 959052800.00 ns, 468.2875 us/op
WorkloadActual  11: 2048 op, 976014800.00 ns, 476.5697 us/op
WorkloadActual  12: 2048 op, 974725500.00 ns, 475.9402 us/op
WorkloadActual  13: 2048 op, 958942900.00 ns, 468.2338 us/op
WorkloadActual  14: 2048 op, 971527400.00 ns, 474.3786 us/op
WorkloadActual  15: 2048 op, 974597600.00 ns, 475.8777 us/op

// AfterActualRun
WorkloadResult   1: 2048 op, 962869700.00 ns, 470.1512 us/op
WorkloadResult   2: 2048 op, 957487900.00 ns, 467.5234 us/op
WorkloadResult   3: 2048 op, 951102900.00 ns, 464.4057 us/op
WorkloadResult   4: 2048 op, 950400900.00 ns, 464.0629 us/op
WorkloadResult   5: 2048 op, 953156200.00 ns, 465.4083 us/op
WorkloadResult   6: 2048 op, 947415300.00 ns, 462.6051 us/op
WorkloadResult   7: 2048 op, 959689200.00 ns, 468.5982 us/op
WorkloadResult   8: 2048 op, 958592400.00 ns, 468.0627 us/op
WorkloadResult   9: 2048 op, 970606200.00 ns, 473.9288 us/op
WorkloadResult  10: 2048 op, 959049800.00 ns, 468.2860 us/op
WorkloadResult  11: 2048 op, 976011800.00 ns, 476.5683 us/op
WorkloadResult  12: 2048 op, 974722500.00 ns, 475.9387 us/op
WorkloadResult  13: 2048 op, 958939900.00 ns, 468.2324 us/op
WorkloadResult  14: 2048 op, 971524400.00 ns, 474.3771 us/op
WorkloadResult  15: 2048 op, 974594600.00 ns, 475.8763 us/op
// GC:  77 69 62 1025023576 2048
// Threading:  0 0 2048

// AfterAll
// Benchmark Process 28184 has exited with code 0.

Mean = 469.602 us, StdErr = 1.206 us (0.26%), N = 15, StdDev = 4.671 us
Min = 462.605 us, Q1 = 466.466 us, Median = 468.286 us, Q3 = 474.153 us, Max = 476.568 us
IQR = 7.687 us, LowerFence = 454.935 us, UpperFence = 485.684 us
ConfidenceInterval = [464.609 us; 474.595 us] (CI 99.9%), Margin = 4.993 us (1.06% of Mean)
Skewness = 0.19, Kurtosis = 1.51, MValue = 2

// ** Remained 0 (0.0%) benchmark(s) to run. Estimated finish 2026-09-21 12:47 (0h 0m from now) **
Successfully reverted power plan (GUID: 8c5e7fda-e8bf-4a96-9a85-a6e23a8c635c FriendlyName: High performance)
// ***** BenchmarkRunner: Finish  *****

// * Export *
  T:\TEMP\dotgram-bdn\fix-forms-20260921-123943\results\QfCompare.FixInputForms-report.csv
  T:\TEMP\dotgram-bdn\fix-forms-20260921-123943\results\QfCompare.FixInputForms-report-github.md
  T:\TEMP\dotgram-bdn\fix-forms-20260921-123943\results\QfCompare.FixInputForms-report.html

// * Detailed results *
FixInputForms.'ours: message from a string': DefaultJob [Reading=Order]
Runtime = .NET 10.0.12 (10.0.12, 10.0.1226.42308), X64 RyuJIT x86-64-v4; GC = Concurrent Workstation
Mean = 1.125 us, StdErr = 0.004 us (0.38%), N = 14, StdDev = 0.016 us
Min = 1.104 us, Q1 = 1.111 us, Median = 1.125 us, Q3 = 1.139 us, Max = 1.151 us
IQR = 0.027 us, LowerFence = 1.070 us, UpperFence = 1.180 us
ConfidenceInterval = [1.107 us; 1.143 us] (CI 99.9%), Margin = 0.018 us (1.60% of Mean)
Skewness = 0.12, Kurtosis = 1.41, MValue = 2
-------------------- Histogram --------------------
[1.098 us ; 1.127 us) | @@@@@@@
[1.127 us ; 1.160 us) | @@@@@@@
---------------------------------------------------

FixInputForms.'QuickFIX/n: message from a string (their only form)': DefaultJob [Reading=Order]
Runtime = .NET 10.0.12 (10.0.12, 10.0.1226.42308), X64 RyuJIT x86-64-v4; GC = Concurrent Workstation
Mean = 981.196 ns, StdErr = 3.798 ns (0.39%), N = 14, StdDev = 14.212 ns
Min = 962.239 ns, Q1 = 973.207 ns, Median = 976.436 ns, Q3 = 987.962 ns, Max = 1,015.034 ns
IQR = 14.754 ns, LowerFence = 951.076 ns, UpperFence = 1,010.093 ns
ConfidenceInterval = [965.164 ns; 997.227 ns] (CI 99.9%), Margin = 16.032 ns (1.63% of Mean)
Skewness = 0.8, Kurtosis = 2.87, MValue = 2
-------------------- Histogram --------------------
[  960.090 ns ; 1,000.546 ns) | @@@@@@@@@@@@@
[1,000.546 ns ; 1,022.774 ns) | @
---------------------------------------------------

FixInputForms.'ours: message from a span': DefaultJob [Reading=Order]
Runtime = .NET 10.0.12 (10.0.12, 10.0.1226.42308), X64 RyuJIT x86-64-v4; GC = Concurrent Workstation
Mean = 1.157 us, StdErr = 0.005 us (0.46%), N = 15, StdDev = 0.021 us
Min = 1.136 us, Q1 = 1.141 us, Median = 1.148 us, Q3 = 1.171 us, Max = 1.200 us
IQR = 0.030 us, LowerFence = 1.096 us, UpperFence = 1.216 us
ConfidenceInterval = [1.135 us; 1.179 us] (CI 99.9%), Margin = 0.022 us (1.90% of Mean)
Skewness = 0.76, Kurtosis = 2.03, MValue = 2
-------------------- Histogram --------------------
[1.132 us ; 1.202 us) | @@@@@@@@@@@@@@@
---------------------------------------------------

FixInputForms.'ours: message from a stream (no partner)': DefaultJob [Reading=Order]
Runtime = .NET 10.0.12 (10.0.12, 10.0.1226.42308), X64 RyuJIT x86-64-v4; GC = Concurrent Workstation
Mean = 1.529 us, StdErr = 0.003 us (0.19%), N = 15, StdDev = 0.011 us
Min = 1.511 us, Q1 = 1.522 us, Median = 1.530 us, Q3 = 1.539 us, Max = 1.544 us
IQR = 0.016 us, LowerFence = 1.498 us, UpperFence = 1.563 us
ConfidenceInterval = [1.517 us; 1.541 us] (CI 99.9%), Margin = 0.012 us (0.78% of Mean)
Skewness = -0.19, Kurtosis = 1.5, MValue = 2
-------------------- Histogram --------------------
[1.505 us ; 1.550 us) | @@@@@@@@@@@@@@@
---------------------------------------------------

FixInputForms.'ours: message from a reader (no partner)': DefaultJob [Reading=Order]
Runtime = .NET 10.0.12 (10.0.12, 10.0.1226.42308), X64 RyuJIT x86-64-v4; GC = Concurrent Workstation
Mean = 1.455 us, StdErr = 0.005 us (0.32%), N = 15, StdDev = 0.018 us
Min = 1.428 us, Q1 = 1.443 us, Median = 1.453 us, Q3 = 1.465 us, Max = 1.492 us
IQR = 0.021 us, LowerFence = 1.411 us, UpperFence = 1.497 us
ConfidenceInterval = [1.436 us; 1.474 us] (CI 99.9%), Margin = 0.019 us (1.31% of Mean)
Skewness = 0.39, Kurtosis = 2.29, MValue = 2
-------------------- Histogram --------------------
[1.418 us ; 1.465 us) | @@@@@@@@@@@
[1.465 us ; 1.502 us) | @@@@
---------------------------------------------------

FixInputForms.'ours: message from octets (no partner)': DefaultJob [Reading=Order]
Runtime = .NET 10.0.12 (10.0.12, 10.0.1226.42308), X64 RyuJIT x86-64-v4; GC = Concurrent Workstation
Mean = 1.340 us, StdErr = 0.007 us (0.49%), N = 18, StdDev = 0.028 us
Min = 1.299 us, Q1 = 1.314 us, Median = 1.340 us, Q3 = 1.358 us, Max = 1.400 us
IQR = 0.044 us, LowerFence = 1.249 us, UpperFence = 1.423 us
ConfidenceInterval = [1.314 us; 1.366 us] (CI 99.9%), Margin = 0.026 us (1.95% of Mean)
Skewness = 0.4, Kurtosis = 2.2, MValue = 2
-------------------- Histogram --------------------
[1.292 us ; 1.319 us) | @@@@@
[1.319 us ; 1.356 us) | @@@@@@@@
[1.356 us ; 1.384 us) | @@@@
[1.384 us ; 1.414 us) | @
---------------------------------------------------

FixInputForms.'ours: message from a span of octets (no partner)': DefaultJob [Reading=Order]
Runtime = .NET 10.0.12 (10.0.12, 10.0.1226.42308), X64 RyuJIT x86-64-v4; GC = Concurrent Workstation
Mean = 1.297 us, StdErr = 0.003 us (0.27%), N = 14, StdDev = 0.013 us
Min = 1.277 us, Q1 = 1.287 us, Median = 1.296 us, Q3 = 1.304 us, Max = 1.327 us
IQR = 0.017 us, LowerFence = 1.262 us, UpperFence = 1.330 us
ConfidenceInterval = [1.282 us; 1.312 us] (CI 99.9%), Margin = 0.015 us (1.13% of Mean)
Skewness = 0.56, Kurtosis = 2.74, MValue = 2
-------------------- Histogram --------------------
[1.270 us ; 1.334 us) | @@@@@@@@@@@@@@
---------------------------------------------------

FixInputForms.'ours: fields from a string': DefaultJob [Reading=Order]
Runtime = .NET 10.0.12 (10.0.12, 10.0.1226.42308), X64 RyuJIT x86-64-v4; GC = Concurrent Workstation
Mean = 617.076 ns, StdErr = 2.630 ns (0.43%), N = 14, StdDev = 9.840 ns
Min = 604.288 ns, Q1 = 609.487 ns, Median = 613.693 ns, Q3 = 625.997 ns, Max = 633.940 ns
IQR = 16.510 ns, LowerFence = 584.723 ns, UpperFence = 650.761 ns
ConfidenceInterval = [605.975 ns; 628.176 ns] (CI 99.9%), Margin = 11.101 ns (1.80% of Mean)
Skewness = 0.51, Kurtosis = 1.63, MValue = 2
-------------------- Histogram --------------------
[603.204 ns ; 635.409 ns) | @@@@@@@@@@@@@@
---------------------------------------------------

FixInputForms.'ours: fields from octets (no partner)': DefaultJob [Reading=Order]
Runtime = .NET 10.0.12 (10.0.12, 10.0.1226.42308), X64 RyuJIT x86-64-v4; GC = Concurrent Workstation
Mean = 790.222 ns, StdErr = 2.118 ns (0.27%), N = 15, StdDev = 8.201 ns
Min = 780.063 ns, Q1 = 784.372 ns, Median = 786.271 ns, Q3 = 797.576 ns, Max = 807.541 ns
IQR = 13.203 ns, LowerFence = 764.567 ns, UpperFence = 817.381 ns
ConfidenceInterval = [781.454 ns; 798.990 ns] (CI 99.9%), Margin = 8.768 ns (1.11% of Mean)
Skewness = 0.62, Kurtosis = 1.94, MValue = 2
-------------------- Histogram --------------------
[775.698 ns ; 811.906 ns) | @@@@@@@@@@@@@@@
---------------------------------------------------

FixInputForms.'A/A ours: message from a string': DefaultJob [Reading=Order]
Runtime = .NET 10.0.12 (10.0.12, 10.0.1226.42308), X64 RyuJIT x86-64-v4; GC = Concurrent Workstation
Mean = 1.143 us, StdErr = 0.005 us (0.40%), N = 14, StdDev = 0.017 us
Min = 1.116 us, Q1 = 1.131 us, Median = 1.141 us, Q3 = 1.152 us, Max = 1.183 us
IQR = 0.022 us, LowerFence = 1.098 us, UpperFence = 1.185 us
ConfidenceInterval = [1.124 us; 1.163 us] (CI 99.9%), Margin = 0.019 us (1.70% of Mean)
Skewness = 0.57, Kurtosis = 2.67, MValue = 2
-------------------- Histogram --------------------
[1.107 us ; 1.146 us) | @@@@@@@@
[1.146 us ; 1.192 us) | @@@@@@
---------------------------------------------------

FixInputForms.'ours: message from a string': DefaultJob [Reading=PartiesLarge]
Runtime = .NET 10.0.12 (10.0.12, 10.0.1226.42308), X64 RyuJIT x86-64-v4; GC = Concurrent Workstation
Mean = 472.025 us, StdErr = 0.844 us (0.18%), N = 15, StdDev = 3.268 us
Min = 465.299 us, Q1 = 471.040 us, Median = 472.914 us, Q3 = 473.637 us, Max = 476.432 us
IQR = 2.597 us, LowerFence = 467.145 us, UpperFence = 477.533 us
ConfidenceInterval = [468.531 us; 475.519 us] (CI 99.9%), Margin = 3.494 us (0.74% of Mean)
Skewness = -0.71, Kurtosis = 2.43, MValue = 2
-------------------- Histogram --------------------
[463.560 us ; 476.785 us) | @@@@@@@@@@@@@@@
---------------------------------------------------

FixInputForms.'QuickFIX/n: message from a string (their only form)': DefaultJob [Reading=PartiesLarge]
Runtime = .NET 10.0.12 (10.0.12, 10.0.1226.42308), X64 RyuJIT x86-64-v4; GC = Concurrent Workstation
Mean = 250.262 us, StdErr = 1.308 us (0.52%), N = 25, StdDev = 6.540 us
Min = 240.951 us, Q1 = 246.007 us, Median = 249.243 us, Q3 = 253.761 us, Max = 265.545 us
IQR = 7.754 us, LowerFence = 234.375 us, UpperFence = 265.392 us
ConfidenceInterval = [245.363 us; 255.161 us] (CI 99.9%), Margin = 4.899 us (1.96% of Mean)
Skewness = 0.77, Kurtosis = 2.77, MValue = 2
-------------------- Histogram --------------------
[238.015 us ; 244.233 us) | @@@@
[244.233 us ; 250.104 us) | @@@@@@@@@@@@
[250.104 us ; 256.033 us) | @@@@@
[256.033 us ; 267.015 us) | @@@@
---------------------------------------------------

FixInputForms.'ours: message from a span': DefaultJob [Reading=PartiesLarge]
Runtime = .NET 10.0.12 (10.0.12, 10.0.1226.42308), X64 RyuJIT x86-64-v4; GC = Concurrent Workstation
Mean = 469.815 us, StdErr = 0.991 us (0.21%), N = 15, StdDev = 3.839 us
Min = 465.016 us, Q1 = 466.131 us, Median = 469.661 us, Q3 = 473.297 us, Max = 475.291 us
IQR = 7.166 us, LowerFence = 455.382 us, UpperFence = 484.045 us
ConfidenceInterval = [465.710 us; 473.919 us] (CI 99.9%), Margin = 4.105 us (0.87% of Mean)
Skewness = 0.08, Kurtosis = 1.21, MValue = 2
-------------------- Histogram --------------------
[462.973 us ; 477.334 us) | @@@@@@@@@@@@@@@
---------------------------------------------------

FixInputForms.'ours: message from a stream (no partner)': DefaultJob [Reading=PartiesLarge]
Runtime = .NET 10.0.12 (10.0.12, 10.0.1226.42308), X64 RyuJIT x86-64-v4; GC = Concurrent Workstation
Mean = 485.803 us, StdErr = 1.060 us (0.22%), N = 15, StdDev = 4.106 us
Min = 481.015 us, Q1 = 482.261 us, Median = 484.295 us, Q3 = 489.583 us, Max = 492.190 us
IQR = 7.322 us, LowerFence = 471.278 us, UpperFence = 500.566 us
ConfidenceInterval = [481.414 us; 490.192 us] (CI 99.9%), Margin = 4.389 us (0.90% of Mean)
Skewness = 0.13, Kurtosis = 1.15, MValue = 2
-------------------- Histogram --------------------
[478.830 us ; 494.375 us) | @@@@@@@@@@@@@@@
---------------------------------------------------

FixInputForms.'ours: message from a reader (no partner)': DefaultJob [Reading=PartiesLarge]
Runtime = .NET 10.0.12 (10.0.12, 10.0.1226.42308), X64 RyuJIT x86-64-v4; GC = Concurrent Workstation
Mean = 484.011 us, StdErr = 1.288 us (0.27%), N = 15, StdDev = 4.989 us
Min = 473.180 us, Q1 = 481.480 us, Median = 482.601 us, Q3 = 488.641 us, Max = 490.276 us
IQR = 7.161 us, LowerFence = 470.738 us, UpperFence = 499.383 us
ConfidenceInterval = [478.678 us; 489.344 us] (CI 99.9%), Margin = 5.333 us (1.10% of Mean)
Skewness = -0.37, Kurtosis = 2.13, MValue = 2
-------------------- Histogram --------------------
[470.525 us ; 492.931 us) | @@@@@@@@@@@@@@@
---------------------------------------------------

FixInputForms.'ours: message from octets (no partner)': DefaultJob [Reading=PartiesLarge]
Runtime = .NET 10.0.12 (10.0.12, 10.0.1226.42308), X64 RyuJIT x86-64-v4; GC = Concurrent Workstation
Mean = 474.883 us, StdErr = 0.493 us (0.10%), N = 15, StdDev = 1.909 us
Min = 469.264 us, Q1 = 474.848 us, Median = 475.345 us, Q3 = 475.836 us, Max = 476.749 us
IQR = 0.989 us, LowerFence = 473.365 us, UpperFence = 477.319 us
ConfidenceInterval = [472.842 us; 476.923 us] (CI 99.9%), Margin = 2.040 us (0.43% of Mean)
Skewness = -1.74, Kurtosis = 5.42, MValue = 2
-------------------- Histogram --------------------
[468.248 us ; 477.765 us) | @@@@@@@@@@@@@@@
---------------------------------------------------

FixInputForms.'ours: message from a span of octets (no partner)': DefaultJob [Reading=PartiesLarge]
Runtime = .NET 10.0.12 (10.0.12, 10.0.1226.42308), X64 RyuJIT x86-64-v4; GC = Concurrent Workstation
Mean = 487.037 us, StdErr = 0.857 us (0.18%), N = 15, StdDev = 3.320 us
Min = 481.104 us, Q1 = 484.754 us, Median = 488.086 us, Q3 = 489.329 us, Max = 491.288 us
IQR = 4.575 us, LowerFence = 477.892 us, UpperFence = 496.192 us
ConfidenceInterval = [483.488 us; 490.587 us] (CI 99.9%), Margin = 3.549 us (0.73% of Mean)
Skewness = -0.65, Kurtosis = 1.8, MValue = 2
-------------------- Histogram --------------------
[479.337 us ; 493.055 us) | @@@@@@@@@@@@@@@
---------------------------------------------------

FixInputForms.'ours: fields from a string': DefaultJob [Reading=PartiesLarge]
Runtime = .NET 10.0.12 (10.0.12, 10.0.1226.42308), X64 RyuJIT x86-64-v4; GC = Concurrent Workstation
Mean = 97.640 us, StdErr = 0.205 us (0.21%), N = 14, StdDev = 0.769 us
Min = 96.124 us, Q1 = 97.154 us, Median = 97.654 us, Q3 = 97.977 us, Max = 99.174 us
IQR = 0.822 us, LowerFence = 95.921 us, UpperFence = 99.210 us
ConfidenceInterval = [96.773 us; 98.507 us] (CI 99.9%), Margin = 0.867 us (0.89% of Mean)
Skewness = 0.11, Kurtosis = 2.53, MValue = 2
-------------------- Histogram --------------------
[95.705 us ; 99.593 us) | @@@@@@@@@@@@@@
---------------------------------------------------

FixInputForms.'ours: fields from octets (no partner)': DefaultJob [Reading=PartiesLarge]
Runtime = .NET 10.0.12 (10.0.12, 10.0.1226.42308), X64 RyuJIT x86-64-v4; GC = Concurrent Workstation
Mean = 122.969 us, StdErr = 0.350 us (0.28%), N = 14, StdDev = 1.308 us
Min = 120.688 us, Q1 = 122.370 us, Median = 123.102 us, Q3 = 123.861 us, Max = 124.903 us
IQR = 1.491 us, LowerFence = 120.133 us, UpperFence = 126.098 us
ConfidenceInterval = [121.493 us; 124.444 us] (CI 99.9%), Margin = 1.476 us (1.20% of Mean)
Skewness = -0.37, Kurtosis = 1.91, MValue = 2
-------------------- Histogram --------------------
[119.975 us ; 125.616 us) | @@@@@@@@@@@@@@
---------------------------------------------------

FixInputForms.'A/A ours: message from a string': DefaultJob [Reading=PartiesLarge]
Runtime = .NET 10.0.12 (10.0.12, 10.0.1226.42308), X64 RyuJIT x86-64-v4; GC = Concurrent Workstation
Mean = 469.602 us, StdErr = 1.206 us (0.26%), N = 15, StdDev = 4.671 us
Min = 462.605 us, Q1 = 466.466 us, Median = 468.286 us, Q3 = 474.153 us, Max = 476.568 us
IQR = 7.687 us, LowerFence = 454.935 us, UpperFence = 485.684 us
ConfidenceInterval = [464.609 us; 474.595 us] (CI 99.9%), Margin = 4.993 us (1.06% of Mean)
Skewness = 0.19, Kurtosis = 1.51, MValue = 2
-------------------- Histogram --------------------
[461.667 us ; 479.054 us) | @@@@@@@@@@@@@@@
---------------------------------------------------

// * Summary *

BenchmarkDotNet v0.15.8, Windows 11 (10.0.26200.9445/25H2/2025Update/HudsonValley2)
AMD Ryzen 9 9950X3D 4.30GHz, 1 CPU, 32 logical and 16 physical cores
.NET SDK 10.0.401
  [Host]     : .NET 10.0.12 (10.0.12, 10.0.1226.42308), X64 RyuJIT x86-64-v4
  DefaultJob : .NET 10.0.12 (10.0.12, 10.0.1226.42308), X64 RyuJIT x86-64-v4


| Method                                                | Reading      | Mean         | Error       | StdDev      | Op/s        | Ratio | RatioSD | Gen0    | Gen1    | Gen2    | Allocated  | Alloc Ratio |
|------------------------------------------------------ |------------- |-------------:|------------:|------------:|------------:|------:|--------:|--------:|--------:|--------:|-----------:|------------:|
| 'ours: message from a string'                         | Order        |   1,125.0 ns |    17.99 ns |    15.95 ns |   888,855.5 |  1.00 |    0.02 |  0.0839 |       - |       - |    4.18 KB |        1.00 |
| 'QuickFIX/n: message from a string (their only form)' | Order        |     981.2 ns |    16.03 ns |    14.21 ns | 1,019,164.8 |  0.87 |    0.02 |  0.0877 |  0.0010 |       - |     4.3 KB |        1.03 |
| 'ours: message from a span'                           | Order        |   1,156.8 ns |    21.97 ns |    20.55 ns |   864,476.1 |  1.03 |    0.02 |  0.0896 |       - |       - |    4.47 KB |        1.07 |
| 'ours: message from a stream (no partner)'            | Order        |   1,529.0 ns |    11.91 ns |    11.14 ns |   654,038.2 |  1.36 |    0.02 |  0.1793 |       - |       - |    8.84 KB |        2.12 |
| 'ours: message from a reader (no partner)'            | Order        |   1,455.0 ns |    19.03 ns |    17.80 ns |   687,266.0 |  1.29 |    0.02 |  0.2575 |  0.0076 |       - |   12.64 KB |        3.02 |
| 'ours: message from octets (no partner)'              | Order        |   1,339.8 ns |    26.08 ns |    27.90 ns |   746,353.8 |  1.19 |    0.03 |  0.0896 |       - |       - |    4.48 KB |        1.07 |
| 'ours: message from a span of octets (no partner)'    | Order        |   1,296.9 ns |    14.65 ns |    12.99 ns |   771,063.3 |  1.15 |    0.02 |  0.0935 |       - |       - |    4.64 KB |        1.11 |
| 'ours: fields from a string'                          | Order        |     617.1 ns |    11.10 ns |     9.84 ns | 1,620,546.9 |  0.55 |    0.01 |  0.0229 |       - |       - |    1.15 KB |        0.27 |
| 'ours: fields from octets (no partner)'               | Order        |     790.2 ns |     8.77 ns |     8.20 ns | 1,265,466.8 |  0.70 |    0.01 |  0.0238 |       - |       - |     1.2 KB |        0.29 |
| 'A/A ours: message from a string'                     | Order        |   1,143.5 ns |    19.47 ns |    17.26 ns |   874,518.8 |  1.02 |    0.02 |  0.0839 |       - |       - |    4.18 KB |        1.00 |
|                                                       |              |              |             |             |             |       |         |         |         |         |            |             |
| 'ours: message from a string'                         | PartiesLarge | 472,025.1 ns | 3,493.83 ns | 3,268.13 ns |     2,118.5 |  1.00 |    0.01 | 37.5977 | 33.6914 | 30.2734 |  488.77 KB |        1.00 |
| 'QuickFIX/n: message from a string (their only form)' | PartiesLarge | 250,262.4 ns | 4,898.98 ns | 6,540.00 ns |     3,995.8 |  0.53 |    0.01 | 34.1797 | 14.4043 |       - | 1685.02 KB |        3.45 |
| 'ours: message from a span'                           | PartiesLarge | 469,814.6 ns | 4,104.63 ns | 3,839.47 ns |     2,128.5 |  1.00 |    0.01 | 38.5742 | 34.6680 | 30.2734 |  537.72 KB |        1.10 |
| 'ours: message from a stream (no partner)'            | PartiesLarge | 485,803.3 ns | 4,389.03 ns | 4,105.51 ns |     2,058.4 |  1.03 |    0.01 | 41.5039 | 37.5977 | 31.2500 |  622.44 KB |        1.27 |
| 'ours: message from a reader (no partner)'            | PartiesLarge | 484,010.9 ns | 5,333.27 ns | 4,988.74 ns |     2,066.1 |  1.03 |    0.01 | 41.9922 | 38.5742 | 31.2500 |  657.96 KB |        1.35 |
| 'ours: message from octets (no partner)'              | PartiesLarge | 474,882.9 ns | 2,040.48 ns | 1,908.67 ns |     2,105.8 |  1.01 |    0.01 | 38.5742 | 34.1797 | 30.2734 |  537.71 KB |        1.10 |
| 'ours: message from a span of octets (no partner)'    | PartiesLarge | 487,037.5 ns | 3,549.15 ns | 3,319.88 ns |     2,053.2 |  1.03 |    0.01 | 40.0391 | 36.1328 | 31.2500 |  562.19 KB |        1.15 |
| 'ours: fields from a string'                          | PartiesLarge |  97,639.9 ns |   867.07 ns |   768.64 ns |    10,241.7 |  0.21 |    0.00 |  3.7842 |  0.8545 |       - |   188.7 KB |        0.39 |
| 'ours: fields from octets (no partner)'               | PartiesLarge | 122,968.7 ns | 1,475.84 ns | 1,308.29 ns |     8,132.2 |  0.26 |    0.00 |  3.7842 |  0.6104 |       - |  188.76 KB |        0.39 |
| 'A/A ours: message from a string'                     | PartiesLarge | 469,601.7 ns | 4,993.17 ns | 4,670.62 ns |     2,129.5 |  0.99 |    0.01 | 37.5977 | 33.6914 | 30.2734 |  488.77 KB |        1.00 |

// * Hints *
Outliers
  FixInputForms.'ours: message from a string': Default                         -> 1 outlier  was  removed (1.19 us)
  FixInputForms.'QuickFIX/n: message from a string (their only form)': Default -> 1 outlier  was  removed (1.02 us)
  FixInputForms.'ours: message from a span of octets (no partner)': Default    -> 1 outlier  was  removed (1.41 us)
  FixInputForms.'ours: fields from a string': Default                          -> 1 outlier  was  removed (661.12 ns)
  FixInputForms.'A/A ours: message from a string': Default                     -> 1 outlier  was  removed (1.21 us)
  FixInputForms.'ours: message from a string': Default                         -> 2 outliers were detected (465.30 us, 466.38 us)
  FixInputForms.'QuickFIX/n: message from a string (their only form)': Default -> 2 outliers were removed (273.01 us, 283.27 us)
  FixInputForms.'ours: message from octets (no partner)': Default              -> 2 outliers were detected (469.27 us, 472.16 us)
  FixInputForms.'ours: fields from a string': Default                          -> 1 outlier  was  removed (100.55 us)
  FixInputForms.'ours: fields from octets (no partner)': Default               -> 1 outlier  was  removed (130.29 us)

// * Legends *
  Reading     : Value of the 'Reading' parameter
  Mean        : Arithmetic mean of all measurements
  Error       : Half of 99.9% confidence interval
  StdDev      : Standard deviation of all measurements
  Op/s        : Operation per second
  Ratio       : Mean of the ratio distribution ([Current]/[Baseline])
  RatioSD     : Standard deviation of the ratio distribution ([Current]/[Baseline])
  Gen0        : GC Generation 0 collects per 1000 operations
  Gen1        : GC Generation 1 collects per 1000 operations
  Gen2        : GC Generation 2 collects per 1000 operations
  Allocated   : Allocated memory per single operation (managed only, inclusive, 1KB = 1024B)
  Alloc Ratio : Allocated memory ratio distribution ([Current]/[Baseline])
  1 ns        : 1 Nanosecond (0.000000001 sec)

// * Diagnostic Output - MemoryDiagnoser *


// ***** BenchmarkRunner: End *****
Run time: 00:07:40 (460.62 sec), executed benchmarks: 20

Global total time: 00:07:49 (469.87 sec), executed benchmarks: 20
// * Artifacts cleanup *
Artifacts cleanup is finished
