=== run 1 of 5, 07:30:12
142 rows, every reading agreeing. Timing 8 rounds.
fix/One.text           hand       75.8 ns before       82.6 ns after       99.9 ns  before/hand 1.09x  after/hand 1.32x
fix/One.bytes          hand       76.0 ns before       97.0 ns after       98.7 ns  before/hand 1.28x  after/hand 1.30x
  fix/One.stream: 1 round(s) redone after a gen1/gen2 collection
fix/One.stream         hand      156.9 ns before      529.5 ns after      537.1 ns  before/hand 3.38x  after/hand 3.42x
fix/Order.text         hand      661.0 ns before      652.8 ns after      680.4 ns  before/hand 0.99x  after/hand 1.03x
fix/Order.bytes        hand      679.5 ns before      759.1 ns after      753.9 ns  before/hand 1.12x  after/hand 1.11x
  fix/Order.stream: 1 round(s) redone after a gen1/gen2 collection
fix/Order.stream       hand      810.4 ns before     2707.5 ns after     2748.8 ns  before/hand 3.34x  after/hand 3.39x
fix/BinaryMany.text    hand     3631.0 ns before     3793.8 ns after     3844.9 ns  before/hand 1.04x  after/hand 1.06x
  fix/BinaryMany.bytes: 1 round(s) redone after a gen1/gen2 collection
fix/BinaryMany.bytes   hand     3741.4 ns before     4601.9 ns after     4626.0 ns  before/hand 1.23x  after/hand 1.24x
  fix/BinaryMany.stream: 1 round(s) redone after a gen1/gen2 collection
fix/BinaryMany.stream  hand     4728.4 ns before    18970.1 ns after    18522.8 ns  before/hand 4.01x  after/hand 3.92x
  fix/Orders128.text: 8 round(s) redone after a gen1/gen2 collection
fix/Orders128.text     hand    79352.6 ns before    77179.1 ns after    75909.0 ns  before/hand 0.97x  after/hand 0.96x
  fix/Orders128.bytes: 7 round(s) redone after a gen1/gen2 collection
fix/Orders128.bytes    hand    80779.9 ns before    90342.4 ns after    88220.8 ns  before/hand 1.12x  after/hand 1.09x
fix/Orders128.stream   hand   117506.3 ns before   288744.1 ns after   291769.7 ns  before/hand 2.46x  after/hand 2.48x
fix/OrderMalformed.text hand      666.7 ns before      655.2 ns after      675.6 ns  before/hand 0.98x  after/hand 1.01x
fix/OrderMalformed.bytes hand      682.7 ns before      762.9 ns after      763.1 ns  before/hand 1.12x  after/hand 1.12x
  fix/OrderMalformed.stream: 1 round(s) redone after a gen1/gen2 collection
fix/OrderMalformed.stream hand      815.9 ns before     2784.6 ns after     2836.4 ns  before/hand 3.41x  after/hand 3.48x
fix/slope-0.text       hand       26.5 ns before       28.2 ns after       30.5 ns  before/hand 1.06x  after/hand 1.15x
fix/slope-1.text       hand       91.6 ns before       82.8 ns after       99.4 ns  before/hand 0.90x  after/hand 1.08x
fix/slope-2.text       hand      162.9 ns before      130.3 ns after      146.6 ns  before/hand 0.80x  after/hand 0.90x
fix/slope-4.text       hand      288.4 ns before      235.4 ns after      250.8 ns  before/hand 0.82x  after/hand 0.87x
  fix/slope-8.text: 1 round(s) redone after a gen1/gen2 collection
fix/slope-8.text       hand      507.2 ns before      438.6 ns after      448.5 ns  before/hand 0.86x  after/hand 0.88x
fix/slope-16.text      hand      981.5 ns before      805.6 ns after      816.0 ns  before/hand 0.82x  after/hand 0.83x
fix/slope-0.bytes      hand       31.4 ns before       35.4 ns after       37.5 ns  before/hand 1.13x  after/hand 1.20x
fix/slope-1.bytes      hand      101.2 ns before       96.9 ns after       98.6 ns  before/hand 0.96x  after/hand 0.97x
  fix/slope-2.bytes: 1 round(s) redone after a gen1/gen2 collection
fix/slope-2.bytes      hand      171.0 ns before      152.5 ns after      153.2 ns  before/hand 0.89x  after/hand 0.90x
fix/slope-4.bytes      hand      295.5 ns before      273.1 ns after      273.0 ns  before/hand 0.92x  after/hand 0.92x
fix/slope-8.bytes      hand      517.7 ns before      496.9 ns after      498.1 ns  before/hand 0.96x  after/hand 0.96x
fix/slope-16.bytes     hand     1000.7 ns before      926.0 ns after      925.7 ns  before/hand 0.93x  after/hand 0.93x
  fix/slope-0.stream: 35 round(s) redone after a gen1/gen2 collection
fix/slope-0.stream     hand       99.8 ns before      223.5 ns after      222.9 ns  before/hand 2.24x  after/hand 2.23x
  fix/slope-1.stream: 7 round(s) redone after a gen1/gen2 collection
fix/slope-1.stream     hand      176.9 ns before      529.2 ns after      536.9 ns  before/hand 2.99x  after/hand 3.03x
  fix/slope-2.stream: 8 round(s) redone after a gen1/gen2 collection
fix/slope-2.stream     hand      249.1 ns before      753.9 ns after      756.7 ns  before/hand 3.03x  after/hand 3.04x
  fix/slope-4.stream: 3 round(s) redone after a gen1/gen2 collection
fix/slope-4.stream     hand      375.6 ns before     1154.0 ns after     1167.9 ns  before/hand 3.07x  after/hand 3.11x
  fix/slope-8.stream: 2 round(s) redone after a gen1/gen2 collection
fix/slope-8.stream     hand      648.6 ns before     1931.9 ns after     2004.2 ns  before/hand 2.98x  after/hand 3.09x
  fix/slope-16.stream: 1 round(s) redone after a gen1/gen2 collection
fix/slope-16.stream    hand     1207.6 ns before     3433.1 ns after     3562.7 ns  before/hand 2.84x  after/hand 2.95x
  fix/orders400.text: 43 round(s) redone after a gen1/gen2 collection
fix/orders400.text     hand   248341.8 ns before   242308.4 ns after   235479.9 ns  before/hand 0.98x  after/hand 0.95x
  fix/slope-1600.text: 10 round(s) redone after a gen1/gen2 collection
fix/slope-1600.text    hand    79799.1 ns before    75393.3 ns after    74320.7 ns  before/hand 0.94x  after/hand 0.93x
  web/json.array10000: 140 round(s) redone after a gen1/gen2 collection
web/json.array10000    hand   173771.5 ns before   193109.8 ns after   197793.2 ns  before/hand 1.11x  after/hand 1.14x
  web/json.object10000: 114 round(s) redone after a gen1/gen2 collection
web/json.object10000   hand   746953.9 ns before   473856.2 ns after  1383673.4 ns  before/hand 0.63x  after/hand 1.85x
web/url.path1000       hand     9248.0 ns before    10853.6 ns after    10835.3 ns  before/hand 1.17x  after/hand 1.17x
web/media-type.params1000 control    47180.9 ns before    46891.3 ns after    46974.7 ns  before/control 0.99x  after/control 1.00x
web/sf.list10000       control  1191475.0 ns before  1201250.0 ns after  1167012.5 ns  before/control 1.01x  after/control 0.98x
fix/Order.span         hand      653.1 ns before      499.1 ns after      499.0 ns  before/hand 0.76x  after/hand 0.76x
feeds/streaming.1000   control   201245.5 ns before   203264.1 ns after   200224.4 ns  before/control 1.01x  after/control 0.99x
fix/One.log-text       hand       82.5 ns before      173.2 ns after      180.3 ns  before/hand 2.10x  after/hand 2.18x
fix/One.log-bytes      hand       82.2 ns before      197.9 ns after      204.6 ns  before/hand 2.41x  after/hand 2.49x
  fix/One.log-stream: 1 round(s) redone after a gen1/gen2 collection
fix/One.log-stream     hand       81.5 ns before      553.8 ns after      560.8 ns  before/hand 6.80x  after/hand 6.88x
fix/Order.log-text     hand      733.7 ns before     1457.2 ns after     1457.2 ns  before/hand 1.99x  after/hand 1.99x
  fix/Order.log-bytes: 1 round(s) redone after a gen1/gen2 collection
fix/Order.log-bytes    hand      735.9 ns before     1640.2 ns after     1647.9 ns  before/hand 2.23x  after/hand 2.24x
fix/Order.log-stream   hand      747.8 ns before     2974.9 ns after     2971.4 ns  before/hand 3.98x  after/hand 3.97x
  fix/Orders128.log-text: 2 round(s) redone after a gen1/gen2 collection
fix/Orders128.log-text hand    91233.3 ns before   174143.9 ns after   171224.1 ns  before/hand 1.91x  after/hand 1.88x
  fix/Orders128.log-bytes: 9 round(s) redone after a gen1/gen2 collection
fix/Orders128.log-bytes hand    92128.3 ns before   195408.4 ns after   192999.3 ns  before/hand 2.12x  after/hand 2.09x
  fix/Orders128.log-stream: 1 round(s) redone after a gen1/gen2 collection
fix/Orders128.log-stream hand    93215.9 ns before   322600.5 ns after   321368.2 ns  before/hand 3.46x  after/hand 3.45x
fix/OrderMalformed.log-text hand      755.3 ns before     1452.8 ns after     1455.3 ns  before/hand 1.92x  after/hand 1.93x
  fix/OrderMalformed.log-bytes: 1 round(s) redone after a gen1/gen2 collection
fix/OrderMalformed.log-bytes hand      757.1 ns before     1641.1 ns after     1642.4 ns  before/hand 2.17x  after/hand 2.17x
fix/OrderMalformed.log-stream hand      765.4 ns before     3087.3 ns after     3055.1 ns  before/hand 4.03x  after/hand 3.99x
fix/slope-0.log-text   hand       24.3 ns before       66.7 ns after       68.8 ns  before/hand 2.74x  after/hand 2.83x
fix/slope-0.log-bytes  hand       24.2 ns before       73.9 ns after       78.5 ns  before/hand 3.05x  after/hand 3.24x
  fix/slope-0.log-stream: 1 round(s) redone after a gen1/gen2 collection
fix/slope-0.log-stream hand       24.5 ns before      233.1 ns after      227.1 ns  before/hand 9.51x  after/hand 9.26x
  fix/slope-4.log-text: 1 round(s) redone after a gen1/gen2 collection
fix/slope-4.log-text   hand      262.0 ns before      517.4 ns after      535.4 ns  before/hand 1.97x  after/hand 2.04x
  fix/slope-4.log-bytes: 1 round(s) redone after a gen1/gen2 collection
fix/slope-4.log-bytes  hand      258.8 ns before      578.9 ns after      590.7 ns  before/hand 2.24x  after/hand 2.28x
fix/slope-4.log-stream hand      262.4 ns before     1230.1 ns after     1218.6 ns  before/hand 4.69x  after/hand 4.64x
  fix/slope-16.log-text: 1 round(s) redone after a gen1/gen2 collection
fix/slope-16.log-text  hand      958.3 ns before     1888.1 ns after     1898.9 ns  before/hand 1.97x  after/hand 1.98x
fix/slope-16.log-bytes hand     1000.1 ns before     2077.6 ns after     2096.1 ns  before/hand 2.08x  after/hand 2.10x
fix/slope-16.log-stream hand      947.3 ns before     3599.2 ns after     3630.4 ns  before/hand 3.80x  after/hand 3.83x
  fix/One.yield-reader: 48 round(s) redone after a gen1/gen2 collection
fix/One.yield-reader   hand      193.9 ns before      542.7 ns after      551.1 ns  before/hand 2.80x  after/hand 2.84x
fix/One.yield-string   hand       79.3 ns before      238.4 ns after      236.8 ns  before/hand 3.01x  after/hand 2.99x
  fix/One.yield-memory: 1 round(s) redone after a gen1/gen2 collection
fix/One.yield-memory   hand       77.5 ns before      270.7 ns after      280.1 ns  before/hand 3.49x  after/hand 3.61x
  fix/One.whole-stream: 8 round(s) redone after a gen1/gen2 collection
fix/One.whole-stream   hand      157.3 ns before      224.3 ns after      229.0 ns  before/hand 1.43x  after/hand 1.46x
  fix/One.whole-reader: 8 round(s) redone after a gen1/gen2 collection
fix/One.whole-reader   hand      158.0 ns before      233.2 ns after      234.8 ns  before/hand 1.48x  after/hand 1.49x
  fix/Order.yield-reader: 6 round(s) redone after a gen1/gen2 collection
fix/Order.yield-reader hand      882.5 ns before     2897.9 ns after     2839.9 ns  before/hand 3.28x  after/hand 3.22x
fix/Order.yield-string hand      692.8 ns before     2301.3 ns after     2165.4 ns  before/hand 3.32x  after/hand 3.13x
  fix/Order.yield-memory: 1 round(s) redone after a gen1/gen2 collection
fix/Order.yield-memory hand      691.1 ns before     2427.5 ns after     2501.6 ns  before/hand 3.51x  after/hand 3.62x
  fix/Order.whole-stream: 2 round(s) redone after a gen1/gen2 collection
fix/Order.whole-stream hand      823.4 ns before      935.7 ns after      944.4 ns  before/hand 1.14x  after/hand 1.15x
  fix/Order.whole-reader: 1 round(s) redone after a gen1/gen2 collection
fix/Order.whole-reader hand      835.7 ns before      946.2 ns after      934.0 ns  before/hand 1.13x  after/hand 1.12x
  fix/BinaryMany.yield-reader: 1 round(s) redone after a gen1/gen2 collection
fix/BinaryMany.yield-reader hand     5292.0 ns before    19350.5 ns after    19291.7 ns  before/hand 3.66x  after/hand 3.65x
  fix/BinaryMany.yield-string: 1 round(s) redone after a gen1/gen2 collection
fix/BinaryMany.yield-string hand     3788.8 ns before    15356.9 ns after    16317.5 ns  before/hand 4.05x  after/hand 4.31x
  fix/BinaryMany.yield-memory: 1 round(s) redone after a gen1/gen2 collection
fix/BinaryMany.yield-memory hand     3727.4 ns before    18631.3 ns after    18099.0 ns  before/hand 5.00x  after/hand 4.86x
  fix/BinaryMany.whole-stream: 1 round(s) redone after a gen1/gen2 collection
fix/BinaryMany.whole-stream hand     4900.8 ns before     4999.1 ns after     4911.7 ns  before/hand 1.02x  after/hand 1.00x
  fix/BinaryMany.whole-reader: 1 round(s) redone after a gen1/gen2 collection
fix/BinaryMany.whole-reader hand     4923.1 ns before     5552.4 ns after     6226.6 ns  before/hand 1.13x  after/hand 1.26x
  fix/Orders128.yield-reader: 1 round(s) redone after a gen1/gen2 collection
fix/Orders128.yield-reader hand   142360.5 ns before   316487.4 ns after   311385.0 ns  before/hand 2.22x  after/hand 2.19x
  fix/Orders128.yield-string: 1 round(s) redone after a gen1/gen2 collection
fix/Orders128.yield-string hand    84752.4 ns before   280506.5 ns after   273351.2 ns  before/hand 3.31x  after/hand 3.23x
  fix/Orders128.yield-memory: 1 round(s) redone after a gen1/gen2 collection
fix/Orders128.yield-memory hand    83229.1 ns before   296769.2 ns after   312954.8 ns  before/hand 3.57x  after/hand 3.76x
  fix/Orders128.whole-stream: 8 round(s) redone after a gen1/gen2 collection
fix/Orders128.whole-stream hand   121084.5 ns before    94319.7 ns after    91690.8 ns  before/hand 0.78x  after/hand 0.76x
  fix/Orders128.whole-reader: 5 round(s) redone after a gen1/gen2 collection
fix/Orders128.whole-reader hand   122651.9 ns before    95079.6 ns after    93970.7 ns  before/hand 0.78x  after/hand 0.77x
  fix/slope-0.yield-reader: 48 round(s) redone after a gen1/gen2 collection
fix/slope-0.yield-reader hand      145.5 ns before      255.0 ns after      248.4 ns  before/hand 1.75x  after/hand 1.71x
fix/slope-0.yield-string hand       24.9 ns before       54.3 ns after       55.1 ns  before/hand 2.18x  after/hand 2.22x
  fix/slope-0.yield-memory: 1 round(s) redone after a gen1/gen2 collection
fix/slope-0.yield-memory hand       24.3 ns before       66.5 ns after       68.2 ns  before/hand 2.74x  after/hand 2.81x
  fix/slope-0.whole-stream: 8 round(s) redone after a gen1/gen2 collection
fix/slope-0.whole-stream hand       93.4 ns before      147.5 ns after      148.0 ns  before/hand 1.58x  after/hand 1.58x
  fix/slope-0.whole-reader: 9 round(s) redone after a gen1/gen2 collection
fix/slope-0.whole-reader hand       91.8 ns before      158.8 ns after      156.9 ns  before/hand 1.73x  after/hand 1.71x
  fix/slope-16.yield-reader: 3 round(s) redone after a gen1/gen2 collection
fix/slope-16.yield-reader hand     1188.2 ns before     3596.0 ns after     3662.3 ns  before/hand 3.03x  after/hand 3.08x
fix/slope-16.yield-string hand      891.7 ns before     2935.6 ns after     2874.8 ns  before/hand 3.29x  after/hand 3.22x
  fix/slope-16.yield-memory: 1 round(s) redone after a gen1/gen2 collection
fix/slope-16.yield-memory hand      865.2 ns before     3132.6 ns after     3403.1 ns  before/hand 3.62x  after/hand 3.93x
  fix/slope-16.whole-stream: 1 round(s) redone after a gen1/gen2 collection
fix/slope-16.whole-stream hand     1081.8 ns before     1090.6 ns after     1096.2 ns  before/hand 1.01x  after/hand 1.01x
  fix/slope-16.whole-reader: 1 round(s) redone after a gen1/gen2 collection
fix/slope-16.whole-reader hand     1069.6 ns before     1123.6 ns after     1107.5 ns  before/hand 1.05x  after/hand 1.04x
feeds/stock-count.small.text hand      170.6 ns before      233.9 ns after      237.9 ns  before/hand 1.37x  after/hand 1.39x
  feeds/stock-count.small.reader: 7 round(s) redone after a gen1/gen2 collection
feeds/stock-count.small.reader hand      371.8 ns before      419.7 ns after      413.1 ns  before/hand 1.13x  after/hand 1.11x
feeds/stock-count.small.reader64 hand      354.1 ns before      411.2 ns after      425.7 ns  before/hand 1.16x  after/hand 1.20x
  feeds/stock-count.good.text: 42 round(s) redone after a gen1/gen2 collection
feeds/stock-count.good.text hand    37726.7 ns before    29059.1 ns after    29470.2 ns  before/hand 0.77x  after/hand 0.78x
  feeds/stock-count.good.reader: 21 round(s) redone after a gen1/gen2 collection
feeds/stock-count.good.reader hand    71367.0 ns before    41686.8 ns after    41443.7 ns  before/hand 0.58x  after/hand 0.58x
  feeds/stock-count.good.reader64: 7 round(s) redone after a gen1/gen2 collection
feeds/stock-count.good.reader64 hand    87785.8 ns before    46897.2 ns after    45914.1 ns  before/hand 0.53x  after/hand 0.52x
  feeds/stock-count.broken.text: 76 round(s) redone after a gen1/gen2 collection
feeds/stock-count.broken.text hand    37268.2 ns before    33049.8 ns after    32874.4 ns  before/hand 0.89x  after/hand 0.88x
  feeds/stock-count.broken.reader: 17 round(s) redone after a gen1/gen2 collection
feeds/stock-count.broken.reader hand    68683.6 ns before    42436.7 ns after    42749.4 ns  before/hand 0.62x  after/hand 0.62x
  feeds/stock-count.broken.reader64: 6 round(s) redone after a gen1/gen2 collection
feeds/stock-count.broken.reader64 hand    84268.2 ns before    47485.2 ns after    48559.7 ns  before/hand 0.56x  after/hand 0.58x
  feeds/recovering.good: 6 round(s) redone after a gen1/gen2 collection
feeds/recovering.good  control    67134.6 ns before    67145.8 ns after    65593.8 ns  before/control 1.00x  after/control 0.98x
  feeds/recovering.broken: 21 round(s) redone after a gen1/gen2 collection
feeds/recovering.broken control    70348.8 ns before    72951.3 ns after    70395.7 ns  before/control 1.04x  after/control 1.00x
web/url.plain          hand       96.3 ns before      221.0 ns after      223.5 ns  before/hand 2.29x  after/hand 2.32x
web/url.full           hand      173.4 ns before      299.5 ns after      284.9 ns  before/hand 1.73x  after/hand 1.64x
web/url.ipv4           hand      110.1 ns before      231.2 ns after      227.8 ns  before/hand 2.10x  after/hand 2.07x
web/url.long-path      hand      174.6 ns before      412.2 ns after      414.0 ns  before/hand 2.36x  after/hand 2.37x
web/url.refused        hand       67.6 ns before      258.3 ns after      246.3 ns  before/hand 3.82x  after/hand 3.65x
  web/url.relative: 1 round(s) redone after a gen1/gen2 collection
web/url.relative       hand       75.4 ns before      181.0 ns after      183.9 ns  before/hand 2.40x  after/hand 2.44x
web/url.relative-dot-colon hand       62.7 ns before      158.2 ns after      159.9 ns  before/hand 2.52x  after/hand 2.55x
web/url.relative-letters hand      104.5 ns before      210.0 ns after      214.5 ns  before/hand 2.01x  after/hand 2.05x
  web/json.object: 1 round(s) redone after a gen1/gen2 collection
web/json.object        hand      583.4 ns before      913.0 ns after      930.1 ns  before/hand 1.56x  after/hand 1.59x
  web/json.array: 1 round(s) redone after a gen1/gen2 collection
web/json.array         hand      577.4 ns before      741.7 ns after      737.6 ns  before/hand 1.28x  after/hand 1.28x
web/cookie.full        control      307.7 ns before      339.3 ns after      343.0 ns  before/control 1.10x  after/control 1.11x
web/cookie.short       control       52.1 ns before       80.5 ns after       80.8 ns  before/control 1.54x  after/control 1.55x
web/pointer.full       control      200.9 ns before      202.9 ns after      202.2 ns  before/control 1.01x  after/control 1.01x
web/pointer.short      control       36.6 ns before       68.6 ns after       67.9 ns  before/control 1.88x  after/control 1.86x
web/media-type.plain   control      162.3 ns before      203.7 ns after      207.9 ns  before/control 1.26x  after/control 1.28x
web/media-type.quoted  control      251.4 ns before      301.2 ns after      308.4 ns  before/control 1.20x  after/control 1.23x
web/media-type.refused control       62.7 ns before       95.1 ns after       95.5 ns  before/control 1.52x  after/control 1.52x
  web/addr-spec.plain: 1 round(s) redone after a gen1/gen2 collection
web/addr-spec.plain    control       89.2 ns before      117.2 ns after      117.2 ns  before/control 1.31x  after/control 1.31x
web/addr-spec.refused  control       45.1 ns before       80.3 ns after       78.3 ns  before/control 1.78x  after/control 1.74x
web/date-time.utc      control       51.2 ns before       70.2 ns after       71.3 ns  before/control 1.37x  after/control 1.39x
web/date-time.offset   control       78.1 ns before       98.5 ns after       98.9 ns  before/control 1.26x  after/control 1.27x
web/language-tag.plain control      126.3 ns before      167.4 ns after      157.2 ns  before/control 1.33x  after/control 1.24x
  web/language-tag.full: 1 round(s) redone after a gen1/gen2 collection
web/language-tag.full  control      458.6 ns before      493.2 ns after      493.8 ns  before/control 1.08x  after/control 1.08x
web/language-tag.refused control      113.1 ns before      155.7 ns after      152.7 ns  before/control 1.38x  after/control 1.35x
  web/date-time.refused: 1 round(s) redone after a gen1/gen2 collection
web/date-time.refused  control       37.0 ns before       55.8 ns after       57.2 ns  before/control 1.51x  after/control 1.55x
web/content-disposition.full control      439.7 ns before      481.6 ns after      479.8 ns  before/control 1.10x  after/control 1.09x
  web/content-disposition.refused: 1 round(s) redone after a gen1/gen2 collection
web/content-disposition.refused control       27.7 ns before       60.8 ns after       60.5 ns  before/control 2.19x  after/control 2.18x
web/uri-template.full  control      759.2 ns before      777.6 ns after      793.5 ns  before/control 1.02x  after/control 1.05x
web/uri-template.refused control 3604444800.0 ns before 3506341400.0 ns after 3545093700.0 ns  before/control 0.97x  after/control 0.98x
web/json-patch.full    control     1320.3 ns before     1408.1 ns after     1399.7 ns  before/control 1.07x  after/control 1.06x
web/forwarded.full     control     1585.7 ns before     1631.8 ns after     1606.7 ns  before/control 1.03x  after/control 1.01x
web/forwarded.refused  control      115.7 ns before      152.6 ns after      141.4 ns  before/control 1.32x  after/control 1.22x
  web/link.full: 1 round(s) redone after a gen1/gen2 collection
web/link.full          control     1328.3 ns before     1398.5 ns after     1408.9 ns  before/control 1.05x  after/control 1.06x
web/link.refused       control       39.2 ns before       66.6 ns after       65.8 ns  before/control 1.70x  after/control 1.68x
  web/cookie.refused: 1 round(s) redone after a gen1/gen2 collection
web/cookie.refused     control       27.2 ns before       53.7 ns after       54.0 ns  before/control 1.97x  after/control 1.99x
web/sf.item            control      261.7 ns before      301.4 ns after      309.4 ns  before/control 1.15x  after/control 1.18x
web/sf.list            control     1176.6 ns before     1250.4 ns after     1242.7 ns  before/control 1.06x  after/control 1.06x
web/sf.dictionary      control     1219.1 ns before     1238.4 ns after     1236.0 ns  before/control 1.02x  after/control 1.01x

# Paired stand, 2026-09-20 07:56

IGOR-DESKTOP, pinned to 0-15, high priority, control 31.4 ns.

The base of a row is what every ratio is over, and its name says what it is: `hand` is a hand-written parser (`DotGram.Handwritten`), `scriptdom` is Microsoft's parser, and `control` is this process's own build of the same generated parser, held constant so that the two sides are compared and nothing is claimed against a hand-written one.

The last two columns are what a reader a month later cannot get from a message: **the base's spread between the runs** (how much the machine's speed varied from one run to the next; a row with a large one had a disturbed run, and its medians are read with the range beside them) and the **change of each run** (the smallest and the largest, and how many of the runs were positive).

| row | reading | base | base ns | before ns | before/base | after ns | after/base | change | before B | after B | base spread | change over the runs |
| --- | --- | --- | ---: | ---: | ---: | ---: | ---: | ---: | ---: | ---: | ---: | --- |
| fix/One.text | generated | hand | 75.8 | 82.6 | 1.09x | 99.9 | 1.32x | +21.0% | 192 | 192 | 3 % |  |
| fix/One.bytes | generated | hand | 76.0 | 97.0 | 1.28x | 98.7 | 1.30x | +1.8% | 248 | 248 | 11 % |  |
| fix/One.stream | generated | hand | 156.9 | 529.5 | 3.38x | 537.1 | 3.42x | +1.4% | 888 | 888 | 29 % |  |
| fix/Order.text | generated | hand | 661.0 | 652.8 | 0.99x | 680.4 | 1.03x | +4.2% | 1096 | 1096 | 12 % |  |
| fix/Order.bytes | generated | hand | 679.5 | 759.1 | 1.12x | 753.9 | 1.11x | -0.7% | 1152 | 1152 | 11 % |  |
| fix/Order.stream | generated | hand | 810.4 | 2707.5 | 3.34x | 2748.8 | 3.39x | +1.5% | 1712 | 1712 | 26 % |  |
| fix/BinaryMany.text | generated | hand | 3631.0 | 3793.8 | 1.04x | 3844.9 | 1.06x | +1.3% | 7256 | 7256 | 3 % |  |
| fix/BinaryMany.bytes | generated | hand | 3741.4 | 4601.9 | 1.23x | 4626.0 | 1.24x | +0.5% | 7312 | 7312 | 9 % |  |
| fix/BinaryMany.stream | generated | hand | 4728.4 | 18970.1 | 4.01x | 18522.8 | 3.92x | -2.4% | 7448 | 7448 | 9 % |  |
| fix/Orders128.text | generated | hand | 79352.6 | 77179.1 | 0.97x | 75909.0 | 0.96x | -1.6% | 129112 | 129112 | 4 % |  |
| fix/Orders128.bytes | generated | hand | 80779.9 | 90342.4 | 1.12x | 88220.8 | 1.09x | -2.3% | 129168 | 129168 | 5 % |  |
| fix/Orders128.stream | generated | hand | 117506.3 | 288744.1 | 2.46x | 291769.7 | 2.48x | +1.0% | 118552 | 118552 | 7 % |  |
| fix/OrderMalformed.text | generated | hand | 666.7 | 655.2 | 0.98x | 675.6 | 1.01x | +3.1% | 1248 | 1248 | 9 % |  |
| fix/OrderMalformed.bytes | generated | hand | 682.7 | 762.9 | 1.12x | 763.1 | 1.12x | 0.0% | 1304 | 1304 | 21 % |  |
| fix/OrderMalformed.stream | generated | hand | 815.9 | 2784.6 | 3.41x | 2836.4 | 3.48x | +1.9% | 1864 | 1864 | 12 % |  |
| fix/slope-0.text | generated | hand | 26.5 | 28.2 | 1.06x | 30.5 | 1.15x | +8.3% | 64 | 64 | 18 % |  |
| fix/slope-1.text | generated | hand | 91.6 | 82.8 | 0.90x | 99.4 | 1.08x | +20.0% | 192 | 192 | 18 % |  |
| fix/slope-2.text | generated | hand | 162.9 | 130.3 | 0.80x | 146.6 | 0.90x | +12.5% | 296 | 296 | 20 % |  |
| fix/slope-4.text | generated | hand | 288.4 | 235.4 | 0.82x | 250.8 | 0.87x | +6.5% | 504 | 504 | 8 % |  |
| fix/slope-8.text | generated | hand | 507.2 | 438.6 | 0.86x | 448.5 | 0.88x | +2.3% | 920 | 920 | 33 % |  |
| fix/slope-16.text | generated | hand | 981.5 | 805.6 | 0.82x | 816.0 | 0.83x | +1.3% | 1752 | 1752 | 16 % |  |
| fix/slope-0.bytes | generated | hand | 31.4 | 35.4 | 1.13x | 37.5 | 1.20x | +5.9% | 120 | 120 | 5 % |  |
| fix/slope-1.bytes | generated | hand | 101.2 | 96.9 | 0.96x | 98.6 | 0.97x | +1.8% | 248 | 248 | 6 % |  |
| fix/slope-2.bytes | generated | hand | 171.0 | 152.5 | 0.89x | 153.2 | 0.90x | +0.5% | 352 | 352 | 12 % |  |
| fix/slope-4.bytes | generated | hand | 295.5 | 273.1 | 0.92x | 273.0 | 0.92x | 0.0% | 560 | 560 | 26 % |  |
| fix/slope-8.bytes | generated | hand | 517.7 | 496.9 | 0.96x | 498.1 | 0.96x | +0.3% | 976 | 976 | 14 % |  |
| fix/slope-16.bytes | generated | hand | 1000.7 | 926.0 | 0.93x | 925.7 | 0.93x | 0.0% | 1808 | 1808 | 3 % |  |
| fix/slope-0.stream | generated | hand | 99.8 | 223.5 | 2.24x | 222.9 | 2.23x | -0.3% | 792 | 792 | 32 % |  |
| fix/slope-1.stream | generated | hand | 176.9 | 529.2 | 2.99x | 536.9 | 3.03x | +1.5% | 888 | 888 | 7 % |  |
| fix/slope-2.stream | generated | hand | 249.1 | 753.9 | 3.03x | 756.7 | 3.04x | +0.4% | 984 | 984 | 3 % |  |
| fix/slope-4.stream | generated | hand | 375.6 | 1154.0 | 3.07x | 1167.9 | 3.11x | +1.2% | 1176 | 1176 | 8 % |  |
| fix/slope-8.stream | generated | hand | 648.6 | 1931.9 | 2.98x | 2004.2 | 3.09x | +3.7% | 1560 | 1560 | 7 % |  |
| fix/slope-16.stream | generated | hand | 1207.6 | 3433.1 | 2.84x | 3562.7 | 2.95x | +3.8% | 2328 | 2328 | 4 % |  |
| fix/orders400.text | generated | hand | 248341.8 | 242308.4 | 0.98x | 235479.9 | 0.95x | -2.8% | 403288 | 403288 | 2 % |  |
| fix/slope-1600.text | generated | hand | 79799.1 | 75393.3 | 0.94x | 74320.7 | 0.93x | -1.4% | 166488 | 166488 | 25 % |  |
| web/json.array10000 | generated | hand | 173771.5 | 193109.8 | 1.11x | 197793.2 | 1.14x | +2.4% | 720048 | 720048 | 9 % |  |
| web/json.object10000 | generated | hand | 746953.9 | 473856.2 | 0.63x | 1383673.4 | 1.85x | +192.0% | 1599241 | 1599240 | 38 % |  |
| web/url.path1000 | generated | hand | 9248.0 | 10853.6 | 1.17x | 10835.3 | 1.17x | -0.2% | 8384 | 8384 | 2 % |  |
| web/media-type.params1000 | generated | control | 47180.9 | 46891.3 | 0.99x | 46974.7 | 1.00x | +0.2% | 151472 | 151472 | 2 % |  |
| web/sf.list10000 | generated | control | 1191475.0 | 1201250.0 | 1.01x | 1167012.5 | 0.98x | -2.9% | 2720056 | 2720056 | 26 % |  |
| fix/Order.span | generated | hand | 653.1 | 499.1 | 0.76x | 499.0 | 0.76x | 0.0% | 1008 | 1008 | 3 % |  |
| feeds/streaming.1000 | generated | control | 201245.5 | 203264.1 | 1.01x | 200224.4 | 0.99x | -1.5% | 240760 | 240760 | 2 % |  |
| fix/One.log-text | generated | hand | 82.5 | 173.2 | 2.10x | 180.3 | 2.18x | +4.1% | 192 | 192 | 14 % |  |
| fix/One.log-bytes | generated | hand | 82.2 | 197.9 | 2.41x | 204.6 | 2.49x | +3.4% | 248 | 248 | 15 % |  |
| fix/One.log-stream | generated | hand | 81.5 | 553.8 | 6.80x | 560.8 | 6.88x | +1.3% | 888 | 888 | 17 % |  |
| fix/Order.log-text | generated | hand | 733.7 | 1457.2 | 1.99x | 1457.2 | 1.99x | 0.0% | 1096 | 1096 | 4 % |  |
| fix/Order.log-bytes | generated | hand | 735.9 | 1640.2 | 2.23x | 1647.9 | 2.24x | +0.5% | 1152 | 1152 | 21 % |  |
| fix/Order.log-stream | generated | hand | 747.8 | 2974.9 | 3.98x | 2971.4 | 3.97x | -0.1% | 1712 | 1712 | 8 % |  |
| fix/Orders128.log-text | generated | hand | 91233.3 | 174143.9 | 1.91x | 171224.1 | 1.88x | -1.7% | 129112 | 129112 | 5 % |  |
| fix/Orders128.log-bytes | generated | hand | 92128.3 | 195408.4 | 2.12x | 192999.3 | 2.09x | -1.2% | 129168 | 129168 | 13 % |  |
| fix/Orders128.log-stream | generated | hand | 93215.9 | 322600.5 | 3.46x | 321368.2 | 3.45x | -0.4% | 118552 | 118552 | 16 % |  |
| fix/OrderMalformed.log-text | generated | hand | 755.3 | 1452.8 | 1.92x | 1455.3 | 1.93x | +0.2% | 1256 | 1256 | 15 % |  |
| fix/OrderMalformed.log-bytes | generated | hand | 757.1 | 1641.1 | 2.17x | 1642.4 | 2.17x | +0.1% | 1312 | 1312 | 14 % |  |
| fix/OrderMalformed.log-stream | generated | hand | 765.4 | 3087.3 | 4.03x | 3055.1 | 3.99x | -1.0% | 1872 | 1872 | 11 % |  |
| fix/slope-0.log-text | generated | hand | 24.3 | 66.7 | 2.74x | 68.8 | 2.83x | +3.1% | 88 | 88 | 13 % |  |
| fix/slope-0.log-bytes | generated | hand | 24.2 | 73.9 | 3.05x | 78.5 | 3.24x | +6.2% | 144 | 144 | 24 % |  |
| fix/slope-0.log-stream | generated | hand | 24.5 | 233.1 | 9.51x | 227.1 | 9.26x | -2.6% | 792 | 792 | 5 % |  |
| fix/slope-4.log-text | generated | hand | 262.0 | 517.4 | 1.97x | 535.4 | 2.04x | +3.5% | 504 | 504 | 15 % |  |
| fix/slope-4.log-bytes | generated | hand | 258.8 | 578.9 | 2.24x | 590.7 | 2.28x | +2.0% | 560 | 560 | 3 % |  |
| fix/slope-4.log-stream | generated | hand | 262.4 | 1230.1 | 4.69x | 1218.6 | 4.64x | -0.9% | 1176 | 1176 | 8 % |  |
| fix/slope-16.log-text | generated | hand | 958.3 | 1888.1 | 1.97x | 1898.9 | 1.98x | +0.6% | 1752 | 1752 | 6 % |  |
| fix/slope-16.log-bytes | generated | hand | 1000.1 | 2077.6 | 2.08x | 2096.1 | 2.10x | +0.9% | 1808 | 1808 | 20 % |  |
| fix/slope-16.log-stream | generated | hand | 947.3 | 3599.2 | 3.80x | 3630.4 | 3.83x | +0.9% | 2328 | 2328 | 20 % |  |
| fix/One.yield-reader | generated | hand | 193.9 | 542.7 | 2.80x | 551.1 | 2.84x | +1.5% | 856 | 856 | 9 % |  |
| fix/One.yield-string | generated | hand | 79.3 | 238.4 | 3.01x | 236.8 | 2.99x | -0.7% | 272 | 272 | 22 % |  |
| fix/One.yield-memory | generated | hand | 77.5 | 270.7 | 3.49x | 280.1 | 3.61x | +3.5% | 352 | 352 | 37 % |  |
| fix/One.whole-stream | generated | hand | 157.3 | 224.3 | 1.43x | 229.0 | 1.46x | +2.1% | 448 | 448 | 6 % |  |
| fix/One.whole-reader | generated | hand | 158.0 | 233.2 | 1.48x | 234.8 | 1.49x | +0.7% | 416 | 416 | 9 % |  |
| fix/Order.yield-reader | generated | hand | 882.5 | 2897.9 | 3.28x | 2839.9 | 3.22x | -2.0% | 1680 | 1680 | 26 % |  |
| fix/Order.yield-string | generated | hand | 692.8 | 2301.3 | 3.32x | 2165.4 | 3.13x | -5.9% | 1096 | 1096 | 15 % |  |
| fix/Order.yield-memory | generated | hand | 691.1 | 2427.5 | 3.51x | 2501.6 | 3.62x | +3.1% | 1176 | 1176 | 11 % |  |
| fix/Order.whole-stream | generated | hand | 823.4 | 935.7 | 1.14x | 944.4 | 1.15x | +0.9% | 1352 | 1352 | 15 % |  |
| fix/Order.whole-reader | generated | hand | 835.7 | 946.2 | 1.13x | 934.0 | 1.12x | -1.3% | 1320 | 1320 | 11 % |  |
| fix/BinaryMany.yield-reader | generated | hand | 5292.0 | 19350.5 | 3.66x | 19291.7 | 3.65x | -0.3% | 7416 | 7416 | 23 % |  |
| fix/BinaryMany.yield-string | generated | hand | 3788.8 | 15356.9 | 4.05x | 16317.5 | 4.31x | +6.3% | 6832 | 6832 | 11 % |  |
| fix/BinaryMany.yield-memory | generated | hand | 3727.4 | 18631.3 | 5.00x | 18099.0 | 4.86x | -2.9% | 6912 | 6912 | 8 % |  |
| fix/BinaryMany.whole-stream | generated | hand | 4900.8 | 4999.1 | 1.02x | 4911.7 | 1.00x | -1.7% | 7512 | 7512 | 20 % |  |
| fix/BinaryMany.whole-reader | generated | hand | 4923.1 | 5552.4 | 1.13x | 6226.6 | 1.26x | +12.1% | 7480 | 7480 | 32 % |  |
| fix/Orders128.yield-reader | generated | hand | 142360.5 | 316487.4 | 2.22x | 311385.0 | 2.19x | -1.6% | 118520 | 118520 | 6 % |  |
| fix/Orders128.yield-string | generated | hand | 84752.4 | 280506.5 | 3.31x | 273351.2 | 3.23x | -2.6% | 117936 | 117936 | 18 % |  |
| fix/Orders128.yield-memory | generated | hand | 83229.1 | 296769.2 | 3.57x | 312954.8 | 3.76x | +5.5% | 118016 | 118016 | 14 % |  |
| fix/Orders128.whole-stream | generated | hand | 121084.5 | 94319.7 | 0.78x | 91690.8 | 0.76x | -2.8% | 129368 | 129368 | 7 % |  |
| fix/Orders128.whole-reader | generated | hand | 122651.9 | 95079.6 | 0.78x | 93970.7 | 0.77x | -1.2% | 129336 | 129336 | 12 % |  |
| fix/slope-0.yield-reader | generated | hand | 145.5 | 255.0 | 1.75x | 248.4 | 1.71x | -2.6% | 760 | 760 | 6 % |  |
| fix/slope-0.yield-string | generated | hand | 24.9 | 54.3 | 2.18x | 55.1 | 2.22x | +1.6% | 176 | 176 | 14 % |  |
| fix/slope-0.yield-memory | generated | hand | 24.3 | 66.5 | 2.74x | 68.2 | 2.81x | +2.6% | 256 | 256 | 11 % |  |
| fix/slope-0.whole-stream | generated | hand | 93.4 | 147.5 | 1.58x | 148.0 | 1.58x | +0.3% | 320 | 320 | 10 % |  |
| fix/slope-0.whole-reader | generated | hand | 91.8 | 158.8 | 1.73x | 156.9 | 1.71x | -1.2% | 288 | 288 | 19 % |  |
| fix/slope-16.yield-reader | generated | hand | 1188.2 | 3596.0 | 3.03x | 3662.3 | 3.08x | +1.8% | 2296 | 2296 | 14 % |  |
| fix/slope-16.yield-string | generated | hand | 891.7 | 2935.6 | 3.29x | 2874.8 | 3.22x | -2.1% | 1712 | 1712 | 72 % |  |
| fix/slope-16.yield-memory | generated | hand | 865.2 | 3132.6 | 3.62x | 3403.1 | 3.93x | +8.6% | 1792 | 1792 | 15 % |  |
| fix/slope-16.whole-stream | generated | hand | 1081.8 | 1090.6 | 1.01x | 1096.2 | 1.01x | +0.5% | 2008 | 2008 | 41 % |  |
| fix/slope-16.whole-reader | generated | hand | 1069.6 | 1123.6 | 1.05x | 1107.5 | 1.04x | -1.4% | 1976 | 1976 | 15 % |  |
| feeds/stock-count.small.text | generated | hand | 170.6 | 233.9 | 1.37x | 237.9 | 1.39x | +1.7% | 608 | 608 | 11 % |  |
| feeds/stock-count.small.reader | generated | hand | 371.8 | 419.7 | 1.13x | 413.1 | 1.11x | -1.6% | 784 | 784 | 23 % |  |
| feeds/stock-count.small.reader64 | generated | hand | 354.1 | 411.2 | 1.16x | 425.7 | 1.20x | +3.5% | 832 | 832 | 28 % |  |
| feeds/stock-count.good.text | generated | hand | 37726.7 | 29059.1 | 0.77x | 29470.2 | 0.78x | +1.4% | 111312 | 111403 | 66 % |  |
| feeds/stock-count.good.reader | generated | hand | 71367.0 | 41686.8 | 0.58x | 41443.7 | 0.58x | -0.6% | 111488 | 111488 | 9 % |  |
| feeds/stock-count.good.reader64 | generated | hand | 87785.8 | 46897.2 | 0.53x | 45914.1 | 0.52x | -2.1% | 111536 | 111536 | 8 % |  |
| feeds/stock-count.broken.text | generated | hand | 37268.2 | 33049.8 | 0.89x | 32874.4 | 0.88x | -0.5% | 107408 | 107499 | 7 % |  |
| feeds/stock-count.broken.reader | generated | hand | 68683.6 | 42436.7 | 0.62x | 42749.4 | 0.62x | +0.7% | 107584 | 107675 | 6 % |  |
| feeds/stock-count.broken.reader64 | generated | hand | 84268.2 | 47485.2 | 0.56x | 48559.7 | 0.58x | +2.3% | 107632 | 107632 | 24 % |  |
| feeds/recovering.good | generated | control | 67134.6 | 67145.8 | 1.00x | 65593.8 | 0.98x | -2.3% | 240352 | 240352 | 19 % |  |
| feeds/recovering.broken | generated | control | 70348.8 | 72951.3 | 1.04x | 70395.7 | 1.00x | -3.5% | 241920 | 241920 | 6 % |  |
| web/url.plain | generated | hand | 96.3 | 221.0 | 2.29x | 223.5 | 2.32x | +1.2% | 360 | 360 | 41 % |  |
| web/url.full | generated | hand | 173.4 | 299.5 | 1.73x | 284.9 | 1.64x | -4.9% | 536 | 536 | 42 % |  |
| web/url.ipv4 | generated | hand | 110.1 | 231.2 | 2.10x | 227.8 | 2.07x | -1.5% | 384 | 384 | 15 % |  |
| web/url.long-path | generated | hand | 174.6 | 412.2 | 2.36x | 414.0 | 2.37x | +0.4% | 512 | 512 | 8 % |  |
| web/url.refused | generated | hand | 67.6 | 258.3 | 3.82x | 246.3 | 3.65x | -4.6% | 64 | 64 | 10 % |  |
| web/url.relative | generated | hand | 75.4 | 181.0 | 2.40x | 183.9 | 2.44x | +1.6% | 312 | 312 | 8 % |  |
| web/url.relative-dot-colon | generated | hand | 62.7 | 158.2 | 2.52x | 159.9 | 2.55x | +1.1% | 280 | 280 | 5 % |  |
| web/url.relative-letters | generated | hand | 104.5 | 210.0 | 2.01x | 214.5 | 2.05x | +2.1% | 312 | 312 | 22 % |  |
| web/json.object | generated | hand | 583.4 | 913.0 | 1.56x | 930.1 | 1.59x | +1.9% | 2584 | 2584 | 7 % |  |
| web/json.array | generated | hand | 577.4 | 741.7 | 1.28x | 737.6 | 1.28x | -0.6% | 2400 | 2400 | 17 % |  |
| web/cookie.full | generated | control | 307.7 | 339.3 | 1.10x | 343.0 | 1.11x | +1.1% | 2136 | 2136 | 12 % |  |
| web/cookie.short | generated | control | 52.1 | 80.5 | 1.54x | 80.8 | 1.55x | +0.4% | 336 | 336 | 10 % |  |
| web/pointer.full | generated | control | 200.9 | 202.9 | 1.01x | 202.2 | 1.01x | -0.3% | 440 | 440 | 24 % |  |
| web/pointer.short | generated | control | 36.6 | 68.6 | 1.88x | 67.9 | 1.86x | -1.0% | 144 | 144 | 17 % |  |
| web/media-type.plain | generated | control | 162.3 | 203.7 | 1.26x | 207.9 | 1.28x | +2.0% | 448 | 448 | 6 % |  |
| web/media-type.quoted | generated | control | 251.4 | 301.2 | 1.20x | 308.4 | 1.23x | +2.4% | 816 | 816 | 4 % |  |
| web/media-type.refused | generated | control | 62.7 | 95.1 | 1.52x | 95.5 | 1.52x | +0.4% | 64 | 64 | 17 % |  |
| web/addr-spec.plain | generated | control | 89.2 | 117.2 | 1.31x | 117.2 | 1.31x | 0.0% | 176 | 176 | 4 % |  |
| web/addr-spec.refused | generated | control | 45.1 | 80.3 | 1.78x | 78.3 | 1.74x | -2.5% | 64 | 64 | 7 % |  |
| web/date-time.utc | generated | control | 51.2 | 70.2 | 1.37x | 71.3 | 1.39x | +1.6% | 176 | 176 | 24 % |  |
| web/date-time.offset | generated | control | 78.1 | 98.5 | 1.26x | 98.9 | 1.27x | +0.4% | 208 | 208 | 17 % |  |
| web/language-tag.plain | generated | control | 126.3 | 167.4 | 1.33x | 157.2 | 1.24x | -6.1% | 360 | 360 | 3 % |  |
| web/language-tag.full | generated | control | 458.6 | 493.2 | 1.08x | 493.8 | 1.08x | +0.1% | 720 | 720 | 5 % |  |
| web/language-tag.refused | generated | control | 113.1 | 155.7 | 1.38x | 152.7 | 1.35x | -1.9% | 64 | 64 | 7 % |  |
| web/date-time.refused | generated | control | 37.0 | 55.8 | 1.51x | 57.2 | 1.55x | +2.4% | 96 | 96 | 18 % |  |
| web/content-disposition.full | generated | control | 439.7 | 481.6 | 1.10x | 479.8 | 1.09x | -0.4% | 1680 | 1680 | 7 % |  |
| web/content-disposition.refused | generated | control | 27.7 | 60.8 | 2.19x | 60.5 | 2.18x | -0.5% | 64 | 64 | 6 % |  |
| web/uri-template.full | generated | control | 759.2 | 777.6 | 1.02x | 793.5 | 1.05x | +2.0% | 1088 | 1088 | 4 % |  |
| web/uri-template.refused | generated | control | 3604444800.0 | 3506341400.0 | 0.97x | 3545093700.0 | 0.98x | +1.1% | 64 | 64 | 1 % |  |
| web/json-patch.full | generated | control | 1320.3 | 1408.1 | 1.07x | 1399.7 | 1.06x | -0.6% | 4552 | 4552 | 8 % |  |
| web/forwarded.full | generated | control | 1585.7 | 1631.8 | 1.03x | 1606.7 | 1.01x | -1.5% | 2648 | 2648 | 7 % |  |
| web/forwarded.refused | generated | control | 115.7 | 152.6 | 1.32x | 141.4 | 1.22x | -7.3% | 328 | 328 | 21 % |  |
| web/link.full | generated | control | 1328.3 | 1398.5 | 1.05x | 1408.9 | 1.06x | +0.7% | 2968 | 2968 | 4 % |  |
| web/link.refused | generated | control | 39.2 | 66.6 | 1.70x | 65.8 | 1.68x | -1.2% | 64 | 64 | 12 % |  |
| web/cookie.refused | generated | control | 27.2 | 53.7 | 1.97x | 54.0 | 1.99x | +0.6% | 136 | 136 | 15 % |  |
| web/sf.item | generated | control | 261.7 | 301.4 | 1.15x | 309.4 | 1.18x | +2.6% | 800 | 800 | 5 % |  |
| web/sf.list | generated | control | 1176.6 | 1250.4 | 1.06x | 1242.7 | 1.06x | -0.6% | 3064 | 3064 | 3 % |  |
| web/sf.dictionary | generated | control | 1219.1 | 1238.4 | 1.02x | 1236.0 | 1.01x | -0.2% | 3280 | 3280 | 32 % |  |

Written to T:\TEMP\dotgram-stand\w79\pair\run-1
8 rows, every reading agreeing. Timing 8 rounds.
fix/One.text           hand       74.7 ns before       79.4 ns after       79.7 ns  before/hand 1.06x  after/hand 1.07x
fix/Order.text         hand      667.6 ns before      665.8 ns after      646.1 ns  before/hand 1.00x  after/hand 0.97x
  web/json.object10000: 144 round(s) redone after a gen1/gen2 collection
web/json.object10000   hand   744997.7 ns before  1325146.9 ns after  1334635.9 ns  before/hand 1.78x  after/hand 1.79x
feeds/stock-count.good.text hand    36340.0 ns before    28662.1 ns after    28460.1 ns  before/hand 0.79x  after/hand 0.78x
web/url.full           hand      152.4 ns before      272.8 ns after      284.1 ns  before/hand 1.79x  after/hand 1.86x
  web/json.object: 1 round(s) redone after a gen1/gen2 collection
web/json.object        hand      585.1 ns before      921.8 ns after      946.0 ns  before/hand 1.58x  after/hand 1.62x
web/cookie.short       control       51.5 ns before       79.6 ns after       80.1 ns  before/control 1.55x  after/control 1.56x
web/media-type.plain   control      160.3 ns before      190.8 ns after      192.6 ns  before/control 1.19x  after/control 1.20x

# Paired stand, 2026-09-20 07:57

IGOR-DESKTOP, pinned to 0-15, high priority, control 31.3 ns.

The base of a row is what every ratio is over, and its name says what it is: `hand` is a hand-written parser (`DotGram.Handwritten`), `scriptdom` is Microsoft's parser, and `control` is this process's own build of the same generated parser, held constant so that the two sides are compared and nothing is claimed against a hand-written one.

The last two columns are what a reader a month later cannot get from a message: **the base's spread between the runs** (how much the machine's speed varied from one run to the next; a row with a large one had a disturbed run, and its medians are read with the range beside them) and the **change of each run** (the smallest and the largest, and how many of the runs were positive).

| row | reading | base | base ns | before ns | before/base | after ns | after/base | change | before B | after B | base spread | change over the runs |
| --- | --- | --- | ---: | ---: | ---: | ---: | ---: | ---: | ---: | ---: | ---: | --- |
| fix/One.text | generated | hand | 74.7 | 79.4 | 1.06x | 79.7 | 1.07x | +0.3% | 192 | 192 | 1 % |  |
| fix/Order.text | generated | hand | 667.6 | 665.8 | 1.00x | 646.1 | 0.97x | -3.0% | 1096 | 1096 | 3 % |  |
| web/json.object10000 | generated | hand | 744997.7 | 1325146.9 | 1.78x | 1334635.9 | 1.79x | +0.7% | 1599241 | 1599240 | 29 % |  |
| feeds/stock-count.good.text | generated | hand | 36340.0 | 28662.1 | 0.79x | 28460.1 | 0.78x | -0.7% | 111312 | 111312 | 10 % |  |
| web/url.full | generated | hand | 152.4 | 272.8 | 1.79x | 284.1 | 1.86x | +4.1% | 536 | 536 | 31 % |  |
| web/json.object | generated | hand | 585.1 | 921.8 | 1.58x | 946.0 | 1.62x | +2.6% | 2584 | 2584 | 5 % |  |
| web/cookie.short | generated | control | 51.5 | 79.6 | 1.55x | 80.1 | 1.56x | +0.6% | 336 | 336 | 8 % |  |
| web/media-type.plain | generated | control | 160.3 | 190.8 | 1.19x | 192.6 | 1.20x | +0.9% | 448 | 448 | 5 % |  |

Written to T:\TEMP\dotgram-stand\w79\pair\aa-run-1
=== run 2 of 5, 07:57:22
142 rows, every reading agreeing. Timing 8 rounds.
fix/One.text           hand       78.2 ns before       85.3 ns after       86.4 ns  before/hand 1.09x  after/hand 1.10x
fix/One.bytes          hand       75.0 ns before      103.7 ns after       99.2 ns  before/hand 1.38x  after/hand 1.32x
  fix/One.stream: 1 round(s) redone after a gen1/gen2 collection
fix/One.stream         hand      155.1 ns before      535.8 ns after      539.2 ns  before/hand 3.45x  after/hand 3.48x
fix/Order.text         hand      694.4 ns before      679.7 ns after      673.0 ns  before/hand 0.98x  after/hand 0.97x
fix/Order.bytes        hand      678.2 ns before      760.1 ns after      764.4 ns  before/hand 1.12x  after/hand 1.13x
  fix/Order.stream: 1 round(s) redone after a gen1/gen2 collection
fix/Order.stream       hand      821.5 ns before     2832.1 ns after     2911.7 ns  before/hand 3.45x  after/hand 3.54x
fix/BinaryMany.text    hand     3649.1 ns before     3836.9 ns after     3803.7 ns  before/hand 1.05x  after/hand 1.04x
  fix/BinaryMany.bytes: 1 round(s) redone after a gen1/gen2 collection
fix/BinaryMany.bytes   hand     3757.5 ns before     4619.9 ns after     4617.4 ns  before/hand 1.23x  after/hand 1.23x
fix/BinaryMany.stream  hand     4783.0 ns before    19819.1 ns after    20479.4 ns  before/hand 4.14x  after/hand 4.28x
  fix/Orders128.text: 8 round(s) redone after a gen1/gen2 collection
fix/Orders128.text     hand    82756.8 ns before    79877.2 ns after    77355.9 ns  before/hand 0.97x  after/hand 0.93x
  fix/Orders128.bytes: 9 round(s) redone after a gen1/gen2 collection
fix/Orders128.bytes    hand    81108.8 ns before    90041.1 ns after    88359.0 ns  before/hand 1.11x  after/hand 1.09x
fix/Orders128.stream   hand   117327.6 ns before   306557.6 ns after   308079.2 ns  before/hand 2.61x  after/hand 2.63x
fix/OrderMalformed.text hand      716.1 ns before      678.4 ns after      686.7 ns  before/hand 0.95x  after/hand 0.96x
fix/OrderMalformed.bytes hand      691.0 ns before      770.7 ns after      776.1 ns  before/hand 1.12x  after/hand 1.12x
  fix/OrderMalformed.stream: 1 round(s) redone after a gen1/gen2 collection
fix/OrderMalformed.stream hand      831.3 ns before     2855.4 ns after     2873.2 ns  before/hand 3.43x  after/hand 3.46x
fix/slope-0.text       hand       26.7 ns before       28.1 ns after       30.7 ns  before/hand 1.05x  after/hand 1.15x
  fix/slope-1.text: 1 round(s) redone after a gen1/gen2 collection
fix/slope-1.text       hand       95.4 ns before       84.8 ns after       86.3 ns  before/hand 0.89x  after/hand 0.90x
fix/slope-2.text       hand      162.3 ns before      133.1 ns after      136.5 ns  before/hand 0.82x  after/hand 0.84x
fix/slope-4.text       hand      291.2 ns before      241.5 ns after      239.6 ns  before/hand 0.83x  after/hand 0.82x
  fix/slope-8.text: 1 round(s) redone after a gen1/gen2 collection
fix/slope-8.text       hand      514.1 ns before      444.5 ns after      441.9 ns  before/hand 0.86x  after/hand 0.86x
fix/slope-16.text      hand     1030.9 ns before      842.2 ns after      835.7 ns  before/hand 0.82x  after/hand 0.81x
fix/slope-0.bytes      hand       31.4 ns before       35.7 ns after       37.9 ns  before/hand 1.14x  after/hand 1.21x
fix/slope-1.bytes      hand       96.8 ns before      102.2 ns after       99.5 ns  before/hand 1.06x  after/hand 1.03x
fix/slope-2.bytes      hand      163.7 ns before      154.8 ns after      154.5 ns  before/hand 0.95x  after/hand 0.94x
  fix/slope-4.bytes: 1 round(s) redone after a gen1/gen2 collection
fix/slope-4.bytes      hand      286.1 ns before      273.2 ns after      273.2 ns  before/hand 0.95x  after/hand 0.95x
fix/slope-8.bytes      hand      512.8 ns before      500.7 ns after      496.7 ns  before/hand 0.98x  after/hand 0.97x
  fix/slope-16.bytes: 1 round(s) redone after a gen1/gen2 collection
fix/slope-16.bytes     hand      991.5 ns before      924.1 ns after      926.3 ns  before/hand 0.93x  after/hand 0.93x
  fix/slope-0.stream: 30 round(s) redone after a gen1/gen2 collection
fix/slope-0.stream     hand      102.0 ns before      232.3 ns after      224.8 ns  before/hand 2.28x  after/hand 2.20x
  fix/slope-1.stream: 7 round(s) redone after a gen1/gen2 collection
fix/slope-1.stream     hand      173.9 ns before      537.0 ns after      535.7 ns  before/hand 3.09x  after/hand 3.08x
  fix/slope-2.stream: 7 round(s) redone after a gen1/gen2 collection
fix/slope-2.stream     hand      246.7 ns before      751.4 ns after      760.5 ns  before/hand 3.05x  after/hand 3.08x
  fix/slope-4.stream: 3 round(s) redone after a gen1/gen2 collection
fix/slope-4.stream     hand      375.6 ns before     1172.1 ns after     1194.0 ns  before/hand 3.12x  after/hand 3.18x
  fix/slope-8.stream: 1 round(s) redone after a gen1/gen2 collection
fix/slope-8.stream     hand      654.1 ns before     1991.3 ns after     2021.0 ns  before/hand 3.04x  after/hand 3.09x
  fix/slope-16.stream: 1 round(s) redone after a gen1/gen2 collection
fix/slope-16.stream    hand     1197.9 ns before     3616.2 ns after     3695.3 ns  before/hand 3.02x  after/hand 3.08x
  fix/orders400.text: 39 round(s) redone after a gen1/gen2 collection
fix/orders400.text     hand   259348.0 ns before   250287.3 ns after   243967.0 ns  before/hand 0.97x  after/hand 0.94x
  fix/slope-1600.text: 11 round(s) redone after a gen1/gen2 collection
fix/slope-1600.text    hand    81906.2 ns before    77435.4 ns after    78411.0 ns  before/hand 0.95x  after/hand 0.96x
  web/json.array10000: 144 round(s) redone after a gen1/gen2 collection
web/json.array10000    hand   170202.3 ns before   190962.5 ns after   196718.6 ns  before/hand 1.12x  after/hand 1.16x
  web/json.object10000: 144 round(s) redone after a gen1/gen2 collection
web/json.object10000   hand   764826.6 ns before  1333213.3 ns after  1282111.7 ns  before/hand 1.74x  after/hand 1.68x
web/url.path1000       hand     9395.2 ns before    10994.6 ns after    10980.2 ns  before/hand 1.17x  after/hand 1.17x
web/media-type.params1000 control    48990.4 ns before    47629.1 ns after    47201.0 ns  before/control 0.97x  after/control 0.96x
web/sf.list10000       control  1213718.8 ns before  1161865.6 ns after  1164940.6 ns  before/control 0.96x  after/control 0.96x
fix/Order.span         hand      674.4 ns before      513.6 ns after      516.5 ns  before/hand 0.76x  after/hand 0.77x
feeds/streaming.1000   control   208097.3 ns before   207742.6 ns after   208418.2 ns  before/control 1.00x  after/control 1.00x
fix/One.log-text       hand       82.9 ns before      178.9 ns after      180.9 ns  before/hand 2.16x  after/hand 2.18x
fix/One.log-bytes      hand       83.6 ns before      203.3 ns after      213.6 ns  before/hand 2.43x  after/hand 2.55x
  fix/One.log-stream: 1 round(s) redone after a gen1/gen2 collection
fix/One.log-stream     hand       83.1 ns before      558.2 ns after      568.9 ns  before/hand 6.72x  after/hand 6.85x
fix/Order.log-text     hand      759.9 ns before     1465.0 ns after     1474.8 ns  before/hand 1.93x  after/hand 1.94x
  fix/Order.log-bytes: 1 round(s) redone after a gen1/gen2 collection
fix/Order.log-bytes    hand      763.2 ns before     1635.9 ns after     1625.3 ns  before/hand 2.14x  after/hand 2.13x
fix/Order.log-stream   hand      756.9 ns before     3035.1 ns after     3076.2 ns  before/hand 4.01x  after/hand 4.06x
  fix/Orders128.log-text: 2 round(s) redone after a gen1/gen2 collection
fix/Orders128.log-text hand    92262.4 ns before   175060.0 ns after   173156.3 ns  before/hand 1.90x  after/hand 1.88x
  fix/Orders128.log-bytes: 9 round(s) redone after a gen1/gen2 collection
fix/Orders128.log-bytes hand    92617.9 ns before   191887.4 ns after   189170.8 ns  before/hand 2.07x  after/hand 2.04x
  fix/Orders128.log-stream: 2 round(s) redone after a gen1/gen2 collection
fix/Orders128.log-stream hand    94056.6 ns before   335218.7 ns after   343908.8 ns  before/hand 3.56x  after/hand 3.66x
fix/OrderMalformed.log-text hand      781.5 ns before     1459.2 ns after     1445.0 ns  before/hand 1.87x  after/hand 1.85x
  fix/OrderMalformed.log-bytes: 1 round(s) redone after a gen1/gen2 collection
fix/OrderMalformed.log-bytes hand      779.1 ns before     1621.2 ns after     1611.2 ns  before/hand 2.08x  after/hand 2.07x
fix/OrderMalformed.log-stream hand      783.3 ns before     3079.8 ns after     3115.6 ns  before/hand 3.93x  after/hand 3.98x
  fix/slope-0.log-text: 1 round(s) redone after a gen1/gen2 collection
fix/slope-0.log-text   hand       23.3 ns before       66.2 ns after       69.5 ns  before/hand 2.83x  after/hand 2.98x
fix/slope-0.log-bytes  hand       23.4 ns before       73.1 ns after       76.1 ns  before/hand 3.13x  after/hand 3.26x
  fix/slope-0.log-stream: 1 round(s) redone after a gen1/gen2 collection
fix/slope-0.log-stream hand       23.3 ns before      241.8 ns after      236.8 ns  before/hand 10.36x  after/hand 10.14x
fix/slope-4.log-text   hand      264.7 ns before      528.2 ns after      521.3 ns  before/hand 2.00x  after/hand 1.97x
fix/slope-4.log-bytes  hand      263.3 ns before      558.4 ns after      578.1 ns  before/hand 2.12x  after/hand 2.20x
  fix/slope-4.log-stream: 1 round(s) redone after a gen1/gen2 collection
fix/slope-4.log-stream hand      265.5 ns before     1228.9 ns after     1264.4 ns  before/hand 4.63x  after/hand 4.76x
fix/slope-16.log-text  hand      973.3 ns before     1888.0 ns after     1880.6 ns  before/hand 1.94x  after/hand 1.93x
fix/slope-16.log-bytes hand      962.8 ns before     2020.6 ns after     2018.6 ns  before/hand 2.10x  after/hand 2.10x
  fix/slope-16.log-stream: 1 round(s) redone after a gen1/gen2 collection
fix/slope-16.log-stream hand     1008.4 ns before     3856.7 ns after     3597.8 ns  before/hand 3.82x  after/hand 3.57x
  fix/One.yield-reader: 48 round(s) redone after a gen1/gen2 collection
fix/One.yield-reader   hand      207.9 ns before      548.6 ns after      555.9 ns  before/hand 2.64x  after/hand 2.67x
fix/One.yield-string   hand       78.5 ns before      240.8 ns after      247.3 ns  before/hand 3.07x  after/hand 3.15x
  fix/One.yield-memory: 1 round(s) redone after a gen1/gen2 collection
fix/One.yield-memory   hand       77.7 ns before      268.0 ns after      284.4 ns  before/hand 3.45x  after/hand 3.66x
  fix/One.whole-stream: 7 round(s) redone after a gen1/gen2 collection
fix/One.whole-stream   hand      151.2 ns before      219.8 ns after      226.7 ns  before/hand 1.45x  after/hand 1.50x
  fix/One.whole-reader: 38 round(s) redone after a gen1/gen2 collection
fix/One.whole-reader   hand      153.8 ns before      236.1 ns after      246.8 ns  before/hand 1.54x  after/hand 1.60x
  fix/Order.yield-reader: 6 round(s) redone after a gen1/gen2 collection
fix/Order.yield-reader hand      904.2 ns before     2900.3 ns after     2978.2 ns  before/hand 3.21x  after/hand 3.29x
fix/Order.yield-string hand      683.7 ns before     2215.0 ns after     2276.7 ns  before/hand 3.24x  after/hand 3.33x
  fix/Order.yield-memory: 1 round(s) redone after a gen1/gen2 collection
fix/Order.yield-memory hand      684.6 ns before     2436.4 ns after     2492.9 ns  before/hand 3.56x  after/hand 3.64x
  fix/Order.whole-stream: 2 round(s) redone after a gen1/gen2 collection
fix/Order.whole-stream hand      825.6 ns before      902.4 ns after      916.8 ns  before/hand 1.09x  after/hand 1.11x
  fix/Order.whole-reader: 1 round(s) redone after a gen1/gen2 collection
fix/Order.whole-reader hand      821.0 ns before      950.3 ns after      945.4 ns  before/hand 1.16x  after/hand 1.15x
  fix/BinaryMany.yield-reader: 1 round(s) redone after a gen1/gen2 collection
fix/BinaryMany.yield-reader hand     5023.3 ns before    19106.0 ns after    19445.9 ns  before/hand 3.80x  after/hand 3.87x
fix/BinaryMany.yield-string hand     3663.9 ns before    15758.5 ns after    15931.8 ns  before/hand 4.30x  after/hand 4.35x
fix/BinaryMany.yield-memory hand     3628.9 ns before    18956.2 ns after    19699.2 ns  before/hand 5.22x  after/hand 5.43x
  fix/BinaryMany.whole-stream: 1 round(s) redone after a gen1/gen2 collection
fix/BinaryMany.whole-stream hand     4781.5 ns before     4807.0 ns after     4767.6 ns  before/hand 1.01x  after/hand 1.00x
  fix/BinaryMany.whole-reader: 2 round(s) redone after a gen1/gen2 collection
fix/BinaryMany.whole-reader hand     4720.4 ns before     5218.6 ns after     5254.4 ns  before/hand 1.11x  after/hand 1.11x
fix/Orders128.yield-reader hand   138455.0 ns before   317954.3 ns after   323082.8 ns  before/hand 2.30x  after/hand 2.33x
fix/Orders128.yield-string hand    84656.6 ns before   269935.2 ns after   278747.0 ns  before/hand 3.19x  after/hand 3.29x
  fix/Orders128.yield-memory: 1 round(s) redone after a gen1/gen2 collection
fix/Orders128.yield-memory hand    82567.9 ns before   299641.1 ns after   306084.6 ns  before/hand 3.63x  after/hand 3.71x
  fix/Orders128.whole-stream: 8 round(s) redone after a gen1/gen2 collection
fix/Orders128.whole-stream hand   117163.1 ns before    90523.1 ns after    89490.8 ns  before/hand 0.77x  after/hand 0.76x
  fix/Orders128.whole-reader: 3 round(s) redone after a gen1/gen2 collection
fix/Orders128.whole-reader hand   117532.7 ns before    93973.7 ns after    90718.0 ns  before/hand 0.80x  after/hand 0.77x
  fix/slope-0.yield-reader: 48 round(s) redone after a gen1/gen2 collection
fix/slope-0.yield-reader hand      130.0 ns before      244.6 ns after      238.0 ns  before/hand 1.88x  after/hand 1.83x
fix/slope-0.yield-string hand       23.0 ns before       52.3 ns after       52.3 ns  before/hand 2.28x  after/hand 2.28x
  fix/slope-0.yield-memory: 1 round(s) redone after a gen1/gen2 collection
fix/slope-0.yield-memory hand       23.0 ns before       64.8 ns after       66.1 ns  before/hand 2.82x  after/hand 2.88x
  fix/slope-0.whole-stream: 10 round(s) redone after a gen1/gen2 collection
fix/slope-0.whole-stream hand       92.3 ns before      144.7 ns after      143.9 ns  before/hand 1.57x  after/hand 1.56x
  fix/slope-0.whole-reader: 9 round(s) redone after a gen1/gen2 collection
fix/slope-0.whole-reader hand       91.9 ns before      155.7 ns after      155.6 ns  before/hand 1.69x  after/hand 1.69x
  fix/slope-16.yield-reader: 3 round(s) redone after a gen1/gen2 collection
fix/slope-16.yield-reader hand     1201.9 ns before     3801.6 ns after     3792.6 ns  before/hand 3.16x  after/hand 3.16x
  fix/slope-16.yield-string: 1 round(s) redone after a gen1/gen2 collection
fix/slope-16.yield-string hand      873.2 ns before     2973.0 ns after     3075.0 ns  before/hand 3.40x  after/hand 3.52x
  fix/slope-16.yield-memory: 1 round(s) redone after a gen1/gen2 collection
fix/slope-16.yield-memory hand      881.4 ns before     3285.1 ns after     3293.2 ns  before/hand 3.73x  after/hand 3.74x
fix/slope-16.whole-stream hand     1062.3 ns before     1069.7 ns after     1068.3 ns  before/hand 1.01x  after/hand 1.01x
  fix/slope-16.whole-reader: 1 round(s) redone after a gen1/gen2 collection
fix/slope-16.whole-reader hand     1058.3 ns before     1109.0 ns after     1120.8 ns  before/hand 1.05x  after/hand 1.06x
feeds/stock-count.small.text hand      170.1 ns before      227.6 ns after      227.4 ns  before/hand 1.34x  after/hand 1.34x
  feeds/stock-count.small.reader: 8 round(s) redone after a gen1/gen2 collection
feeds/stock-count.small.reader hand      356.1 ns before      414.5 ns after      410.9 ns  before/hand 1.16x  after/hand 1.15x
feeds/stock-count.small.reader64 hand      321.0 ns before      414.6 ns after      403.3 ns  before/hand 1.29x  after/hand 1.26x
  feeds/stock-count.good.text: 42 round(s) redone after a gen1/gen2 collection
feeds/stock-count.good.text hand    36391.6 ns before    28391.2 ns after    28650.1 ns  before/hand 0.78x  after/hand 0.79x
  feeds/stock-count.good.reader: 19 round(s) redone after a gen1/gen2 collection
feeds/stock-count.good.reader hand    70459.9 ns before    41124.1 ns after    40675.7 ns  before/hand 0.58x  after/hand 0.58x
  feeds/stock-count.good.reader64: 7 round(s) redone after a gen1/gen2 collection
feeds/stock-count.good.reader64 hand    86156.8 ns before    45810.4 ns after    44554.8 ns  before/hand 0.53x  after/hand 0.52x
  feeds/stock-count.broken.text: 72 round(s) redone after a gen1/gen2 collection
feeds/stock-count.broken.text hand    35470.4 ns before    32182.0 ns after    33019.7 ns  before/hand 0.91x  after/hand 0.93x
  feeds/stock-count.broken.reader: 16 round(s) redone after a gen1/gen2 collection
feeds/stock-count.broken.reader hand    67986.7 ns before    42447.4 ns after    41746.4 ns  before/hand 0.62x  after/hand 0.61x
  feeds/stock-count.broken.reader64: 6 round(s) redone after a gen1/gen2 collection
feeds/stock-count.broken.reader64 hand    82515.2 ns before    45887.7 ns after    45616.2 ns  before/hand 0.56x  after/hand 0.55x
  feeds/recovering.good: 14 round(s) redone after a gen1/gen2 collection
feeds/recovering.good  control    65478.1 ns before    64927.9 ns after    65136.9 ns  before/control 0.99x  after/control 0.99x
  feeds/recovering.broken: 20 round(s) redone after a gen1/gen2 collection
feeds/recovering.broken control    70733.9 ns before    72569.7 ns after    70263.6 ns  before/control 1.03x  after/control 0.99x
web/url.plain          hand       94.5 ns before      226.9 ns after      217.3 ns  before/hand 2.40x  after/hand 2.30x
web/url.full           hand      165.7 ns before      296.5 ns after      281.6 ns  before/hand 1.79x  after/hand 1.70x
web/url.ipv4           hand      110.7 ns before      238.3 ns after      225.5 ns  before/hand 2.15x  after/hand 2.04x
web/url.long-path      hand      174.1 ns before      419.3 ns after      413.2 ns  before/hand 2.41x  after/hand 2.37x
web/url.refused        hand       66.9 ns before      262.8 ns after      246.1 ns  before/hand 3.93x  after/hand 3.68x
web/url.relative       hand       75.3 ns before      182.9 ns after      181.0 ns  before/hand 2.43x  after/hand 2.40x
web/url.relative-dot-colon hand       62.5 ns before      160.9 ns after      158.0 ns  before/hand 2.57x  after/hand 2.53x
web/url.relative-letters hand      107.4 ns before      211.2 ns after      210.3 ns  before/hand 1.97x  after/hand 1.96x
web/json.object        hand      585.8 ns before      912.4 ns after      948.9 ns  before/hand 1.56x  after/hand 1.62x
web/json.array         hand      589.7 ns before      725.9 ns after      744.3 ns  before/hand 1.23x  after/hand 1.26x
web/cookie.full        control      301.0 ns before      343.3 ns after      336.3 ns  before/control 1.14x  after/control 1.12x
web/cookie.short       control       52.3 ns before       80.5 ns after       80.7 ns  before/control 1.54x  after/control 1.54x
web/pointer.full       control      198.7 ns before      196.2 ns after      199.6 ns  before/control 0.99x  after/control 1.00x
web/pointer.short      control       36.0 ns before       60.8 ns after       61.8 ns  before/control 1.69x  after/control 1.72x
web/media-type.plain   control      161.1 ns before      201.3 ns after      194.6 ns  before/control 1.25x  after/control 1.21x
web/media-type.quoted  control      250.0 ns before      287.3 ns after      293.7 ns  before/control 1.15x  after/control 1.17x
  web/media-type.refused: 1 round(s) redone after a gen1/gen2 collection
web/media-type.refused control       61.1 ns before       93.7 ns after       94.1 ns  before/control 1.53x  after/control 1.54x
web/addr-spec.plain    control       88.9 ns before      119.4 ns after      118.0 ns  before/control 1.34x  after/control 1.33x
web/addr-spec.refused  control       43.7 ns before       77.3 ns after       78.5 ns  before/control 1.77x  after/control 1.80x
web/date-time.utc      control       49.5 ns before       68.6 ns after       76.2 ns  before/control 1.38x  after/control 1.54x
web/date-time.offset   control       77.2 ns before       97.0 ns after      104.4 ns  before/control 1.26x  after/control 1.35x
  web/language-tag.plain: 1 round(s) redone after a gen1/gen2 collection
web/language-tag.plain control      115.3 ns before      162.8 ns after      157.0 ns  before/control 1.41x  after/control 1.36x
web/language-tag.full  control      445.6 ns before      475.0 ns after      482.2 ns  before/control 1.07x  after/control 1.08x
web/language-tag.refused control      116.8 ns before      165.0 ns after      151.5 ns  before/control 1.41x  after/control 1.30x
web/date-time.refused  control       35.4 ns before       53.7 ns after       81.4 ns  before/control 1.52x  after/control 2.30x
web/content-disposition.full control      430.8 ns before      488.0 ns after      456.7 ns  before/control 1.13x  after/control 1.06x
  web/content-disposition.refused: 1 round(s) redone after a gen1/gen2 collection
web/content-disposition.refused control       27.0 ns before       59.1 ns after       59.7 ns  before/control 2.19x  after/control 2.21x
web/uri-template.full  control      751.2 ns before      774.9 ns after      797.3 ns  before/control 1.03x  after/control 1.06x
web/uri-template.refused control 3569892200.0 ns before 3623348300.0 ns after 3580301200.0 ns  before/control 1.01x  after/control 1.00x
web/json-patch.full    control     1352.2 ns before     1414.3 ns after     1459.6 ns  before/control 1.05x  after/control 1.08x
web/forwarded.full     control     1603.8 ns before     1614.9 ns after     1641.5 ns  before/control 1.01x  after/control 1.02x
web/forwarded.refused  control      112.0 ns before      139.7 ns after      150.2 ns  before/control 1.25x  after/control 1.34x
  web/link.full: 1 round(s) redone after a gen1/gen2 collection
web/link.full          control     1438.7 ns before     1411.6 ns after     1406.8 ns  before/control 0.98x  after/control 0.98x
web/link.refused       control       36.9 ns before       66.2 ns after       68.6 ns  before/control 1.80x  after/control 1.86x
web/cookie.refused     control       27.1 ns before       54.4 ns after       54.3 ns  before/control 2.01x  after/control 2.00x
web/sf.item            control      284.7 ns before      295.9 ns after      299.4 ns  before/control 1.04x  after/control 1.05x
web/sf.list            control     1193.0 ns before     1266.2 ns after     1293.0 ns  before/control 1.06x  after/control 1.08x
web/sf.dictionary      control     1245.6 ns before     1295.1 ns after     1320.2 ns  before/control 1.04x  after/control 1.06x

# Paired stand, 2026-09-20 08:24

IGOR-DESKTOP, pinned to 0-15, high priority, control 31.4 ns.

The base of a row is what every ratio is over, and its name says what it is: `hand` is a hand-written parser (`DotGram.Handwritten`), `scriptdom` is Microsoft's parser, and `control` is this process's own build of the same generated parser, held constant so that the two sides are compared and nothing is claimed against a hand-written one.

The last two columns are what a reader a month later cannot get from a message: **the base's spread between the runs** (how much the machine's speed varied from one run to the next; a row with a large one had a disturbed run, and its medians are read with the range beside them) and the **change of each run** (the smallest and the largest, and how many of the runs were positive).

| row | reading | base | base ns | before ns | before/base | after ns | after/base | change | before B | after B | base spread | change over the runs |
| --- | --- | --- | ---: | ---: | ---: | ---: | ---: | ---: | ---: | ---: | ---: | --- |
| fix/One.text | generated | hand | 78.2 | 85.3 | 1.09x | 86.4 | 1.10x | +1.3% | 192 | 192 | 15 % |  |
| fix/One.bytes | generated | hand | 75.0 | 103.7 | 1.38x | 99.2 | 1.32x | -4.3% | 248 | 248 | 5 % |  |
| fix/One.stream | generated | hand | 155.1 | 535.8 | 3.45x | 539.2 | 3.48x | +0.6% | 888 | 888 | 14 % |  |
| fix/Order.text | generated | hand | 694.4 | 679.7 | 0.98x | 673.0 | 0.97x | -1.0% | 1096 | 1096 | 28 % |  |
| fix/Order.bytes | generated | hand | 678.2 | 760.1 | 1.12x | 764.4 | 1.13x | +0.6% | 1152 | 1152 | 29 % |  |
| fix/Order.stream | generated | hand | 821.5 | 2832.1 | 3.45x | 2911.7 | 3.54x | +2.8% | 1712 | 1712 | 7 % |  |
| fix/BinaryMany.text | generated | hand | 3649.1 | 3836.9 | 1.05x | 3803.7 | 1.04x | -0.9% | 7256 | 7256 | 7 % |  |
| fix/BinaryMany.bytes | generated | hand | 3757.5 | 4619.9 | 1.23x | 4617.4 | 1.23x | -0.1% | 7312 | 7312 | 7 % |  |
| fix/BinaryMany.stream | generated | hand | 4783.0 | 19819.1 | 4.14x | 20479.4 | 4.28x | +3.3% | 7448 | 7448 | 13 % |  |
| fix/Orders128.text | generated | hand | 82756.8 | 79877.2 | 0.97x | 77355.9 | 0.93x | -3.2% | 129112 | 129112 | 15 % |  |
| fix/Orders128.bytes | generated | hand | 81108.8 | 90041.1 | 1.11x | 88359.0 | 1.09x | -1.9% | 129168 | 129168 | 8 % |  |
| fix/Orders128.stream | generated | hand | 117327.6 | 306557.6 | 2.61x | 308079.2 | 2.63x | +0.5% | 118552 | 118552 | 4 % |  |
| fix/OrderMalformed.text | generated | hand | 716.1 | 678.4 | 0.95x | 686.7 | 0.96x | +1.2% | 1248 | 1248 | 12 % |  |
| fix/OrderMalformed.bytes | generated | hand | 691.0 | 770.7 | 1.12x | 776.1 | 1.12x | +0.7% | 1304 | 1304 | 4 % |  |
| fix/OrderMalformed.stream | generated | hand | 831.3 | 2855.4 | 3.43x | 2873.2 | 3.46x | +0.6% | 1864 | 1864 | 21 % |  |
| fix/slope-0.text | generated | hand | 26.7 | 28.1 | 1.05x | 30.7 | 1.15x | +9.4% | 64 | 64 | 6 % |  |
| fix/slope-1.text | generated | hand | 95.4 | 84.8 | 0.89x | 86.3 | 0.90x | +1.7% | 192 | 192 | 16 % |  |
| fix/slope-2.text | generated | hand | 162.3 | 133.1 | 0.82x | 136.5 | 0.84x | +2.6% | 296 | 296 | 7 % |  |
| fix/slope-4.text | generated | hand | 291.2 | 241.5 | 0.83x | 239.6 | 0.82x | -0.8% | 504 | 504 | 3 % |  |
| fix/slope-8.text | generated | hand | 514.1 | 444.5 | 0.86x | 441.9 | 0.86x | -0.6% | 920 | 920 | 4 % |  |
| fix/slope-16.text | generated | hand | 1030.9 | 842.2 | 0.82x | 835.7 | 0.81x | -0.8% | 1752 | 1752 | 46 % |  |
| fix/slope-0.bytes | generated | hand | 31.4 | 35.7 | 1.14x | 37.9 | 1.21x | +6.0% | 120 | 120 | 3 % |  |
| fix/slope-1.bytes | generated | hand | 96.8 | 102.2 | 1.06x | 99.5 | 1.03x | -2.6% | 248 | 248 | 5 % |  |
| fix/slope-2.bytes | generated | hand | 163.7 | 154.8 | 0.95x | 154.5 | 0.94x | -0.2% | 352 | 352 | 11 % |  |
| fix/slope-4.bytes | generated | hand | 286.1 | 273.2 | 0.95x | 273.2 | 0.95x | 0.0% | 560 | 560 | 4 % |  |
| fix/slope-8.bytes | generated | hand | 512.8 | 500.7 | 0.98x | 496.7 | 0.97x | -0.8% | 976 | 976 | 9 % |  |
| fix/slope-16.bytes | generated | hand | 991.5 | 924.1 | 0.93x | 926.3 | 0.93x | +0.2% | 1808 | 1808 | 16 % |  |
| fix/slope-0.stream | generated | hand | 102.0 | 232.3 | 2.28x | 224.8 | 2.20x | -3.2% | 792 | 792 | 10 % |  |
| fix/slope-1.stream | generated | hand | 173.9 | 537.0 | 3.09x | 535.7 | 3.08x | -0.2% | 888 | 888 | 5 % |  |
| fix/slope-2.stream | generated | hand | 246.7 | 751.4 | 3.05x | 760.5 | 3.08x | +1.2% | 984 | 984 | 5 % |  |
| fix/slope-4.stream | generated | hand | 375.6 | 1172.1 | 3.12x | 1194.0 | 3.18x | +1.9% | 1176 | 1176 | 6 % |  |
| fix/slope-8.stream | generated | hand | 654.1 | 1991.3 | 3.04x | 2021.0 | 3.09x | +1.5% | 1560 | 1560 | 5 % |  |
| fix/slope-16.stream | generated | hand | 1197.9 | 3616.2 | 3.02x | 3695.3 | 3.08x | +2.2% | 2328 | 2328 | 3 % |  |
| fix/orders400.text | generated | hand | 259348.0 | 250287.3 | 0.97x | 243967.0 | 0.94x | -2.5% | 403288 | 403288 | 5 % |  |
| fix/slope-1600.text | generated | hand | 81906.2 | 77435.4 | 0.95x | 78411.0 | 0.96x | +1.3% | 166488 | 166488 | 6 % |  |
| web/json.array10000 | generated | hand | 170202.3 | 190962.5 | 1.12x | 196718.6 | 1.16x | +3.0% | 720048 | 720048 | 20 % |  |
| web/json.object10000 | generated | hand | 764826.6 | 1333213.3 | 1.74x | 1282111.7 | 1.68x | -3.8% | 1599241 | 1599240 | 76 % |  |
| web/url.path1000 | generated | hand | 9395.2 | 10994.6 | 1.17x | 10980.2 | 1.17x | -0.1% | 8384 | 8384 | 5 % |  |
| web/media-type.params1000 | generated | control | 48990.4 | 47629.1 | 0.97x | 47201.0 | 0.96x | -0.9% | 151472 | 151472 | 10 % |  |
| web/sf.list10000 | generated | control | 1213718.8 | 1161865.6 | 0.96x | 1164940.6 | 0.96x | +0.3% | 2720056 | 2720056 | 20 % |  |
| fix/Order.span | generated | hand | 674.4 | 513.6 | 0.76x | 516.5 | 0.77x | +0.6% | 1008 | 1008 | 3 % |  |
| feeds/streaming.1000 | generated | control | 208097.3 | 207742.6 | 1.00x | 208418.2 | 1.00x | +0.3% | 240760 | 240760 | 5 % |  |
| fix/One.log-text | generated | hand | 82.9 | 178.9 | 2.16x | 180.9 | 2.18x | +1.1% | 192 | 192 | 10 % |  |
| fix/One.log-bytes | generated | hand | 83.6 | 203.3 | 2.43x | 213.6 | 2.55x | +5.1% | 248 | 248 | 5 % |  |
| fix/One.log-stream | generated | hand | 83.1 | 558.2 | 6.72x | 568.9 | 6.85x | +1.9% | 888 | 888 | 3 % |  |
| fix/Order.log-text | generated | hand | 759.9 | 1465.0 | 1.93x | 1474.8 | 1.94x | +0.7% | 1096 | 1096 | 5 % |  |
| fix/Order.log-bytes | generated | hand | 763.2 | 1635.9 | 2.14x | 1625.3 | 2.13x | -0.6% | 1152 | 1152 | 11 % |  |
| fix/Order.log-stream | generated | hand | 756.9 | 3035.1 | 4.01x | 3076.2 | 4.06x | +1.4% | 1712 | 1712 | 4 % |  |
| fix/Orders128.log-text | generated | hand | 92262.4 | 175060.0 | 1.90x | 173156.3 | 1.88x | -1.1% | 129112 | 129112 | 3 % |  |
| fix/Orders128.log-bytes | generated | hand | 92617.9 | 191887.4 | 2.07x | 189170.8 | 2.04x | -1.4% | 129168 | 129168 | 7 % |  |
| fix/Orders128.log-stream | generated | hand | 94056.6 | 335218.7 | 3.56x | 343908.8 | 3.66x | +2.6% | 118552 | 118552 | 6 % |  |
| fix/OrderMalformed.log-text | generated | hand | 781.5 | 1459.2 | 1.87x | 1445.0 | 1.85x | -1.0% | 1256 | 1256 | 3 % |  |
| fix/OrderMalformed.log-bytes | generated | hand | 779.1 | 1621.2 | 2.08x | 1611.2 | 2.07x | -0.6% | 1312 | 1312 | 23 % |  |
| fix/OrderMalformed.log-stream | generated | hand | 783.3 | 3079.8 | 3.93x | 3115.6 | 3.98x | +1.2% | 1872 | 1872 | 12 % |  |
| fix/slope-0.log-text | generated | hand | 23.3 | 66.2 | 2.83x | 69.5 | 2.98x | +5.1% | 88 | 88 | 4 % |  |
| fix/slope-0.log-bytes | generated | hand | 23.4 | 73.1 | 3.13x | 76.1 | 3.26x | +4.2% | 144 | 144 | 8 % |  |
| fix/slope-0.log-stream | generated | hand | 23.3 | 241.8 | 10.36x | 236.8 | 10.14x | -2.1% | 792 | 792 | 3 % |  |
| fix/slope-4.log-text | generated | hand | 264.7 | 528.2 | 2.00x | 521.3 | 1.97x | -1.3% | 504 | 504 | 4 % |  |
| fix/slope-4.log-bytes | generated | hand | 263.3 | 558.4 | 2.12x | 578.1 | 2.20x | +3.5% | 560 | 560 | 8 % |  |
| fix/slope-4.log-stream | generated | hand | 265.5 | 1228.9 | 4.63x | 1264.4 | 4.76x | +2.9% | 1176 | 1176 | 5 % |  |
| fix/slope-16.log-text | generated | hand | 973.3 | 1888.0 | 1.94x | 1880.6 | 1.93x | -0.4% | 1752 | 1752 | 19 % |  |
| fix/slope-16.log-bytes | generated | hand | 962.8 | 2020.6 | 2.10x | 2018.6 | 2.10x | -0.1% | 1808 | 1808 | 9 % |  |
| fix/slope-16.log-stream | generated | hand | 1008.4 | 3856.7 | 3.82x | 3597.8 | 3.57x | -6.7% | 2328 | 2328 | 34 % |  |
| fix/One.yield-reader | generated | hand | 207.9 | 548.6 | 2.64x | 555.9 | 2.67x | +1.3% | 856 | 856 | 8 % |  |
| fix/One.yield-string | generated | hand | 78.5 | 240.8 | 3.07x | 247.3 | 3.15x | +2.7% | 272 | 272 | 5 % |  |
| fix/One.yield-memory | generated | hand | 77.7 | 268.0 | 3.45x | 284.4 | 3.66x | +6.1% | 352 | 352 | 6 % |  |
| fix/One.whole-stream | generated | hand | 151.2 | 219.8 | 1.45x | 226.7 | 1.50x | +3.1% | 448 | 448 | 4 % |  |
| fix/One.whole-reader | generated | hand | 153.8 | 236.1 | 1.54x | 246.8 | 1.60x | +4.5% | 416 | 416 | 6 % |  |
| fix/Order.yield-reader | generated | hand | 904.2 | 2900.3 | 3.21x | 2978.2 | 3.29x | +2.7% | 1680 | 1680 | 7 % |  |
| fix/Order.yield-string | generated | hand | 683.7 | 2215.0 | 3.24x | 2276.7 | 3.33x | +2.8% | 1096 | 1096 | 9 % |  |
| fix/Order.yield-memory | generated | hand | 684.6 | 2436.4 | 3.56x | 2492.9 | 3.64x | +2.3% | 1176 | 1176 | 11 % |  |
| fix/Order.whole-stream | generated | hand | 825.6 | 902.4 | 1.09x | 916.8 | 1.11x | +1.6% | 1352 | 1352 | 6 % |  |
| fix/Order.whole-reader | generated | hand | 821.0 | 950.3 | 1.16x | 945.4 | 1.15x | -0.5% | 1320 | 1320 | 8 % |  |
| fix/BinaryMany.yield-reader | generated | hand | 5023.3 | 19106.0 | 3.80x | 19445.9 | 3.87x | +1.8% | 7416 | 7416 | 9 % |  |
| fix/BinaryMany.yield-string | generated | hand | 3663.9 | 15758.5 | 4.30x | 15931.8 | 4.35x | +1.1% | 6832 | 6832 | 13 % |  |
| fix/BinaryMany.yield-memory | generated | hand | 3628.9 | 18956.2 | 5.22x | 19699.2 | 5.43x | +3.9% | 6912 | 6912 | 3 % |  |
| fix/BinaryMany.whole-stream | generated | hand | 4781.5 | 4807.0 | 1.01x | 4767.6 | 1.00x | -0.8% | 7512 | 7512 | 7 % |  |
| fix/BinaryMany.whole-reader | generated | hand | 4720.4 | 5218.6 | 1.11x | 5254.4 | 1.11x | +0.7% | 7480 | 7480 | 8 % |  |
| fix/Orders128.yield-reader | generated | hand | 138455.0 | 317954.3 | 2.30x | 323082.8 | 2.33x | +1.6% | 118520 | 118520 | 2 % |  |
| fix/Orders128.yield-string | generated | hand | 84656.6 | 269935.2 | 3.19x | 278747.0 | 3.29x | +3.3% | 117936 | 117936 | 18 % |  |
| fix/Orders128.yield-memory | generated | hand | 82567.9 | 299641.1 | 3.63x | 306084.6 | 3.71x | +2.2% | 118016 | 118016 | 7 % |  |
| fix/Orders128.whole-stream | generated | hand | 117163.1 | 90523.1 | 0.77x | 89490.8 | 0.76x | -1.1% | 129368 | 129368 | 4 % |  |
| fix/Orders128.whole-reader | generated | hand | 117532.7 | 93973.7 | 0.80x | 90718.0 | 0.77x | -3.5% | 129336 | 129336 | 4 % |  |
| fix/slope-0.yield-reader | generated | hand | 130.0 | 244.6 | 1.88x | 238.0 | 1.83x | -2.7% | 760 | 760 | 5 % |  |
| fix/slope-0.yield-string | generated | hand | 23.0 | 52.3 | 2.28x | 52.3 | 2.28x | -0.1% | 176 | 176 | 19 % |  |
| fix/slope-0.yield-memory | generated | hand | 23.0 | 64.8 | 2.82x | 66.1 | 2.88x | +1.9% | 256 | 256 | 5 % |  |
| fix/slope-0.whole-stream | generated | hand | 92.3 | 144.7 | 1.57x | 143.9 | 1.56x | -0.5% | 320 | 320 | 6 % |  |
| fix/slope-0.whole-reader | generated | hand | 91.9 | 155.7 | 1.69x | 155.6 | 1.69x | 0.0% | 288 | 288 | 5 % |  |
| fix/slope-16.yield-reader | generated | hand | 1201.9 | 3801.6 | 3.16x | 3792.6 | 3.16x | -0.2% | 2296 | 2296 | 15 % |  |
| fix/slope-16.yield-string | generated | hand | 873.2 | 2973.0 | 3.40x | 3075.0 | 3.52x | +3.4% | 1712 | 1712 | 5 % |  |
| fix/slope-16.yield-memory | generated | hand | 881.4 | 3285.1 | 3.73x | 3293.2 | 3.74x | +0.2% | 1792 | 1792 | 16 % |  |
| fix/slope-16.whole-stream | generated | hand | 1062.3 | 1069.7 | 1.01x | 1068.3 | 1.01x | -0.1% | 2008 | 2008 | 5 % |  |
| fix/slope-16.whole-reader | generated | hand | 1058.3 | 1109.0 | 1.05x | 1120.8 | 1.06x | +1.1% | 1976 | 1976 | 4 % |  |
| feeds/stock-count.small.text | generated | hand | 170.1 | 227.6 | 1.34x | 227.4 | 1.34x | -0.1% | 608 | 608 | 3 % |  |
| feeds/stock-count.small.reader | generated | hand | 356.1 | 414.5 | 1.16x | 410.9 | 1.15x | -0.9% | 784 | 784 | 3 % |  |
| feeds/stock-count.small.reader64 | generated | hand | 321.0 | 414.6 | 1.29x | 403.3 | 1.26x | -2.7% | 832 | 832 | 11 % |  |
| feeds/stock-count.good.text | generated | hand | 36391.6 | 28391.2 | 0.78x | 28650.1 | 0.79x | +0.9% | 111312 | 111312 | 4 % |  |
| feeds/stock-count.good.reader | generated | hand | 70459.9 | 41124.1 | 0.58x | 40675.7 | 0.58x | -1.1% | 111488 | 111488 | 9 % |  |
| feeds/stock-count.good.reader64 | generated | hand | 86156.8 | 45810.4 | 0.53x | 44554.8 | 0.52x | -2.7% | 111536 | 111536 | 3 % |  |
| feeds/stock-count.broken.text | generated | hand | 35470.4 | 32182.0 | 0.91x | 33019.7 | 0.93x | +2.6% | 107408 | 107499 | 12 % |  |
| feeds/stock-count.broken.reader | generated | hand | 67986.7 | 42447.4 | 0.62x | 41746.4 | 0.61x | -1.7% | 107584 | 107584 | 6 % |  |
| feeds/stock-count.broken.reader64 | generated | hand | 82515.2 | 45887.7 | 0.56x | 45616.2 | 0.55x | -0.6% | 107632 | 107632 | 15 % |  |
| feeds/recovering.good | generated | control | 65478.1 | 64927.9 | 0.99x | 65136.9 | 0.99x | +0.3% | 240352 | 240352 | 7 % |  |
| feeds/recovering.broken | generated | control | 70733.9 | 72569.7 | 1.03x | 70263.6 | 0.99x | -3.2% | 241920 | 241920 | 3 % |  |
| web/url.plain | generated | hand | 94.5 | 226.9 | 2.40x | 217.3 | 2.30x | -4.3% | 360 | 360 | 3 % |  |
| web/url.full | generated | hand | 165.7 | 296.5 | 1.79x | 281.6 | 1.70x | -5.0% | 536 | 536 | 9 % |  |
| web/url.ipv4 | generated | hand | 110.7 | 238.3 | 2.15x | 225.5 | 2.04x | -5.4% | 384 | 384 | 3 % |  |
| web/url.long-path | generated | hand | 174.1 | 419.3 | 2.41x | 413.2 | 2.37x | -1.5% | 512 | 512 | 20 % |  |
| web/url.refused | generated | hand | 66.9 | 262.8 | 3.93x | 246.1 | 3.68x | -6.4% | 64 | 64 | 2 % |  |
| web/url.relative | generated | hand | 75.3 | 182.9 | 2.43x | 181.0 | 2.40x | -1.1% | 312 | 312 | 6 % |  |
| web/url.relative-dot-colon | generated | hand | 62.5 | 160.9 | 2.57x | 158.0 | 2.53x | -1.8% | 280 | 280 | 5 % |  |
| web/url.relative-letters | generated | hand | 107.4 | 211.2 | 1.97x | 210.3 | 1.96x | -0.5% | 312 | 312 | 7 % |  |
| web/json.object | generated | hand | 585.8 | 912.4 | 1.56x | 948.9 | 1.62x | +4.0% | 2584 | 2584 | 2 % |  |
| web/json.array | generated | hand | 589.7 | 725.9 | 1.23x | 744.3 | 1.26x | +2.5% | 2400 | 2400 | 4 % |  |
| web/cookie.full | generated | control | 301.0 | 343.3 | 1.14x | 336.3 | 1.12x | -2.0% | 2136 | 2136 | 4 % |  |
| web/cookie.short | generated | control | 52.3 | 80.5 | 1.54x | 80.7 | 1.54x | +0.2% | 336 | 336 | 3 % |  |
| web/pointer.full | generated | control | 198.7 | 196.2 | 0.99x | 199.6 | 1.00x | +1.7% | 440 | 440 | 4 % |  |
| web/pointer.short | generated | control | 36.0 | 60.8 | 1.69x | 61.8 | 1.72x | +1.6% | 144 | 144 | 5 % |  |
| web/media-type.plain | generated | control | 161.1 | 201.3 | 1.25x | 194.6 | 1.21x | -3.3% | 448 | 448 | 4 % |  |
| web/media-type.quoted | generated | control | 250.0 | 287.3 | 1.15x | 293.7 | 1.17x | +2.2% | 816 | 816 | 7 % |  |
| web/media-type.refused | generated | control | 61.1 | 93.7 | 1.53x | 94.1 | 1.54x | +0.5% | 64 | 64 | 4 % |  |
| web/addr-spec.plain | generated | control | 88.9 | 119.4 | 1.34x | 118.0 | 1.33x | -1.1% | 176 | 176 | 16 % |  |
| web/addr-spec.refused | generated | control | 43.7 | 77.3 | 1.77x | 78.5 | 1.80x | +1.6% | 64 | 64 | 28 % |  |
| web/date-time.utc | generated | control | 49.5 | 68.6 | 1.38x | 76.2 | 1.54x | +11.2% | 176 | 176 | 3 % |  |
| web/date-time.offset | generated | control | 77.2 | 97.0 | 1.26x | 104.4 | 1.35x | +7.7% | 208 | 208 | 6 % |  |
| web/language-tag.plain | generated | control | 115.3 | 162.8 | 1.41x | 157.0 | 1.36x | -3.6% | 360 | 360 | 3 % |  |
| web/language-tag.full | generated | control | 445.6 | 475.0 | 1.07x | 482.2 | 1.08x | +1.5% | 720 | 720 | 6 % |  |
| web/language-tag.refused | generated | control | 116.8 | 165.0 | 1.41x | 151.5 | 1.30x | -8.2% | 64 | 64 | 7 % |  |
| web/date-time.refused | generated | control | 35.4 | 53.7 | 1.52x | 81.4 | 2.30x | +51.5% | 96 | 96 | 23 % |  |
| web/content-disposition.full | generated | control | 430.8 | 488.0 | 1.13x | 456.7 | 1.06x | -6.4% | 1680 | 1680 | 7 % |  |
| web/content-disposition.refused | generated | control | 27.0 | 59.1 | 2.19x | 59.7 | 2.21x | +0.9% | 64 | 64 | 3 % |  |
| web/uri-template.full | generated | control | 751.2 | 774.9 | 1.03x | 797.3 | 1.06x | +2.9% | 1088 | 1088 | 12 % |  |
| web/uri-template.refused | generated | control | 3569892200.0 | 3623348300.0 | 1.01x | 3580301200.0 | 1.00x | -1.2% | 64 | 64 | 2 % |  |
| web/json-patch.full | generated | control | 1352.2 | 1414.3 | 1.05x | 1459.6 | 1.08x | +3.2% | 4552 | 4552 | 30 % |  |
| web/forwarded.full | generated | control | 1603.8 | 1614.9 | 1.01x | 1641.5 | 1.02x | +1.6% | 2648 | 2648 | 4 % |  |
| web/forwarded.refused | generated | control | 112.0 | 139.7 | 1.25x | 150.2 | 1.34x | +7.5% | 328 | 328 | 47 % |  |
| web/link.full | generated | control | 1438.7 | 1411.6 | 0.98x | 1406.8 | 0.98x | -0.3% | 2968 | 2968 | 25 % |  |
| web/link.refused | generated | control | 36.9 | 66.2 | 1.80x | 68.6 | 1.86x | +3.6% | 64 | 64 | 14 % |  |
| web/cookie.refused | generated | control | 27.1 | 54.4 | 2.01x | 54.3 | 2.00x | -0.2% | 136 | 136 | 7 % |  |
| web/sf.item | generated | control | 284.7 | 295.9 | 1.04x | 299.4 | 1.05x | +1.2% | 800 | 800 | 10 % |  |
| web/sf.list | generated | control | 1193.0 | 1266.2 | 1.06x | 1293.0 | 1.08x | +2.1% | 3064 | 3064 | 3 % |  |
| web/sf.dictionary | generated | control | 1245.6 | 1295.1 | 1.04x | 1320.2 | 1.06x | +1.9% | 3280 | 3280 | 31 % |  |

Written to T:\TEMP\dotgram-stand\w79\pair\run-2
8 rows, every reading agreeing. Timing 8 rounds.
fix/One.text           hand       88.2 ns before       82.3 ns after       83.0 ns  before/hand 0.93x  after/hand 0.94x
fix/Order.text         hand      693.1 ns before      681.8 ns after      665.5 ns  before/hand 0.98x  after/hand 0.96x
  web/json.object10000: 144 round(s) redone after a gen1/gen2 collection
web/json.object10000   hand   731759.4 ns before  1383993.0 ns after  1383412.5 ns  before/hand 1.89x  after/hand 1.89x
feeds/stock-count.good.text hand    36236.9 ns before    28716.3 ns after    28654.4 ns  before/hand 0.79x  after/hand 0.79x
web/url.full           hand      156.7 ns before      279.3 ns after      280.1 ns  before/hand 1.78x  after/hand 1.79x
  web/json.object: 1 round(s) redone after a gen1/gen2 collection
web/json.object        hand      579.4 ns before      942.7 ns after      929.2 ns  before/hand 1.63x  after/hand 1.60x
web/cookie.short       control       50.5 ns before       78.6 ns after       78.8 ns  before/control 1.56x  after/control 1.56x
web/media-type.plain   control      160.7 ns before      190.9 ns after      189.4 ns  before/control 1.19x  after/control 1.18x

# Paired stand, 2026-09-20 08:24

IGOR-DESKTOP, pinned to 0-15, high priority, control 31.8 ns.

The base of a row is what every ratio is over, and its name says what it is: `hand` is a hand-written parser (`DotGram.Handwritten`), `scriptdom` is Microsoft's parser, and `control` is this process's own build of the same generated parser, held constant so that the two sides are compared and nothing is claimed against a hand-written one.

The last two columns are what a reader a month later cannot get from a message: **the base's spread between the runs** (how much the machine's speed varied from one run to the next; a row with a large one had a disturbed run, and its medians are read with the range beside them) and the **change of each run** (the smallest and the largest, and how many of the runs were positive).

| row | reading | base | base ns | before ns | before/base | after ns | after/base | change | before B | after B | base spread | change over the runs |
| --- | --- | --- | ---: | ---: | ---: | ---: | ---: | ---: | ---: | ---: | ---: | --- |
| fix/One.text | generated | hand | 88.2 | 82.3 | 0.93x | 83.0 | 0.94x | +0.8% | 192 | 192 | 23 % |  |
| fix/Order.text | generated | hand | 693.1 | 681.8 | 0.98x | 665.5 | 0.96x | -2.4% | 1096 | 1096 | 33 % |  |
| web/json.object10000 | generated | hand | 731759.4 | 1383993.0 | 1.89x | 1383412.5 | 1.89x | 0.0% | 1599241 | 1599241 | 36 % |  |
| feeds/stock-count.good.text | generated | hand | 36236.9 | 28716.3 | 0.79x | 28654.4 | 0.79x | -0.2% | 111312 | 111312 | 20 % |  |
| web/url.full | generated | hand | 156.7 | 279.3 | 1.78x | 280.1 | 1.79x | +0.3% | 536 | 536 | 9 % |  |
| web/json.object | generated | hand | 579.4 | 942.7 | 1.63x | 929.2 | 1.60x | -1.4% | 2584 | 2584 | 19 % |  |
| web/cookie.short | generated | control | 50.5 | 78.6 | 1.56x | 78.8 | 1.56x | +0.2% | 336 | 336 | 3 % |  |
| web/media-type.plain | generated | control | 160.7 | 190.9 | 1.19x | 189.4 | 1.18x | -0.8% | 448 | 448 | 5 % |  |

Written to T:\TEMP\dotgram-stand\w79\pair\aa-run-2
=== run 3 of 5, 08:24:43
142 rows, every reading agreeing. Timing 8 rounds.
fix/One.text           hand       79.3 ns before       84.8 ns after       86.7 ns  before/hand 1.07x  after/hand 1.09x
fix/One.bytes          hand       81.1 ns before       99.2 ns after      102.0 ns  before/hand 1.22x  after/hand 1.26x
fix/One.stream         hand      154.5 ns before      567.0 ns after      531.6 ns  before/hand 3.67x  after/hand 3.44x
  fix/Order.text: 1 round(s) redone after a gen1/gen2 collection
fix/Order.text         hand      699.1 ns before      676.4 ns after      701.7 ns  before/hand 0.97x  after/hand 1.00x
fix/Order.bytes        hand      701.6 ns before      777.1 ns after      770.6 ns  before/hand 1.11x  after/hand 1.10x
  fix/Order.stream: 1 round(s) redone after a gen1/gen2 collection
fix/Order.stream       hand      850.3 ns before     2884.0 ns after     2873.4 ns  before/hand 3.39x  after/hand 3.38x
fix/BinaryMany.text    hand     3737.8 ns before     3863.8 ns after     3869.3 ns  before/hand 1.03x  after/hand 1.04x
fix/BinaryMany.bytes   hand     3845.8 ns before     4673.3 ns after     4654.5 ns  before/hand 1.22x  after/hand 1.21x
fix/BinaryMany.stream  hand     4828.7 ns before    18898.0 ns after    18758.0 ns  before/hand 3.91x  after/hand 3.88x
  fix/Orders128.text: 8 round(s) redone after a gen1/gen2 collection
fix/Orders128.text     hand    82161.4 ns before    80665.9 ns after    80502.9 ns  before/hand 0.98x  after/hand 0.98x
  fix/Orders128.bytes: 10 round(s) redone after a gen1/gen2 collection
fix/Orders128.bytes    hand    84570.9 ns before    92695.3 ns after    89059.1 ns  before/hand 1.10x  after/hand 1.05x
fix/Orders128.stream   hand   119687.3 ns before   299494.8 ns after   305246.9 ns  before/hand 2.50x  after/hand 2.55x
  fix/OrderMalformed.text: 1 round(s) redone after a gen1/gen2 collection
fix/OrderMalformed.text hand      686.4 ns before      656.1 ns after      701.1 ns  before/hand 0.96x  after/hand 1.02x
fix/OrderMalformed.bytes hand      690.6 ns before      755.7 ns after      766.2 ns  before/hand 1.09x  after/hand 1.11x
  fix/OrderMalformed.stream: 1 round(s) redone after a gen1/gen2 collection
fix/OrderMalformed.stream hand      829.6 ns before     2906.3 ns after     2890.8 ns  before/hand 3.50x  after/hand 3.48x
fix/slope-0.text       hand       24.6 ns before       28.9 ns after       31.2 ns  before/hand 1.17x  after/hand 1.27x
  fix/slope-1.text: 1 round(s) redone after a gen1/gen2 collection
fix/slope-1.text       hand       94.5 ns before       83.0 ns after       85.1 ns  before/hand 0.88x  after/hand 0.90x
fix/slope-2.text       hand      162.8 ns before      132.4 ns after      134.6 ns  before/hand 0.81x  after/hand 0.83x
fix/slope-4.text       hand      287.1 ns before      235.6 ns after      240.6 ns  before/hand 0.82x  after/hand 0.84x
  fix/slope-8.text: 1 round(s) redone after a gen1/gen2 collection
fix/slope-8.text       hand      512.1 ns before      433.1 ns after      441.4 ns  before/hand 0.85x  after/hand 0.86x
fix/slope-16.text      hand     1005.4 ns before      803.4 ns after      824.4 ns  before/hand 0.80x  after/hand 0.82x
  fix/slope-0.bytes: 1 round(s) redone after a gen1/gen2 collection
fix/slope-0.bytes      hand       30.2 ns before       36.0 ns after       38.5 ns  before/hand 1.19x  after/hand 1.28x
fix/slope-1.bytes      hand       98.9 ns before       97.3 ns after       99.6 ns  before/hand 0.98x  after/hand 1.01x
fix/slope-2.bytes      hand      166.5 ns before      150.9 ns after      153.2 ns  before/hand 0.91x  after/hand 0.92x
  fix/slope-4.bytes: 2 round(s) redone after a gen1/gen2 collection
fix/slope-4.bytes      hand      289.5 ns before      270.7 ns after      272.5 ns  before/hand 0.94x  after/hand 0.94x
fix/slope-8.bytes      hand      519.3 ns before      496.0 ns after      496.5 ns  before/hand 0.96x  after/hand 0.96x
fix/slope-16.bytes     hand     1003.5 ns before      926.1 ns after      925.8 ns  before/hand 0.92x  after/hand 0.92x
  fix/slope-0.stream: 39 round(s) redone after a gen1/gen2 collection
fix/slope-0.stream     hand       92.8 ns before      225.5 ns after      223.0 ns  before/hand 2.43x  after/hand 2.40x
  fix/slope-1.stream: 8 round(s) redone after a gen1/gen2 collection
fix/slope-1.stream     hand      172.4 ns before      549.9 ns after      531.2 ns  before/hand 3.19x  after/hand 3.08x
  fix/slope-2.stream: 9 round(s) redone after a gen1/gen2 collection
fix/slope-2.stream     hand      245.2 ns before      765.6 ns after      735.2 ns  before/hand 3.12x  after/hand 3.00x
  fix/slope-4.stream: 3 round(s) redone after a gen1/gen2 collection
fix/slope-4.stream     hand      378.5 ns before     1199.9 ns after     1144.4 ns  before/hand 3.17x  after/hand 3.02x
  fix/slope-8.stream: 2 round(s) redone after a gen1/gen2 collection
fix/slope-8.stream     hand      652.3 ns before     2006.7 ns after     1958.6 ns  before/hand 3.08x  after/hand 3.00x
  fix/slope-16.stream: 2 round(s) redone after a gen1/gen2 collection
fix/slope-16.stream    hand     1232.5 ns before     3608.7 ns after     3571.6 ns  before/hand 2.93x  after/hand 2.90x
  fix/orders400.text: 42 round(s) redone after a gen1/gen2 collection
fix/orders400.text     hand   254845.7 ns before   242770.5 ns after   245876.2 ns  before/hand 0.95x  after/hand 0.96x
  fix/slope-1600.text: 10 round(s) redone after a gen1/gen2 collection
fix/slope-1600.text    hand    81181.7 ns before    75253.6 ns after    76843.5 ns  before/hand 0.93x  after/hand 0.95x
  web/json.array10000: 140 round(s) redone after a gen1/gen2 collection
web/json.array10000    hand   174921.3 ns before   196948.4 ns after   196835.4 ns  before/hand 1.13x  after/hand 1.13x
  web/json.object10000: 144 round(s) redone after a gen1/gen2 collection
web/json.object10000   hand   806268.0 ns before  1185096.9 ns after  1356396.9 ns  before/hand 1.47x  after/hand 1.68x
web/url.path1000       hand     9620.1 ns before    10946.3 ns after    10946.9 ns  before/hand 1.14x  after/hand 1.14x
web/media-type.params1000 control    48711.2 ns before    44680.6 ns after    47381.9 ns  before/control 0.92x  after/control 0.97x
web/sf.list10000       control  1127100.0 ns before  1172787.5 ns after  1234371.9 ns  before/control 1.04x  after/control 1.10x
  fix/Order.span: 1 round(s) redone after a gen1/gen2 collection
fix/Order.span         hand      687.1 ns before      510.0 ns after      524.8 ns  before/hand 0.74x  after/hand 0.76x
feeds/streaming.1000   control   201507.2 ns before   204258.6 ns after   205635.9 ns  before/control 1.01x  after/control 1.02x
fix/One.log-text       hand       84.9 ns before      171.3 ns after      188.2 ns  before/hand 2.02x  after/hand 2.22x
fix/One.log-bytes      hand       84.3 ns before      212.3 ns after      211.7 ns  before/hand 2.52x  after/hand 2.51x
  fix/One.log-stream: 1 round(s) redone after a gen1/gen2 collection
fix/One.log-stream     hand       87.6 ns before      560.7 ns after      578.9 ns  before/hand 6.40x  after/hand 6.61x
  fix/Order.log-text: 1 round(s) redone after a gen1/gen2 collection
fix/Order.log-text     hand     1177.2 ns before     1756.8 ns after     2205.3 ns  before/hand 1.49x  after/hand 1.87x
fix/Order.log-bytes    hand      761.2 ns before     1639.2 ns after     1677.2 ns  before/hand 2.15x  after/hand 2.20x
  fix/Order.log-stream: 1 round(s) redone after a gen1/gen2 collection
fix/Order.log-stream   hand      777.6 ns before     2855.7 ns after     2844.3 ns  before/hand 3.67x  after/hand 3.66x
  fix/Orders128.log-text: 3 round(s) redone after a gen1/gen2 collection
fix/Orders128.log-text hand    92517.3 ns before   172985.4 ns after   173794.9 ns  before/hand 1.87x  after/hand 1.88x
  fix/Orders128.log-bytes: 10 round(s) redone after a gen1/gen2 collection
fix/Orders128.log-bytes hand    92708.8 ns before   193436.6 ns after   189592.1 ns  before/hand 2.09x  after/hand 2.05x
  fix/Orders128.log-stream: 1 round(s) redone after a gen1/gen2 collection
fix/Orders128.log-stream hand    92197.0 ns before   297791.4 ns after   307240.2 ns  before/hand 3.23x  after/hand 3.33x
fix/OrderMalformed.log-text hand      845.9 ns before     1534.3 ns after     1559.6 ns  before/hand 1.81x  after/hand 1.84x
  fix/OrderMalformed.log-bytes: 1 round(s) redone after a gen1/gen2 collection
fix/OrderMalformed.log-bytes hand      776.1 ns before     1638.5 ns after     1672.0 ns  before/hand 2.11x  after/hand 2.15x
fix/OrderMalformed.log-stream hand      771.4 ns before     2924.3 ns after     2951.5 ns  before/hand 3.79x  after/hand 3.83x
  fix/slope-0.log-text: 1 round(s) redone after a gen1/gen2 collection
fix/slope-0.log-text   hand       22.6 ns before       67.8 ns after       69.6 ns  before/hand 3.00x  after/hand 3.08x
fix/slope-0.log-bytes  hand       22.2 ns before       73.2 ns after       76.1 ns  before/hand 3.30x  after/hand 3.43x
fix/slope-0.log-stream hand       22.7 ns before      229.6 ns after      231.7 ns  before/hand 10.12x  after/hand 10.21x
  fix/slope-4.log-text: 1 round(s) redone after a gen1/gen2 collection
fix/slope-4.log-text   hand      264.6 ns before      505.2 ns after      541.5 ns  before/hand 1.91x  after/hand 2.05x
fix/slope-4.log-bytes  hand      277.8 ns before      607.8 ns after      616.6 ns  before/hand 2.19x  after/hand 2.22x
  fix/slope-4.log-stream: 1 round(s) redone after a gen1/gen2 collection
fix/slope-4.log-stream hand      276.5 ns before     1252.1 ns after     1270.5 ns  before/hand 4.53x  after/hand 4.59x
fix/slope-16.log-text  hand     1010.6 ns before     1878.7 ns after     1956.8 ns  before/hand 1.86x  after/hand 1.94x
fix/slope-16.log-bytes hand     1030.4 ns before     2091.3 ns after     2127.5 ns  before/hand 2.03x  after/hand 2.06x
  fix/slope-16.log-stream: 1 round(s) redone after a gen1/gen2 collection
fix/slope-16.log-stream hand     1011.1 ns before     3672.7 ns after     3685.4 ns  before/hand 3.63x  after/hand 3.64x
  fix/One.yield-reader: 48 round(s) redone after a gen1/gen2 collection
fix/One.yield-reader   hand      188.4 ns before      566.5 ns after      562.1 ns  before/hand 3.01x  after/hand 2.98x
fix/One.yield-string   hand       80.2 ns before      224.1 ns after      238.7 ns  before/hand 2.79x  after/hand 2.97x
  fix/One.yield-memory: 1 round(s) redone after a gen1/gen2 collection
fix/One.yield-memory   hand       81.4 ns before      290.6 ns after      269.8 ns  before/hand 3.57x  after/hand 3.32x
  fix/One.whole-stream: 37 round(s) redone after a gen1/gen2 collection
fix/One.whole-stream   hand      153.2 ns before      219.3 ns after      235.1 ns  before/hand 1.43x  after/hand 1.53x
  fix/One.whole-reader: 28 round(s) redone after a gen1/gen2 collection
fix/One.whole-reader   hand      152.9 ns before      227.1 ns after      242.3 ns  before/hand 1.49x  after/hand 1.58x
  fix/Order.yield-reader: 7 round(s) redone after a gen1/gen2 collection
fix/Order.yield-reader hand      861.1 ns before     2921.0 ns after     2817.8 ns  before/hand 3.39x  after/hand 3.27x
  fix/Order.yield-string: 1 round(s) redone after a gen1/gen2 collection
fix/Order.yield-string hand      681.5 ns before     2206.2 ns after     2150.0 ns  before/hand 3.24x  after/hand 3.15x
fix/Order.yield-memory hand      685.1 ns before     2452.1 ns after     2378.9 ns  before/hand 3.58x  after/hand 3.47x
  fix/Order.whole-stream: 1 round(s) redone after a gen1/gen2 collection
fix/Order.whole-stream hand      814.5 ns before      900.4 ns after      903.9 ns  before/hand 1.11x  after/hand 1.11x
  fix/Order.whole-reader: 2 round(s) redone after a gen1/gen2 collection
fix/Order.whole-reader hand      812.8 ns before      889.7 ns after      953.1 ns  before/hand 1.09x  after/hand 1.17x
  fix/BinaryMany.yield-reader: 2 round(s) redone after a gen1/gen2 collection
fix/BinaryMany.yield-reader hand     5078.4 ns before    19113.2 ns after    18761.3 ns  before/hand 3.76x  after/hand 3.69x
fix/BinaryMany.yield-string hand     3736.1 ns before    15776.3 ns after    15316.7 ns  before/hand 4.22x  after/hand 4.10x
fix/BinaryMany.yield-memory hand     3709.8 ns before    18422.0 ns after    17803.4 ns  before/hand 4.97x  after/hand 4.80x
  fix/BinaryMany.whole-stream: 1 round(s) redone after a gen1/gen2 collection
fix/BinaryMany.whole-stream hand     4756.7 ns before     4765.3 ns after     4798.9 ns  before/hand 1.00x  after/hand 1.01x
  fix/BinaryMany.whole-reader: 2 round(s) redone after a gen1/gen2 collection
fix/BinaryMany.whole-reader hand     4746.7 ns before     5189.6 ns after     5259.4 ns  before/hand 1.09x  after/hand 1.11x
fix/Orders128.yield-reader hand   139729.9 ns before   307757.3 ns after   295410.3 ns  before/hand 2.20x  after/hand 2.11x
  fix/Orders128.yield-string: 1 round(s) redone after a gen1/gen2 collection
fix/Orders128.yield-string hand    81427.6 ns before   272360.7 ns after   263776.4 ns  before/hand 3.34x  after/hand 3.24x
  fix/Orders128.yield-memory: 1 round(s) redone after a gen1/gen2 collection
fix/Orders128.yield-memory hand    82253.9 ns before   290716.8 ns after   290398.2 ns  before/hand 3.53x  after/hand 3.53x
  fix/Orders128.whole-stream: 8 round(s) redone after a gen1/gen2 collection
fix/Orders128.whole-stream hand   118866.4 ns before    89501.7 ns after    87946.7 ns  before/hand 0.75x  after/hand 0.74x
  fix/Orders128.whole-reader: 2 round(s) redone after a gen1/gen2 collection
fix/Orders128.whole-reader hand   118213.1 ns before    90884.3 ns after    91181.2 ns  before/hand 0.77x  after/hand 0.77x
  fix/slope-0.yield-reader: 49 round(s) redone after a gen1/gen2 collection
fix/slope-0.yield-reader hand      122.9 ns before      241.1 ns after      241.8 ns  before/hand 1.96x  after/hand 1.97x
fix/slope-0.yield-string hand       22.3 ns before       52.8 ns after       53.1 ns  before/hand 2.37x  after/hand 2.38x
  fix/slope-0.yield-memory: 1 round(s) redone after a gen1/gen2 collection
fix/slope-0.yield-memory hand       22.1 ns before       64.7 ns after       65.3 ns  before/hand 2.93x  after/hand 2.96x
  fix/slope-0.whole-stream: 9 round(s) redone after a gen1/gen2 collection
fix/slope-0.whole-stream hand       86.9 ns before      141.7 ns after      144.2 ns  before/hand 1.63x  after/hand 1.66x
  fix/slope-0.whole-reader: 9 round(s) redone after a gen1/gen2 collection
fix/slope-0.whole-reader hand       87.3 ns before      154.8 ns after      155.1 ns  before/hand 1.77x  after/hand 1.78x
  fix/slope-16.yield-reader: 1 round(s) redone after a gen1/gen2 collection
fix/slope-16.yield-reader hand     1178.7 ns before     3738.6 ns after     3556.0 ns  before/hand 3.17x  after/hand 3.02x
  fix/slope-16.yield-string: 1 round(s) redone after a gen1/gen2 collection
fix/slope-16.yield-string hand      876.8 ns before     2888.2 ns after     2783.2 ns  before/hand 3.29x  after/hand 3.17x
  fix/slope-16.yield-memory: 2 round(s) redone after a gen1/gen2 collection
fix/slope-16.yield-memory hand      888.6 ns before     3252.9 ns after     3225.3 ns  before/hand 3.66x  after/hand 3.63x
fix/slope-16.whole-stream hand     1087.6 ns before     1049.7 ns after     1079.1 ns  before/hand 0.97x  after/hand 0.99x
fix/slope-16.whole-reader hand     1090.4 ns before     1088.5 ns after     1139.1 ns  before/hand 1.00x  after/hand 1.04x
  feeds/stock-count.small.text: 1 round(s) redone after a gen1/gen2 collection
feeds/stock-count.small.text hand      175.7 ns before      225.2 ns after      230.8 ns  before/hand 1.28x  after/hand 1.31x
  feeds/stock-count.small.reader: 8 round(s) redone after a gen1/gen2 collection
feeds/stock-count.small.reader hand      354.8 ns before      418.0 ns after      421.4 ns  before/hand 1.18x  after/hand 1.19x
feeds/stock-count.small.reader64 hand      341.4 ns before      438.8 ns after      433.0 ns  before/hand 1.29x  after/hand 1.27x
  feeds/stock-count.good.text: 18 round(s) redone after a gen1/gen2 collection
feeds/stock-count.good.text hand    37922.0 ns before    30719.6 ns after    29642.2 ns  before/hand 0.81x  after/hand 0.78x
  feeds/stock-count.good.reader: 7 round(s) redone after a gen1/gen2 collection
feeds/stock-count.good.reader hand   118422.8 ns before    73543.4 ns after    74149.2 ns  before/hand 0.62x  after/hand 0.63x
  feeds/stock-count.good.reader64: 8 round(s) redone after a gen1/gen2 collection
feeds/stock-count.good.reader64 hand   147288.3 ns before    83238.2 ns after    83157.7 ns  before/hand 0.57x  after/hand 0.56x
  feeds/stock-count.broken.text: 20 round(s) redone after a gen1/gen2 collection
feeds/stock-count.broken.text hand    49708.9 ns before    48779.1 ns after    54022.9 ns  before/hand 0.98x  after/hand 1.09x
  feeds/stock-count.broken.reader: 7 round(s) redone after a gen1/gen2 collection
feeds/stock-count.broken.reader hand    88271.1 ns before    61197.1 ns after    59632.4 ns  before/hand 0.69x  after/hand 0.68x
  feeds/stock-count.broken.reader64: 7 round(s) redone after a gen1/gen2 collection
feeds/stock-count.broken.reader64 hand   122345.4 ns before    70592.7 ns after    77118.0 ns  before/hand 0.58x  after/hand 0.63x
  feeds/recovering.good: 6 round(s) redone after a gen1/gen2 collection
feeds/recovering.good  control   113272.6 ns before   110401.2 ns after   111463.3 ns  before/control 0.97x  after/control 0.98x
  feeds/recovering.broken: 9 round(s) redone after a gen1/gen2 collection
feeds/recovering.broken control   107992.3 ns before   114524.4 ns after   120464.2 ns  before/control 1.06x  after/control 1.12x
web/url.plain          hand      175.1 ns before      404.5 ns after      410.0 ns  before/hand 2.31x  after/hand 2.34x
web/url.full           hand      221.9 ns before      498.9 ns after      426.8 ns  before/hand 2.25x  after/hand 1.92x
web/url.ipv4           hand      134.7 ns before      241.7 ns after      233.6 ns  before/hand 1.79x  after/hand 1.73x
web/url.long-path      hand      286.4 ns before      588.4 ns after      753.2 ns  before/hand 2.05x  after/hand 2.63x
  web/url.refused: 1 round(s) redone after a gen1/gen2 collection
web/url.refused        hand       70.3 ns before      280.6 ns after      275.3 ns  before/hand 3.99x  after/hand 3.92x
web/url.relative       hand       78.8 ns before      194.7 ns after      207.9 ns  before/hand 2.47x  after/hand 2.64x
web/url.relative-dot-colon hand       65.0 ns before      168.0 ns after      171.2 ns  before/hand 2.59x  after/hand 2.63x
web/url.relative-letters hand      109.4 ns before      219.3 ns after      231.5 ns  before/hand 2.00x  after/hand 2.12x
  web/json.object: 2 round(s) redone after a gen1/gen2 collection
web/json.object        hand      617.6 ns before      951.8 ns after      986.5 ns  before/hand 1.54x  after/hand 1.60x
web/json.array         hand      587.2 ns before      748.5 ns after      761.3 ns  before/hand 1.27x  after/hand 1.30x
  web/cookie.full: 1 round(s) redone after a gen1/gen2 collection
web/cookie.full        control      304.1 ns before      344.2 ns after      346.0 ns  before/control 1.13x  after/control 1.14x
web/cookie.short       control       53.2 ns before       83.4 ns after       83.0 ns  before/control 1.57x  after/control 1.56x
web/pointer.full       control      209.4 ns before      205.5 ns after      206.2 ns  before/control 0.98x  after/control 0.98x
  web/pointer.short: 1 round(s) redone after a gen1/gen2 collection
web/pointer.short      control       37.4 ns before       65.0 ns after       64.1 ns  before/control 1.74x  after/control 1.71x
web/media-type.plain   control      168.8 ns before      195.8 ns after      203.6 ns  before/control 1.16x  after/control 1.21x
web/media-type.quoted  control      259.3 ns before      283.7 ns after      300.7 ns  before/control 1.09x  after/control 1.16x
web/media-type.refused control       62.2 ns before       96.5 ns after       96.2 ns  before/control 1.55x  after/control 1.55x
  web/addr-spec.plain: 1 round(s) redone after a gen1/gen2 collection
web/addr-spec.plain    control       90.1 ns before      120.4 ns after      120.7 ns  before/control 1.34x  after/control 1.34x
web/addr-spec.refused  control       44.7 ns before       80.2 ns after       80.1 ns  before/control 1.79x  after/control 1.79x
web/date-time.utc      control       50.8 ns before       70.8 ns after       71.1 ns  before/control 1.39x  after/control 1.40x
web/date-time.offset   control       79.1 ns before       99.4 ns after      100.0 ns  before/control 1.26x  after/control 1.26x
web/language-tag.plain control      118.1 ns before      157.4 ns after      169.5 ns  before/control 1.33x  after/control 1.44x
  web/language-tag.full: 1 round(s) redone after a gen1/gen2 collection
web/language-tag.full  control      425.3 ns before      484.2 ns after      497.0 ns  before/control 1.14x  after/control 1.17x
web/language-tag.refused control      110.6 ns before      155.1 ns after      151.0 ns  before/control 1.40x  after/control 1.37x
  web/date-time.refused: 1 round(s) redone after a gen1/gen2 collection
web/date-time.refused  control       36.4 ns before       56.0 ns after       55.8 ns  before/control 1.54x  after/control 1.53x
web/content-disposition.full control      444.3 ns before      478.5 ns after      486.8 ns  before/control 1.08x  after/control 1.10x
  web/content-disposition.refused: 1 round(s) redone after a gen1/gen2 collection
web/content-disposition.refused control       27.8 ns before       61.2 ns after       61.8 ns  before/control 2.20x  after/control 2.22x
web/uri-template.full  control      775.7 ns before      808.0 ns after      813.7 ns  before/control 1.04x  after/control 1.05x
web/uri-template.refused control 3649393850.0 ns before 3568870250.0 ns after 3562476600.0 ns  before/control 0.98x  after/control 0.98x
web/json-patch.full    control     1324.2 ns before     1383.7 ns after     1382.5 ns  before/control 1.04x  after/control 1.04x
web/forwarded.full     control     1557.5 ns before     1601.1 ns after     1598.3 ns  before/control 1.03x  after/control 1.03x
web/forwarded.refused  control      109.7 ns before      140.7 ns after      140.8 ns  before/control 1.28x  after/control 1.28x
  web/link.full: 1 round(s) redone after a gen1/gen2 collection
web/link.full          control     1333.5 ns before     1388.6 ns after     1367.6 ns  before/control 1.04x  after/control 1.03x
web/link.refused       control       36.0 ns before       65.5 ns after       65.4 ns  before/control 1.82x  after/control 1.82x
  web/cookie.refused: 1 round(s) redone after a gen1/gen2 collection
web/cookie.refused     control       26.6 ns before       53.8 ns after       53.7 ns  before/control 2.02x  after/control 2.01x
web/sf.item            control      265.2 ns before      299.1 ns after      297.2 ns  before/control 1.13x  after/control 1.12x
  web/sf.list: 1 round(s) redone after a gen1/gen2 collection
web/sf.list            control     1196.2 ns before     1240.1 ns after     1235.4 ns  before/control 1.04x  after/control 1.03x
web/sf.dictionary      control     1188.3 ns before     1221.6 ns after     1269.5 ns  before/control 1.03x  after/control 1.07x

# Paired stand, 2026-09-20 08:52

IGOR-DESKTOP, pinned to 0-15, high priority, control 31.7 ns.

The base of a row is what every ratio is over, and its name says what it is: `hand` is a hand-written parser (`DotGram.Handwritten`), `scriptdom` is Microsoft's parser, and `control` is this process's own build of the same generated parser, held constant so that the two sides are compared and nothing is claimed against a hand-written one.

The last two columns are what a reader a month later cannot get from a message: **the base's spread between the runs** (how much the machine's speed varied from one run to the next; a row with a large one had a disturbed run, and its medians are read with the range beside them) and the **change of each run** (the smallest and the largest, and how many of the runs were positive).

| row | reading | base | base ns | before ns | before/base | after ns | after/base | change | before B | after B | base spread | change over the runs |
| --- | --- | --- | ---: | ---: | ---: | ---: | ---: | ---: | ---: | ---: | ---: | --- |
| fix/One.text | generated | hand | 79.3 | 84.8 | 1.07x | 86.7 | 1.09x | +2.2% | 192 | 192 | 9 % |  |
| fix/One.bytes | generated | hand | 81.1 | 99.2 | 1.22x | 102.0 | 1.26x | +2.8% | 248 | 248 | 13 % |  |
| fix/One.stream | generated | hand | 154.5 | 567.0 | 3.67x | 531.6 | 3.44x | -6.2% | 888 | 888 | 11 % |  |
| fix/Order.text | generated | hand | 699.1 | 676.4 | 0.97x | 701.7 | 1.00x | +3.7% | 1096 | 1096 | 21 % |  |
| fix/Order.bytes | generated | hand | 701.6 | 777.1 | 1.11x | 770.6 | 1.10x | -0.8% | 1152 | 1152 | 25 % |  |
| fix/Order.stream | generated | hand | 850.3 | 2884.0 | 3.39x | 2873.4 | 3.38x | -0.4% | 1712 | 1712 | 17 % |  |
| fix/BinaryMany.text | generated | hand | 3737.8 | 3863.8 | 1.03x | 3869.3 | 1.04x | +0.1% | 7256 | 7256 | 6 % |  |
| fix/BinaryMany.bytes | generated | hand | 3845.8 | 4673.3 | 1.22x | 4654.5 | 1.21x | -0.4% | 7312 | 7312 | 18 % |  |
| fix/BinaryMany.stream | generated | hand | 4828.7 | 18898.0 | 3.91x | 18758.0 | 3.88x | -0.7% | 7448 | 7448 | 4 % |  |
| fix/Orders128.text | generated | hand | 82161.4 | 80665.9 | 0.98x | 80502.9 | 0.98x | -0.2% | 129112 | 129112 | 25 % |  |
| fix/Orders128.bytes | generated | hand | 84570.9 | 92695.3 | 1.10x | 89059.1 | 1.05x | -3.9% | 129168 | 129168 | 34 % |  |
| fix/Orders128.stream | generated | hand | 119687.3 | 299494.8 | 2.50x | 305246.9 | 2.55x | +1.9% | 118552 | 118552 | 7 % |  |
| fix/OrderMalformed.text | generated | hand | 686.4 | 656.1 | 0.96x | 701.1 | 1.02x | +6.9% | 1248 | 1248 | 4 % |  |
| fix/OrderMalformed.bytes | generated | hand | 690.6 | 755.7 | 1.09x | 766.2 | 1.11x | +1.4% | 1304 | 1304 | 3 % |  |
| fix/OrderMalformed.stream | generated | hand | 829.6 | 2906.3 | 3.50x | 2890.8 | 3.48x | -0.5% | 1864 | 1864 | 3 % |  |
| fix/slope-0.text | generated | hand | 24.6 | 28.9 | 1.17x | 31.2 | 1.27x | +8.1% | 64 | 64 | 4 % |  |
| fix/slope-1.text | generated | hand | 94.5 | 83.0 | 0.88x | 85.1 | 0.90x | +2.6% | 192 | 192 | 9 % |  |
| fix/slope-2.text | generated | hand | 162.8 | 132.4 | 0.81x | 134.6 | 0.83x | +1.6% | 296 | 296 | 4 % |  |
| fix/slope-4.text | generated | hand | 287.1 | 235.6 | 0.82x | 240.6 | 0.84x | +2.1% | 504 | 504 | 6 % |  |
| fix/slope-8.text | generated | hand | 512.1 | 433.1 | 0.85x | 441.4 | 0.86x | +1.9% | 920 | 920 | 5 % |  |
| fix/slope-16.text | generated | hand | 1005.4 | 803.4 | 0.80x | 824.4 | 0.82x | +2.6% | 1752 | 1752 | 3 % |  |
| fix/slope-0.bytes | generated | hand | 30.2 | 36.0 | 1.19x | 38.5 | 1.28x | +7.0% | 120 | 120 | 11 % |  |
| fix/slope-1.bytes | generated | hand | 98.9 | 97.3 | 0.98x | 99.6 | 1.01x | +2.4% | 248 | 248 | 24 % |  |
| fix/slope-2.bytes | generated | hand | 166.5 | 150.9 | 0.91x | 153.2 | 0.92x | +1.5% | 352 | 352 | 18 % |  |
| fix/slope-4.bytes | generated | hand | 289.5 | 270.7 | 0.94x | 272.5 | 0.94x | +0.7% | 560 | 560 | 13 % |  |
| fix/slope-8.bytes | generated | hand | 519.3 | 496.0 | 0.96x | 496.5 | 0.96x | +0.1% | 976 | 976 | 6 % |  |
| fix/slope-16.bytes | generated | hand | 1003.5 | 926.1 | 0.92x | 925.8 | 0.92x | 0.0% | 1808 | 1808 | 13 % |  |
| fix/slope-0.stream | generated | hand | 92.8 | 225.5 | 2.43x | 223.0 | 2.40x | -1.1% | 792 | 792 | 7 % |  |
| fix/slope-1.stream | generated | hand | 172.4 | 549.9 | 3.19x | 531.2 | 3.08x | -3.4% | 888 | 888 | 4 % |  |
| fix/slope-2.stream | generated | hand | 245.2 | 765.6 | 3.12x | 735.2 | 3.00x | -4.0% | 984 | 984 | 3 % |  |
| fix/slope-4.stream | generated | hand | 378.5 | 1199.9 | 3.17x | 1144.4 | 3.02x | -4.6% | 1176 | 1176 | 13 % |  |
| fix/slope-8.stream | generated | hand | 652.3 | 2006.7 | 3.08x | 1958.6 | 3.00x | -2.4% | 1560 | 1560 | 5 % |  |
| fix/slope-16.stream | generated | hand | 1232.5 | 3608.7 | 2.93x | 3571.6 | 2.90x | -1.0% | 2328 | 2328 | 20 % |  |
| fix/orders400.text | generated | hand | 254845.7 | 242770.5 | 0.95x | 245876.2 | 0.96x | +1.3% | 403288 | 403288 | 13 % |  |
| fix/slope-1600.text | generated | hand | 81181.7 | 75253.6 | 0.93x | 76843.5 | 0.95x | +2.1% | 166488 | 166488 | 5 % |  |
| web/json.array10000 | generated | hand | 174921.3 | 196948.4 | 1.13x | 196835.4 | 1.13x | -0.1% | 720048 | 720048 | 17 % |  |
| web/json.object10000 | generated | hand | 806268.0 | 1185096.9 | 1.47x | 1356396.9 | 1.68x | +14.5% | 1599241 | 1599240 | 72 % |  |
| web/url.path1000 | generated | hand | 9620.1 | 10946.3 | 1.14x | 10946.9 | 1.14x | 0.0% | 8384 | 8384 | 3 % |  |
| web/media-type.params1000 | generated | control | 48711.2 | 44680.6 | 0.92x | 47381.9 | 0.97x | +6.0% | 151472 | 151472 | 5 % |  |
| web/sf.list10000 | generated | control | 1127100.0 | 1172787.5 | 1.04x | 1234371.9 | 1.10x | +5.3% | 2720056 | 2720056 | 15 % |  |
| fix/Order.span | generated | hand | 687.1 | 510.0 | 0.74x | 524.8 | 0.76x | +2.9% | 1008 | 1008 | 23 % |  |
| feeds/streaming.1000 | generated | control | 201507.2 | 204258.6 | 1.01x | 205635.9 | 1.02x | +0.7% | 240760 | 240760 | 9 % |  |
| fix/One.log-text | generated | hand | 84.9 | 171.3 | 2.02x | 188.2 | 2.22x | +9.9% | 192 | 192 | 16 % |  |
| fix/One.log-bytes | generated | hand | 84.3 | 212.3 | 2.52x | 211.7 | 2.51x | -0.3% | 248 | 248 | 7 % |  |
| fix/One.log-stream | generated | hand | 87.6 | 560.7 | 6.40x | 578.9 | 6.61x | +3.2% | 888 | 888 | 28 % |  |
| fix/Order.log-text | generated | hand | 1177.2 | 1756.8 | 1.49x | 2205.3 | 1.87x | +25.5% | 1096 | 1096 | 72 % |  |
| fix/Order.log-bytes | generated | hand | 761.2 | 1639.2 | 2.15x | 1677.2 | 2.20x | +2.3% | 1152 | 1152 | 7 % |  |
| fix/Order.log-stream | generated | hand | 777.6 | 2855.7 | 3.67x | 2844.3 | 3.66x | -0.4% | 1712 | 1712 | 11 % |  |
| fix/Orders128.log-text | generated | hand | 92517.3 | 172985.4 | 1.87x | 173794.9 | 1.88x | +0.5% | 129112 | 129112 | 20 % |  |
| fix/Orders128.log-bytes | generated | hand | 92708.8 | 193436.6 | 2.09x | 189592.1 | 2.05x | -2.0% | 129168 | 129168 | 12 % |  |
| fix/Orders128.log-stream | generated | hand | 92197.0 | 297791.4 | 3.23x | 307240.2 | 3.33x | +3.2% | 118552 | 118552 | 3 % |  |
| fix/OrderMalformed.log-text | generated | hand | 845.9 | 1534.3 | 1.81x | 1559.6 | 1.84x | +1.6% | 1256 | 1256 | 75 % |  |
| fix/OrderMalformed.log-bytes | generated | hand | 776.1 | 1638.5 | 2.11x | 1672.0 | 2.15x | +2.0% | 1312 | 1312 | 8 % |  |
| fix/OrderMalformed.log-stream | generated | hand | 771.4 | 2924.3 | 3.79x | 2951.5 | 3.83x | +0.9% | 1872 | 1872 | 21 % |  |
| fix/slope-0.log-text | generated | hand | 22.6 | 67.8 | 3.00x | 69.6 | 3.08x | +2.6% | 88 | 88 | 12 % |  |
| fix/slope-0.log-bytes | generated | hand | 22.2 | 73.2 | 3.30x | 76.1 | 3.43x | +3.9% | 144 | 144 | 6 % |  |
| fix/slope-0.log-stream | generated | hand | 22.7 | 229.6 | 10.12x | 231.7 | 10.21x | +0.9% | 792 | 792 | 11 % |  |
| fix/slope-4.log-text | generated | hand | 264.6 | 505.2 | 1.91x | 541.5 | 2.05x | +7.2% | 504 | 504 | 8 % |  |
| fix/slope-4.log-bytes | generated | hand | 277.8 | 607.8 | 2.19x | 616.6 | 2.22x | +1.4% | 560 | 560 | 66 % |  |
| fix/slope-4.log-stream | generated | hand | 276.5 | 1252.1 | 4.53x | 1270.5 | 4.59x | +1.5% | 1176 | 1176 | 19 % |  |
| fix/slope-16.log-text | generated | hand | 1010.6 | 1878.7 | 1.86x | 1956.8 | 1.94x | +4.2% | 1752 | 1752 | 6 % |  |
| fix/slope-16.log-bytes | generated | hand | 1030.4 | 2091.3 | 2.03x | 2127.5 | 2.06x | +1.7% | 1808 | 1808 | 29 % |  |
| fix/slope-16.log-stream | generated | hand | 1011.1 | 3672.7 | 3.63x | 3685.4 | 3.64x | +0.3% | 2328 | 2328 | 13 % |  |
| fix/One.yield-reader | generated | hand | 188.4 | 566.5 | 3.01x | 562.1 | 2.98x | -0.8% | 856 | 856 | 32 % |  |
| fix/One.yield-string | generated | hand | 80.2 | 224.1 | 2.79x | 238.7 | 2.97x | +6.5% | 272 | 272 | 12 % |  |
| fix/One.yield-memory | generated | hand | 81.4 | 290.6 | 3.57x | 269.8 | 3.32x | -7.2% | 352 | 352 | 7 % |  |
| fix/One.whole-stream | generated | hand | 153.2 | 219.3 | 1.43x | 235.1 | 1.53x | +7.2% | 448 | 448 | 22 % |  |
| fix/One.whole-reader | generated | hand | 152.9 | 227.1 | 1.49x | 242.3 | 1.58x | +6.7% | 416 | 416 | 4 % |  |
| fix/Order.yield-reader | generated | hand | 861.1 | 2921.0 | 3.39x | 2817.8 | 3.27x | -3.5% | 1680 | 1680 | 20 % |  |
| fix/Order.yield-string | generated | hand | 681.5 | 2206.2 | 3.24x | 2150.0 | 3.15x | -2.5% | 1096 | 1096 | 19 % |  |
| fix/Order.yield-memory | generated | hand | 685.1 | 2452.1 | 3.58x | 2378.9 | 3.47x | -3.0% | 1176 | 1176 | 5 % |  |
| fix/Order.whole-stream | generated | hand | 814.5 | 900.4 | 1.11x | 903.9 | 1.11x | +0.4% | 1352 | 1352 | 22 % |  |
| fix/Order.whole-reader | generated | hand | 812.8 | 889.7 | 1.09x | 953.1 | 1.17x | +7.1% | 1320 | 1320 | 5 % |  |
| fix/BinaryMany.yield-reader | generated | hand | 5078.4 | 19113.2 | 3.76x | 18761.3 | 3.69x | -1.8% | 7416 | 7416 | 4 % |  |
| fix/BinaryMany.yield-string | generated | hand | 3736.1 | 15776.3 | 4.22x | 15316.7 | 4.10x | -2.9% | 6832 | 6832 | 7 % |  |
| fix/BinaryMany.yield-memory | generated | hand | 3709.8 | 18422.0 | 4.97x | 17803.4 | 4.80x | -3.4% | 6912 | 6912 | 7 % |  |
| fix/BinaryMany.whole-stream | generated | hand | 4756.7 | 4765.3 | 1.00x | 4798.9 | 1.01x | +0.7% | 7512 | 7512 | 4 % |  |
| fix/BinaryMany.whole-reader | generated | hand | 4746.7 | 5189.6 | 1.09x | 5259.4 | 1.11x | +1.3% | 7480 | 7480 | 16 % |  |
| fix/Orders128.yield-reader | generated | hand | 139729.9 | 307757.3 | 2.20x | 295410.3 | 2.11x | -4.0% | 118520 | 118520 | 4 % |  |
| fix/Orders128.yield-string | generated | hand | 81427.6 | 272360.7 | 3.34x | 263776.4 | 3.24x | -3.2% | 117936 | 117936 | 10 % |  |
| fix/Orders128.yield-memory | generated | hand | 82253.9 | 290716.8 | 3.53x | 290398.2 | 3.53x | -0.1% | 118016 | 118016 | 56 % |  |
| fix/Orders128.whole-stream | generated | hand | 118866.4 | 89501.7 | 0.75x | 87946.7 | 0.74x | -1.7% | 129368 | 129368 | 3 % |  |
| fix/Orders128.whole-reader | generated | hand | 118213.1 | 90884.3 | 0.77x | 91181.2 | 0.77x | +0.3% | 129336 | 129336 | 13 % |  |
| fix/slope-0.yield-reader | generated | hand | 122.9 | 241.1 | 1.96x | 241.8 | 1.97x | +0.3% | 760 | 760 | 3 % |  |
| fix/slope-0.yield-string | generated | hand | 22.3 | 52.8 | 2.37x | 53.1 | 2.38x | +0.6% | 176 | 176 | 36 % |  |
| fix/slope-0.yield-memory | generated | hand | 22.1 | 64.7 | 2.93x | 65.3 | 2.96x | +0.9% | 256 | 256 | 10 % |  |
| fix/slope-0.whole-stream | generated | hand | 86.9 | 141.7 | 1.63x | 144.2 | 1.66x | +1.7% | 320 | 320 | 10 % |  |
| fix/slope-0.whole-reader | generated | hand | 87.3 | 154.8 | 1.77x | 155.1 | 1.78x | +0.2% | 288 | 288 | 42 % |  |
| fix/slope-16.yield-reader | generated | hand | 1178.7 | 3738.6 | 3.17x | 3556.0 | 3.02x | -4.9% | 2296 | 2296 | 7 % |  |
| fix/slope-16.yield-string | generated | hand | 876.8 | 2888.2 | 3.29x | 2783.2 | 3.17x | -3.6% | 1712 | 1712 | 5 % |  |
| fix/slope-16.yield-memory | generated | hand | 888.6 | 3252.9 | 3.66x | 3225.3 | 3.63x | -0.8% | 1792 | 1792 | 7 % |  |
| fix/slope-16.whole-stream | generated | hand | 1087.6 | 1049.7 | 0.97x | 1079.1 | 0.99x | +2.8% | 2008 | 2008 | 13 % |  |
| fix/slope-16.whole-reader | generated | hand | 1090.4 | 1088.5 | 1.00x | 1139.1 | 1.04x | +4.7% | 1976 | 1976 | 9 % |  |
| feeds/stock-count.small.text | generated | hand | 175.7 | 225.2 | 1.28x | 230.8 | 1.31x | +2.5% | 608 | 608 | 10 % |  |
| feeds/stock-count.small.reader | generated | hand | 354.8 | 418.0 | 1.18x | 421.4 | 1.19x | +0.8% | 784 | 784 | 6 % |  |
| feeds/stock-count.small.reader64 | generated | hand | 341.4 | 438.8 | 1.29x | 433.0 | 1.27x | -1.3% | 832 | 832 | 34 % |  |
| feeds/stock-count.good.text | generated | hand | 37922.0 | 30719.6 | 0.81x | 29642.2 | 0.78x | -3.5% | 111312 | 111403 | 77 % |  |
| feeds/stock-count.good.reader | generated | hand | 118422.8 | 73543.4 | 0.62x | 74149.2 | 0.63x | +0.8% | 111488 | 111488 | 27 % |  |
| feeds/stock-count.good.reader64 | generated | hand | 147288.3 | 83238.2 | 0.57x | 83157.7 | 0.56x | -0.1% | 111536 | 111536 | 26 % |  |
| feeds/stock-count.broken.text | generated | hand | 49708.9 | 48779.1 | 0.98x | 54022.9 | 1.09x | +10.7% | 107408 | 107408 | 49 % |  |
| feeds/stock-count.broken.reader | generated | hand | 88271.1 | 61197.1 | 0.69x | 59632.4 | 0.68x | -2.6% | 107584 | 107675 | 60 % |  |
| feeds/stock-count.broken.reader64 | generated | hand | 122345.4 | 70592.7 | 0.58x | 77118.0 | 0.63x | +9.2% | 107632 | 107632 | 31 % |  |
| feeds/recovering.good | generated | control | 113272.6 | 110401.2 | 0.97x | 111463.3 | 0.98x | +1.0% | 240352 | 240352 | 42 % |  |
| feeds/recovering.broken | generated | control | 107992.3 | 114524.4 | 1.06x | 120464.2 | 1.12x | +5.2% | 241920 | 241920 | 45 % |  |
| web/url.plain | generated | hand | 175.1 | 404.5 | 2.31x | 410.0 | 2.34x | +1.4% | 360 | 360 | 49 % |  |
| web/url.full | generated | hand | 221.9 | 498.9 | 2.25x | 426.8 | 1.92x | -14.5% | 536 | 536 | 71 % |  |
| web/url.ipv4 | generated | hand | 134.7 | 241.7 | 1.79x | 233.6 | 1.73x | -3.4% | 384 | 384 | 89 % |  |
| web/url.long-path | generated | hand | 286.4 | 588.4 | 2.05x | 753.2 | 2.63x | +28.0% | 512 | 512 | 57 % |  |
| web/url.refused | generated | hand | 70.3 | 280.6 | 3.99x | 275.3 | 3.92x | -1.9% | 64 | 64 | 83 % |  |
| web/url.relative | generated | hand | 78.8 | 194.7 | 2.47x | 207.9 | 2.64x | +6.8% | 312 | 312 | 80 % |  |
| web/url.relative-dot-colon | generated | hand | 65.0 | 168.0 | 2.59x | 171.2 | 2.63x | +1.9% | 280 | 280 | 26 % |  |
| web/url.relative-letters | generated | hand | 109.4 | 219.3 | 2.00x | 231.5 | 2.12x | +5.6% | 312 | 312 | 8 % |  |
| web/json.object | generated | hand | 617.6 | 951.8 | 1.54x | 986.5 | 1.60x | +3.6% | 2584 | 2584 | 8 % |  |
| web/json.array | generated | hand | 587.2 | 748.5 | 1.27x | 761.3 | 1.30x | +1.7% | 2400 | 2400 | 11 % |  |
| web/cookie.full | generated | control | 304.1 | 344.2 | 1.13x | 346.0 | 1.14x | +0.5% | 2136 | 2136 | 9 % |  |
| web/cookie.short | generated | control | 53.2 | 83.4 | 1.57x | 83.0 | 1.56x | -0.5% | 336 | 336 | 4 % |  |
| web/pointer.full | generated | control | 209.4 | 205.5 | 0.98x | 206.2 | 0.98x | +0.3% | 440 | 440 | 9 % |  |
| web/pointer.short | generated | control | 37.4 | 65.0 | 1.74x | 64.1 | 1.71x | -1.5% | 144 | 144 | 10 % |  |
| web/media-type.plain | generated | control | 168.8 | 195.8 | 1.16x | 203.6 | 1.21x | +4.0% | 448 | 448 | 8 % |  |
| web/media-type.quoted | generated | control | 259.3 | 283.7 | 1.09x | 300.7 | 1.16x | +6.0% | 816 | 816 | 6 % |  |
| web/media-type.refused | generated | control | 62.2 | 96.5 | 1.55x | 96.2 | 1.55x | -0.3% | 64 | 64 | 4 % |  |
| web/addr-spec.plain | generated | control | 90.1 | 120.4 | 1.34x | 120.7 | 1.34x | +0.3% | 176 | 176 | 13 % |  |
| web/addr-spec.refused | generated | control | 44.7 | 80.2 | 1.79x | 80.1 | 1.79x | -0.2% | 64 | 64 | 9 % |  |
| web/date-time.utc | generated | control | 50.8 | 70.8 | 1.39x | 71.1 | 1.40x | +0.5% | 176 | 176 | 7 % |  |
| web/date-time.offset | generated | control | 79.1 | 99.4 | 1.26x | 100.0 | 1.26x | +0.5% | 208 | 208 | 11 % |  |
| web/language-tag.plain | generated | control | 118.1 | 157.4 | 1.33x | 169.5 | 1.44x | +7.7% | 360 | 360 | 2 % |  |
| web/language-tag.full | generated | control | 425.3 | 484.2 | 1.14x | 497.0 | 1.17x | +2.7% | 720 | 720 | 19 % |  |
| web/language-tag.refused | generated | control | 110.6 | 155.1 | 1.40x | 151.0 | 1.37x | -2.7% | 64 | 64 | 22 % |  |
| web/date-time.refused | generated | control | 36.4 | 56.0 | 1.54x | 55.8 | 1.53x | -0.3% | 96 | 96 | 13 % |  |
| web/content-disposition.full | generated | control | 444.3 | 478.5 | 1.08x | 486.8 | 1.10x | +1.7% | 1680 | 1680 | 7 % |  |
| web/content-disposition.refused | generated | control | 27.8 | 61.2 | 2.20x | 61.8 | 2.22x | +0.9% | 64 | 64 | 6 % |  |
| web/uri-template.full | generated | control | 775.7 | 808.0 | 1.04x | 813.7 | 1.05x | +0.7% | 1088 | 1088 | 17 % |  |
| web/uri-template.refused | generated | control | 3649393850.0 | 3568870250.0 | 0.98x | 3562476600.0 | 0.98x | -0.2% | 64 | 64 | 62 % |  |
| web/json-patch.full | generated | control | 1324.2 | 1383.7 | 1.04x | 1382.5 | 1.04x | -0.1% | 4552 | 4552 | 6 % |  |
| web/forwarded.full | generated | control | 1557.5 | 1601.1 | 1.03x | 1598.3 | 1.03x | -0.2% | 2648 | 2648 | 40 % |  |
| web/forwarded.refused | generated | control | 109.7 | 140.7 | 1.28x | 140.8 | 1.28x | +0.1% | 328 | 328 | 3 % |  |
| web/link.full | generated | control | 1333.5 | 1388.6 | 1.04x | 1367.6 | 1.03x | -1.5% | 2968 | 2968 | 2 % |  |
| web/link.refused | generated | control | 36.0 | 65.5 | 1.82x | 65.4 | 1.82x | -0.2% | 64 | 64 | 6 % |  |
| web/cookie.refused | generated | control | 26.6 | 53.8 | 2.02x | 53.7 | 2.01x | -0.3% | 136 | 136 | 5 % |  |
| web/sf.item | generated | control | 265.2 | 299.1 | 1.13x | 297.2 | 1.12x | -0.7% | 800 | 800 | 6 % |  |
| web/sf.list | generated | control | 1196.2 | 1240.1 | 1.04x | 1235.4 | 1.03x | -0.4% | 3064 | 3064 | 2 % |  |
| web/sf.dictionary | generated | control | 1188.3 | 1221.6 | 1.03x | 1269.5 | 1.07x | +3.9% | 3280 | 3280 | 2 % |  |

Written to T:\TEMP\dotgram-stand\w79\pair\run-3
8 rows, every reading agreeing. Timing 8 rounds.
fix/One.text           hand       73.7 ns before       78.9 ns after       79.2 ns  before/hand 1.07x  after/hand 1.07x
fix/Order.text         hand      916.6 ns before      663.4 ns after      631.3 ns  before/hand 0.72x  after/hand 0.69x
  web/json.object10000: 144 round(s) redone after a gen1/gen2 collection
web/json.object10000   hand   742132.8 ns before  1296460.2 ns after  1408607.8 ns  before/hand 1.75x  after/hand 1.90x
feeds/stock-count.good.text hand    36081.0 ns before    28369.3 ns after    28375.3 ns  before/hand 0.79x  after/hand 0.79x
web/url.full           hand      153.1 ns before      283.1 ns after      273.2 ns  before/hand 1.85x  after/hand 1.78x
  web/json.object: 1 round(s) redone after a gen1/gen2 collection
web/json.object        hand      580.1 ns before      915.9 ns after      922.6 ns  before/hand 1.58x  after/hand 1.59x
web/cookie.short       control       50.2 ns before       78.7 ns after       78.9 ns  before/control 1.57x  after/control 1.57x
web/media-type.plain   control      157.3 ns before      190.2 ns after      186.7 ns  before/control 1.21x  after/control 1.19x

# Paired stand, 2026-09-20 08:52

IGOR-DESKTOP, pinned to 0-15, high priority, control 31.3 ns.

The base of a row is what every ratio is over, and its name says what it is: `hand` is a hand-written parser (`DotGram.Handwritten`), `scriptdom` is Microsoft's parser, and `control` is this process's own build of the same generated parser, held constant so that the two sides are compared and nothing is claimed against a hand-written one.

The last two columns are what a reader a month later cannot get from a message: **the base's spread between the runs** (how much the machine's speed varied from one run to the next; a row with a large one had a disturbed run, and its medians are read with the range beside them) and the **change of each run** (the smallest and the largest, and how many of the runs were positive).

| row | reading | base | base ns | before ns | before/base | after ns | after/base | change | before B | after B | base spread | change over the runs |
| --- | --- | --- | ---: | ---: | ---: | ---: | ---: | ---: | ---: | ---: | ---: | --- |
| fix/One.text | generated | hand | 73.7 | 78.9 | 1.07x | 79.2 | 1.07x | +0.3% | 192 | 192 | 1 % |  |
| fix/Order.text | generated | hand | 916.6 | 663.4 | 0.72x | 631.3 | 0.69x | -4.8% | 1096 | 1096 | 8 % |  |
| web/json.object10000 | generated | hand | 742132.8 | 1296460.2 | 1.75x | 1408607.8 | 1.90x | +8.7% | 1599241 | 1599241 | 42 % |  |
| feeds/stock-count.good.text | generated | hand | 36081.0 | 28369.3 | 0.79x | 28375.3 | 0.79x | 0.0% | 111312 | 111312 | 9 % |  |
| web/url.full | generated | hand | 153.1 | 283.1 | 1.85x | 273.2 | 1.78x | -3.5% | 536 | 536 | 4 % |  |
| web/json.object | generated | hand | 580.1 | 915.9 | 1.58x | 922.6 | 1.59x | +0.7% | 2584 | 2584 | 3 % |  |
| web/cookie.short | generated | control | 50.2 | 78.7 | 1.57x | 78.9 | 1.57x | +0.3% | 336 | 336 | 14 % |  |
| web/media-type.plain | generated | control | 157.3 | 190.2 | 1.21x | 186.7 | 1.19x | -1.8% | 448 | 448 | 25 % |  |

Written to T:\TEMP\dotgram-stand\w79\pair\aa-run-3
=== run 4 of 5, 08:52:56
142 rows, every reading agreeing. Timing 8 rounds.
fix/One.text           hand       77.3 ns before       83.2 ns after       85.1 ns  before/hand 1.08x  after/hand 1.10x
fix/One.bytes          hand       75.1 ns before       96.8 ns after      100.5 ns  before/hand 1.29x  after/hand 1.34x
  fix/One.stream: 1 round(s) redone after a gen1/gen2 collection
fix/One.stream         hand      233.8 ns before      719.0 ns after      773.7 ns  before/hand 3.08x  after/hand 3.31x
fix/Order.text         hand      894.8 ns before     1015.0 ns after     1020.6 ns  before/hand 1.13x  after/hand 1.14x
fix/Order.bytes        hand      666.4 ns before      765.4 ns after      757.8 ns  before/hand 1.15x  after/hand 1.14x
  fix/Order.stream: 1 round(s) redone after a gen1/gen2 collection
fix/Order.stream       hand      805.3 ns before     2830.3 ns after     2813.9 ns  before/hand 3.51x  after/hand 3.49x
fix/BinaryMany.text    hand     3615.3 ns before     3773.4 ns after     3757.0 ns  before/hand 1.04x  after/hand 1.04x
  fix/BinaryMany.bytes: 1 round(s) redone after a gen1/gen2 collection
fix/BinaryMany.bytes   hand     3742.5 ns before     4684.6 ns after     4636.6 ns  before/hand 1.25x  after/hand 1.24x
  fix/BinaryMany.stream: 1 round(s) redone after a gen1/gen2 collection
fix/BinaryMany.stream  hand     4733.9 ns before    19704.2 ns after    18856.3 ns  before/hand 4.16x  after/hand 3.98x
  fix/Orders128.text: 8 round(s) redone after a gen1/gen2 collection
fix/Orders128.text     hand    79977.5 ns before    77474.3 ns after    75452.0 ns  before/hand 0.97x  after/hand 0.94x
  fix/Orders128.bytes: 9 round(s) redone after a gen1/gen2 collection
fix/Orders128.bytes    hand    80471.7 ns before    88602.5 ns after    88178.7 ns  before/hand 1.10x  after/hand 1.10x
fix/Orders128.stream   hand   117196.6 ns before   314948.8 ns after   305600.6 ns  before/hand 2.69x  after/hand 2.61x
fix/OrderMalformed.text hand      673.2 ns before      663.1 ns after      655.5 ns  before/hand 0.99x  after/hand 0.97x
fix/OrderMalformed.bytes hand      691.0 ns before      772.9 ns after      786.9 ns  before/hand 1.12x  after/hand 1.14x
  fix/OrderMalformed.stream: 1 round(s) redone after a gen1/gen2 collection
fix/OrderMalformed.stream hand      817.8 ns before     2888.5 ns after     2852.2 ns  before/hand 3.53x  after/hand 3.49x
fix/slope-0.text       hand       26.1 ns before       28.5 ns after       31.0 ns  before/hand 1.09x  after/hand 1.19x
  fix/slope-1.text: 1 round(s) redone after a gen1/gen2 collection
fix/slope-1.text       hand      141.9 ns before      134.7 ns after       95.7 ns  before/hand 0.95x  after/hand 0.67x
fix/slope-2.text       hand      177.9 ns before      145.0 ns after      149.2 ns  before/hand 0.82x  after/hand 0.84x
fix/slope-4.text       hand      290.0 ns before      242.0 ns after      240.4 ns  before/hand 0.83x  after/hand 0.83x
fix/slope-8.text       hand      511.5 ns before      440.3 ns after      437.2 ns  before/hand 0.86x  after/hand 0.85x
fix/slope-16.text      hand     1010.8 ns before      824.9 ns after      829.3 ns  before/hand 0.82x  after/hand 0.82x
  fix/slope-0.bytes: 1 round(s) redone after a gen1/gen2 collection
fix/slope-0.bytes      hand       32.2 ns before       35.7 ns after       38.2 ns  before/hand 1.11x  after/hand 1.19x
fix/slope-1.bytes      hand       97.1 ns before       97.9 ns after       99.9 ns  before/hand 1.01x  after/hand 1.03x
  fix/slope-2.bytes: 1 round(s) redone after a gen1/gen2 collection
fix/slope-2.bytes      hand      169.2 ns before      155.5 ns after      157.1 ns  before/hand 0.92x  after/hand 0.93x
fix/slope-4.bytes      hand      299.2 ns before      276.4 ns after      275.8 ns  before/hand 0.92x  after/hand 0.92x
fix/slope-8.bytes      hand      523.8 ns before      507.5 ns after      508.5 ns  before/hand 0.97x  after/hand 0.97x
fix/slope-16.bytes     hand      990.0 ns before      931.9 ns after      933.3 ns  before/hand 0.94x  after/hand 0.94x
  fix/slope-0.stream: 31 round(s) redone after a gen1/gen2 collection
fix/slope-0.stream     hand       91.3 ns before      231.7 ns after      224.1 ns  before/hand 2.54x  after/hand 2.46x
  fix/slope-1.stream: 7 round(s) redone after a gen1/gen2 collection
fix/slope-1.stream     hand      172.7 ns before      535.0 ns after      521.8 ns  before/hand 3.10x  after/hand 3.02x
  fix/slope-2.stream: 7 round(s) redone after a gen1/gen2 collection
fix/slope-2.stream     hand      244.9 ns before      754.2 ns after      740.5 ns  before/hand 3.08x  after/hand 3.02x
  fix/slope-4.stream: 3 round(s) redone after a gen1/gen2 collection
fix/slope-4.stream     hand      373.8 ns before     1169.0 ns after     1154.2 ns  before/hand 3.13x  after/hand 3.09x
  fix/slope-8.stream: 1 round(s) redone after a gen1/gen2 collection
fix/slope-8.stream     hand      639.3 ns before     2004.1 ns after     1987.5 ns  before/hand 3.13x  after/hand 3.11x
  fix/slope-16.stream: 1 round(s) redone after a gen1/gen2 collection
fix/slope-16.stream    hand     1209.1 ns before     3602.6 ns after     3633.5 ns  before/hand 2.98x  after/hand 3.01x
  fix/orders400.text: 39 round(s) redone after a gen1/gen2 collection
fix/orders400.text     hand   248230.1 ns before   239352.5 ns after   233975.0 ns  before/hand 0.96x  after/hand 0.94x
  fix/slope-1600.text: 11 round(s) redone after a gen1/gen2 collection
fix/slope-1600.text    hand    79822.0 ns before    74445.4 ns after    73787.1 ns  before/hand 0.93x  after/hand 0.92x
  web/json.array10000: 136 round(s) redone after a gen1/gen2 collection
web/json.array10000    hand   170795.1 ns before   187166.0 ns after   187421.9 ns  before/hand 1.10x  after/hand 1.10x
  web/json.object10000: 144 round(s) redone after a gen1/gen2 collection
web/json.object10000   hand   764741.4 ns before  1179440.6 ns after  1281539.8 ns  before/hand 1.54x  after/hand 1.68x
web/url.path1000       hand     9336.1 ns before    10840.7 ns after    10807.3 ns  before/hand 1.16x  after/hand 1.16x
web/media-type.params1000 control    51087.8 ns before    47240.5 ns after    47113.1 ns  before/control 0.92x  after/control 0.92x
web/sf.list10000       control  1166364.1 ns before  1201328.1 ns after  1204805.5 ns  before/control 1.03x  after/control 1.03x
fix/Order.span         hand      657.0 ns before      504.4 ns after      492.3 ns  before/hand 0.77x  after/hand 0.75x
feeds/streaming.1000   control   198900.6 ns before   199043.9 ns after   199902.7 ns  before/control 1.00x  after/control 1.01x
  fix/One.log-text: 1 round(s) redone after a gen1/gen2 collection
fix/One.log-text       hand       80.9 ns before      176.6 ns after      175.4 ns  before/hand 2.18x  after/hand 2.17x
fix/One.log-bytes      hand       80.7 ns before      204.1 ns after      212.6 ns  before/hand 2.53x  after/hand 2.64x
  fix/One.log-stream: 1 round(s) redone after a gen1/gen2 collection
fix/One.log-stream     hand       80.3 ns before      553.9 ns after      552.6 ns  before/hand 6.90x  after/hand 6.88x
fix/Order.log-text     hand      736.4 ns before     1461.3 ns after     1445.5 ns  before/hand 1.98x  after/hand 1.96x
  fix/Order.log-bytes: 1 round(s) redone after a gen1/gen2 collection
fix/Order.log-bytes    hand      734.6 ns before     1622.2 ns after     1637.5 ns  before/hand 2.21x  after/hand 2.23x
fix/Order.log-stream   hand      731.7 ns before     2888.6 ns after     2951.5 ns  before/hand 3.95x  after/hand 4.03x
  fix/Orders128.log-text: 2 round(s) redone after a gen1/gen2 collection
fix/Orders128.log-text hand    89661.9 ns before   170057.6 ns after   171416.3 ns  before/hand 1.90x  after/hand 1.91x
  fix/Orders128.log-bytes: 8 round(s) redone after a gen1/gen2 collection
fix/Orders128.log-bytes hand    89541.5 ns before   187751.7 ns after   187986.0 ns  before/hand 2.10x  after/hand 2.10x
  fix/Orders128.log-stream: 2 round(s) redone after a gen1/gen2 collection
fix/Orders128.log-stream hand    91108.4 ns before   318794.7 ns after   331706.5 ns  before/hand 3.50x  after/hand 3.64x
fix/OrderMalformed.log-text hand      746.6 ns before     1457.5 ns after     1443.0 ns  before/hand 1.95x  after/hand 1.93x
fix/OrderMalformed.log-bytes hand      767.6 ns before     1635.5 ns after     1665.3 ns  before/hand 2.13x  after/hand 2.17x
fix/OrderMalformed.log-stream hand      755.4 ns before     2982.3 ns after     3034.5 ns  before/hand 3.95x  after/hand 4.02x
  fix/slope-0.log-text: 1 round(s) redone after a gen1/gen2 collection
fix/slope-0.log-text   hand       23.3 ns before       65.2 ns after       68.6 ns  before/hand 2.80x  after/hand 2.94x
fix/slope-0.log-bytes  hand       23.6 ns before       74.1 ns after       87.1 ns  before/hand 3.13x  after/hand 3.69x
  fix/slope-0.log-stream: 1 round(s) redone after a gen1/gen2 collection
fix/slope-0.log-stream hand       23.6 ns before      230.6 ns after      231.0 ns  before/hand 9.77x  after/hand 9.78x
  fix/slope-4.log-text: 1 round(s) redone after a gen1/gen2 collection
fix/slope-4.log-text   hand      253.7 ns before      520.2 ns after      510.0 ns  before/hand 2.05x  after/hand 2.01x
  fix/slope-4.log-bytes: 1 round(s) redone after a gen1/gen2 collection
fix/slope-4.log-bytes  hand      254.4 ns before      572.9 ns after      585.8 ns  before/hand 2.25x  after/hand 2.30x
fix/slope-4.log-stream hand      261.4 ns before     1214.6 ns after     1229.1 ns  before/hand 4.65x  after/hand 4.70x
fix/slope-16.log-text  hand      945.5 ns before     1890.4 ns after     1883.6 ns  before/hand 2.00x  after/hand 1.99x
  fix/slope-16.log-bytes: 1 round(s) redone after a gen1/gen2 collection
fix/slope-16.log-bytes hand      963.8 ns before     2028.4 ns after     2050.1 ns  before/hand 2.10x  after/hand 2.13x
fix/slope-16.log-stream hand      947.4 ns before     3631.3 ns after     3843.9 ns  before/hand 3.83x  after/hand 4.06x
  fix/One.yield-reader: 49 round(s) redone after a gen1/gen2 collection
fix/One.yield-reader   hand      240.8 ns before      789.6 ns after      715.2 ns  before/hand 3.28x  after/hand 2.97x
fix/One.yield-string   hand      146.6 ns before      381.8 ns after      371.5 ns  before/hand 2.60x  after/hand 2.53x
fix/One.yield-memory   hand      122.3 ns before      404.3 ns after      389.3 ns  before/hand 3.31x  after/hand 3.18x
  fix/One.whole-stream: 7 round(s) redone after a gen1/gen2 collection
fix/One.whole-stream   hand      269.0 ns before      404.7 ns after      388.5 ns  before/hand 1.50x  after/hand 1.44x
  fix/One.whole-reader: 7 round(s) redone after a gen1/gen2 collection
fix/One.whole-reader   hand      201.0 ns before      320.7 ns after      339.8 ns  before/hand 1.60x  after/hand 1.69x
  fix/Order.yield-reader: 2 round(s) redone after a gen1/gen2 collection
fix/Order.yield-reader hand     1438.6 ns before     4351.5 ns after     4587.8 ns  before/hand 3.02x  after/hand 3.19x
fix/Order.yield-string hand     1333.3 ns before     3519.1 ns after     3670.8 ns  before/hand 2.64x  after/hand 2.75x
fix/Order.yield-memory hand     1295.4 ns before     3552.4 ns after     3475.5 ns  before/hand 2.74x  after/hand 2.68x
  fix/Order.whole-stream: 2 round(s) redone after a gen1/gen2 collection
fix/Order.whole-stream hand      836.3 ns before     1015.8 ns after     1122.1 ns  before/hand 1.21x  after/hand 1.34x
  fix/Order.whole-reader: 3 round(s) redone after a gen1/gen2 collection
fix/Order.whole-reader hand      846.6 ns before     1015.0 ns after      980.8 ns  before/hand 1.20x  after/hand 1.16x
  fix/BinaryMany.yield-reader: 1 round(s) redone after a gen1/gen2 collection
fix/BinaryMany.yield-reader hand     5029.3 ns before    18963.9 ns after    19340.1 ns  before/hand 3.77x  after/hand 3.85x
fix/BinaryMany.yield-string hand     3681.4 ns before    15925.2 ns after    15978.3 ns  before/hand 4.33x  after/hand 4.34x
  fix/BinaryMany.yield-memory: 1 round(s) redone after a gen1/gen2 collection
fix/BinaryMany.yield-memory hand     3727.6 ns before    19471.8 ns after    18729.6 ns  before/hand 5.22x  after/hand 5.02x
  fix/BinaryMany.whole-stream: 1 round(s) redone after a gen1/gen2 collection
fix/BinaryMany.whole-stream hand     4724.0 ns before     4877.6 ns after     4854.1 ns  before/hand 1.03x  after/hand 1.03x
  fix/BinaryMany.whole-reader: 1 round(s) redone after a gen1/gen2 collection
fix/BinaryMany.whole-reader hand     4738.2 ns before     5257.1 ns after     5291.5 ns  before/hand 1.11x  after/hand 1.12x
fix/Orders128.yield-reader hand   139592.7 ns before   308984.4 ns after   316830.7 ns  before/hand 2.21x  after/hand 2.27x
  fix/Orders128.yield-string: 1 round(s) redone after a gen1/gen2 collection
fix/Orders128.yield-string hand    80906.5 ns before   275418.6 ns after   272981.8 ns  before/hand 3.40x  after/hand 3.37x
  fix/Orders128.yield-memory: 1 round(s) redone after a gen1/gen2 collection
fix/Orders128.yield-memory hand    82211.5 ns before   310161.2 ns after   300194.0 ns  before/hand 3.77x  after/hand 3.65x
  fix/Orders128.whole-stream: 11 round(s) redone after a gen1/gen2 collection
fix/Orders128.whole-stream hand   119148.4 ns before    89850.5 ns after    91507.7 ns  before/hand 0.75x  after/hand 0.77x
  fix/Orders128.whole-reader: 5 round(s) redone after a gen1/gen2 collection
fix/Orders128.whole-reader hand   119776.7 ns before    91929.4 ns after    90709.3 ns  before/hand 0.77x  after/hand 0.76x
  fix/slope-0.yield-reader: 49 round(s) redone after a gen1/gen2 collection
fix/slope-0.yield-reader hand      148.2 ns before      253.9 ns after      263.4 ns  before/hand 1.71x  after/hand 1.78x
fix/slope-0.yield-string hand       23.5 ns before       53.1 ns after       53.6 ns  before/hand 2.26x  after/hand 2.28x
  fix/slope-0.yield-memory: 1 round(s) redone after a gen1/gen2 collection
fix/slope-0.yield-memory hand       23.3 ns before       65.6 ns after       66.7 ns  before/hand 2.81x  after/hand 2.86x
  fix/slope-0.whole-stream: 18 round(s) redone after a gen1/gen2 collection
fix/slope-0.whole-stream hand       84.8 ns before      147.3 ns after      145.0 ns  before/hand 1.74x  after/hand 1.71x
  fix/slope-0.whole-reader: 19 round(s) redone after a gen1/gen2 collection
fix/slope-0.whole-reader hand       85.9 ns before      155.8 ns after      157.7 ns  before/hand 1.81x  after/hand 1.84x
  fix/slope-16.yield-reader: 3 round(s) redone after a gen1/gen2 collection
fix/slope-16.yield-reader hand     1178.9 ns before     3674.4 ns after     3631.2 ns  before/hand 3.12x  after/hand 3.08x
  fix/slope-16.yield-string: 1 round(s) redone after a gen1/gen2 collection
fix/slope-16.yield-string hand     1699.4 ns before     5047.6 ns after     5053.9 ns  before/hand 2.97x  after/hand 2.97x
fix/slope-16.yield-memory hand     1680.2 ns before     5666.4 ns after     5675.5 ns  before/hand 3.37x  after/hand 3.38x
  fix/slope-16.whole-stream: 1 round(s) redone after a gen1/gen2 collection
fix/slope-16.whole-stream hand     2105.7 ns before     2160.4 ns after     2163.3 ns  before/hand 1.03x  after/hand 1.03x
fix/slope-16.whole-reader hand     2079.0 ns before     2179.9 ns after     2191.8 ns  before/hand 1.05x  after/hand 1.05x
feeds/stock-count.small.text hand      168.4 ns before      224.6 ns after      230.3 ns  before/hand 1.33x  after/hand 1.37x
  feeds/stock-count.small.reader: 14 round(s) redone after a gen1/gen2 collection
feeds/stock-count.small.reader hand      360.9 ns before      407.8 ns after      424.9 ns  before/hand 1.13x  after/hand 1.18x
feeds/stock-count.small.reader64 hand      323.6 ns before      415.7 ns after      418.8 ns  before/hand 1.28x  after/hand 1.29x
  feeds/stock-count.good.text: 72 round(s) redone after a gen1/gen2 collection
feeds/stock-count.good.text hand    36001.5 ns before    28461.7 ns after    28493.7 ns  before/hand 0.79x  after/hand 0.79x
  feeds/stock-count.good.reader: 30 round(s) redone after a gen1/gen2 collection
feeds/stock-count.good.reader hand    70235.9 ns before    40877.5 ns after    40868.8 ns  before/hand 0.58x  after/hand 0.58x
  feeds/stock-count.good.reader64: 11 round(s) redone after a gen1/gen2 collection
feeds/stock-count.good.reader64 hand    86065.0 ns before    45657.4 ns after    45523.4 ns  before/hand 0.53x  after/hand 0.53x
  feeds/stock-count.broken.text: 75 round(s) redone after a gen1/gen2 collection
feeds/stock-count.broken.text hand    36610.0 ns before    33084.1 ns after    32407.2 ns  before/hand 0.90x  after/hand 0.89x
  feeds/stock-count.broken.reader: 25 round(s) redone after a gen1/gen2 collection
feeds/stock-count.broken.reader hand    67970.2 ns before    42566.6 ns after    42351.5 ns  before/hand 0.63x  after/hand 0.62x
  feeds/stock-count.broken.reader64: 8 round(s) redone after a gen1/gen2 collection
feeds/stock-count.broken.reader64 hand    82869.7 ns before    46617.9 ns after    46239.5 ns  before/hand 0.56x  after/hand 0.56x
  feeds/recovering.good: 21 round(s) redone after a gen1/gen2 collection
feeds/recovering.good  control    64776.1 ns before    66859.0 ns after    65689.6 ns  before/control 1.03x  after/control 1.01x
  feeds/recovering.broken: 34 round(s) redone after a gen1/gen2 collection
feeds/recovering.broken control    71211.7 ns before    74510.3 ns after    71702.9 ns  before/control 1.05x  after/control 1.01x
web/url.plain          hand       97.7 ns before      223.5 ns after      223.7 ns  before/hand 2.29x  after/hand 2.29x
  web/url.full: 1 round(s) redone after a gen1/gen2 collection
web/url.full           hand      169.1 ns before      293.7 ns after      292.5 ns  before/hand 1.74x  after/hand 1.73x
web/url.ipv4           hand      112.0 ns before      242.0 ns after      232.7 ns  before/hand 2.16x  after/hand 2.08x
web/url.long-path      hand      176.8 ns before      419.9 ns after      416.7 ns  before/hand 2.37x  after/hand 2.36x
web/url.refused        hand       68.8 ns before      257.8 ns after      259.2 ns  before/hand 3.75x  after/hand 3.77x
  web/url.relative: 1 round(s) redone after a gen1/gen2 collection
web/url.relative       hand       74.5 ns before      181.5 ns after      184.7 ns  before/hand 2.43x  after/hand 2.48x
  web/url.relative-dot-colon: 1 round(s) redone after a gen1/gen2 collection
web/url.relative-dot-colon hand       62.6 ns before      160.0 ns after      157.7 ns  before/hand 2.56x  after/hand 2.52x
web/url.relative-letters hand      115.6 ns before      211.0 ns after      209.6 ns  before/hand 1.83x  after/hand 1.81x
  web/json.object: 1 round(s) redone after a gen1/gen2 collection
web/json.object        hand      588.9 ns before      944.7 ns after      944.3 ns  before/hand 1.60x  after/hand 1.60x
web/json.array         hand      604.4 ns before      731.7 ns after      753.8 ns  before/hand 1.21x  after/hand 1.25x
web/cookie.full        control      597.1 ns before      681.9 ns after      681.0 ns  before/control 1.14x  after/control 1.14x
web/cookie.short       control      100.2 ns before      159.9 ns after      160.2 ns  before/control 1.59x  after/control 1.60x
web/pointer.full       control      379.1 ns before      390.6 ns after      386.8 ns  before/control 1.03x  after/control 1.02x
  web/pointer.short: 1 round(s) redone after a gen1/gen2 collection
web/pointer.short      control       67.0 ns before      119.8 ns after      120.6 ns  before/control 1.79x  after/control 1.80x
web/media-type.plain   control      318.6 ns before      391.9 ns after      396.6 ns  before/control 1.23x  after/control 1.24x
  web/media-type.quoted: 1 round(s) redone after a gen1/gen2 collection
web/media-type.quoted  control      521.6 ns before      571.6 ns after      579.8 ns  before/control 1.10x  after/control 1.11x
web/media-type.refused control       89.8 ns before      158.7 ns after      177.8 ns  before/control 1.77x  after/control 1.98x
web/addr-spec.plain    control       89.4 ns before      118.5 ns after      121.0 ns  before/control 1.32x  after/control 1.35x
web/addr-spec.refused  control       44.7 ns before       79.0 ns after       83.7 ns  before/control 1.77x  after/control 1.87x
web/date-time.utc      control       50.5 ns before       69.3 ns after       69.7 ns  before/control 1.37x  after/control 1.38x
  web/date-time.offset: 1 round(s) redone after a gen1/gen2 collection
web/date-time.offset   control       77.7 ns before       97.1 ns after       98.7 ns  before/control 1.25x  after/control 1.27x
web/language-tag.plain control      115.8 ns before      155.0 ns after      162.2 ns  before/control 1.34x  after/control 1.40x
web/language-tag.full  control      417.5 ns before      484.5 ns after      477.4 ns  before/control 1.16x  after/control 1.14x
web/language-tag.refused control      108.7 ns before      148.6 ns after      148.8 ns  before/control 1.37x  after/control 1.37x
web/date-time.refused  control       36.1 ns before       54.2 ns after       54.0 ns  before/control 1.50x  after/control 1.50x
web/content-disposition.full control      418.9 ns before      472.3 ns after      469.1 ns  before/control 1.13x  after/control 1.12x
web/content-disposition.refused control       27.2 ns before       60.2 ns after       61.1 ns  before/control 2.22x  after/control 2.25x
  web/uri-template.full: 1 round(s) redone after a gen1/gen2 collection
web/uri-template.full  control     1388.4 ns before     1530.6 ns after     1591.2 ns  before/control 1.10x  after/control 1.15x
web/uri-template.refused control 3592312850.0 ns before 3515329950.0 ns after 3591887300.0 ns  before/control 0.98x  after/control 1.00x
web/json-patch.full    control     1330.8 ns before     1388.0 ns after     1393.5 ns  before/control 1.04x  after/control 1.05x
web/forwarded.full     control     1621.9 ns before     1666.3 ns after     1620.5 ns  before/control 1.03x  after/control 1.00x
web/forwarded.refused  control      112.0 ns before      139.9 ns after      140.7 ns  before/control 1.25x  after/control 1.26x
  web/link.full: 1 round(s) redone after a gen1/gen2 collection
web/link.full          control     1332.8 ns before     1396.2 ns after     1417.1 ns  before/control 1.05x  after/control 1.06x
web/link.refused       control       36.6 ns before       65.7 ns after       65.5 ns  before/control 1.79x  after/control 1.79x
  web/cookie.refused: 1 round(s) redone after a gen1/gen2 collection
web/cookie.refused     control       27.0 ns before       53.6 ns after       53.8 ns  before/control 1.99x  after/control 1.99x
web/sf.item            control      266.9 ns before      312.3 ns after      303.1 ns  before/control 1.17x  after/control 1.14x
web/sf.list            control     1192.1 ns before     1258.3 ns after     1251.2 ns  before/control 1.06x  after/control 1.05x
web/sf.dictionary      control     1205.6 ns before     1276.7 ns after     1233.6 ns  before/control 1.06x  after/control 1.02x

# Paired stand, 2026-09-20 09:22

IGOR-DESKTOP, pinned to 0-15, high priority, control 31.5 ns.

The base of a row is what every ratio is over, and its name says what it is: `hand` is a hand-written parser (`DotGram.Handwritten`), `scriptdom` is Microsoft's parser, and `control` is this process's own build of the same generated parser, held constant so that the two sides are compared and nothing is claimed against a hand-written one.

The last two columns are what a reader a month later cannot get from a message: **the base's spread between the runs** (how much the machine's speed varied from one run to the next; a row with a large one had a disturbed run, and its medians are read with the range beside them) and the **change of each run** (the smallest and the largest, and how many of the runs were positive).

| row | reading | base | base ns | before ns | before/base | after ns | after/base | change | before B | after B | base spread | change over the runs |
| --- | --- | --- | ---: | ---: | ---: | ---: | ---: | ---: | ---: | ---: | ---: | --- |
| fix/One.text | generated | hand | 77.3 | 83.2 | 1.08x | 85.1 | 1.10x | +2.2% | 192 | 192 | 5 % |  |
| fix/One.bytes | generated | hand | 75.1 | 96.8 | 1.29x | 100.5 | 1.34x | +3.8% | 248 | 248 | 6 % |  |
| fix/One.stream | generated | hand | 233.8 | 719.0 | 3.08x | 773.7 | 3.31x | +7.6% | 888 | 888 | 53 % |  |
| fix/Order.text | generated | hand | 894.8 | 1015.0 | 1.13x | 1020.6 | 1.14x | +0.6% | 1096 | 1096 | 59 % |  |
| fix/Order.bytes | generated | hand | 666.4 | 765.4 | 1.15x | 757.8 | 1.14x | -1.0% | 1152 | 1152 | 8 % |  |
| fix/Order.stream | generated | hand | 805.3 | 2830.3 | 3.51x | 2813.9 | 3.49x | -0.6% | 1712 | 1712 | 3 % |  |
| fix/BinaryMany.text | generated | hand | 3615.3 | 3773.4 | 1.04x | 3757.0 | 1.04x | -0.4% | 7256 | 7256 | 2 % |  |
| fix/BinaryMany.bytes | generated | hand | 3742.5 | 4684.6 | 1.25x | 4636.6 | 1.24x | -1.0% | 7312 | 7312 | 9 % |  |
| fix/BinaryMany.stream | generated | hand | 4733.9 | 19704.2 | 4.16x | 18856.3 | 3.98x | -4.3% | 7448 | 7448 | 6 % |  |
| fix/Orders128.text | generated | hand | 79977.5 | 77474.3 | 0.97x | 75452.0 | 0.94x | -2.6% | 129112 | 129112 | 39 % |  |
| fix/Orders128.bytes | generated | hand | 80471.7 | 88602.5 | 1.10x | 88178.7 | 1.10x | -0.5% | 129168 | 129168 | 39 % |  |
| fix/Orders128.stream | generated | hand | 117196.6 | 314948.8 | 2.69x | 305600.6 | 2.61x | -3.0% | 118552 | 118552 | 11 % |  |
| fix/OrderMalformed.text | generated | hand | 673.2 | 663.1 | 0.99x | 655.5 | 0.97x | -1.1% | 1248 | 1248 | 2 % |  |
| fix/OrderMalformed.bytes | generated | hand | 691.0 | 772.9 | 1.12x | 786.9 | 1.14x | +1.8% | 1304 | 1304 | 10 % |  |
| fix/OrderMalformed.stream | generated | hand | 817.8 | 2888.5 | 3.53x | 2852.2 | 3.49x | -1.3% | 1864 | 1864 | 5 % |  |
| fix/slope-0.text | generated | hand | 26.1 | 28.5 | 1.09x | 31.0 | 1.19x | +8.7% | 64 | 64 | 5 % |  |
| fix/slope-1.text | generated | hand | 141.9 | 134.7 | 0.95x | 95.7 | 0.67x | -29.0% | 192 | 192 | 67 % |  |
| fix/slope-2.text | generated | hand | 177.9 | 145.0 | 0.82x | 149.2 | 0.84x | +2.9% | 296 | 296 | 53 % |  |
| fix/slope-4.text | generated | hand | 290.0 | 242.0 | 0.83x | 240.4 | 0.83x | -0.7% | 504 | 504 | 4 % |  |
| fix/slope-8.text | generated | hand | 511.5 | 440.3 | 0.86x | 437.2 | 0.85x | -0.7% | 920 | 920 | 20 % |  |
| fix/slope-16.text | generated | hand | 1010.8 | 824.9 | 0.82x | 829.3 | 0.82x | +0.5% | 1752 | 1752 | 7 % |  |
| fix/slope-0.bytes | generated | hand | 32.2 | 35.7 | 1.11x | 38.2 | 1.19x | +7.1% | 120 | 120 | 9 % |  |
| fix/slope-1.bytes | generated | hand | 97.1 | 97.9 | 1.01x | 99.9 | 1.03x | +2.0% | 248 | 248 | 52 % |  |
| fix/slope-2.bytes | generated | hand | 169.2 | 155.5 | 0.92x | 157.1 | 0.93x | +1.0% | 352 | 352 | 5 % |  |
| fix/slope-4.bytes | generated | hand | 299.2 | 276.4 | 0.92x | 275.8 | 0.92x | -0.2% | 560 | 560 | 6 % |  |
| fix/slope-8.bytes | generated | hand | 523.8 | 507.5 | 0.97x | 508.5 | 0.97x | +0.2% | 976 | 976 | 19 % |  |
| fix/slope-16.bytes | generated | hand | 990.0 | 931.9 | 0.94x | 933.3 | 0.94x | +0.1% | 1808 | 1808 | 6 % |  |
| fix/slope-0.stream | generated | hand | 91.3 | 231.7 | 2.54x | 224.1 | 2.46x | -3.3% | 792 | 792 | 7 % |  |
| fix/slope-1.stream | generated | hand | 172.7 | 535.0 | 3.10x | 521.8 | 3.02x | -2.5% | 888 | 888 | 7 % |  |
| fix/slope-2.stream | generated | hand | 244.9 | 754.2 | 3.08x | 740.5 | 3.02x | -1.8% | 984 | 984 | 3 % |  |
| fix/slope-4.stream | generated | hand | 373.8 | 1169.0 | 3.13x | 1154.2 | 3.09x | -1.3% | 1176 | 1176 | 6 % |  |
| fix/slope-8.stream | generated | hand | 639.3 | 2004.1 | 3.13x | 1987.5 | 3.11x | -0.8% | 1560 | 1560 | 3 % |  |
| fix/slope-16.stream | generated | hand | 1209.1 | 3602.6 | 2.98x | 3633.5 | 3.01x | +0.9% | 2328 | 2328 | 6 % |  |
| fix/orders400.text | generated | hand | 248230.1 | 239352.5 | 0.96x | 233975.0 | 0.94x | -2.2% | 403288 | 403288 | 2 % |  |
| fix/slope-1600.text | generated | hand | 79822.0 | 74445.4 | 0.93x | 73787.1 | 0.92x | -0.9% | 166488 | 166488 | 4 % |  |
| web/json.array10000 | generated | hand | 170795.1 | 187166.0 | 1.10x | 187421.9 | 1.10x | +0.1% | 720048 | 720048 | 3 % |  |
| web/json.object10000 | generated | hand | 764741.4 | 1179440.6 | 1.54x | 1281539.8 | 1.68x | +8.7% | 1599240 | 1599241 | 60 % |  |
| web/url.path1000 | generated | hand | 9336.1 | 10840.7 | 1.16x | 10807.3 | 1.16x | -0.3% | 8384 | 8384 | 5 % |  |
| web/media-type.params1000 | generated | control | 51087.8 | 47240.5 | 0.92x | 47113.1 | 0.92x | -0.3% | 151472 | 151472 | 17 % |  |
| web/sf.list10000 | generated | control | 1166364.1 | 1201328.1 | 1.03x | 1204805.5 | 1.03x | +0.3% | 2720056 | 2720056 | 13 % |  |
| fix/Order.span | generated | hand | 657.0 | 504.4 | 0.77x | 492.3 | 0.75x | -2.4% | 1008 | 1008 | 3 % |  |
| feeds/streaming.1000 | generated | control | 198900.6 | 199043.9 | 1.00x | 199902.7 | 1.01x | +0.4% | 240760 | 240760 | 2 % |  |
| fix/One.log-text | generated | hand | 80.9 | 176.6 | 2.18x | 175.4 | 2.17x | -0.7% | 192 | 192 | 5 % |  |
| fix/One.log-bytes | generated | hand | 80.7 | 204.1 | 2.53x | 212.6 | 2.64x | +4.2% | 248 | 248 | 14 % |  |
| fix/One.log-stream | generated | hand | 80.3 | 553.9 | 6.90x | 552.6 | 6.88x | -0.2% | 888 | 888 | 3 % |  |
| fix/Order.log-text | generated | hand | 736.4 | 1461.3 | 1.98x | 1445.5 | 1.96x | -1.1% | 1096 | 1096 | 3 % |  |
| fix/Order.log-bytes | generated | hand | 734.6 | 1622.2 | 2.21x | 1637.5 | 2.23x | +0.9% | 1152 | 1152 | 9 % |  |
| fix/Order.log-stream | generated | hand | 731.7 | 2888.6 | 3.95x | 2951.5 | 4.03x | +2.2% | 1712 | 1712 | 18 % |  |
| fix/Orders128.log-text | generated | hand | 89661.9 | 170057.6 | 1.90x | 171416.3 | 1.91x | +0.8% | 129112 | 129112 | 4 % |  |
| fix/Orders128.log-bytes | generated | hand | 89541.5 | 187751.7 | 2.10x | 187986.0 | 2.10x | +0.1% | 129168 | 129168 | 19 % |  |
| fix/Orders128.log-stream | generated | hand | 91108.4 | 318794.7 | 3.50x | 331706.5 | 3.64x | +4.1% | 118552 | 118552 | 9 % |  |
| fix/OrderMalformed.log-text | generated | hand | 746.6 | 1457.5 | 1.95x | 1443.0 | 1.93x | -1.0% | 1256 | 1256 | 10 % |  |
| fix/OrderMalformed.log-bytes | generated | hand | 767.6 | 1635.5 | 2.13x | 1665.3 | 2.17x | +1.8% | 1312 | 1312 | 94 % |  |
| fix/OrderMalformed.log-stream | generated | hand | 755.4 | 2982.3 | 3.95x | 3034.5 | 4.02x | +1.8% | 1872 | 1872 | 13 % |  |
| fix/slope-0.log-text | generated | hand | 23.3 | 65.2 | 2.80x | 68.6 | 2.94x | +5.2% | 88 | 88 | 7 % |  |
| fix/slope-0.log-bytes | generated | hand | 23.6 | 74.1 | 3.13x | 87.1 | 3.69x | +17.6% | 144 | 144 | 23 % |  |
| fix/slope-0.log-stream | generated | hand | 23.6 | 230.6 | 9.77x | 231.0 | 9.78x | +0.1% | 792 | 792 | 8 % |  |
| fix/slope-4.log-text | generated | hand | 253.7 | 520.2 | 2.05x | 510.0 | 2.01x | -1.9% | 504 | 504 | 2 % |  |
| fix/slope-4.log-bytes | generated | hand | 254.4 | 572.9 | 2.25x | 585.8 | 2.30x | +2.2% | 560 | 560 | 2 % |  |
| fix/slope-4.log-stream | generated | hand | 261.4 | 1214.6 | 4.65x | 1229.1 | 4.70x | +1.2% | 1176 | 1176 | 8 % |  |
| fix/slope-16.log-text | generated | hand | 945.5 | 1890.4 | 2.00x | 1883.6 | 1.99x | -0.4% | 1752 | 1752 | 5 % |  |
| fix/slope-16.log-bytes | generated | hand | 963.8 | 2028.4 | 2.10x | 2050.1 | 2.13x | +1.1% | 1808 | 1808 | 11 % |  |
| fix/slope-16.log-stream | generated | hand | 947.4 | 3631.3 | 3.83x | 3843.9 | 4.06x | +5.9% | 2328 | 2328 | 3 % |  |
| fix/One.yield-reader | generated | hand | 240.8 | 789.6 | 3.28x | 715.2 | 2.97x | -9.4% | 856 | 856 | 104 % |  |
| fix/One.yield-string | generated | hand | 146.6 | 381.8 | 2.60x | 371.5 | 2.53x | -2.7% | 272 | 272 | 51 % |  |
| fix/One.yield-memory | generated | hand | 122.3 | 404.3 | 3.31x | 389.3 | 3.18x | -3.7% | 352 | 352 | 53 % |  |
| fix/One.whole-stream | generated | hand | 269.0 | 404.7 | 1.50x | 388.5 | 1.44x | -4.0% | 448 | 448 | 71 % |  |
| fix/One.whole-reader | generated | hand | 201.0 | 320.7 | 1.60x | 339.8 | 1.69x | +5.9% | 416 | 416 | 37 % |  |
| fix/Order.yield-reader | generated | hand | 1438.6 | 4351.5 | 3.02x | 4587.8 | 3.19x | +5.4% | 1680 | 1680 | 63 % |  |
| fix/Order.yield-string | generated | hand | 1333.3 | 3519.1 | 2.64x | 3670.8 | 2.75x | +4.3% | 1096 | 1096 | 56 % |  |
| fix/Order.yield-memory | generated | hand | 1295.4 | 3552.4 | 2.74x | 3475.5 | 2.68x | -2.2% | 1176 | 1176 | 55 % |  |
| fix/Order.whole-stream | generated | hand | 836.3 | 1015.8 | 1.21x | 1122.1 | 1.34x | +10.5% | 1352 | 1352 | 88 % |  |
| fix/Order.whole-reader | generated | hand | 846.6 | 1015.0 | 1.20x | 980.8 | 1.16x | -3.4% | 1320 | 1320 | 20 % |  |
| fix/BinaryMany.yield-reader | generated | hand | 5029.3 | 18963.9 | 3.77x | 19340.1 | 3.85x | +2.0% | 7416 | 7416 | 23 % |  |
| fix/BinaryMany.yield-string | generated | hand | 3681.4 | 15925.2 | 4.33x | 15978.3 | 4.34x | +0.3% | 6832 | 6832 | 6 % |  |
| fix/BinaryMany.yield-memory | generated | hand | 3727.6 | 19471.8 | 5.22x | 18729.6 | 5.02x | -3.8% | 6912 | 6912 | 69 % |  |
| fix/BinaryMany.whole-stream | generated | hand | 4724.0 | 4877.6 | 1.03x | 4854.1 | 1.03x | -0.5% | 7512 | 7512 | 3 % |  |
| fix/BinaryMany.whole-reader | generated | hand | 4738.2 | 5257.1 | 1.11x | 5291.5 | 1.12x | +0.7% | 7480 | 7480 | 4 % |  |
| fix/Orders128.yield-reader | generated | hand | 139592.7 | 308984.4 | 2.21x | 316830.7 | 2.27x | +2.5% | 118520 | 118520 | 47 % |  |
| fix/Orders128.yield-string | generated | hand | 80906.5 | 275418.6 | 3.40x | 272981.8 | 3.37x | -0.9% | 117936 | 117936 | 9 % |  |
| fix/Orders128.yield-memory | generated | hand | 82211.5 | 310161.2 | 3.77x | 300194.0 | 3.65x | -3.2% | 118016 | 118016 | 14 % |  |
| fix/Orders128.whole-stream | generated | hand | 119148.4 | 89850.5 | 0.75x | 91507.7 | 0.77x | +1.8% | 129368 | 129368 | 5 % |  |
| fix/Orders128.whole-reader | generated | hand | 119776.7 | 91929.4 | 0.77x | 90709.3 | 0.76x | -1.3% | 129336 | 129336 | 23 % |  |
| fix/slope-0.yield-reader | generated | hand | 148.2 | 253.9 | 1.71x | 263.4 | 1.78x | +3.8% | 760 | 760 | 51 % |  |
| fix/slope-0.yield-string | generated | hand | 23.5 | 53.1 | 2.26x | 53.6 | 2.28x | +1.0% | 176 | 176 | 8 % |  |
| fix/slope-0.yield-memory | generated | hand | 23.3 | 65.6 | 2.81x | 66.7 | 2.86x | +1.8% | 256 | 256 | 5 % |  |
| fix/slope-0.whole-stream | generated | hand | 84.8 | 147.3 | 1.74x | 145.0 | 1.71x | -1.6% | 320 | 320 | 14 % |  |
| fix/slope-0.whole-reader | generated | hand | 85.9 | 155.8 | 1.81x | 157.7 | 1.84x | +1.2% | 288 | 288 | 19 % |  |
| fix/slope-16.yield-reader | generated | hand | 1178.9 | 3674.4 | 3.12x | 3631.2 | 3.08x | -1.2% | 2296 | 2296 | 99 % |  |
| fix/slope-16.yield-string | generated | hand | 1699.4 | 5047.6 | 2.97x | 5053.9 | 2.97x | +0.1% | 1712 | 1712 | 2 % |  |
| fix/slope-16.yield-memory | generated | hand | 1680.2 | 5666.4 | 3.37x | 5675.5 | 3.38x | +0.2% | 1792 | 1792 | 28 % |  |
| fix/slope-16.whole-stream | generated | hand | 2105.7 | 2160.4 | 1.03x | 2163.3 | 1.03x | +0.1% | 2008 | 2008 | 26 % |  |
| fix/slope-16.whole-reader | generated | hand | 2079.0 | 2179.9 | 1.05x | 2191.8 | 1.05x | +0.5% | 1976 | 1976 | 31 % |  |
| feeds/stock-count.small.text | generated | hand | 168.4 | 224.6 | 1.33x | 230.3 | 1.37x | +2.5% | 608 | 608 | 11 % |  |
| feeds/stock-count.small.reader | generated | hand | 360.9 | 407.8 | 1.13x | 424.9 | 1.18x | +4.2% | 784 | 875 | 15 % |  |
| feeds/stock-count.small.reader64 | generated | hand | 323.6 | 415.7 | 1.28x | 418.8 | 1.29x | +0.7% | 832 | 832 | 5 % |  |
| feeds/stock-count.good.text | generated | hand | 36001.5 | 28461.7 | 0.79x | 28493.7 | 0.79x | +0.1% | 111312 | 111403 | 6 % |  |
| feeds/stock-count.good.reader | generated | hand | 70235.9 | 40877.5 | 0.58x | 40868.8 | 0.58x | 0.0% | 111579 | 111579 | 4 % |  |
| feeds/stock-count.good.reader64 | generated | hand | 86065.0 | 45657.4 | 0.53x | 45523.4 | 0.53x | -0.3% | 111536 | 111627 | 8 % |  |
| feeds/stock-count.broken.text | generated | hand | 36610.0 | 33084.1 | 0.90x | 32407.2 | 0.89x | -2.0% | 107408 | 107499 | 14 % |  |
| feeds/stock-count.broken.reader | generated | hand | 67970.2 | 42566.6 | 0.63x | 42351.5 | 0.62x | -0.5% | 107584 | 107584 | 5 % |  |
| feeds/stock-count.broken.reader64 | generated | hand | 82869.7 | 46617.9 | 0.56x | 46239.5 | 0.56x | -0.8% | 107632 | 107632 | 3 % |  |
| feeds/recovering.good | generated | control | 64776.1 | 66859.0 | 1.03x | 65689.6 | 1.01x | -1.7% | 240352 | 240352 | 35 % |  |
| feeds/recovering.broken | generated | control | 71211.7 | 74510.3 | 1.05x | 71702.9 | 1.01x | -3.8% | 241920 | 241920 | 11 % |  |
| web/url.plain | generated | hand | 97.7 | 223.5 | 2.29x | 223.7 | 2.29x | +0.1% | 360 | 360 | 12 % |  |
| web/url.full | generated | hand | 169.1 | 293.7 | 1.74x | 292.5 | 1.73x | -0.4% | 536 | 536 | 13 % |  |
| web/url.ipv4 | generated | hand | 112.0 | 242.0 | 2.16x | 232.7 | 2.08x | -3.9% | 384 | 384 | 7 % |  |
| web/url.long-path | generated | hand | 176.8 | 419.9 | 2.37x | 416.7 | 2.36x | -0.8% | 512 | 512 | 5 % |  |
| web/url.refused | generated | hand | 68.8 | 257.8 | 3.75x | 259.2 | 3.77x | +0.6% | 64 | 64 | 13 % |  |
| web/url.relative | generated | hand | 74.5 | 181.5 | 2.43x | 184.7 | 2.48x | +1.8% | 312 | 312 | 7 % |  |
| web/url.relative-dot-colon | generated | hand | 62.6 | 160.0 | 2.56x | 157.7 | 2.52x | -1.4% | 280 | 280 | 15 % |  |
| web/url.relative-letters | generated | hand | 115.6 | 211.0 | 1.83x | 209.6 | 1.81x | -0.7% | 312 | 312 | 6 % |  |
| web/json.object | generated | hand | 588.9 | 944.7 | 1.60x | 944.3 | 1.60x | 0.0% | 2584 | 2584 | 31 % |  |
| web/json.array | generated | hand | 604.4 | 731.7 | 1.21x | 753.8 | 1.25x | +3.0% | 2400 | 2400 | 98 % |  |
| web/cookie.full | generated | control | 597.1 | 681.9 | 1.14x | 681.0 | 1.14x | -0.1% | 2136 | 2136 | 2 % |  |
| web/cookie.short | generated | control | 100.2 | 159.9 | 1.59x | 160.2 | 1.60x | +0.2% | 336 | 336 | 47 % |  |
| web/pointer.full | generated | control | 379.1 | 390.6 | 1.03x | 386.8 | 1.02x | -1.0% | 440 | 440 | 49 % |  |
| web/pointer.short | generated | control | 67.0 | 119.8 | 1.79x | 120.6 | 1.80x | +0.7% | 144 | 144 | 26 % |  |
| web/media-type.plain | generated | control | 318.6 | 391.9 | 1.23x | 396.6 | 1.24x | +1.2% | 448 | 448 | 29 % |  |
| web/media-type.quoted | generated | control | 521.6 | 571.6 | 1.10x | 579.8 | 1.11x | +1.4% | 816 | 816 | 29 % |  |
| web/media-type.refused | generated | control | 89.8 | 158.7 | 1.77x | 177.8 | 1.98x | +12.1% | 64 | 64 | 63 % |  |
| web/addr-spec.plain | generated | control | 89.4 | 118.5 | 1.32x | 121.0 | 1.35x | +2.1% | 176 | 176 | 4 % |  |
| web/addr-spec.refused | generated | control | 44.7 | 79.0 | 1.77x | 83.7 | 1.87x | +5.9% | 64 | 64 | 9 % |  |
| web/date-time.utc | generated | control | 50.5 | 69.3 | 1.37x | 69.7 | 1.38x | +0.5% | 176 | 176 | 3 % |  |
| web/date-time.offset | generated | control | 77.7 | 97.1 | 1.25x | 98.7 | 1.27x | +1.7% | 208 | 208 | 5 % |  |
| web/language-tag.plain | generated | control | 115.8 | 155.0 | 1.34x | 162.2 | 1.40x | +4.7% | 360 | 360 | 73 % |  |
| web/language-tag.full | generated | control | 417.5 | 484.5 | 1.16x | 477.4 | 1.14x | -1.5% | 720 | 720 | 31 % |  |
| web/language-tag.refused | generated | control | 108.7 | 148.6 | 1.37x | 148.8 | 1.37x | +0.1% | 64 | 64 | 9 % |  |
| web/date-time.refused | generated | control | 36.1 | 54.2 | 1.50x | 54.0 | 1.50x | -0.3% | 96 | 96 | 7 % |  |
| web/content-disposition.full | generated | control | 418.9 | 472.3 | 1.13x | 469.1 | 1.12x | -0.7% | 1680 | 1680 | 14 % |  |
| web/content-disposition.refused | generated | control | 27.2 | 60.2 | 2.22x | 61.1 | 2.25x | +1.4% | 64 | 64 | 11 % |  |
| web/uri-template.full | generated | control | 1388.4 | 1530.6 | 1.10x | 1591.2 | 1.15x | +4.0% | 1088 | 1088 | 60 % |  |
| web/uri-template.refused | generated | control | 3592312850.0 | 3515329950.0 | 0.98x | 3591887300.0 | 1.00x | +2.2% | 64 | 64 | 93 % |  |
| web/json-patch.full | generated | control | 1330.8 | 1388.0 | 1.04x | 1393.5 | 1.05x | +0.4% | 4552 | 4552 | 26 % |  |
| web/forwarded.full | generated | control | 1621.9 | 1666.3 | 1.03x | 1620.5 | 1.00x | -2.7% | 2648 | 2648 | 6 % |  |
| web/forwarded.refused | generated | control | 112.0 | 139.9 | 1.25x | 140.7 | 1.26x | +0.5% | 328 | 328 | 27 % |  |
| web/link.full | generated | control | 1332.8 | 1396.2 | 1.05x | 1417.1 | 1.06x | +1.5% | 2968 | 2968 | 8 % |  |
| web/link.refused | generated | control | 36.6 | 65.7 | 1.79x | 65.5 | 1.79x | -0.3% | 64 | 64 | 25 % |  |
| web/cookie.refused | generated | control | 27.0 | 53.6 | 1.99x | 53.8 | 1.99x | +0.3% | 136 | 136 | 13 % |  |
| web/sf.item | generated | control | 266.9 | 312.3 | 1.17x | 303.1 | 1.14x | -2.9% | 800 | 800 | 41 % |  |
| web/sf.list | generated | control | 1192.1 | 1258.3 | 1.06x | 1251.2 | 1.05x | -0.6% | 3064 | 3064 | 14 % |  |
| web/sf.dictionary | generated | control | 1205.6 | 1276.7 | 1.06x | 1233.6 | 1.02x | -3.4% | 3280 | 3280 | 7 % |  |

Written to T:\TEMP\dotgram-stand\w79\pair\run-4
8 rows, every reading agreeing. Timing 8 rounds.
fix/One.text           hand       73.8 ns before       78.6 ns after       80.0 ns  before/hand 1.06x  after/hand 1.08x
fix/Order.text         hand      673.3 ns before      640.7 ns after      631.7 ns  before/hand 0.95x  after/hand 0.94x
  web/json.object10000: 144 round(s) redone after a gen1/gen2 collection
web/json.object10000   hand   938009.4 ns before  1545333.6 ns after  1665671.1 ns  before/hand 1.65x  after/hand 1.78x
feeds/stock-count.good.text hand    36061.9 ns before    28609.0 ns after    28321.7 ns  before/hand 0.79x  after/hand 0.79x
web/url.full           hand      152.6 ns before      278.6 ns after      269.0 ns  before/hand 1.83x  after/hand 1.76x
  web/json.object: 1 round(s) redone after a gen1/gen2 collection
web/json.object        hand      582.5 ns before      942.5 ns after      926.3 ns  before/hand 1.62x  after/hand 1.59x
web/cookie.short       control       50.1 ns before       79.0 ns after       79.3 ns  before/control 1.58x  after/control 1.58x
web/media-type.plain   control      160.5 ns before      187.2 ns after      207.3 ns  before/control 1.17x  after/control 1.29x

# Paired stand, 2026-09-20 09:23

IGOR-DESKTOP, pinned to 0-15, high priority, control 31.3 ns.

The base of a row is what every ratio is over, and its name says what it is: `hand` is a hand-written parser (`DotGram.Handwritten`), `scriptdom` is Microsoft's parser, and `control` is this process's own build of the same generated parser, held constant so that the two sides are compared and nothing is claimed against a hand-written one.

The last two columns are what a reader a month later cannot get from a message: **the base's spread between the runs** (how much the machine's speed varied from one run to the next; a row with a large one had a disturbed run, and its medians are read with the range beside them) and the **change of each run** (the smallest and the largest, and how many of the runs were positive).

| row | reading | base | base ns | before ns | before/base | after ns | after/base | change | before B | after B | base spread | change over the runs |
| --- | --- | --- | ---: | ---: | ---: | ---: | ---: | ---: | ---: | ---: | ---: | --- |
| fix/One.text | generated | hand | 73.8 | 78.6 | 1.06x | 80.0 | 1.08x | +1.8% | 192 | 192 | 1 % |  |
| fix/Order.text | generated | hand | 673.3 | 640.7 | 0.95x | 631.7 | 0.94x | -1.4% | 1096 | 1096 | 4 % |  |
| web/json.object10000 | generated | hand | 938009.4 | 1545333.6 | 1.65x | 1665671.1 | 1.78x | +7.8% | 1599242 | 1599241 | 40 % |  |
| feeds/stock-count.good.text | generated | hand | 36061.9 | 28609.0 | 0.79x | 28321.7 | 0.79x | -1.0% | 111312 | 111312 | 5 % |  |
| web/url.full | generated | hand | 152.6 | 278.6 | 1.83x | 269.0 | 1.76x | -3.4% | 536 | 536 | 14 % |  |
| web/json.object | generated | hand | 582.5 | 942.5 | 1.62x | 926.3 | 1.59x | -1.7% | 2584 | 2584 | 6 % |  |
| web/cookie.short | generated | control | 50.1 | 79.0 | 1.58x | 79.3 | 1.58x | +0.4% | 336 | 336 | 3 % |  |
| web/media-type.plain | generated | control | 160.5 | 187.2 | 1.17x | 207.3 | 1.29x | +10.7% | 448 | 448 | 4 % |  |

Written to T:\TEMP\dotgram-stand\w79\pair\aa-run-4
=== run 5 of 5, 09:23:40
142 rows, every reading agreeing. Timing 8 rounds.
fix/One.text           hand       76.9 ns before       81.5 ns after       84.4 ns  before/hand 1.06x  after/hand 1.10x
fix/One.bytes          hand       76.7 ns before       96.7 ns after       97.9 ns  before/hand 1.26x  after/hand 1.28x
fix/One.stream         hand      151.0 ns before      546.4 ns after      541.0 ns  before/hand 3.62x  after/hand 3.58x
  fix/Order.text: 1 round(s) redone after a gen1/gen2 collection
fix/Order.text         hand      980.8 ns before      650.7 ns after      665.2 ns  before/hand 0.66x  after/hand 0.68x
fix/Order.bytes        hand      936.6 ns before      738.5 ns after      768.9 ns  before/hand 0.79x  after/hand 0.82x
  fix/Order.stream: 1 round(s) redone after a gen1/gen2 collection
fix/Order.stream       hand      797.1 ns before     2722.6 ns after     2811.2 ns  before/hand 3.42x  after/hand 3.53x
fix/BinaryMany.text    hand     5396.0 ns before     3855.3 ns after     3802.1 ns  before/hand 0.71x  after/hand 0.70x
  fix/BinaryMany.bytes: 1 round(s) redone after a gen1/gen2 collection
fix/BinaryMany.bytes   hand     5384.9 ns before     4616.5 ns after     4619.5 ns  before/hand 0.86x  after/hand 0.86x
  fix/BinaryMany.stream: 1 round(s) redone after a gen1/gen2 collection
fix/BinaryMany.stream  hand     4724.2 ns before    18972.5 ns after    18777.4 ns  before/hand 4.02x  after/hand 3.97x
  fix/Orders128.text: 9 round(s) redone after a gen1/gen2 collection
fix/Orders128.text     hand   119639.2 ns before    77855.9 ns after    76404.3 ns  before/hand 0.65x  after/hand 0.64x
  fix/Orders128.bytes: 9 round(s) redone after a gen1/gen2 collection
fix/Orders128.bytes    hand   115482.2 ns before    88824.8 ns after    86605.7 ns  before/hand 0.77x  after/hand 0.75x
fix/Orders128.stream   hand   116391.3 ns before   288328.0 ns after   292339.2 ns  before/hand 2.48x  after/hand 2.51x
fix/OrderMalformed.text hand      984.2 ns before      660.5 ns after      668.4 ns  before/hand 0.67x  after/hand 0.68x
fix/OrderMalformed.bytes hand      930.7 ns before      743.1 ns after      779.5 ns  before/hand 0.80x  after/hand 0.84x
  fix/OrderMalformed.stream: 1 round(s) redone after a gen1/gen2 collection
fix/OrderMalformed.stream hand      812.0 ns before     2788.5 ns after     2854.1 ns  before/hand 3.43x  after/hand 3.51x
fix/slope-0.text       hand       24.4 ns before       28.6 ns after       30.9 ns  before/hand 1.17x  after/hand 1.27x
  fix/slope-1.text: 1 round(s) redone after a gen1/gen2 collection
fix/slope-1.text       hand      115.4 ns before       81.7 ns after       85.8 ns  before/hand 0.71x  after/hand 0.74x
fix/slope-2.text       hand      203.8 ns before      128.2 ns after      133.3 ns  before/hand 0.63x  after/hand 0.65x
fix/slope-4.text       hand      372.4 ns before      231.2 ns after      240.0 ns  before/hand 0.62x  after/hand 0.64x
fix/slope-8.text       hand      675.5 ns before      426.6 ns after      440.2 ns  before/hand 0.63x  after/hand 0.65x
fix/slope-16.text      hand     1341.6 ns before      792.0 ns after      820.1 ns  before/hand 0.59x  after/hand 0.61x
  fix/slope-0.bytes: 1 round(s) redone after a gen1/gen2 collection
fix/slope-0.bytes      hand       29.9 ns before       35.8 ns after       37.9 ns  before/hand 1.20x  after/hand 1.27x
fix/slope-1.bytes      hand      101.3 ns before       97.4 ns after       98.0 ns  before/hand 0.96x  after/hand 0.97x
  fix/slope-2.bytes: 1 round(s) redone after a gen1/gen2 collection
fix/slope-2.bytes      hand      173.5 ns before      149.9 ns after      152.0 ns  before/hand 0.86x  after/hand 0.88x
fix/slope-4.bytes      hand      297.0 ns before      266.9 ns after      272.3 ns  before/hand 0.90x  after/hand 0.92x
fix/slope-8.bytes      hand      521.8 ns before      490.4 ns after      495.1 ns  before/hand 0.94x  after/hand 0.95x
fix/slope-16.bytes     hand     1005.1 ns before      916.0 ns after      910.5 ns  before/hand 0.91x  after/hand 0.91x
  fix/slope-0.stream: 38 round(s) redone after a gen1/gen2 collection
fix/slope-0.stream     hand       92.2 ns before      225.9 ns after      220.9 ns  before/hand 2.45x  after/hand 2.40x
  fix/slope-1.stream: 7 round(s) redone after a gen1/gen2 collection
fix/slope-1.stream     hand      175.2 ns before      545.4 ns after      536.4 ns  before/hand 3.11x  after/hand 3.06x
  fix/slope-2.stream: 9 round(s) redone after a gen1/gen2 collection
fix/slope-2.stream     hand      249.9 ns before      764.4 ns after      753.0 ns  before/hand 3.06x  after/hand 3.01x
  fix/slope-4.stream: 3 round(s) redone after a gen1/gen2 collection
fix/slope-4.stream     hand      375.0 ns before     1179.2 ns after     1179.2 ns  before/hand 3.14x  after/hand 3.14x
  fix/slope-8.stream: 2 round(s) redone after a gen1/gen2 collection
fix/slope-8.stream     hand      644.0 ns before     1936.8 ns after     1986.4 ns  before/hand 3.01x  after/hand 3.08x
  fix/slope-16.stream: 1 round(s) redone after a gen1/gen2 collection
fix/slope-16.stream    hand     1200.4 ns before     3465.9 ns after     3553.6 ns  before/hand 2.89x  after/hand 2.96x
  fix/orders400.text: 46 round(s) redone after a gen1/gen2 collection
fix/orders400.text     hand   373379.3 ns before   245432.0 ns after   240722.1 ns  before/hand 0.66x  after/hand 0.64x
  fix/slope-1600.text: 11 round(s) redone after a gen1/gen2 collection
fix/slope-1600.text    hand   113673.1 ns before    73305.4 ns after    76553.4 ns  before/hand 0.64x  after/hand 0.67x
  web/json.array10000: 144 round(s) redone after a gen1/gen2 collection
web/json.array10000    hand   171311.9 ns before   187206.6 ns after   189996.7 ns  before/hand 1.09x  after/hand 1.11x
  web/json.object10000: 144 round(s) redone after a gen1/gen2 collection
web/json.object10000   hand   758283.6 ns before  1257505.5 ns after  1379600.0 ns  before/hand 1.66x  after/hand 1.82x
web/url.path1000       hand     9291.2 ns before    10853.2 ns after    10896.7 ns  before/hand 1.17x  after/hand 1.17x
web/media-type.params1000 control    47012.2 ns before    46646.5 ns after    46786.5 ns  before/control 0.99x  after/control 1.00x
  web/sf.list10000: 1 round(s) redone after a gen1/gen2 collection
web/sf.list10000       control  1351471.9 ns before  1128987.5 ns after  1198209.4 ns  before/control 0.84x  after/control 0.89x
fix/Order.span         hand      673.9 ns before      505.1 ns after      512.4 ns  before/hand 0.75x  after/hand 0.76x
feeds/streaming.1000   control   203181.1 ns before   214507.4 ns after   206163.9 ns  before/control 1.06x  after/control 1.01x
  fix/One.log-text: 1 round(s) redone after a gen1/gen2 collection
fix/One.log-text       hand      113.9 ns before      171.8 ns after      186.2 ns  before/hand 1.51x  after/hand 1.64x
fix/One.log-bytes      hand      113.4 ns before      204.9 ns after      199.9 ns  before/hand 1.81x  after/hand 1.76x
  fix/One.log-stream: 1 round(s) redone after a gen1/gen2 collection
fix/One.log-stream     hand      114.0 ns before      563.2 ns after      558.5 ns  before/hand 4.94x  after/hand 4.90x
  fix/Order.log-text: 1 round(s) redone after a gen1/gen2 collection
fix/Order.log-text     hand     1121.9 ns before     1441.5 ns after     1469.0 ns  before/hand 1.28x  after/hand 1.31x
fix/Order.log-bytes    hand     1120.1 ns before     1630.5 ns after     1631.9 ns  before/hand 1.46x  after/hand 1.46x
  fix/Order.log-stream: 1 round(s) redone after a gen1/gen2 collection
fix/Order.log-stream   hand     1128.4 ns before     2913.7 ns after     2937.3 ns  before/hand 2.58x  after/hand 2.60x
  fix/Orders128.log-text: 3 round(s) redone after a gen1/gen2 collection
fix/Orders128.log-text hand   137370.2 ns before   172146.1 ns after   172990.2 ns  before/hand 1.25x  after/hand 1.26x
  fix/Orders128.log-bytes: 9 round(s) redone after a gen1/gen2 collection
fix/Orders128.log-bytes hand   137943.4 ns before   190198.1 ns after   188674.9 ns  before/hand 1.38x  after/hand 1.37x
  fix/Orders128.log-stream: 1 round(s) redone after a gen1/gen2 collection
fix/Orders128.log-stream hand   138641.3 ns before   317249.9 ns after   318230.4 ns  before/hand 2.29x  after/hand 2.30x
fix/OrderMalformed.log-text hand     1110.0 ns before     1411.9 ns after     1438.1 ns  before/hand 1.27x  after/hand 1.30x
fix/OrderMalformed.log-bytes hand     1113.5 ns before     1623.0 ns after     1631.5 ns  before/hand 1.46x  after/hand 1.47x
  fix/OrderMalformed.log-stream: 1 round(s) redone after a gen1/gen2 collection
fix/OrderMalformed.log-stream hand     1115.5 ns before     3006.6 ns after     2988.8 ns  before/hand 2.70x  after/hand 2.68x
  fix/slope-0.log-text: 1 round(s) redone after a gen1/gen2 collection
fix/slope-0.log-text   hand       22.1 ns before       66.1 ns after       68.9 ns  before/hand 2.99x  after/hand 3.11x
fix/slope-0.log-bytes  hand       22.0 ns before       78.4 ns after       76.6 ns  before/hand 3.57x  after/hand 3.49x
  fix/slope-0.log-stream: 1 round(s) redone after a gen1/gen2 collection
fix/slope-0.log-stream hand       22.1 ns before      224.6 ns after      224.3 ns  before/hand 10.17x  after/hand 10.15x
  fix/slope-4.log-text: 1 round(s) redone after a gen1/gen2 collection
fix/slope-4.log-text   hand      367.2 ns before      516.5 ns after      530.0 ns  before/hand 1.41x  after/hand 1.44x
fix/slope-4.log-bytes  hand      366.0 ns before      564.6 ns after      567.5 ns  before/hand 1.54x  after/hand 1.55x
fix/slope-4.log-stream hand      367.9 ns before     1218.0 ns after     1218.6 ns  before/hand 3.31x  after/hand 3.31x
  fix/slope-16.log-text: 1 round(s) redone after a gen1/gen2 collection
fix/slope-16.log-text  hand     1402.6 ns before     1863.4 ns after     1889.3 ns  before/hand 1.33x  after/hand 1.35x
fix/slope-16.log-bytes hand     1386.9 ns before     2048.4 ns after     2022.1 ns  before/hand 1.48x  after/hand 1.46x
fix/slope-16.log-stream hand     1393.5 ns before     3671.2 ns after     3704.6 ns  before/hand 2.63x  after/hand 2.66x
  fix/One.yield-reader: 48 round(s) redone after a gen1/gen2 collection
fix/One.yield-reader   hand      198.7 ns before      579.6 ns after      559.6 ns  before/hand 2.92x  after/hand 2.82x
fix/One.yield-string   hand      100.8 ns before      233.7 ns after      255.2 ns  before/hand 2.32x  after/hand 2.53x
  fix/One.yield-memory: 1 round(s) redone after a gen1/gen2 collection
fix/One.yield-memory   hand      100.2 ns before      267.8 ns after      282.2 ns  before/hand 2.67x  after/hand 2.82x
  fix/One.whole-stream: 6 round(s) redone after a gen1/gen2 collection
fix/One.whole-stream   hand      149.1 ns before      221.4 ns after      211.1 ns  before/hand 1.48x  after/hand 1.42x
  fix/One.whole-reader: 7 round(s) redone after a gen1/gen2 collection
fix/One.whole-reader   hand      151.9 ns before      223.1 ns after      252.2 ns  before/hand 1.47x  after/hand 1.66x
  fix/Order.yield-reader: 6 round(s) redone after a gen1/gen2 collection
fix/Order.yield-reader hand      901.3 ns before     2870.4 ns after     2994.6 ns  before/hand 3.18x  after/hand 3.32x
fix/Order.yield-string hand      977.0 ns before     2212.5 ns after     2218.4 ns  before/hand 2.26x  after/hand 2.27x
=== the limit of 120 minutes came inside run 5: it was stopped, 4 runs are used

Median of 4 of 4 runs, each in a process of its own; control 31.5 ns (the runs' controls: 31.4, 31.4, 31.7, 31.5).
No run was dropped.
The spread column is the spread of the base reading between runs, not between rounds.

# Paired stand, 2026-09-20 09:30

IGOR-DESKTOP, pinned to 0-15, high priority, control 31.5 ns.

The base of a row is what every ratio is over, and its name says what it is: `hand` is a hand-written parser (`DotGram.Handwritten`), `scriptdom` is Microsoft's parser, and `control` is this process's own build of the same generated parser, held constant so that the two sides are compared and nothing is claimed against a hand-written one.

The last two columns are what a reader a month later cannot get from a message: **the base's spread between the runs** (how much the machine's speed varied from one run to the next; a row with a large one had a disturbed run, and its medians are read with the range beside them) and the **change of each run** (the smallest and the largest, and how many of the runs were positive).

The last column is the **A/A of the parent** taken in the same slot, on the same rows: the parent's build against itself, its median change and its range over the runs. What the stand says of a row when nothing changed; a change is read as its excess over it (D50).

| row | reading | base | base ns | before ns | before/base | after ns | after/base | change | before B | after B | base spread | change over the runs | A/A of the parent |
| --- | --- | --- | ---: | ---: | ---: | ---: | ---: | ---: | ---: | ---: | ---: | --- | --- |
| fix/One.text | generated | hand | 77.8 | 84.0 | 1.08x | 86.5 | 1.11x | +3.0% | 192 | 192 | 4 % | [+1.3%..+21.0%], 4 of 4 positive | +0.8% [+0.3%..+1.8%], 4 of 4 positive |
| fix/One.bytes | generated | hand | 75.6 | 98.1 | 1.30x | 99.9 | 1.32x | +1.8% | 248 | 248 | 8 % | [-4.3%..+3.8%], 3 of 4 positive |  |
| fix/One.stream | generated | hand | 156.0 | 551.4 | 3.53x | 538.2 | 3.45x | -2.4% | 888 | 888 | 51 % | [-6.2%..+7.6%], 3 of 4 positive |  |
| fix/Order.text | generated | hand | 696.7 | 678.1 | 0.97x | 691.0 | 0.99x | +1.9% | 1096 | 1096 | 34 % | [-1.0%..+4.2%], 3 of 4 positive | -3.9% [-4.8%..-1.4%], 0 of 4 positive |
| fix/Order.bytes | generated | hand | 678.8 | 762.8 | 1.12x | 761.1 | 1.12x | -0.2% | 1152 | 1152 | 5 % | [-1.0%..+0.6%], 1 of 4 positive |  |
| fix/Order.stream | generated | hand | 816.0 | 2831.2 | 3.47x | 2843.6 | 3.49x | +0.4% | 1712 | 1712 | 6 % | [-0.6%..+2.8%], 2 of 4 positive |  |
| fix/BinaryMany.text | generated | hand | 3640.0 | 3815.4 | 1.05x | 3824.3 | 1.05x | +0.2% | 7256 | 7256 | 3 % | [-0.9%..+1.3%], 2 of 4 positive |  |
| fix/BinaryMany.bytes | generated | hand | 3750.0 | 4646.6 | 1.24x | 4631.3 | 1.24x | -0.3% | 7312 | 7312 | 3 % | [-1.0%..+0.5%], 1 of 4 positive |  |
| fix/BinaryMany.stream | generated | hand | 4758.4 | 19337.2 | 4.06x | 18807.1 | 3.95x | -2.7% | 7448 | 7448 | 2 % | [-4.3%..+3.3%], 1 of 4 positive |  |
| fix/Orders128.text | generated | hand | 81069.5 | 78675.8 | 0.97x | 76632.4 | 0.95x | -2.6% | 129112 | 129112 | 4 % | [-3.2%..-0.2%], 0 of 4 positive |  |
| fix/Orders128.bytes | generated | hand | 80944.3 | 90191.7 | 1.11x | 88289.9 | 1.09x | -2.1% | 129168 | 129168 | 5 % | [-3.9%..-0.5%], 0 of 4 positive |  |
| fix/Orders128.stream | generated | hand | 117417.0 | 303026.2 | 2.58x | 305423.7 | 2.60x | +0.8% | 118552 | 118552 | 2 % | [-3.0%..+1.9%], 3 of 4 positive |  |
| fix/OrderMalformed.text | generated | hand | 679.8 | 659.6 | 0.97x | 681.2 | 1.00x | +3.3% | 1248 | 1248 | 7 % | [-1.1%..+6.9%], 3 of 4 positive |  |
| fix/OrderMalformed.bytes | generated | hand | 690.8 | 766.8 | 1.11x | 771.2 | 1.12x | +0.6% | 1304 | 1304 | 1 % | [+0.0%..+1.8%], 4 of 4 positive |  |
| fix/OrderMalformed.stream | generated | hand | 823.7 | 2872.0 | 3.49x | 2862.7 | 3.48x | -0.3% | 1864 | 1864 | 2 % | [-1.3%..+1.9%], 2 of 4 positive |  |
| fix/slope-0.text | generated | hand | 26.3 | 28.3 | 1.08x | 30.8 | 1.17x | +8.8% | 64 | 64 | 8 % | [+8.1%..+9.4%], 4 of 4 positive |  |
| fix/slope-1.text | generated | hand | 94.9 | 83.9 | 0.88x | 91.0 | 0.96x | +8.4% | 192 | 192 | 53 % | [-29.0%..+20.0%], 3 of 4 positive |  |
| fix/slope-2.text | generated | hand | 162.8 | 132.7 | 0.82x | 141.6 | 0.87x | +6.6% | 296 | 296 | 10 % | [+1.6%..+12.5%], 4 of 4 positive |  |
| fix/slope-4.text | generated | hand | 289.2 | 238.6 | 0.83x | 240.5 | 0.83x | +0.8% | 504 | 504 | 1 % | [-0.8%..+6.5%], 2 of 4 positive |  |
| fix/slope-8.text | generated | hand | 511.8 | 439.5 | 0.86x | 441.6 | 0.86x | +0.5% | 920 | 920 | 1 % | [-0.7%..+2.3%], 2 of 4 positive |  |
| fix/slope-16.text | generated | hand | 1008.1 | 815.2 | 0.81x | 826.8 | 0.82x | +1.4% | 1752 | 1752 | 5 % | [-0.8%..+2.6%], 3 of 4 positive |  |
| fix/slope-0.bytes | generated | hand | 31.4 | 35.7 | 1.14x | 38.1 | 1.21x | +6.6% | 120 | 120 | 6 % | [+5.9%..+7.1%], 4 of 4 positive |  |
| fix/slope-1.bytes | generated | hand | 98.0 | 97.6 | 1.00x | 99.6 | 1.02x | +2.0% | 248 | 248 | 4 % | [-2.6%..+2.4%], 3 of 4 positive |  |
| fix/slope-2.bytes | generated | hand | 167.8 | 153.7 | 0.92x | 153.9 | 0.92x | +0.1% | 352 | 352 | 4 % | [-0.2%..+1.5%], 3 of 4 positive |  |
| fix/slope-4.bytes | generated | hand | 292.5 | 273.2 | 0.93x | 273.1 | 0.93x | 0.0% | 560 | 560 | 4 % | [-0.2%..+0.7%], 1 of 4 positive |  |
| fix/slope-8.bytes | generated | hand | 518.5 | 498.8 | 0.96x | 497.4 | 0.96x | -0.3% | 976 | 976 | 2 % | [-0.8%..+0.3%], 3 of 4 positive |  |
| fix/slope-16.bytes | generated | hand | 996.1 | 926.0 | 0.93x | 926.0 | 0.93x | 0.0% | 1808 | 1808 | 1 % | [+0.0%..+0.2%], 2 of 4 positive |  |
| fix/slope-0.stream | generated | hand | 96.3 | 228.6 | 2.37x | 223.6 | 2.32x | -2.2% | 792 | 792 | 11 % | [-3.3%..-0.3%], 0 of 4 positive |  |
| fix/slope-1.stream | generated | hand | 173.3 | 536.0 | 3.09x | 533.5 | 3.08x | -0.5% | 888 | 888 | 3 % | [-3.4%..+1.5%], 1 of 4 positive |  |
| fix/slope-2.stream | generated | hand | 246.0 | 754.1 | 3.07x | 748.6 | 3.04x | -0.7% | 984 | 984 | 2 % | [-4.0%..+1.2%], 2 of 4 positive |  |
| fix/slope-4.stream | generated | hand | 375.6 | 1170.6 | 3.12x | 1161.0 | 3.09x | -0.8% | 1176 | 1176 | 1 % | [-4.6%..+1.9%], 2 of 4 positive |  |
| fix/slope-8.stream | generated | hand | 650.5 | 1997.7 | 3.07x | 1995.9 | 3.07x | -0.1% | 1560 | 1560 | 2 % | [-2.4%..+3.7%], 2 of 4 positive |  |
| fix/slope-16.stream | generated | hand | 1208.3 | 3605.6 | 2.98x | 3602.6 | 2.98x | -0.1% | 2328 | 2328 | 3 % | [-1.0%..+3.8%], 3 of 4 positive |  |
| fix/orders400.text | generated | hand | 251593.8 | 242539.5 | 0.96x | 239723.4 | 0.95x | -1.2% | 403288 | 403288 | 4 % | [-2.8%..+1.3%], 1 of 4 positive |  |
| fix/slope-1600.text | generated | hand | 80501.9 | 75323.4 | 0.94x | 75582.1 | 0.94x | +0.3% | 166488 | 166488 | 3 % | [-1.4%..+2.1%], 2 of 4 positive |  |
| web/json.array10000 | generated | hand | 172283.3 | 192036.1 | 1.11x | 196777.0 | 1.14x | +2.5% | 720048 | 720048 | 3 % | [-0.1%..+3.0%], 3 of 4 positive |  |
| web/json.object10000 | generated | hand | 764784.0 | 1182268.8 | 1.55x | 1319254.3 | 1.73x | +11.6% | 1599241 | 1599240 | 8 % | [-3.8%..+192.0%], 3 of 4 positive | +3.1% [+0.0%..+8.7%], 3 of 4 positive |
| web/url.path1000 | generated | hand | 9365.6 | 10900.0 | 1.16x | 10891.1 | 1.16x | -0.1% | 8384 | 8384 | 4 % | [-0.3%..+0.0%], 1 of 4 positive |  |
| web/media-type.params1000 | generated | control | 48850.8 | 47065.9 | 0.96x | 47157.0 | 0.97x | +0.2% | 151472 | 151472 | 8 % | [-0.9%..+6.0%], 2 of 4 positive |  |
| web/sf.list10000 | generated | control | 1178919.5 | 1187018.8 | 1.01x | 1185909.0 | 1.01x | -0.1% | 2720056 | 2720056 | 7 % | [-2.9%..+5.3%], 3 of 4 positive |  |
| fix/Order.span | generated | hand | 665.7 | 507.2 | 0.76x | 507.8 | 0.76x | +0.1% | 1008 | 1008 | 5 % | [-2.4%..+2.9%], 2 of 4 positive |  |
| feeds/streaming.1000 | generated | control | 201376.4 | 203761.3 | 1.01x | 202930.2 | 1.01x | -0.4% | 240760 | 240760 | 5 % | [-1.5%..+0.7%], 3 of 4 positive |  |
| fix/One.log-text | generated | hand | 82.7 | 174.9 | 2.11x | 180.6 | 2.18x | +3.3% | 192 | 192 | 5 % | [-0.7%..+9.9%], 3 of 4 positive |  |
| fix/One.log-bytes | generated | hand | 82.9 | 203.7 | 2.46x | 212.1 | 2.56x | +4.2% | 248 | 248 | 4 % | [-0.3%..+5.1%], 3 of 4 positive |  |
| fix/One.log-stream | generated | hand | 82.3 | 556.0 | 6.76x | 564.9 | 6.87x | +1.6% | 888 | 888 | 9 % | [-0.2%..+3.2%], 3 of 4 positive |  |
| fix/Order.log-text | generated | hand | 748.1 | 1463.1 | 1.96x | 1466.0 | 1.96x | +0.2% | 1096 | 1096 | 59 % | [-1.1%..+25.5%], 3 of 4 positive |  |
| fix/Order.log-bytes | generated | hand | 748.5 | 1637.5 | 2.19x | 1642.7 | 2.19x | +0.3% | 1152 | 1152 | 4 % | [-0.6%..+2.3%], 3 of 4 positive |  |
| fix/Order.log-stream | generated | hand | 752.4 | 2931.8 | 3.90x | 2961.5 | 3.94x | +1.0% | 1712 | 1712 | 6 % | [-0.4%..+2.2%], 2 of 4 positive |  |
| fix/Orders128.log-text | generated | hand | 91747.9 | 173564.7 | 1.89x | 172286.3 | 1.88x | -0.7% | 129112 | 129112 | 3 % | [-1.7%..+0.8%], 2 of 4 positive |  |
| fix/Orders128.log-bytes | generated | hand | 92373.1 | 192662.0 | 2.09x | 189381.4 | 2.05x | -1.7% | 129168 | 129168 | 3 % | [-2.0%..+0.1%], 1 of 4 positive |  |
| fix/Orders128.log-stream | generated | hand | 92706.4 | 320697.6 | 3.46x | 326537.4 | 3.52x | +1.8% | 118552 | 118552 | 3 % | [-0.4%..+4.1%], 3 of 4 positive |  |
| fix/OrderMalformed.log-text | generated | hand | 768.4 | 1458.3 | 1.90x | 1450.1 | 1.89x | -0.6% | 1256 | 1256 | 13 % | [-1.0%..+1.6%], 2 of 4 positive |  |
| fix/OrderMalformed.log-bytes | generated | hand | 771.8 | 1637.0 | 2.12x | 1653.9 | 2.14x | +1.0% | 1312 | 1312 | 3 % | [-0.6%..+2.0%], 3 of 4 positive |  |
| fix/OrderMalformed.log-stream | generated | hand | 768.4 | 3031.0 | 3.94x | 3044.8 | 3.96x | +0.5% | 1872 | 1872 | 4 % | [-1.0%..+1.8%], 3 of 4 positive |  |
| fix/slope-0.log-text | generated | hand | 23.3 | 66.4 | 2.85x | 69.2 | 2.97x | +4.1% | 88 | 88 | 8 % | [+2.6%..+5.2%], 4 of 4 positive |  |
| fix/slope-0.log-bytes | generated | hand | 23.5 | 73.6 | 3.13x | 77.3 | 3.29x | +5.1% | 144 | 144 | 8 % | [+3.9%..+17.6%], 4 of 4 positive |  |
| fix/slope-0.log-stream | generated | hand | 23.5 | 231.9 | 9.88x | 231.3 | 9.85x | -0.2% | 792 | 792 | 8 % | [-2.6%..+0.9%], 2 of 4 positive |  |
| fix/slope-4.log-text | generated | hand | 263.3 | 518.8 | 1.97x | 528.3 | 2.01x | +1.8% | 504 | 504 | 4 % | [-1.9%..+7.2%], 2 of 4 positive |  |
| fix/slope-4.log-bytes | generated | hand | 261.1 | 575.9 | 2.21x | 588.2 | 2.25x | +2.1% | 560 | 560 | 9 % | [+1.4%..+3.5%], 4 of 4 positive |  |
| fix/slope-4.log-stream | generated | hand | 263.9 | 1229.5 | 4.66x | 1246.7 | 4.72x | +1.4% | 1176 | 1176 | 6 % | [-0.9%..+2.9%], 3 of 4 positive |  |
| fix/slope-16.log-text | generated | hand | 965.8 | 1888.0 | 1.95x | 1891.2 | 1.96x | +0.2% | 1752 | 1752 | 7 % | [-0.4%..+4.2%], 2 of 4 positive |  |
| fix/slope-16.log-bytes | generated | hand | 981.9 | 2053.0 | 2.09x | 2073.1 | 2.11x | +1.0% | 1808 | 1808 | 7 % | [-0.1%..+1.7%], 3 of 4 positive |  |
| fix/slope-16.log-stream | generated | hand | 977.9 | 3652.0 | 3.73x | 3657.9 | 3.74x | +0.2% | 2328 | 2328 | 7 % | [-6.7%..+5.9%], 3 of 4 positive |  |
| fix/One.yield-reader | generated | hand | 200.9 | 557.6 | 2.78x | 559.0 | 2.78x | +0.3% | 856 | 856 | 26 % | [-9.4%..+1.5%], 2 of 4 positive |  |
| fix/One.yield-string | generated | hand | 79.8 | 239.6 | 3.00x | 243.0 | 3.05x | +1.4% | 272 | 272 | 85 % | [-2.7%..+6.5%], 2 of 4 positive |  |
| fix/One.yield-memory | generated | hand | 79.5 | 280.6 | 3.53x | 282.2 | 3.55x | +0.6% | 352 | 352 | 56 % | [-7.2%..+6.1%], 2 of 4 positive |  |
| fix/One.whole-stream | generated | hand | 155.2 | 222.1 | 1.43x | 232.1 | 1.49x | +4.5% | 448 | 448 | 76 % | [-4.0%..+7.2%], 3 of 4 positive |  |
| fix/One.whole-reader | generated | hand | 155.9 | 234.7 | 1.51x | 244.6 | 1.57x | +4.2% | 416 | 416 | 31 % | [+0.7%..+6.7%], 4 of 4 positive |  |
| fix/Order.yield-reader | generated | hand | 893.4 | 2910.6 | 3.26x | 2909.1 | 3.26x | -0.1% | 1680 | 1680 | 65 % | [-3.5%..+5.4%], 2 of 4 positive |  |
| fix/Order.yield-string | generated | hand | 688.3 | 2258.2 | 3.28x | 2221.1 | 3.23x | -1.6% | 1096 | 1096 | 95 % | [-5.9%..+4.3%], 2 of 4 positive |  |
| fix/Order.yield-memory | generated | hand | 688.1 | 2444.3 | 3.55x | 2497.3 | 3.63x | +2.2% | 1176 | 1176 | 89 % | [-3.0%..+3.1%], 2 of 4 positive |  |
| fix/Order.whole-stream | generated | hand | 824.5 | 919.1 | 1.11x | 930.6 | 1.13x | +1.3% | 1352 | 1352 | 3 % | [+0.4%..+10.5%], 4 of 4 positive |  |
| fix/Order.whole-reader | generated | hand | 828.3 | 948.3 | 1.14x | 949.2 | 1.15x | +0.1% | 1320 | 1320 | 4 % | [-3.4%..+7.1%], 1 of 4 positive |  |
| fix/BinaryMany.yield-reader | generated | hand | 5053.9 | 19109.6 | 3.78x | 19315.9 | 3.82x | +1.1% | 7416 | 7416 | 5 % | [-1.8%..+2.0%], 2 of 4 positive |  |
| fix/BinaryMany.yield-string | generated | hand | 3708.8 | 15767.4 | 4.25x | 15955.0 | 4.30x | +1.2% | 6832 | 6832 | 3 % | [-2.9%..+6.3%], 3 of 4 positive |  |
| fix/BinaryMany.yield-memory | generated | hand | 3718.6 | 18793.8 | 5.05x | 18414.3 | 4.95x | -2.0% | 6912 | 6912 | 3 % | [-3.8%..+3.9%], 1 of 4 positive |  |
| fix/BinaryMany.whole-stream | generated | hand | 4769.1 | 4842.3 | 1.02x | 4826.5 | 1.01x | -0.3% | 7512 | 7512 | 4 % | [-1.7%..+0.7%], 1 of 4 positive |  |
| fix/BinaryMany.whole-reader | generated | hand | 4742.4 | 5237.8 | 1.10x | 5275.5 | 1.11x | +0.7% | 7480 | 7480 | 4 % | [+0.7%..+12.1%], 4 of 4 positive |  |
| fix/Orders128.yield-reader | generated | hand | 139661.3 | 312735.9 | 2.24x | 314107.8 | 2.25x | +0.4% | 118520 | 118520 | 3 % | [-4.0%..+2.5%], 2 of 4 positive |  |
| fix/Orders128.yield-string | generated | hand | 83042.1 | 273889.6 | 3.30x | 273166.5 | 3.29x | -0.3% | 117936 | 117936 | 5 % | [-3.2%..+3.3%], 1 of 4 positive |  |
| fix/Orders128.yield-memory | generated | hand | 82410.9 | 298205.2 | 3.62x | 303139.3 | 3.68x | +1.7% | 118016 | 118016 | 1 % | [-3.2%..+5.5%], 2 of 4 positive |  |
| fix/Orders128.whole-stream | generated | hand | 119007.4 | 90186.8 | 0.76x | 90499.3 | 0.76x | +0.3% | 129368 | 129368 | 3 % | [-2.8%..+1.8%], 1 of 4 positive |  |
| fix/Orders128.whole-reader | generated | hand | 118994.9 | 92951.6 | 0.78x | 90949.6 | 0.76x | -2.2% | 129336 | 129336 | 4 % | [-3.5%..+0.3%], 1 of 4 positive |  |
| fix/slope-0.yield-reader | generated | hand | 137.7 | 249.2 | 1.81x | 245.1 | 1.78x | -1.7% | 760 | 760 | 18 % | [-2.7%..+3.8%], 2 of 4 positive |  |
| fix/slope-0.yield-string | generated | hand | 23.3 | 52.9 | 2.28x | 53.4 | 2.29x | +0.8% | 176 | 176 | 11 % | [-0.1%..+1.6%], 3 of 4 positive |  |
| fix/slope-0.yield-memory | generated | hand | 23.2 | 65.2 | 2.82x | 66.4 | 2.87x | +1.8% | 256 | 256 | 10 % | [+0.9%..+2.6%], 4 of 4 positive |  |
| fix/slope-0.whole-stream | generated | hand | 89.6 | 146.0 | 1.63x | 144.6 | 1.61x | -1.0% | 320 | 320 | 10 % | [-1.6%..+1.7%], 2 of 4 positive |  |
| fix/slope-0.whole-reader | generated | hand | 89.6 | 155.7 | 1.74x | 156.3 | 1.74x | +0.3% | 288 | 288 | 7 % | [-1.2%..+1.2%], 2 of 4 positive |  |
| fix/slope-16.yield-reader | generated | hand | 1183.6 | 3706.5 | 3.13x | 3646.8 | 3.08x | -1.6% | 2296 | 2296 | 2 % | [-4.9%..+1.8%], 1 of 4 positive |  |
| fix/slope-16.yield-string | generated | hand | 884.2 | 2954.3 | 3.34x | 2974.9 | 3.36x | +0.7% | 1712 | 1712 | 93 % | [-3.6%..+3.4%], 2 of 4 positive |  |
| fix/slope-16.yield-memory | generated | hand | 885.0 | 3269.0 | 3.69x | 3348.2 | 3.78x | +2.4% | 1792 | 1792 | 92 % | [-0.8%..+8.6%], 3 of 4 positive |  |
| fix/slope-16.whole-stream | generated | hand | 1084.7 | 1080.2 | 1.00x | 1087.7 | 1.00x | +0.7% | 2008 | 2008 | 96 % | [-0.1%..+2.8%], 3 of 4 positive |  |
| fix/slope-16.whole-reader | generated | hand | 1080.0 | 1116.3 | 1.03x | 1129.9 | 1.05x | +1.2% | 1976 | 1976 | 95 % | [-1.4%..+4.7%], 3 of 4 positive |  |
| feeds/stock-count.small.text | generated | hand | 170.3 | 226.4 | 1.33x | 230.6 | 1.35x | +1.8% | 608 | 608 | 4 % | [-0.1%..+2.5%], 3 of 4 positive |  |
| feeds/stock-count.small.reader | generated | hand | 358.5 | 416.2 | 1.16x | 417.2 | 1.16x | +0.2% | 784 | 784 | 5 % | [-1.6%..+4.2%], 2 of 4 positive |  |
| feeds/stock-count.small.reader64 | generated | hand | 332.5 | 415.2 | 1.25x | 422.3 | 1.27x | +1.7% | 832 | 832 | 10 % | [-2.7%..+3.5%], 2 of 4 positive |  |
| feeds/stock-count.good.text | generated | hand | 37059.1 | 28760.4 | 0.78x | 29060.1 | 0.78x | +1.0% | 111312 | 111403 | 5 % | [-3.5%..+1.4%], 3 of 4 positive | -0.8% [-1.0%..+0.0%], 1 of 4 positive |
| feeds/stock-count.good.reader | generated | hand | 70913.5 | 41405.4 | 0.58x | 41156.2 | 0.58x | -0.6% | 111488 | 111488 | 68 % | [-1.1%..+0.8%], 1 of 4 positive |  |
| feeds/stock-count.good.reader64 | generated | hand | 86971.3 | 46353.8 | 0.53x | 45718.8 | 0.53x | -1.4% | 111536 | 111536 | 70 % | [-2.7%..-0.1%], 0 of 4 positive |  |
| feeds/stock-count.broken.text | generated | hand | 36939.1 | 33066.9 | 0.90x | 32947.0 | 0.89x | -0.4% | 107408 | 107499 | 39 % | [-2.0%..+10.7%], 2 of 4 positive |  |
| feeds/stock-count.broken.reader | generated | hand | 68335.2 | 42507.0 | 0.62x | 42550.4 | 0.62x | +0.1% | 107584 | 107630 | 30 % | [-2.6%..+0.7%], 1 of 4 positive |  |
| feeds/stock-count.broken.reader64 | generated | hand | 83568.9 | 47051.5 | 0.56x | 47399.6 | 0.57x | +0.7% | 107632 | 107632 | 48 % | [-0.8%..+9.2%], 2 of 4 positive |  |
| feeds/recovering.good | generated | control | 66306.3 | 67002.4 | 1.01x | 65641.7 | 0.99x | -2.0% | 240352 | 240352 | 73 % | [-2.3%..+1.0%], 2 of 4 positive |  |
| feeds/recovering.broken | generated | control | 70972.8 | 73730.8 | 1.04x | 71049.3 | 1.00x | -3.6% | 241920 | 241920 | 53 % | [-3.8%..+5.2%], 1 of 4 positive |  |
| web/url.plain | generated | hand | 97.0 | 225.2 | 2.32x | 223.6 | 2.30x | -0.7% | 360 | 360 | 83 % | [-4.3%..+1.4%], 3 of 4 positive |  |
| web/url.full | generated | hand | 171.3 | 298.0 | 1.74x | 288.7 | 1.69x | -3.1% | 536 | 536 | 33 % | [-14.5%..-0.4%], 0 of 4 positive | -0.8% [-3.5%..+4.1%], 2 of 4 positive |
| web/url.ipv4 | generated | hand | 111.3 | 240.0 | 2.16x | 230.3 | 2.07x | -4.1% | 384 | 384 | 22 % | [-5.4%..-1.5%], 0 of 4 positive |  |
| web/url.long-path | generated | hand | 175.7 | 419.6 | 2.39x | 415.3 | 2.36x | -1.0% | 512 | 512 | 64 % | [-1.5%..+28.0%], 2 of 4 positive |  |
| web/url.refused | generated | hand | 68.2 | 260.6 | 3.82x | 252.8 | 3.71x | -3.0% | 64 | 64 | 5 % | [-6.4%..+0.6%], 1 of 4 positive |  |
| web/url.relative | generated | hand | 75.3 | 182.2 | 2.42x | 184.3 | 2.45x | +1.1% | 312 | 312 | 6 % | [-1.1%..+6.8%], 3 of 4 positive |  |
| web/url.relative-dot-colon | generated | hand | 62.6 | 160.4 | 2.56x | 158.9 | 2.54x | -0.9% | 280 | 280 | 4 % | [-1.8%..+1.9%], 2 of 4 positive |  |
| web/url.relative-letters | generated | hand | 108.4 | 211.1 | 1.95x | 212.4 | 1.96x | +0.6% | 312 | 312 | 10 % | [-0.7%..+5.6%], 2 of 4 positive |  |
| web/json.object | generated | hand | 587.4 | 928.8 | 1.58x | 946.6 | 1.61x | +1.9% | 2584 | 2584 | 6 % | [+0.0%..+4.0%], 3 of 4 positive | -0.5% [-1.7%..+2.6%], 2 of 4 positive |
| web/json.array | generated | hand | 588.5 | 736.7 | 1.25x | 749.1 | 1.27x | +1.7% | 2400 | 2400 | 5 % | [-0.6%..+3.0%], 3 of 4 positive |  |
| web/cookie.full | generated | control | 305.9 | 343.7 | 1.12x | 344.5 | 1.13x | +0.2% | 2136 | 2136 | 97 % | [-2.0%..+1.1%], 2 of 4 positive |  |
| web/cookie.short | generated | control | 52.7 | 82.0 | 1.56x | 81.9 | 1.55x | -0.1% | 336 | 336 | 91 % | [-0.5%..+0.4%], 3 of 4 positive | +0.3% [+0.2%..+0.6%], 4 of 4 positive |
| web/pointer.full | generated | control | 205.1 | 204.2 | 1.00x | 204.2 | 1.00x | 0.0% | 440 | 440 | 88 % | [-1.0%..+1.7%], 2 of 4 positive |  |
| web/pointer.short | generated | control | 37.0 | 66.8 | 1.81x | 66.0 | 1.78x | -1.2% | 144 | 144 | 84 % | [-1.5%..+1.6%], 2 of 4 positive |  |
| web/media-type.plain | generated | control | 165.6 | 202.5 | 1.22x | 205.8 | 1.24x | +1.6% | 448 | 448 | 95 % | [-3.3%..+4.0%], 3 of 4 positive | +0.3% [-1.8%..+10.7%], 2 of 4 positive |
| web/media-type.quoted | generated | control | 255.4 | 294.2 | 1.15x | 304.5 | 1.19x | +3.5% | 816 | 816 | 106 % | [+1.4%..+6.0%], 4 of 4 positive |  |
| web/media-type.refused | generated | control | 62.4 | 95.8 | 1.54x | 95.9 | 1.54x | 0.0% | 64 | 64 | 46 % | [-0.3%..+12.1%], 3 of 4 positive |  |
| web/addr-spec.plain | generated | control | 89.3 | 118.9 | 1.33x | 119.4 | 1.34x | +0.4% | 176 | 176 | 1 % | [-1.1%..+2.1%], 3 of 4 positive |  |
| web/addr-spec.refused | generated | control | 44.7 | 79.6 | 1.78x | 79.3 | 1.77x | -0.4% | 64 | 64 | 3 % | [-2.5%..+5.9%], 2 of 4 positive |  |
| web/date-time.utc | generated | control | 50.7 | 69.7 | 1.38x | 71.2 | 1.40x | +2.1% | 176 | 176 | 3 % | [+0.5%..+11.2%], 4 of 4 positive |  |
| web/date-time.offset | generated | control | 77.9 | 97.8 | 1.26x | 99.4 | 1.28x | +1.7% | 208 | 208 | 2 % | [+0.4%..+7.7%], 4 of 4 positive |  |
| web/language-tag.plain | generated | control | 116.9 | 160.1 | 1.37x | 159.7 | 1.37x | -0.2% | 360 | 360 | 9 % | [-6.1%..+7.7%], 2 of 4 positive |  |
| web/language-tag.full | generated | control | 435.4 | 484.3 | 1.11x | 488.0 | 1.12x | +0.8% | 720 | 720 | 9 % | [-1.5%..+2.7%], 3 of 4 positive |  |
| web/language-tag.refused | generated | control | 111.9 | 155.4 | 1.39x | 151.2 | 1.35x | -2.7% | 64 | 64 | 7 % | [-8.2%..+0.1%], 1 of 4 positive |  |
| web/date-time.refused | generated | control | 36.2 | 55.0 | 1.52x | 56.5 | 1.56x | +2.6% | 96 | 96 | 4 % | [-0.3%..+51.5%], 2 of 4 positive |  |
| web/content-disposition.full | generated | control | 435.3 | 480.0 | 1.10x | 474.5 | 1.09x | -1.2% | 1680 | 1680 | 6 % | [-6.4%..+1.7%], 1 of 4 positive |  |
| web/content-disposition.refused | generated | control | 27.4 | 60.5 | 2.21x | 60.8 | 2.22x | +0.4% | 64 | 64 | 3 % | [-0.5%..+1.4%], 3 of 4 positive |  |
| web/uri-template.full | generated | control | 767.5 | 792.8 | 1.03x | 805.5 | 1.05x | +1.6% | 1088 | 1088 | 83 % | [+0.7%..+4.0%], 4 of 4 positive |  |
| web/uri-template.refused | generated | control | 3598378825.0 | 3542100100.0 | 0.98x | 3571388900.0 | 0.99x | +0.8% | 64 | 64 | 2 % | [-1.2%..+2.2%], 2 of 4 positive |  |
| web/json-patch.full | generated | control | 1327.5 | 1398.1 | 1.05x | 1396.6 | 1.05x | -0.1% | 4552 | 4552 | 2 % | [-0.6%..+3.2%], 2 of 4 positive |  |
| web/forwarded.full | generated | control | 1594.7 | 1623.4 | 1.02x | 1613.6 | 1.01x | -0.6% | 2648 | 2648 | 4 % | [-2.7%..+1.6%], 1 of 4 positive |  |
| web/forwarded.refused | generated | control | 112.0 | 140.3 | 1.25x | 141.1 | 1.26x | +0.5% | 328 | 328 | 5 % | [-7.3%..+7.5%], 3 of 4 positive |  |
| web/link.full | generated | control | 1333.1 | 1397.3 | 1.05x | 1407.8 | 1.06x | +0.7% | 2968 | 2968 | 8 % | [-1.5%..+1.5%], 2 of 4 positive |  |
| web/link.refused | generated | control | 36.7 | 66.0 | 1.80x | 65.7 | 1.79x | -0.4% | 64 | 64 | 9 % | [-1.2%..+3.6%], 1 of 4 positive |  |
| web/cookie.refused | generated | control | 27.1 | 53.8 | 1.99x | 53.9 | 1.99x | +0.3% | 136 | 136 | 2 % | [-0.3%..+0.6%], 2 of 4 positive |  |
| web/sf.item | generated | control | 266.0 | 300.3 | 1.13x | 301.3 | 1.13x | +0.3% | 800 | 800 | 9 % | [-2.9%..+2.6%], 2 of 4 positive |  |
| web/sf.list | generated | control | 1192.5 | 1254.3 | 1.05x | 1247.0 | 1.05x | -0.6% | 3064 | 3064 | 2 % | [-0.6%..+2.1%], 1 of 4 positive |  |
| web/sf.dictionary | generated | control | 1212.4 | 1257.5 | 1.04x | 1252.8 | 1.03x | -0.4% | 3280 | 3280 | 5 % | [-3.4%..+3.9%], 2 of 4 positive |  |

Written to T:\TEMP\dotgram-stand\w79\pair
