=== run 1 of 5, 22:30:46
97 rows, every reading agreeing. Timing 8 rounds.
fix/One.text           hand      112.2 ns before      128.2 ns after      129.0 ns  before/hand 1.14x  after/hand 1.15x
fix/One.bytes          hand      115.5 ns before      216.3 ns after      215.8 ns  before/hand 1.87x  after/hand 1.87x
fix/One.stream         hand      188.0 ns before      466.7 ns after      477.8 ns  before/hand 2.48x  after/hand 2.54x
  fix/Order.text: 1 round(s) redone after a gen1/gen2 collection
fix/Order.text         hand     1023.2 ns before     1066.7 ns after     1063.0 ns  before/hand 1.04x  after/hand 1.04x
fix/Order.bytes        hand     1044.9 ns before     2002.3 ns after     2015.4 ns  before/hand 1.92x  after/hand 1.93x
  fix/Order.stream: 1 round(s) redone after a gen1/gen2 collection
fix/Order.stream       hand     1151.6 ns before     2372.5 ns after     2393.0 ns  before/hand 2.06x  after/hand 2.08x
fix/BinaryMany.text    hand     5619.2 ns before     5100.6 ns after     5067.1 ns  before/hand 0.91x  after/hand 0.90x
fix/BinaryMany.bytes   hand     5674.6 ns before     8727.6 ns after     8740.2 ns  before/hand 1.54x  after/hand 1.54x
fix/BinaryMany.stream  hand     6564.0 ns before     9465.0 ns after     9501.3 ns  before/hand 1.44x  after/hand 1.45x
fix/Orders128.text     hand   124039.7 ns before   128239.8 ns after   127078.9 ns  before/hand 1.03x  after/hand 1.02x
fix/Orders128.bytes    hand   125615.5 ns before   245582.7 ns after   245580.4 ns  before/hand 1.96x  after/hand 1.96x
  fix/Orders128.stream: 1 round(s) redone after a gen1/gen2 collection
fix/Orders128.stream   hand   164351.4 ns before   258501.0 ns after   260908.4 ns  before/hand 1.57x  after/hand 1.59x
fix/OrderMalformed.text hand     1016.7 ns before     1054.3 ns after     1061.6 ns  before/hand 1.04x  after/hand 1.04x
fix/OrderMalformed.bytes hand     1043.3 ns before     1977.0 ns after     1981.5 ns  before/hand 1.89x  after/hand 1.90x
  fix/OrderMalformed.stream: 1 round(s) redone after a gen1/gen2 collection
fix/OrderMalformed.stream hand     1135.2 ns before     2338.5 ns after     2366.0 ns  before/hand 2.06x  after/hand 2.08x
fix/slope-0.text       hand       40.4 ns before       41.3 ns after       41.0 ns  before/hand 1.02x  after/hand 1.01x
fix/slope-1.text       hand      133.1 ns before      130.9 ns after      132.0 ns  before/hand 0.98x  after/hand 0.99x
fix/slope-2.text       hand      232.8 ns before      215.2 ns after      217.9 ns  before/hand 0.92x  after/hand 0.94x
fix/slope-4.text       hand      403.2 ns before      373.5 ns after      377.8 ns  before/hand 0.93x  after/hand 0.94x
fix/slope-8.text       hand      737.6 ns before      687.1 ns after      697.0 ns  before/hand 0.93x  after/hand 0.94x
fix/slope-16.text      hand     1490.9 ns before     1300.9 ns after     1320.7 ns  before/hand 0.87x  after/hand 0.89x
fix/slope-0.bytes      hand       51.4 ns before       61.3 ns after       61.1 ns  before/hand 1.19x  after/hand 1.19x
fix/slope-1.bytes      hand      146.7 ns before      217.3 ns after      215.7 ns  before/hand 1.48x  after/hand 1.47x
fix/slope-2.bytes      hand      249.5 ns before      366.3 ns after      366.2 ns  before/hand 1.47x  after/hand 1.47x
fix/slope-4.bytes      hand      427.4 ns before      653.0 ns after      651.0 ns  before/hand 1.53x  after/hand 1.52x
fix/slope-8.bytes      hand      772.6 ns before     1226.4 ns after     1226.0 ns  before/hand 1.59x  after/hand 1.59x
fix/slope-16.bytes     hand     1548.9 ns before     2353.2 ns after     2364.5 ns  before/hand 1.52x  after/hand 1.53x
fix/slope-0.stream     hand      111.8 ns before      273.2 ns after      283.0 ns  before/hand 2.44x  after/hand 2.53x
fix/slope-1.stream     hand      217.2 ns before      466.7 ns after      478.2 ns  before/hand 2.15x  after/hand 2.20x
  fix/slope-2.stream: 1 round(s) redone after a gen1/gen2 collection
fix/slope-2.stream     hand      322.7 ns before      632.9 ns after      647.5 ns  before/hand 1.96x  after/hand 2.01x
fix/slope-4.stream     hand      541.1 ns before      935.9 ns after      941.0 ns  before/hand 1.73x  after/hand 1.74x
fix/slope-8.stream     hand      917.3 ns before     1531.8 ns after     1545.1 ns  before/hand 1.67x  after/hand 1.68x
fix/slope-16.stream    hand     1717.2 ns before     2722.9 ns after     2716.9 ns  before/hand 1.59x  after/hand 1.58x
fix/orders400.text     hand   388714.5 ns before   403819.9 ns after   398626.2 ns  before/hand 1.04x  after/hand 1.03x
fix/slope-1600.text    hand   126569.4 ns before   122414.8 ns after   124633.8 ns  before/hand 0.97x  after/hand 0.98x
tsql/columns1000       scriptdom  2722918.8 ns before   229731.2 ns after   227034.4 ns  before/scriptdom 0.08x  after/scriptdom 0.08x
sql/select20.at        hand     8515.0 ns before    22536.9 ns after    22625.4 ns  before/hand 2.65x  after/hand 2.66x
sql/select20.window    hand     8306.2 ns before    22423.5 ns after    22818.0 ns  before/hand 2.70x  after/hand 2.75x
sql/select20.scan      control      380.4 ns before      378.6 ns after      380.2 ns  before/control 1.00x  after/control 1.00x
tsql/select20.scan     control      377.8 ns before      381.2 ns after      376.7 ns  before/control 1.01x  after/control 1.00x
el/ladder.scan         control      137.6 ns before      137.2 ns after      136.9 ns  before/control 1.00x  after/control 0.99x
fix/Order.span         hand      990.9 ns before      927.0 ns after      909.6 ns  before/hand 0.94x  after/hand 0.92x
fix/One.log-text       hand      121.9 ns before      217.5 ns after      140.4 ns  before/hand 1.78x  after/hand 1.15x
  fix/One.log-bytes: 1 round(s) redone after a gen1/gen2 collection
fix/One.log-bytes      hand      121.6 ns before      341.3 ns after      250.9 ns  before/hand 2.81x  after/hand 2.06x
fix/One.log-stream     hand      121.8 ns before      651.8 ns after      541.2 ns  before/hand 5.35x  after/hand 4.44x
  fix/Order.log-text: 1 round(s) redone after a gen1/gen2 collection
fix/Order.log-text     hand     1069.1 ns before     1822.2 ns after     1192.5 ns  before/hand 1.70x  after/hand 1.12x
fix/Order.log-bytes    hand     1070.1 ns before     3199.9 ns after     2531.9 ns  before/hand 2.99x  after/hand 2.37x
  fix/Order.log-stream: 1 round(s) redone after a gen1/gen2 collection
fix/Order.log-stream   hand     1068.0 ns before     4054.8 ns after     2940.2 ns  before/hand 3.80x  after/hand 2.75x
fix/Orders128.log-text hand   130761.0 ns before   221501.8 ns after   143663.5 ns  before/hand 1.69x  after/hand 1.10x
  fix/Orders128.log-bytes: 1 round(s) redone after a gen1/gen2 collection
fix/Orders128.log-bytes hand   131174.3 ns before   391993.0 ns after   311248.4 ns  before/hand 2.99x  after/hand 2.37x
fix/Orders128.log-stream hand   132413.1 ns before   467364.3 ns after   328492.9 ns  before/hand 3.53x  after/hand 2.48x
  fix/slope-0.log-text: 1 round(s) redone after a gen1/gen2 collection
fix/slope-0.log-text   hand       32.8 ns before       85.3 ns after       41.0 ns  before/hand 2.60x  after/hand 1.25x
fix/slope-0.log-bytes  hand       32.7 ns before       98.9 ns after       61.2 ns  before/hand 3.03x  after/hand 1.87x
  fix/slope-0.log-stream: 1 round(s) redone after a gen1/gen2 collection
fix/slope-0.log-stream hand       32.6 ns before      278.6 ns after      291.4 ns  before/hand 8.54x  after/hand 8.93x
fix/slope-4.log-text   hand      379.7 ns before      637.6 ns after      416.7 ns  before/hand 1.68x  after/hand 1.10x
fix/slope-4.log-bytes  hand      380.7 ns before     1088.4 ns after      800.9 ns  before/hand 2.86x  after/hand 2.10x
  fix/slope-4.log-stream: 1 round(s) redone after a gen1/gen2 collection
fix/slope-4.log-stream hand      382.7 ns before     1532.5 ns after     1134.1 ns  before/hand 4.00x  after/hand 2.96x
fix/slope-16.log-text  hand     1446.5 ns before     2238.6 ns after     1457.2 ns  before/hand 1.55x  after/hand 1.01x
fix/slope-16.log-bytes hand     1457.2 ns before     3931.6 ns after     2949.1 ns  before/hand 2.70x  after/hand 2.02x
  fix/slope-16.log-stream: 1 round(s) redone after a gen1/gen2 collection
fix/slope-16.log-stream hand     1445.9 ns before     4847.9 ns after     3357.2 ns  before/hand 3.35x  after/hand 2.32x
el/ladder.bool         hand     1452.4 ns before     2509.8 ns after     2542.1 ns  before/hand 1.73x  after/hand 1.75x
sql/select20.bool      hand     8355.0 ns before    22294.8 ns after    22708.3 ns  before/hand 2.67x  after/hand 2.72x
  fix/One.yield-reader: 1 round(s) redone after a gen1/gen2 collection
fix/One.yield-reader   hand      225.2 ns before      469.1 ns after      487.8 ns  before/hand 2.08x  after/hand 2.17x
fix/One.yield-string   hand      117.1 ns before      266.7 ns after      267.4 ns  before/hand 2.28x  after/hand 2.28x
  fix/One.yield-memory: 1 round(s) redone after a gen1/gen2 collection
fix/One.yield-memory   hand      117.6 ns before      216.3 ns after      216.3 ns  before/hand 1.84x  after/hand 1.84x
fix/One.whole-stream   hand      185.7 ns before      359.1 ns after      362.7 ns  before/hand 1.93x  after/hand 1.95x
fix/One.whole-reader   hand      189.1 ns before      371.4 ns after      366.0 ns  before/hand 1.96x  after/hand 1.94x
  fix/Order.yield-reader: 1 round(s) redone after a gen1/gen2 collection
fix/Order.yield-reader hand     1240.8 ns before     2391.7 ns after     2389.5 ns  before/hand 1.93x  after/hand 1.93x
fix/Order.yield-string hand     1035.5 ns before     2566.9 ns after     2606.2 ns  before/hand 2.48x  after/hand 2.52x
fix/Order.yield-memory hand     1021.7 ns before     2041.9 ns after     2050.6 ns  before/hand 2.00x  after/hand 2.01x
fix/Order.whole-stream hand     1147.2 ns before     2166.7 ns after     2187.7 ns  before/hand 1.89x  after/hand 1.91x
fix/Order.whole-reader hand     1152.7 ns before     2179.2 ns after     2162.9 ns  before/hand 1.89x  after/hand 1.88x
fix/BinaryMany.yield-reader hand     6934.8 ns before     9622.4 ns after     9693.2 ns  before/hand 1.39x  after/hand 1.40x
fix/BinaryMany.yield-string hand     5618.5 ns before    18002.4 ns after    17583.7 ns  before/hand 3.20x  after/hand 3.13x
  fix/BinaryMany.yield-memory: 1 round(s) redone after a gen1/gen2 collection
fix/BinaryMany.yield-memory hand     5630.0 ns before     8959.9 ns after     8933.5 ns  before/hand 1.59x  after/hand 1.59x
fix/BinaryMany.whole-stream hand     6515.4 ns before     8899.1 ns after     8945.1 ns  before/hand 1.37x  after/hand 1.37x
fix/BinaryMany.whole-reader hand     6517.6 ns before     9055.4 ns after     9098.6 ns  before/hand 1.39x  after/hand 1.40x
  fix/Orders128.yield-reader: 1 round(s) redone after a gen1/gen2 collection
fix/Orders128.yield-reader hand   181993.8 ns before   260016.2 ns after   257618.6 ns  before/hand 1.43x  after/hand 1.42x
fix/Orders128.yield-string hand   124571.0 ns before   317890.4 ns after   319074.9 ns  before/hand 2.55x  after/hand 2.56x
fix/Orders128.yield-memory hand   124240.0 ns before   252506.2 ns after   253243.9 ns  before/hand 2.03x  after/hand 2.04x
fix/Orders128.whole-stream hand   164390.4 ns before   247011.3 ns after   245968.4 ns  before/hand 1.50x  after/hand 1.50x
fix/Orders128.whole-reader hand   162677.7 ns before   245880.5 ns after   244559.4 ns  before/hand 1.51x  after/hand 1.50x
  fix/slope-0.yield-reader: 1 round(s) redone after a gen1/gen2 collection
fix/slope-0.yield-reader hand      137.8 ns before      289.8 ns after      290.8 ns  before/hand 2.10x  after/hand 2.11x
fix/slope-0.yield-string hand       32.8 ns before       54.3 ns after       54.4 ns  before/hand 1.65x  after/hand 1.66x
fix/slope-0.yield-memory hand       32.9 ns before       69.0 ns after       68.8 ns  before/hand 2.10x  after/hand 2.09x
fix/slope-0.whole-stream hand       91.8 ns before      182.7 ns after      181.3 ns  before/hand 1.99x  after/hand 1.97x
fix/slope-0.whole-reader hand       92.4 ns before      194.7 ns after      194.9 ns  before/hand 2.11x  after/hand 2.11x
fix/slope-16.yield-reader hand     1638.7 ns before     2662.9 ns after     2724.4 ns  before/hand 1.63x  after/hand 1.66x
  fix/slope-16.yield-string: 1 round(s) redone after a gen1/gen2 collection
fix/slope-16.yield-string hand     1385.2 ns before     3520.6 ns after     3550.8 ns  before/hand 2.54x  after/hand 2.56x
fix/slope-16.yield-memory hand     1395.4 ns before     2397.3 ns after     2395.7 ns  before/hand 1.72x  after/hand 1.72x
fix/slope-16.whole-stream hand     1583.7 ns before     2508.8 ns after     2525.7 ns  before/hand 1.58x  after/hand 1.59x
  fix/slope-16.whole-reader: 1 round(s) redone after a gen1/gen2 collection
fix/slope-16.whole-reader hand     1584.8 ns before     2489.3 ns after     2512.7 ns  before/hand 1.57x  after/hand 1.59x
web/url.full           hand      285.8 ns before      357.7 ns after      361.0 ns  before/hand 1.25x  after/hand 1.26x
el/ladder              hand     1444.7 ns before     2513.5 ns after     2548.8 ns before-immediate     1886.4 ns after-immediate     1862.2 ns  before/hand 1.74x  after/hand 1.76x  before-immediate/hand 1.31x  after-immediate/hand 1.29x
el/string              hand      394.9 ns before     1099.6 ns after     1106.9 ns before-immediate      793.7 ns after-immediate      768.5 ns  before/hand 2.78x  after/hand 2.80x  before-immediate/hand 2.01x  after-immediate/hand 1.95x
  sql/column: 1 round(s) redone after a gen1/gen2 collection
sql/column             hand      169.6 ns before      442.1 ns after      436.8 ns  before/hand 2.61x  after/hand 2.58x
sql/select20           hand     8344.6 ns before    22479.5 ns after    22827.3 ns  before/hand 2.69x  after/hand 2.74x

# Paired stand, 2026-09-19 22:36

IGOR-DESKTOP, pinned to 0-15, high priority, control 30.9 ns.

The base of a row is what every ratio is over, and its name says what it is: `hand` is a hand-written parser (`DotGram.Handwritten`), `scriptdom` is Microsoft's parser, and `control` is this process's own build of the same generated parser, held constant so that the two sides are compared and nothing is claimed against a hand-written one.

| row | reading | base | base ns | before ns | before/base | after ns | after/base | change | before B | after B |
| --- | --- | --- | ---: | ---: | ---: | ---: | ---: | ---: | ---: | ---: |
| fix/One.text | generated | hand | 112.2 | 128.2 | 1.14x | 129.0 | 1.15x | +0.6% | 192 | 192 |
| fix/One.bytes | generated | hand | 115.5 | 216.3 | 1.87x | 215.8 | 1.87x | -0.2% | 248 | 248 |
| fix/One.stream | generated | hand | 188.0 | 466.7 | 2.48x | 477.8 | 2.54x | +2.4% | 888 | 888 |
| fix/Order.text | generated | hand | 1023.2 | 1066.7 | 1.04x | 1063.0 | 1.04x | -0.3% | 1096 | 1096 |
| fix/Order.bytes | generated | hand | 1044.9 | 2002.3 | 1.92x | 2015.4 | 1.93x | +0.7% | 1152 | 1152 |
| fix/Order.stream | generated | hand | 1151.6 | 2372.5 | 2.06x | 2393.0 | 2.08x | +0.9% | 1712 | 1712 |
| fix/BinaryMany.text | generated | hand | 5619.2 | 5100.6 | 0.91x | 5067.1 | 0.90x | -0.7% | 7256 | 7256 |
| fix/BinaryMany.bytes | generated | hand | 5674.6 | 8727.6 | 1.54x | 8740.2 | 1.54x | +0.1% | 7312 | 7312 |
| fix/BinaryMany.stream | generated | hand | 6564.0 | 9465.0 | 1.44x | 9501.3 | 1.45x | +0.4% | 7448 | 7448 |
| fix/Orders128.text | generated | hand | 124039.7 | 128239.8 | 1.03x | 127078.9 | 1.02x | -0.9% | 129112 | 129112 |
| fix/Orders128.bytes | generated | hand | 125615.5 | 245582.7 | 1.96x | 245580.4 | 1.96x | 0.0% | 129168 | 129168 |
| fix/Orders128.stream | generated | hand | 164351.4 | 258501.0 | 1.57x | 260908.4 | 1.59x | +0.9% | 118552 | 118552 |
| fix/OrderMalformed.text | generated | hand | 1016.7 | 1054.3 | 1.04x | 1061.6 | 1.04x | +0.7% | 1248 | 1248 |
| fix/OrderMalformed.bytes | generated | hand | 1043.3 | 1977.0 | 1.89x | 1981.5 | 1.90x | +0.2% | 1304 | 1304 |
| fix/OrderMalformed.stream | generated | hand | 1135.2 | 2338.5 | 2.06x | 2366.0 | 2.08x | +1.2% | 1864 | 1864 |
| fix/slope-0.text | generated | hand | 40.4 | 41.3 | 1.02x | 41.0 | 1.01x | -0.6% | 64 | 64 |
| fix/slope-1.text | generated | hand | 133.1 | 130.9 | 0.98x | 132.0 | 0.99x | +0.8% | 192 | 192 |
| fix/slope-2.text | generated | hand | 232.8 | 215.2 | 0.92x | 217.9 | 0.94x | +1.3% | 296 | 296 |
| fix/slope-4.text | generated | hand | 403.2 | 373.5 | 0.93x | 377.8 | 0.94x | +1.1% | 504 | 504 |
| fix/slope-8.text | generated | hand | 737.6 | 687.1 | 0.93x | 697.0 | 0.94x | +1.4% | 920 | 920 |
| fix/slope-16.text | generated | hand | 1490.9 | 1300.9 | 0.87x | 1320.7 | 0.89x | +1.5% | 1752 | 1752 |
| fix/slope-0.bytes | generated | hand | 51.4 | 61.3 | 1.19x | 61.1 | 1.19x | -0.3% | 120 | 120 |
| fix/slope-1.bytes | generated | hand | 146.7 | 217.3 | 1.48x | 215.7 | 1.47x | -0.8% | 248 | 248 |
| fix/slope-2.bytes | generated | hand | 249.5 | 366.3 | 1.47x | 366.2 | 1.47x | 0.0% | 352 | 352 |
| fix/slope-4.bytes | generated | hand | 427.4 | 653.0 | 1.53x | 651.0 | 1.52x | -0.3% | 560 | 560 |
| fix/slope-8.bytes | generated | hand | 772.6 | 1226.4 | 1.59x | 1226.0 | 1.59x | 0.0% | 976 | 976 |
| fix/slope-16.bytes | generated | hand | 1548.9 | 2353.2 | 1.52x | 2364.5 | 1.53x | +0.5% | 1808 | 1808 |
| fix/slope-0.stream | generated | hand | 111.8 | 273.2 | 2.44x | 283.0 | 2.53x | +3.6% | 792 | 792 |
| fix/slope-1.stream | generated | hand | 217.2 | 466.7 | 2.15x | 478.2 | 2.20x | +2.5% | 888 | 888 |
| fix/slope-2.stream | generated | hand | 322.7 | 632.9 | 1.96x | 647.5 | 2.01x | +2.3% | 984 | 984 |
| fix/slope-4.stream | generated | hand | 541.1 | 935.9 | 1.73x | 941.0 | 1.74x | +0.5% | 1176 | 1176 |
| fix/slope-8.stream | generated | hand | 917.3 | 1531.8 | 1.67x | 1545.1 | 1.68x | +0.9% | 1560 | 1560 |
| fix/slope-16.stream | generated | hand | 1717.2 | 2722.9 | 1.59x | 2716.9 | 1.58x | -0.2% | 2328 | 2328 |
| fix/orders400.text | generated | hand | 388714.5 | 403819.9 | 1.04x | 398626.2 | 1.03x | -1.3% | 403288 | 403288 |
| fix/slope-1600.text | generated | hand | 126569.4 | 122414.8 | 0.97x | 124633.8 | 0.98x | +1.8% | 166488 | 166488 |
| tsql/columns1000 | generated | scriptdom | 2722918.8 | 229731.2 | 0.08x | 227034.4 | 0.08x | -1.2% | 200489 | 200464 |
| sql/select20.at | generated | hand | 8515.0 | 22536.9 | 2.65x | 22625.4 | 2.66x | +0.4% | 21441 | 21441 |
| sql/select20.window | generated | hand | 8306.2 | 22423.5 | 2.70x | 22818.0 | 2.75x | +1.8% | 21441 | 21441 |
| sql/select20.scan | generated | control | 380.4 | 378.6 | 1.00x | 380.2 | 1.00x | +0.4% | 0 | 0 |
| tsql/select20.scan | generated | control | 377.8 | 381.2 | 1.01x | 376.7 | 1.00x | -1.2% | 0 | 0 |
| el/ladder.scan | generated | control | 137.6 | 137.2 | 1.00x | 136.9 | 0.99x | -0.2% | 0 | 0 |
| fix/Order.span | generated | hand | 990.9 | 927.0 | 0.94x | 909.6 | 0.92x | -1.9% | 1008 | 1008 |
| fix/One.log-text | generated | hand | 121.9 | 217.5 | 1.78x | 140.4 | 1.15x | -35.4% | 192 | 192 |
| fix/One.log-bytes | generated | hand | 121.6 | 341.3 | 2.81x | 250.9 | 2.06x | -26.5% | 248 | 248 |
| fix/One.log-stream | generated | hand | 121.8 | 651.8 | 5.35x | 541.2 | 4.44x | -17.0% | 888 | 888 |
| fix/Order.log-text | generated | hand | 1069.1 | 1822.2 | 1.70x | 1192.5 | 1.12x | -34.6% | 1096 | 1096 |
| fix/Order.log-bytes | generated | hand | 1070.1 | 3199.9 | 2.99x | 2531.9 | 2.37x | -20.9% | 1152 | 1152 |
| fix/Order.log-stream | generated | hand | 1068.0 | 4054.8 | 3.80x | 2940.2 | 2.75x | -27.5% | 1712 | 1712 |
| fix/Orders128.log-text | generated | hand | 130761.0 | 221501.8 | 1.69x | 143663.5 | 1.10x | -35.1% | 129112 | 129112 |
| fix/Orders128.log-bytes | generated | hand | 131174.3 | 391993.0 | 2.99x | 311248.4 | 2.37x | -20.6% | 129168 | 129168 |
| fix/Orders128.log-stream | generated | hand | 132413.1 | 467364.3 | 3.53x | 328492.9 | 2.48x | -29.7% | 118552 | 118552 |
| fix/slope-0.log-text | generated | hand | 32.8 | 85.3 | 2.60x | 41.0 | 1.25x | -51.9% | 88 | 64 |
| fix/slope-0.log-bytes | generated | hand | 32.7 | 98.9 | 3.03x | 61.2 | 1.87x | -38.1% | 144 | 120 |
| fix/slope-0.log-stream | generated | hand | 32.6 | 278.6 | 8.54x | 291.4 | 8.93x | +4.6% | 792 | 792 |
| fix/slope-4.log-text | generated | hand | 379.7 | 637.6 | 1.68x | 416.7 | 1.10x | -34.6% | 504 | 504 |
| fix/slope-4.log-bytes | generated | hand | 380.7 | 1088.4 | 2.86x | 800.9 | 2.10x | -26.4% | 560 | 560 |
| fix/slope-4.log-stream | generated | hand | 382.7 | 1532.5 | 4.00x | 1134.1 | 2.96x | -26.0% | 1176 | 1176 |
| fix/slope-16.log-text | generated | hand | 1446.5 | 2238.6 | 1.55x | 1457.2 | 1.01x | -34.9% | 1752 | 1752 |
| fix/slope-16.log-bytes | generated | hand | 1457.2 | 3931.6 | 2.70x | 2949.1 | 2.02x | -25.0% | 1808 | 1808 |
| fix/slope-16.log-stream | generated | hand | 1445.9 | 4847.9 | 3.35x | 3357.2 | 2.32x | -30.8% | 2328 | 2328 |
| el/ladder.bool | generated | hand | 1452.4 | 2509.8 | 1.73x | 2542.1 | 1.75x | +1.3% | 1328 | 1272 |
| sql/select20.bool | generated | hand | 8355.0 | 22294.8 | 2.67x | 22708.3 | 2.72x | +1.9% | 21448 | 21392 |
| fix/One.yield-reader | generated | hand | 225.2 | 469.1 | 2.08x | 487.8 | 2.17x | +4.0% | 856 | 856 |
| fix/One.yield-string | generated | hand | 117.1 | 266.7 | 2.28x | 267.4 | 2.28x | +0.3% | 272 | 272 |
| fix/One.yield-memory | generated | hand | 117.6 | 216.3 | 1.84x | 216.3 | 1.84x | 0.0% | 352 | 352 |
| fix/One.whole-stream | generated | hand | 185.7 | 359.1 | 1.93x | 362.7 | 1.95x | +1.0% | 448 | 448 |
| fix/One.whole-reader | generated | hand | 189.1 | 371.4 | 1.96x | 366.0 | 1.94x | -1.5% | 416 | 416 |
| fix/Order.yield-reader | generated | hand | 1240.8 | 2391.7 | 1.93x | 2389.5 | 1.93x | -0.1% | 1680 | 1680 |
| fix/Order.yield-string | generated | hand | 1035.5 | 2566.9 | 2.48x | 2606.2 | 2.52x | +1.5% | 1096 | 1096 |
| fix/Order.yield-memory | generated | hand | 1021.7 | 2041.9 | 2.00x | 2050.6 | 2.01x | +0.4% | 1176 | 1176 |
| fix/Order.whole-stream | generated | hand | 1147.2 | 2166.7 | 1.89x | 2187.7 | 1.91x | +1.0% | 1352 | 1352 |
| fix/Order.whole-reader | generated | hand | 1152.7 | 2179.2 | 1.89x | 2162.9 | 1.88x | -0.7% | 1320 | 1320 |
| fix/BinaryMany.yield-reader | generated | hand | 6934.8 | 9622.4 | 1.39x | 9693.2 | 1.40x | +0.7% | 7416 | 7416 |
| fix/BinaryMany.yield-string | generated | hand | 5618.5 | 18002.4 | 3.20x | 17583.7 | 3.13x | -2.3% | 6832 | 6832 |
| fix/BinaryMany.yield-memory | generated | hand | 5630.0 | 8959.9 | 1.59x | 8933.5 | 1.59x | -0.3% | 6912 | 6912 |
| fix/BinaryMany.whole-stream | generated | hand | 6515.4 | 8899.1 | 1.37x | 8945.1 | 1.37x | +0.5% | 7512 | 7512 |
| fix/BinaryMany.whole-reader | generated | hand | 6517.6 | 9055.4 | 1.39x | 9098.6 | 1.40x | +0.5% | 7480 | 7480 |
| fix/Orders128.yield-reader | generated | hand | 181993.8 | 260016.2 | 1.43x | 257618.6 | 1.42x | -0.9% | 118520 | 118520 |
| fix/Orders128.yield-string | generated | hand | 124571.0 | 317890.4 | 2.55x | 319074.9 | 2.56x | +0.4% | 117936 | 117936 |
| fix/Orders128.yield-memory | generated | hand | 124240.0 | 252506.2 | 2.03x | 253243.9 | 2.04x | +0.3% | 118016 | 118016 |
| fix/Orders128.whole-stream | generated | hand | 164390.4 | 247011.3 | 1.50x | 245968.4 | 1.50x | -0.4% | 129368 | 129368 |
| fix/Orders128.whole-reader | generated | hand | 162677.7 | 245880.5 | 1.51x | 244559.4 | 1.50x | -0.5% | 129336 | 129336 |
| fix/slope-0.yield-reader | generated | hand | 137.8 | 289.8 | 2.10x | 290.8 | 2.11x | +0.4% | 760 | 760 |
| fix/slope-0.yield-string | generated | hand | 32.8 | 54.3 | 1.65x | 54.4 | 1.66x | +0.2% | 176 | 176 |
| fix/slope-0.yield-memory | generated | hand | 32.9 | 69.0 | 2.10x | 68.8 | 2.09x | -0.2% | 256 | 256 |
| fix/slope-0.whole-stream | generated | hand | 91.8 | 182.7 | 1.99x | 181.3 | 1.97x | -0.7% | 320 | 320 |
| fix/slope-0.whole-reader | generated | hand | 92.4 | 194.7 | 2.11x | 194.9 | 2.11x | +0.1% | 288 | 288 |
| fix/slope-16.yield-reader | generated | hand | 1638.7 | 2662.9 | 1.63x | 2724.4 | 1.66x | +2.3% | 2296 | 2296 |
| fix/slope-16.yield-string | generated | hand | 1385.2 | 3520.6 | 2.54x | 3550.8 | 2.56x | +0.9% | 1712 | 1712 |
| fix/slope-16.yield-memory | generated | hand | 1395.4 | 2397.3 | 1.72x | 2395.7 | 1.72x | -0.1% | 1792 | 1792 |
| fix/slope-16.whole-stream | generated | hand | 1583.7 | 2508.8 | 1.58x | 2525.7 | 1.59x | +0.7% | 2008 | 2008 |
| fix/slope-16.whole-reader | generated | hand | 1584.8 | 2489.3 | 1.57x | 2512.7 | 1.59x | +0.9% | 1976 | 1976 |
| web/url.full | generated | hand | 285.8 | 357.7 | 1.25x | 361.0 | 1.26x | +0.9% | 536 | 536 |
| el/ladder | generated | hand | 1444.7 | 2513.5 | 1.74x | 2548.8 | 1.76x | +1.4% | 1328 | 1328 |
| el/ladder | immediate | hand | 1444.7 | 1886.4 | 1.31x | 1862.2 | 1.29x | -1.3% | 1208 | 1208 |
| el/string | generated | hand | 394.9 | 1099.6 | 2.78x | 1106.9 | 2.80x | +0.7% | 1024 | 1024 |
| el/string | immediate | hand | 394.9 | 793.7 | 2.01x | 768.5 | 1.95x | -3.2% | 1000 | 1000 |
| sql/column | generated | hand | 169.6 | 442.1 | 2.61x | 436.8 | 2.58x | -1.2% | 392 | 392 |
| sql/select20 | generated | hand | 8344.6 | 22479.5 | 2.69x | 22827.3 | 2.74x | +1.5% | 21448 | 21448 |

Written to T:\TEMP\dotgram-stand\w65\pair-pgo0\run-1
=== run 2 of 5, 22:36:53
97 rows, every reading agreeing. Timing 8 rounds.
fix/One.text           hand      112.0 ns before      120.8 ns after      122.5 ns  before/hand 1.08x  after/hand 1.09x
fix/One.bytes          hand      117.1 ns before      211.2 ns after      212.5 ns  before/hand 1.80x  after/hand 1.81x
fix/One.stream         hand      192.8 ns before      469.4 ns after      478.9 ns  before/hand 2.43x  after/hand 2.48x
  fix/Order.text: 1 round(s) redone after a gen1/gen2 collection
fix/Order.text         hand     1051.8 ns before     1068.9 ns after     1071.9 ns  before/hand 1.02x  after/hand 1.02x
fix/Order.bytes        hand     1061.3 ns before     2012.5 ns after     2019.3 ns  before/hand 1.90x  after/hand 1.90x
  fix/Order.stream: 1 round(s) redone after a gen1/gen2 collection
fix/Order.stream       hand     1156.9 ns before     2404.1 ns after     2395.9 ns  before/hand 2.08x  after/hand 2.07x
fix/BinaryMany.text    hand     5691.8 ns before     5090.4 ns after     5078.9 ns  before/hand 0.89x  after/hand 0.89x
fix/BinaryMany.bytes   hand     5797.4 ns before     8789.9 ns after     8834.4 ns  before/hand 1.52x  after/hand 1.52x
fix/BinaryMany.stream  hand     6553.4 ns before     9546.5 ns after     9582.8 ns  before/hand 1.46x  after/hand 1.46x
fix/Orders128.text     hand   125885.8 ns before   127517.2 ns after   128101.3 ns  before/hand 1.01x  after/hand 1.02x
fix/Orders128.bytes    hand   126709.7 ns before   245582.2 ns after   247427.4 ns  before/hand 1.94x  after/hand 1.95x
  fix/Orders128.stream: 1 round(s) redone after a gen1/gen2 collection
fix/Orders128.stream   hand   164405.9 ns before   258501.6 ns after   259952.0 ns  before/hand 1.57x  after/hand 1.58x
fix/OrderMalformed.text hand     1044.0 ns before     1065.2 ns after     1062.3 ns  before/hand 1.02x  after/hand 1.02x
fix/OrderMalformed.bytes hand     1042.1 ns before     1988.5 ns after     1986.9 ns  before/hand 1.91x  after/hand 1.91x
  fix/OrderMalformed.stream: 1 round(s) redone after a gen1/gen2 collection
fix/OrderMalformed.stream hand     1144.8 ns before     2361.0 ns after     2360.1 ns  before/hand 2.06x  after/hand 2.06x
fix/slope-0.text       hand       41.1 ns before       41.2 ns after       41.0 ns  before/hand 1.00x  after/hand 1.00x
fix/slope-1.text       hand      137.0 ns before      125.7 ns after      127.5 ns  before/hand 0.92x  after/hand 0.93x
fix/slope-2.text       hand      235.7 ns before      210.8 ns after      213.6 ns  before/hand 0.89x  after/hand 0.91x
fix/slope-4.text       hand      407.3 ns before      367.4 ns after      374.2 ns  before/hand 0.90x  after/hand 0.92x
fix/slope-8.text       hand      747.6 ns before      709.8 ns after      706.5 ns  before/hand 0.95x  after/hand 0.95x
fix/slope-16.text      hand     1510.6 ns before     1302.2 ns after     1336.4 ns  before/hand 0.86x  after/hand 0.88x
fix/slope-0.bytes      hand       51.6 ns before       61.3 ns after       61.9 ns  before/hand 1.19x  after/hand 1.20x
fix/slope-1.bytes      hand      148.3 ns before      214.1 ns after      212.0 ns  before/hand 1.44x  after/hand 1.43x
fix/slope-2.bytes      hand      252.4 ns before      363.3 ns after      362.2 ns  before/hand 1.44x  after/hand 1.43x
fix/slope-4.bytes      hand      434.9 ns before      651.8 ns after      650.8 ns  before/hand 1.50x  after/hand 1.50x
fix/slope-8.bytes      hand      785.3 ns before     1230.5 ns after     1233.1 ns  before/hand 1.57x  after/hand 1.57x
fix/slope-16.bytes     hand     1562.3 ns before     2368.8 ns after     2376.2 ns  before/hand 1.52x  after/hand 1.52x
fix/slope-0.stream     hand      118.5 ns before      273.7 ns after      284.4 ns  before/hand 2.31x  after/hand 2.40x
fix/slope-1.stream     hand      222.8 ns before      470.3 ns after      480.8 ns  before/hand 2.11x  after/hand 2.16x
  fix/slope-2.stream: 1 round(s) redone after a gen1/gen2 collection
fix/slope-2.stream     hand      330.1 ns before      640.1 ns after      641.4 ns  before/hand 1.94x  after/hand 1.94x
fix/slope-4.stream     hand      547.4 ns before      934.4 ns after      943.3 ns  before/hand 1.71x  after/hand 1.72x
fix/slope-8.stream     hand      933.4 ns before     1536.6 ns after     1544.5 ns  before/hand 1.65x  after/hand 1.65x
  fix/slope-16.stream: 1 round(s) redone after a gen1/gen2 collection
fix/slope-16.stream    hand     1720.5 ns before     2736.2 ns after     2739.0 ns  before/hand 1.59x  after/hand 1.59x
fix/orders400.text     hand   389396.5 ns before   400463.3 ns after   399567.2 ns  before/hand 1.03x  after/hand 1.03x
fix/slope-1600.text    hand   128350.6 ns before   123879.8 ns after   125825.0 ns  before/hand 0.97x  after/hand 0.98x
  tsql/columns1000: 1 round(s) redone after a gen1/gen2 collection
tsql/columns1000       scriptdom  2699100.0 ns before   228925.0 ns after   231575.0 ns  before/scriptdom 0.08x  after/scriptdom 0.09x
sql/select20.at        hand     8498.3 ns before    21885.2 ns after    22209.6 ns  before/hand 2.58x  after/hand 2.61x
sql/select20.window    hand     8371.6 ns before    22446.5 ns after    22849.5 ns  before/hand 2.68x  after/hand 2.73x
sql/select20.scan      control      386.4 ns before      380.7 ns after      384.3 ns  before/control 0.99x  after/control 0.99x
tsql/select20.scan     control      378.9 ns before      380.1 ns after      386.0 ns  before/control 1.00x  after/control 1.02x
el/ladder.scan         control      138.5 ns before      138.7 ns after      138.0 ns  before/control 1.00x  after/control 1.00x
fix/Order.span         hand      994.4 ns before      910.3 ns after      900.9 ns  before/hand 0.92x  after/hand 0.91x
fix/One.log-text       hand      122.7 ns before      223.0 ns after      135.7 ns  before/hand 1.82x  after/hand 1.11x
  fix/One.log-bytes: 1 round(s) redone after a gen1/gen2 collection
fix/One.log-bytes      hand      123.1 ns before      331.9 ns after      248.1 ns  before/hand 2.70x  after/hand 2.02x
fix/One.log-stream     hand      122.4 ns before      640.5 ns after      519.2 ns  before/hand 5.23x  after/hand 4.24x
  fix/Order.log-text: 1 round(s) redone after a gen1/gen2 collection
fix/Order.log-text     hand     1086.1 ns before     1852.4 ns after     1195.9 ns  before/hand 1.71x  after/hand 1.10x
fix/Order.log-bytes    hand     1086.0 ns before     3121.7 ns after     2542.2 ns  before/hand 2.87x  after/hand 2.34x
  fix/Order.log-stream: 1 round(s) redone after a gen1/gen2 collection
fix/Order.log-stream   hand     1076.8 ns before     4067.0 ns after     2963.5 ns  before/hand 3.78x  after/hand 2.75x
fix/Orders128.log-text hand   131936.7 ns before   222881.5 ns after   145559.0 ns  before/hand 1.69x  after/hand 1.10x
  fix/Orders128.log-bytes: 1 round(s) redone after a gen1/gen2 collection
fix/Orders128.log-bytes hand   132070.3 ns before   379492.1 ns after   314344.9 ns  before/hand 2.87x  after/hand 2.38x
fix/Orders128.log-stream hand   132582.6 ns before   473690.1 ns after   327450.0 ns  before/hand 3.57x  after/hand 2.47x
fix/slope-0.log-text   hand       34.4 ns before       85.7 ns after       41.2 ns  before/hand 2.49x  after/hand 1.20x
fix/slope-0.log-bytes  hand       34.3 ns before      101.4 ns after       61.6 ns  before/hand 2.96x  after/hand 1.80x
  fix/slope-0.log-stream: 1 round(s) redone after a gen1/gen2 collection
fix/slope-0.log-stream hand       34.5 ns before      279.4 ns after      291.6 ns  before/hand 8.11x  after/hand 8.46x
fix/slope-4.log-text   hand      383.1 ns before      645.1 ns after      409.5 ns  before/hand 1.68x  after/hand 1.07x
fix/slope-4.log-bytes  hand      384.0 ns before     1057.8 ns after      803.4 ns  before/hand 2.75x  after/hand 2.09x
  fix/slope-4.log-stream: 1 round(s) redone after a gen1/gen2 collection
fix/slope-4.log-stream hand      382.7 ns before     1515.9 ns after     1100.4 ns  before/hand 3.96x  after/hand 2.88x
  fix/slope-16.log-text: 1 round(s) redone after a gen1/gen2 collection
fix/slope-16.log-text  hand     1474.0 ns before     2287.7 ns after     1467.1 ns  before/hand 1.55x  after/hand 1.00x
fix/slope-16.log-bytes hand     1473.7 ns before     3830.8 ns after     2952.5 ns  before/hand 2.60x  after/hand 2.00x
fix/slope-16.log-stream hand     1476.8 ns before     4949.9 ns after     3368.0 ns  before/hand 3.35x  after/hand 2.28x
  el/ladder.bool: 1 round(s) redone after a gen1/gen2 collection
el/ladder.bool         hand     1544.4 ns before     2535.5 ns after     2501.5 ns  before/hand 1.64x  after/hand 1.62x
sql/select20.bool      hand     8342.1 ns before    22364.5 ns after    22412.4 ns  before/hand 2.68x  after/hand 2.69x
  fix/One.yield-reader: 1 round(s) redone after a gen1/gen2 collection
fix/One.yield-reader   hand      243.7 ns before      483.5 ns after      486.0 ns  before/hand 1.98x  after/hand 1.99x
fix/One.yield-string   hand      118.6 ns before      265.9 ns after      272.7 ns  before/hand 2.24x  after/hand 2.30x
fix/One.yield-memory   hand      118.2 ns before      217.2 ns after      221.2 ns  before/hand 1.84x  after/hand 1.87x
fix/One.whole-stream   hand      192.7 ns before      354.4 ns after      363.8 ns  before/hand 1.84x  after/hand 1.89x
fix/One.whole-reader   hand      194.0 ns before      376.8 ns after      372.3 ns  before/hand 1.94x  after/hand 1.92x
fix/Order.yield-reader hand     1259.5 ns before     2405.8 ns after     2394.0 ns  before/hand 1.91x  after/hand 1.90x
fix/Order.yield-string hand     1043.5 ns before     2517.3 ns after     2582.4 ns  before/hand 2.41x  after/hand 2.47x
fix/Order.yield-memory hand     1042.5 ns before     2054.2 ns after     2057.8 ns  before/hand 1.97x  after/hand 1.97x
  fix/Order.whole-stream: 1 round(s) redone after a gen1/gen2 collection
fix/Order.whole-stream hand     1158.4 ns before     2187.8 ns after     2208.4 ns  before/hand 1.89x  after/hand 1.91x
fix/Order.whole-reader hand     1161.8 ns before     2201.3 ns after     2201.4 ns  before/hand 1.89x  after/hand 1.89x
  fix/BinaryMany.yield-reader: 1 round(s) redone after a gen1/gen2 collection
fix/BinaryMany.yield-reader hand     6993.8 ns before     9743.9 ns after     9743.4 ns  before/hand 1.39x  after/hand 1.39x
fix/BinaryMany.yield-string hand     5741.7 ns before    17938.9 ns after    18254.8 ns  before/hand 3.12x  after/hand 3.18x
fix/BinaryMany.yield-memory hand     5688.0 ns before     9008.1 ns after     9029.2 ns  before/hand 1.58x  after/hand 1.59x
fix/BinaryMany.whole-stream hand     6538.4 ns before     9010.2 ns after     8966.0 ns  before/hand 1.38x  after/hand 1.37x
fix/BinaryMany.whole-reader hand     6571.6 ns before     9162.5 ns after     9145.3 ns  before/hand 1.39x  after/hand 1.39x
fix/Orders128.yield-reader hand   183511.9 ns before   259382.4 ns after   258443.4 ns  before/hand 1.41x  after/hand 1.41x
  fix/Orders128.yield-string: 1 round(s) redone after a gen1/gen2 collection
fix/Orders128.yield-string hand   125729.8 ns before   309849.7 ns after   316651.3 ns  before/hand 2.46x  after/hand 2.52x
fix/Orders128.yield-memory hand   125576.4 ns before   254472.2 ns after   254841.4 ns  before/hand 2.03x  after/hand 2.03x
  fix/Orders128.whole-stream: 1 round(s) redone after a gen1/gen2 collection
fix/Orders128.whole-stream hand   167262.5 ns before   246904.3 ns after   249124.2 ns  before/hand 1.48x  after/hand 1.49x
fix/Orders128.whole-reader hand   164298.4 ns before   246180.9 ns after   245256.4 ns  before/hand 1.50x  after/hand 1.49x
fix/slope-0.yield-reader hand      149.7 ns before      301.2 ns after      294.5 ns  before/hand 2.01x  after/hand 1.97x
fix/slope-0.yield-string hand       34.6 ns before       54.7 ns after       54.8 ns  before/hand 1.58x  after/hand 1.58x
fix/slope-0.yield-memory hand       34.4 ns before       70.0 ns after       69.7 ns  before/hand 2.03x  after/hand 2.03x
  fix/slope-0.whole-stream: 1 round(s) redone after a gen1/gen2 collection
fix/slope-0.whole-stream hand       96.5 ns before      181.8 ns after      183.4 ns  before/hand 1.88x  after/hand 1.90x
fix/slope-0.whole-reader hand       98.9 ns before      197.7 ns after      200.1 ns  before/hand 2.00x  after/hand 2.02x
fix/slope-16.yield-reader hand     1644.9 ns before     2696.0 ns after     2725.2 ns  before/hand 1.64x  after/hand 1.66x
  fix/slope-16.yield-string: 1 round(s) redone after a gen1/gen2 collection
fix/slope-16.yield-string hand     1392.0 ns before     3399.3 ns after     3494.1 ns  before/hand 2.44x  after/hand 2.51x
fix/slope-16.yield-memory hand     1394.9 ns before     2390.0 ns after     2395.8 ns  before/hand 1.71x  after/hand 1.72x
fix/slope-16.whole-stream hand     1591.6 ns before     2498.8 ns after     2508.3 ns  before/hand 1.57x  after/hand 1.58x
  fix/slope-16.whole-reader: 1 round(s) redone after a gen1/gen2 collection
fix/slope-16.whole-reader hand     1577.9 ns before     2487.4 ns after     2492.1 ns  before/hand 1.58x  after/hand 1.58x
web/url.full           hand      284.6 ns before      362.6 ns after      357.0 ns  before/hand 1.27x  after/hand 1.25x
el/ladder              hand     1516.3 ns before     2514.5 ns after     2505.1 ns before-immediate     1844.7 ns after-immediate     1847.8 ns  before/hand 1.66x  after/hand 1.65x  before-immediate/hand 1.22x  after-immediate/hand 1.22x
el/string              hand      372.7 ns before     1078.4 ns after     1148.2 ns before-immediate      766.7 ns after-immediate      769.4 ns  before/hand 2.89x  after/hand 3.08x  before-immediate/hand 2.06x  after-immediate/hand 2.06x
sql/column             hand      169.0 ns before      450.0 ns after      449.2 ns  before/hand 2.66x  after/hand 2.66x
sql/select20           hand     8245.4 ns before    22208.4 ns after    22459.6 ns  before/hand 2.69x  after/hand 2.72x

# Paired stand, 2026-09-19 22:42

IGOR-DESKTOP, pinned to 0-15, high priority, control 31.0 ns.

The base of a row is what every ratio is over, and its name says what it is: `hand` is a hand-written parser (`DotGram.Handwritten`), `scriptdom` is Microsoft's parser, and `control` is this process's own build of the same generated parser, held constant so that the two sides are compared and nothing is claimed against a hand-written one.

| row | reading | base | base ns | before ns | before/base | after ns | after/base | change | before B | after B |
| --- | --- | --- | ---: | ---: | ---: | ---: | ---: | ---: | ---: | ---: |
| fix/One.text | generated | hand | 112.0 | 120.8 | 1.08x | 122.5 | 1.09x | +1.4% | 192 | 192 |
| fix/One.bytes | generated | hand | 117.1 | 211.2 | 1.80x | 212.5 | 1.81x | +0.6% | 248 | 248 |
| fix/One.stream | generated | hand | 192.8 | 469.4 | 2.43x | 478.9 | 2.48x | +2.0% | 888 | 888 |
| fix/Order.text | generated | hand | 1051.8 | 1068.9 | 1.02x | 1071.9 | 1.02x | +0.3% | 1096 | 1096 |
| fix/Order.bytes | generated | hand | 1061.3 | 2012.5 | 1.90x | 2019.3 | 1.90x | +0.3% | 1152 | 1152 |
| fix/Order.stream | generated | hand | 1156.9 | 2404.1 | 2.08x | 2395.9 | 2.07x | -0.3% | 1712 | 1712 |
| fix/BinaryMany.text | generated | hand | 5691.8 | 5090.4 | 0.89x | 5078.9 | 0.89x | -0.2% | 7256 | 7256 |
| fix/BinaryMany.bytes | generated | hand | 5797.4 | 8789.9 | 1.52x | 8834.4 | 1.52x | +0.5% | 7312 | 7312 |
| fix/BinaryMany.stream | generated | hand | 6553.4 | 9546.5 | 1.46x | 9582.8 | 1.46x | +0.4% | 7448 | 7448 |
| fix/Orders128.text | generated | hand | 125885.8 | 127517.2 | 1.01x | 128101.3 | 1.02x | +0.5% | 129112 | 129112 |
| fix/Orders128.bytes | generated | hand | 126709.7 | 245582.2 | 1.94x | 247427.4 | 1.95x | +0.8% | 129168 | 129168 |
| fix/Orders128.stream | generated | hand | 164405.9 | 258501.6 | 1.57x | 259952.0 | 1.58x | +0.6% | 118552 | 118552 |
| fix/OrderMalformed.text | generated | hand | 1044.0 | 1065.2 | 1.02x | 1062.3 | 1.02x | -0.3% | 1248 | 1248 |
| fix/OrderMalformed.bytes | generated | hand | 1042.1 | 1988.5 | 1.91x | 1986.9 | 1.91x | -0.1% | 1304 | 1304 |
| fix/OrderMalformed.stream | generated | hand | 1144.8 | 2361.0 | 2.06x | 2360.1 | 2.06x | 0.0% | 1864 | 1864 |
| fix/slope-0.text | generated | hand | 41.1 | 41.2 | 1.00x | 41.0 | 1.00x | -0.4% | 64 | 64 |
| fix/slope-1.text | generated | hand | 137.0 | 125.7 | 0.92x | 127.5 | 0.93x | +1.5% | 192 | 192 |
| fix/slope-2.text | generated | hand | 235.7 | 210.8 | 0.89x | 213.6 | 0.91x | +1.3% | 296 | 296 |
| fix/slope-4.text | generated | hand | 407.3 | 367.4 | 0.90x | 374.2 | 0.92x | +1.8% | 504 | 504 |
| fix/slope-8.text | generated | hand | 747.6 | 709.8 | 0.95x | 706.5 | 0.95x | -0.5% | 920 | 920 |
| fix/slope-16.text | generated | hand | 1510.6 | 1302.2 | 0.86x | 1336.4 | 0.88x | +2.6% | 1752 | 1752 |
| fix/slope-0.bytes | generated | hand | 51.6 | 61.3 | 1.19x | 61.9 | 1.20x | +0.9% | 120 | 120 |
| fix/slope-1.bytes | generated | hand | 148.3 | 214.1 | 1.44x | 212.0 | 1.43x | -1.0% | 248 | 248 |
| fix/slope-2.bytes | generated | hand | 252.4 | 363.3 | 1.44x | 362.2 | 1.43x | -0.3% | 352 | 352 |
| fix/slope-4.bytes | generated | hand | 434.9 | 651.8 | 1.50x | 650.8 | 1.50x | -0.2% | 560 | 560 |
| fix/slope-8.bytes | generated | hand | 785.3 | 1230.5 | 1.57x | 1233.1 | 1.57x | +0.2% | 976 | 976 |
| fix/slope-16.bytes | generated | hand | 1562.3 | 2368.8 | 1.52x | 2376.2 | 1.52x | +0.3% | 1808 | 1808 |
| fix/slope-0.stream | generated | hand | 118.5 | 273.7 | 2.31x | 284.4 | 2.40x | +3.9% | 792 | 792 |
| fix/slope-1.stream | generated | hand | 222.8 | 470.3 | 2.11x | 480.8 | 2.16x | +2.2% | 888 | 888 |
| fix/slope-2.stream | generated | hand | 330.1 | 640.1 | 1.94x | 641.4 | 1.94x | +0.2% | 984 | 984 |
| fix/slope-4.stream | generated | hand | 547.4 | 934.4 | 1.71x | 943.3 | 1.72x | +1.0% | 1176 | 1176 |
| fix/slope-8.stream | generated | hand | 933.4 | 1536.6 | 1.65x | 1544.5 | 1.65x | +0.5% | 1560 | 1560 |
| fix/slope-16.stream | generated | hand | 1720.5 | 2736.2 | 1.59x | 2739.0 | 1.59x | +0.1% | 2328 | 2328 |
| fix/orders400.text | generated | hand | 389396.5 | 400463.3 | 1.03x | 399567.2 | 1.03x | -0.2% | 403288 | 403288 |
| fix/slope-1600.text | generated | hand | 128350.6 | 123879.8 | 0.97x | 125825.0 | 0.98x | +1.6% | 166488 | 166488 |
| tsql/columns1000 | generated | scriptdom | 2699100.0 | 228925.0 | 0.08x | 231575.0 | 0.09x | +1.2% | 200489 | 200489 |
| sql/select20.at | generated | hand | 8498.3 | 21885.2 | 2.58x | 22209.6 | 2.61x | +1.5% | 21441 | 21441 |
| sql/select20.window | generated | hand | 8371.6 | 22446.5 | 2.68x | 22849.5 | 2.73x | +1.8% | 21441 | 21441 |
| sql/select20.scan | generated | control | 386.4 | 380.7 | 0.99x | 384.3 | 0.99x | +1.0% | 0 | 0 |
| tsql/select20.scan | generated | control | 378.9 | 380.1 | 1.00x | 386.0 | 1.02x | +1.6% | 0 | 0 |
| el/ladder.scan | generated | control | 138.5 | 138.7 | 1.00x | 138.0 | 1.00x | -0.5% | 0 | 0 |
| fix/Order.span | generated | hand | 994.4 | 910.3 | 0.92x | 900.9 | 0.91x | -1.0% | 1008 | 1008 |
| fix/One.log-text | generated | hand | 122.7 | 223.0 | 1.82x | 135.7 | 1.11x | -39.2% | 192 | 192 |
| fix/One.log-bytes | generated | hand | 123.1 | 331.9 | 2.70x | 248.1 | 2.02x | -25.3% | 248 | 248 |
| fix/One.log-stream | generated | hand | 122.4 | 640.5 | 5.23x | 519.2 | 4.24x | -18.9% | 888 | 888 |
| fix/Order.log-text | generated | hand | 1086.1 | 1852.4 | 1.71x | 1195.9 | 1.10x | -35.4% | 1096 | 1096 |
| fix/Order.log-bytes | generated | hand | 1086.0 | 3121.7 | 2.87x | 2542.2 | 2.34x | -18.6% | 1152 | 1152 |
| fix/Order.log-stream | generated | hand | 1076.8 | 4067.0 | 3.78x | 2963.5 | 2.75x | -27.1% | 1712 | 1712 |
| fix/Orders128.log-text | generated | hand | 131936.7 | 222881.5 | 1.69x | 145559.0 | 1.10x | -34.7% | 129112 | 129112 |
| fix/Orders128.log-bytes | generated | hand | 132070.3 | 379492.1 | 2.87x | 314344.9 | 2.38x | -17.2% | 129168 | 129168 |
| fix/Orders128.log-stream | generated | hand | 132582.6 | 473690.1 | 3.57x | 327450.0 | 2.47x | -30.9% | 118552 | 118552 |
| fix/slope-0.log-text | generated | hand | 34.4 | 85.7 | 2.49x | 41.2 | 1.20x | -51.9% | 88 | 64 |
| fix/slope-0.log-bytes | generated | hand | 34.3 | 101.4 | 2.96x | 61.6 | 1.80x | -39.3% | 144 | 120 |
| fix/slope-0.log-stream | generated | hand | 34.5 | 279.4 | 8.11x | 291.6 | 8.46x | +4.4% | 792 | 792 |
| fix/slope-4.log-text | generated | hand | 383.1 | 645.1 | 1.68x | 409.5 | 1.07x | -36.5% | 504 | 504 |
| fix/slope-4.log-bytes | generated | hand | 384.0 | 1057.8 | 2.75x | 803.4 | 2.09x | -24.1% | 560 | 560 |
| fix/slope-4.log-stream | generated | hand | 382.7 | 1515.9 | 3.96x | 1100.4 | 2.88x | -27.4% | 1176 | 1176 |
| fix/slope-16.log-text | generated | hand | 1474.0 | 2287.7 | 1.55x | 1467.1 | 1.00x | -35.9% | 1752 | 1752 |
| fix/slope-16.log-bytes | generated | hand | 1473.7 | 3830.8 | 2.60x | 2952.5 | 2.00x | -22.9% | 1808 | 1808 |
| fix/slope-16.log-stream | generated | hand | 1476.8 | 4949.9 | 3.35x | 3368.0 | 2.28x | -32.0% | 2328 | 2328 |
| el/ladder.bool | generated | hand | 1544.4 | 2535.5 | 1.64x | 2501.5 | 1.62x | -1.3% | 1328 | 1272 |
| sql/select20.bool | generated | hand | 8342.1 | 22364.5 | 2.68x | 22412.4 | 2.69x | +0.2% | 21448 | 21392 |
| fix/One.yield-reader | generated | hand | 243.7 | 483.5 | 1.98x | 486.0 | 1.99x | +0.5% | 856 | 856 |
| fix/One.yield-string | generated | hand | 118.6 | 265.9 | 2.24x | 272.7 | 2.30x | +2.6% | 272 | 272 |
| fix/One.yield-memory | generated | hand | 118.2 | 217.2 | 1.84x | 221.2 | 1.87x | +1.8% | 352 | 352 |
| fix/One.whole-stream | generated | hand | 192.7 | 354.4 | 1.84x | 363.8 | 1.89x | +2.7% | 448 | 448 |
| fix/One.whole-reader | generated | hand | 194.0 | 376.8 | 1.94x | 372.3 | 1.92x | -1.2% | 416 | 416 |
| fix/Order.yield-reader | generated | hand | 1259.5 | 2405.8 | 1.91x | 2394.0 | 1.90x | -0.5% | 1680 | 1680 |
| fix/Order.yield-string | generated | hand | 1043.5 | 2517.3 | 2.41x | 2582.4 | 2.47x | +2.6% | 1096 | 1096 |
| fix/Order.yield-memory | generated | hand | 1042.5 | 2054.2 | 1.97x | 2057.8 | 1.97x | +0.2% | 1176 | 1176 |
| fix/Order.whole-stream | generated | hand | 1158.4 | 2187.8 | 1.89x | 2208.4 | 1.91x | +0.9% | 1352 | 1352 |
| fix/Order.whole-reader | generated | hand | 1161.8 | 2201.3 | 1.89x | 2201.4 | 1.89x | 0.0% | 1320 | 1320 |
| fix/BinaryMany.yield-reader | generated | hand | 6993.8 | 9743.9 | 1.39x | 9743.4 | 1.39x | 0.0% | 7416 | 7416 |
| fix/BinaryMany.yield-string | generated | hand | 5741.7 | 17938.9 | 3.12x | 18254.8 | 3.18x | +1.8% | 6832 | 6832 |
| fix/BinaryMany.yield-memory | generated | hand | 5688.0 | 9008.1 | 1.58x | 9029.2 | 1.59x | +0.2% | 6912 | 6912 |
| fix/BinaryMany.whole-stream | generated | hand | 6538.4 | 9010.2 | 1.38x | 8966.0 | 1.37x | -0.5% | 7512 | 7512 |
| fix/BinaryMany.whole-reader | generated | hand | 6571.6 | 9162.5 | 1.39x | 9145.3 | 1.39x | -0.2% | 7480 | 7480 |
| fix/Orders128.yield-reader | generated | hand | 183511.9 | 259382.4 | 1.41x | 258443.4 | 1.41x | -0.4% | 118520 | 118520 |
| fix/Orders128.yield-string | generated | hand | 125729.8 | 309849.7 | 2.46x | 316651.3 | 2.52x | +2.2% | 117936 | 117936 |
| fix/Orders128.yield-memory | generated | hand | 125576.4 | 254472.2 | 2.03x | 254841.4 | 2.03x | +0.1% | 118016 | 118016 |
| fix/Orders128.whole-stream | generated | hand | 167262.5 | 246904.3 | 1.48x | 249124.2 | 1.49x | +0.9% | 129368 | 129368 |
| fix/Orders128.whole-reader | generated | hand | 164298.4 | 246180.9 | 1.50x | 245256.4 | 1.49x | -0.4% | 129336 | 129336 |
| fix/slope-0.yield-reader | generated | hand | 149.7 | 301.2 | 2.01x | 294.5 | 1.97x | -2.2% | 760 | 760 |
| fix/slope-0.yield-string | generated | hand | 34.6 | 54.7 | 1.58x | 54.8 | 1.58x | 0.0% | 176 | 176 |
| fix/slope-0.yield-memory | generated | hand | 34.4 | 70.0 | 2.03x | 69.7 | 2.03x | -0.4% | 256 | 256 |
| fix/slope-0.whole-stream | generated | hand | 96.5 | 181.8 | 1.88x | 183.4 | 1.90x | +0.9% | 320 | 320 |
| fix/slope-0.whole-reader | generated | hand | 98.9 | 197.7 | 2.00x | 200.1 | 2.02x | +1.2% | 288 | 288 |
| fix/slope-16.yield-reader | generated | hand | 1644.9 | 2696.0 | 1.64x | 2725.2 | 1.66x | +1.1% | 2296 | 2296 |
| fix/slope-16.yield-string | generated | hand | 1392.0 | 3399.3 | 2.44x | 3494.1 | 2.51x | +2.8% | 1712 | 1712 |
| fix/slope-16.yield-memory | generated | hand | 1394.9 | 2390.0 | 1.71x | 2395.8 | 1.72x | +0.2% | 1792 | 1792 |
| fix/slope-16.whole-stream | generated | hand | 1591.6 | 2498.8 | 1.57x | 2508.3 | 1.58x | +0.4% | 2008 | 2008 |
| fix/slope-16.whole-reader | generated | hand | 1577.9 | 2487.4 | 1.58x | 2492.1 | 1.58x | +0.2% | 1976 | 1976 |
| web/url.full | generated | hand | 284.6 | 362.6 | 1.27x | 357.0 | 1.25x | -1.6% | 536 | 536 |
| el/ladder | generated | hand | 1516.3 | 2514.5 | 1.66x | 2505.1 | 1.65x | -0.4% | 1328 | 1328 |
| el/ladder | immediate | hand | 1516.3 | 1844.7 | 1.22x | 1847.8 | 1.22x | +0.2% | 1208 | 1208 |
| el/string | generated | hand | 372.7 | 1078.4 | 2.89x | 1148.2 | 3.08x | +6.5% | 1024 | 1024 |
| el/string | immediate | hand | 372.7 | 766.7 | 2.06x | 769.4 | 2.06x | +0.3% | 1000 | 1000 |
| sql/column | generated | hand | 169.0 | 450.0 | 2.66x | 449.2 | 2.66x | -0.2% | 392 | 392 |
| sql/select20 | generated | hand | 8245.4 | 22208.4 | 2.69x | 22459.6 | 2.72x | +1.1% | 21448 | 21448 |

Written to T:\TEMP\dotgram-stand\w65\pair-pgo0\run-2
=== run 3 of 5, 22:42:58
97 rows, every reading agreeing. Timing 8 rounds.
fix/One.text           hand      111.4 ns before      121.1 ns after      122.2 ns  before/hand 1.09x  after/hand 1.10x
fix/One.bytes          hand      119.5 ns before      215.8 ns after      216.2 ns  before/hand 1.81x  after/hand 1.81x
fix/One.stream         hand      196.5 ns before      468.2 ns after      476.2 ns  before/hand 2.38x  after/hand 2.42x
fix/Order.text         hand     1082.8 ns before     1099.5 ns after     1132.2 ns  before/hand 1.02x  after/hand 1.05x
fix/Order.bytes        hand     1061.3 ns before     2012.3 ns after     2018.8 ns  before/hand 1.90x  after/hand 1.90x
  fix/Order.stream: 1 round(s) redone after a gen1/gen2 collection
fix/Order.stream       hand     1234.4 ns before     2411.7 ns after     2403.1 ns  before/hand 1.95x  after/hand 1.95x
fix/BinaryMany.text    hand     5690.5 ns before     5128.2 ns after     5087.3 ns  before/hand 0.90x  after/hand 0.89x
fix/BinaryMany.bytes   hand     5683.1 ns before     8746.7 ns after     8756.7 ns  before/hand 1.54x  after/hand 1.54x
fix/BinaryMany.stream  hand     6493.2 ns before     9513.8 ns after     9505.0 ns  before/hand 1.47x  after/hand 1.46x
fix/Orders128.text     hand   127549.9 ns before   128436.0 ns after   129805.2 ns  before/hand 1.01x  after/hand 1.02x
fix/Orders128.bytes    hand   128839.6 ns before   247188.1 ns after   247334.0 ns  before/hand 1.92x  after/hand 1.92x
fix/Orders128.stream   hand   164457.2 ns before   258005.7 ns after   257273.6 ns  before/hand 1.57x  after/hand 1.56x
fix/OrderMalformed.text hand     1024.5 ns before     1055.1 ns after     1068.9 ns  before/hand 1.03x  after/hand 1.04x
fix/OrderMalformed.bytes hand     1036.4 ns before     1986.3 ns after     1969.3 ns  before/hand 1.92x  after/hand 1.90x
  fix/OrderMalformed.stream: 1 round(s) redone after a gen1/gen2 collection
fix/OrderMalformed.stream hand     1149.3 ns before     2342.1 ns after     2364.7 ns  before/hand 2.04x  after/hand 2.06x
fix/slope-0.text       hand       40.8 ns before       41.2 ns after       41.0 ns  before/hand 1.01x  after/hand 1.01x
fix/slope-1.text       hand      134.9 ns before      125.1 ns after      126.5 ns  before/hand 0.93x  after/hand 0.94x
  fix/slope-2.text: 1 round(s) redone after a gen1/gen2 collection
fix/slope-2.text       hand      236.3 ns before      213.0 ns after      217.2 ns  before/hand 0.90x  after/hand 0.92x
fix/slope-4.text       hand      403.1 ns before      365.5 ns after      372.9 ns  before/hand 0.91x  after/hand 0.93x
fix/slope-8.text       hand      738.0 ns before      685.0 ns after      693.9 ns  before/hand 0.93x  after/hand 0.94x
fix/slope-16.text      hand     1489.5 ns before     1292.6 ns after     1321.0 ns  before/hand 0.87x  after/hand 0.89x
fix/slope-0.bytes      hand       51.6 ns before       61.4 ns after       61.1 ns  before/hand 1.19x  after/hand 1.19x
fix/slope-1.bytes      hand      149.8 ns before      212.5 ns after      210.5 ns  before/hand 1.42x  after/hand 1.41x
fix/slope-2.bytes      hand      251.6 ns before      361.7 ns after      361.8 ns  before/hand 1.44x  after/hand 1.44x
fix/slope-4.bytes      hand      428.7 ns before      645.5 ns after      643.6 ns  before/hand 1.51x  after/hand 1.50x
fix/slope-8.bytes      hand      805.4 ns before     1256.4 ns after     1259.6 ns  before/hand 1.56x  after/hand 1.56x
fix/slope-16.bytes     hand     1553.5 ns before     2354.0 ns after     2353.8 ns  before/hand 1.52x  after/hand 1.52x
  fix/slope-0.stream: 1 round(s) redone after a gen1/gen2 collection
fix/slope-0.stream     hand      115.1 ns before      276.9 ns after      284.4 ns  before/hand 2.41x  after/hand 2.47x
fix/slope-1.stream     hand      221.0 ns before      478.8 ns after      480.5 ns  before/hand 2.17x  after/hand 2.17x
  fix/slope-2.stream: 1 round(s) redone after a gen1/gen2 collection
fix/slope-2.stream     hand      329.6 ns before      636.2 ns after      666.9 ns  before/hand 1.93x  after/hand 2.02x
fix/slope-4.stream     hand      547.5 ns before      949.3 ns after      961.8 ns  before/hand 1.73x  after/hand 1.76x
fix/slope-8.stream     hand      925.6 ns before     1522.5 ns after     1547.1 ns  before/hand 1.64x  after/hand 1.67x
  fix/slope-16.stream: 1 round(s) redone after a gen1/gen2 collection
fix/slope-16.stream    hand     1725.7 ns before     2711.9 ns after     2763.7 ns  before/hand 1.57x  after/hand 1.60x
fix/orders400.text     hand   393335.5 ns before   396366.0 ns after   401408.2 ns  before/hand 1.01x  after/hand 1.02x
fix/slope-1600.text    hand   128028.2 ns before   122739.7 ns after   124765.6 ns  before/hand 0.96x  after/hand 0.97x
tsql/columns1000       scriptdom  2698118.8 ns before   235509.4 ns after   231037.5 ns  before/scriptdom 0.09x  after/scriptdom 0.09x
sql/select20.at        hand     8285.6 ns before    22013.7 ns after    21583.8 ns  before/hand 2.66x  after/hand 2.60x
sql/select20.window    hand     8232.8 ns before    22473.6 ns after    22198.8 ns  before/hand 2.73x  after/hand 2.70x
sql/select20.scan      control      390.0 ns before      392.4 ns after      391.5 ns  before/control 1.01x  after/control 1.00x
tsql/select20.scan     control      391.4 ns before      390.5 ns after      387.9 ns  before/control 1.00x  after/control 0.99x
el/ladder.scan         control      140.7 ns before      140.6 ns after      140.0 ns  before/control 1.00x  after/control 1.00x
fix/Order.span         hand      985.4 ns before      896.4 ns after      914.1 ns  before/hand 0.91x  after/hand 0.93x
fix/One.log-text       hand      122.2 ns before      221.2 ns after      136.1 ns  before/hand 1.81x  after/hand 1.11x
  fix/One.log-bytes: 1 round(s) redone after a gen1/gen2 collection
fix/One.log-bytes      hand      122.3 ns before      329.5 ns after      246.6 ns  before/hand 2.69x  after/hand 2.02x
fix/One.log-stream     hand      122.6 ns before      647.9 ns after      505.7 ns  before/hand 5.29x  after/hand 4.13x
  fix/Order.log-text: 1 round(s) redone after a gen1/gen2 collection
fix/Order.log-text     hand     1078.8 ns before     1831.6 ns after     1190.5 ns  before/hand 1.70x  after/hand 1.10x
fix/Order.log-bytes    hand     1083.1 ns before     3089.1 ns after     2539.3 ns  before/hand 2.85x  after/hand 2.34x
  fix/Order.log-stream: 1 round(s) redone after a gen1/gen2 collection
fix/Order.log-stream   hand     1093.7 ns before     4019.8 ns after     2914.6 ns  before/hand 3.68x  after/hand 2.66x
fix/Orders128.log-text hand   132521.3 ns before   220988.6 ns after   145581.6 ns  before/hand 1.67x  after/hand 1.10x
  fix/Orders128.log-bytes: 1 round(s) redone after a gen1/gen2 collection
fix/Orders128.log-bytes hand   132414.6 ns before   375799.7 ns after   312945.1 ns  before/hand 2.84x  after/hand 2.36x
fix/Orders128.log-stream hand   133393.0 ns before   460872.1 ns after   324412.5 ns  before/hand 3.45x  after/hand 2.43x
fix/slope-0.log-text   hand       33.2 ns before       85.8 ns after       41.2 ns  before/hand 2.59x  after/hand 1.24x
fix/slope-0.log-bytes  hand       33.0 ns before       99.9 ns after       61.3 ns  before/hand 3.03x  after/hand 1.86x
  fix/slope-0.log-stream: 1 round(s) redone after a gen1/gen2 collection
fix/slope-0.log-stream hand       32.9 ns before      283.9 ns after      281.8 ns  before/hand 8.63x  after/hand 8.57x
fix/slope-4.log-text   hand      382.1 ns before      642.5 ns after      408.8 ns  before/hand 1.68x  after/hand 1.07x
fix/slope-4.log-bytes  hand      381.5 ns before     1035.4 ns after      795.3 ns  before/hand 2.71x  after/hand 2.08x
  fix/slope-4.log-stream: 1 round(s) redone after a gen1/gen2 collection
fix/slope-4.log-stream hand      382.2 ns before     1515.3 ns after     1089.6 ns  before/hand 3.96x  after/hand 2.85x
  fix/slope-16.log-text: 1 round(s) redone after a gen1/gen2 collection
fix/slope-16.log-text  hand     1446.3 ns before     2264.7 ns after     1460.2 ns  before/hand 1.57x  after/hand 1.01x
fix/slope-16.log-bytes hand     1459.2 ns before     3782.6 ns after     2948.0 ns  before/hand 2.59x  after/hand 2.02x
fix/slope-16.log-stream hand     1450.5 ns before     4877.5 ns after     3330.0 ns  before/hand 3.36x  after/hand 2.30x
  el/ladder.bool: 1 round(s) redone after a gen1/gen2 collection
el/ladder.bool         hand     1447.9 ns before     2517.3 ns after     2492.3 ns  before/hand 1.74x  after/hand 1.72x
sql/select20.bool      hand     8251.5 ns before    22435.9 ns after    22400.0 ns  before/hand 2.72x  after/hand 2.71x
  fix/One.yield-reader: 1 round(s) redone after a gen1/gen2 collection
fix/One.yield-reader   hand      244.6 ns before      470.6 ns after      489.8 ns  before/hand 1.92x  after/hand 2.00x
fix/One.yield-string   hand      117.9 ns before      267.1 ns after      265.6 ns  before/hand 2.26x  after/hand 2.25x
fix/One.yield-memory   hand      117.7 ns before      218.3 ns after      219.6 ns  before/hand 1.85x  after/hand 1.87x
fix/One.whole-stream   hand      186.5 ns before      353.8 ns after      362.6 ns  before/hand 1.90x  after/hand 1.94x
fix/One.whole-reader   hand      187.8 ns before      359.5 ns after      362.6 ns  before/hand 1.91x  after/hand 1.93x
fix/Order.yield-reader hand     1253.4 ns before     2364.2 ns after     2393.9 ns  before/hand 1.89x  after/hand 1.91x
fix/Order.yield-string hand     1042.1 ns before     2519.6 ns after     2532.9 ns  before/hand 2.42x  after/hand 2.43x
fix/Order.yield-memory hand     1039.7 ns before     2039.1 ns after     2031.9 ns  before/hand 1.96x  after/hand 1.95x
fix/Order.whole-stream hand     1164.1 ns before     2163.2 ns after     2206.5 ns  before/hand 1.86x  after/hand 1.90x
fix/Order.whole-reader hand     1160.9 ns before     2184.3 ns after     2176.8 ns  before/hand 1.88x  after/hand 1.88x
fix/BinaryMany.yield-reader hand     7002.9 ns before     9735.7 ns after     9770.3 ns  before/hand 1.39x  after/hand 1.40x
fix/BinaryMany.yield-string hand     5634.9 ns before    17682.1 ns after    17620.8 ns  before/hand 3.14x  after/hand 3.13x
fix/BinaryMany.yield-memory hand     5644.8 ns before     8938.4 ns after     8954.2 ns  before/hand 1.58x  after/hand 1.59x
fix/BinaryMany.whole-stream hand     6540.4 ns before     8944.2 ns after     8975.7 ns  before/hand 1.37x  after/hand 1.37x
fix/BinaryMany.whole-reader hand     6531.8 ns before     9107.6 ns after     9124.7 ns  before/hand 1.39x  after/hand 1.40x
fix/Orders128.yield-reader hand   183003.7 ns before   258142.4 ns after   256913.1 ns  before/hand 1.41x  after/hand 1.40x
fix/Orders128.yield-string hand   126321.7 ns before   309321.6 ns after   312023.3 ns  before/hand 2.45x  after/hand 2.47x
fix/Orders128.yield-memory hand   125980.4 ns before   251416.9 ns after   251362.6 ns  before/hand 2.00x  after/hand 2.00x
  fix/Orders128.whole-stream: 1 round(s) redone after a gen1/gen2 collection
fix/Orders128.whole-stream hand   165126.4 ns before   246488.5 ns after   246540.6 ns  before/hand 1.49x  after/hand 1.49x
fix/Orders128.whole-reader hand   164856.1 ns before   246866.0 ns after   245492.2 ns  before/hand 1.50x  after/hand 1.49x
fix/slope-0.yield-reader hand      148.6 ns before      289.5 ns after      291.7 ns  before/hand 1.95x  after/hand 1.96x
fix/slope-0.yield-string hand       33.0 ns before       55.0 ns after       54.8 ns  before/hand 1.66x  after/hand 1.66x
fix/slope-0.yield-memory hand       33.1 ns before       70.0 ns after       70.2 ns  before/hand 2.12x  after/hand 2.12x
  fix/slope-0.whole-stream: 1 round(s) redone after a gen1/gen2 collection
fix/slope-0.whole-stream hand       92.4 ns before      182.1 ns after      183.9 ns  before/hand 1.97x  after/hand 1.99x
fix/slope-0.whole-reader hand       92.3 ns before      193.5 ns after      193.5 ns  before/hand 2.10x  after/hand 2.09x
fix/slope-16.yield-reader hand     1657.7 ns before     2690.5 ns after     2723.0 ns  before/hand 1.62x  after/hand 1.64x
  fix/slope-16.yield-string: 1 round(s) redone after a gen1/gen2 collection
fix/slope-16.yield-string hand     1387.9 ns before     3405.1 ns after     3464.1 ns  before/hand 2.45x  after/hand 2.50x
fix/slope-16.yield-memory hand     1383.3 ns before     2390.6 ns after     2396.0 ns  before/hand 1.73x  after/hand 1.73x
fix/slope-16.whole-stream hand     1588.6 ns before     2494.4 ns after     2514.3 ns  before/hand 1.57x  after/hand 1.58x
  fix/slope-16.whole-reader: 1 round(s) redone after a gen1/gen2 collection
fix/slope-16.whole-reader hand     1582.2 ns before     2478.2 ns after     2501.7 ns  before/hand 1.57x  after/hand 1.58x
web/url.full           hand      286.0 ns before      356.6 ns after      372.3 ns  before/hand 1.25x  after/hand 1.30x
el/ladder              hand     1432.6 ns before     2502.7 ns after     2490.6 ns before-immediate     1856.2 ns after-immediate     1854.8 ns  before/hand 1.75x  after/hand 1.74x  before-immediate/hand 1.30x  after-immediate/hand 1.29x
el/string              hand      376.7 ns before     1094.8 ns after     1096.5 ns before-immediate      761.3 ns after-immediate      766.3 ns  before/hand 2.91x  after/hand 2.91x  before-immediate/hand 2.02x  after-immediate/hand 2.03x
sql/column             hand      167.1 ns before      453.7 ns after      443.6 ns  before/hand 2.72x  after/hand 2.66x
sql/select20           hand     8224.4 ns before    22633.8 ns after    22106.8 ns  before/hand 2.75x  after/hand 2.69x

# Paired stand, 2026-09-19 22:49

IGOR-DESKTOP, pinned to 0-15, high priority, control 30.9 ns.

The base of a row is what every ratio is over, and its name says what it is: `hand` is a hand-written parser (`DotGram.Handwritten`), `scriptdom` is Microsoft's parser, and `control` is this process's own build of the same generated parser, held constant so that the two sides are compared and nothing is claimed against a hand-written one.

| row | reading | base | base ns | before ns | before/base | after ns | after/base | change | before B | after B |
| --- | --- | --- | ---: | ---: | ---: | ---: | ---: | ---: | ---: | ---: |
| fix/One.text | generated | hand | 111.4 | 121.1 | 1.09x | 122.2 | 1.10x | +0.9% | 192 | 192 |
| fix/One.bytes | generated | hand | 119.5 | 215.8 | 1.81x | 216.2 | 1.81x | +0.2% | 248 | 248 |
| fix/One.stream | generated | hand | 196.5 | 468.2 | 2.38x | 476.2 | 2.42x | +1.7% | 888 | 888 |
| fix/Order.text | generated | hand | 1082.8 | 1099.5 | 1.02x | 1132.2 | 1.05x | +3.0% | 1096 | 1096 |
| fix/Order.bytes | generated | hand | 1061.3 | 2012.3 | 1.90x | 2018.8 | 1.90x | +0.3% | 1152 | 1152 |
| fix/Order.stream | generated | hand | 1234.4 | 2411.7 | 1.95x | 2403.1 | 1.95x | -0.4% | 1712 | 1712 |
| fix/BinaryMany.text | generated | hand | 5690.5 | 5128.2 | 0.90x | 5087.3 | 0.89x | -0.8% | 7256 | 7256 |
| fix/BinaryMany.bytes | generated | hand | 5683.1 | 8746.7 | 1.54x | 8756.7 | 1.54x | +0.1% | 7312 | 7312 |
| fix/BinaryMany.stream | generated | hand | 6493.2 | 9513.8 | 1.47x | 9505.0 | 1.46x | -0.1% | 7448 | 7448 |
| fix/Orders128.text | generated | hand | 127549.9 | 128436.0 | 1.01x | 129805.2 | 1.02x | +1.1% | 129112 | 129112 |
| fix/Orders128.bytes | generated | hand | 128839.6 | 247188.1 | 1.92x | 247334.0 | 1.92x | +0.1% | 129168 | 129168 |
| fix/Orders128.stream | generated | hand | 164457.2 | 258005.7 | 1.57x | 257273.6 | 1.56x | -0.3% | 118552 | 118552 |
| fix/OrderMalformed.text | generated | hand | 1024.5 | 1055.1 | 1.03x | 1068.9 | 1.04x | +1.3% | 1248 | 1248 |
| fix/OrderMalformed.bytes | generated | hand | 1036.4 | 1986.3 | 1.92x | 1969.3 | 1.90x | -0.9% | 1304 | 1304 |
| fix/OrderMalformed.stream | generated | hand | 1149.3 | 2342.1 | 2.04x | 2364.7 | 2.06x | +1.0% | 1864 | 1864 |
| fix/slope-0.text | generated | hand | 40.8 | 41.2 | 1.01x | 41.0 | 1.01x | -0.5% | 64 | 64 |
| fix/slope-1.text | generated | hand | 134.9 | 125.1 | 0.93x | 126.5 | 0.94x | +1.1% | 192 | 192 |
| fix/slope-2.text | generated | hand | 236.3 | 213.0 | 0.90x | 217.2 | 0.92x | +2.0% | 296 | 296 |
| fix/slope-4.text | generated | hand | 403.1 | 365.5 | 0.91x | 372.9 | 0.93x | +2.0% | 504 | 504 |
| fix/slope-8.text | generated | hand | 738.0 | 685.0 | 0.93x | 693.9 | 0.94x | +1.3% | 920 | 920 |
| fix/slope-16.text | generated | hand | 1489.5 | 1292.6 | 0.87x | 1321.0 | 0.89x | +2.2% | 1752 | 1752 |
| fix/slope-0.bytes | generated | hand | 51.6 | 61.4 | 1.19x | 61.1 | 1.19x | -0.5% | 120 | 120 |
| fix/slope-1.bytes | generated | hand | 149.8 | 212.5 | 1.42x | 210.5 | 1.41x | -1.0% | 248 | 248 |
| fix/slope-2.bytes | generated | hand | 251.6 | 361.7 | 1.44x | 361.8 | 1.44x | 0.0% | 352 | 352 |
| fix/slope-4.bytes | generated | hand | 428.7 | 645.5 | 1.51x | 643.6 | 1.50x | -0.3% | 560 | 560 |
| fix/slope-8.bytes | generated | hand | 805.4 | 1256.4 | 1.56x | 1259.6 | 1.56x | +0.3% | 976 | 976 |
| fix/slope-16.bytes | generated | hand | 1553.5 | 2354.0 | 1.52x | 2353.8 | 1.52x | 0.0% | 1808 | 1808 |
| fix/slope-0.stream | generated | hand | 115.1 | 276.9 | 2.41x | 284.4 | 2.47x | +2.7% | 792 | 792 |
| fix/slope-1.stream | generated | hand | 221.0 | 478.8 | 2.17x | 480.5 | 2.17x | +0.4% | 888 | 888 |
| fix/slope-2.stream | generated | hand | 329.6 | 636.2 | 1.93x | 666.9 | 2.02x | +4.8% | 984 | 984 |
| fix/slope-4.stream | generated | hand | 547.5 | 949.3 | 1.73x | 961.8 | 1.76x | +1.3% | 1176 | 1176 |
| fix/slope-8.stream | generated | hand | 925.6 | 1522.5 | 1.64x | 1547.1 | 1.67x | +1.6% | 1560 | 1560 |
| fix/slope-16.stream | generated | hand | 1725.7 | 2711.9 | 1.57x | 2763.7 | 1.60x | +1.9% | 2328 | 2328 |
| fix/orders400.text | generated | hand | 393335.5 | 396366.0 | 1.01x | 401408.2 | 1.02x | +1.3% | 403288 | 403288 |
| fix/slope-1600.text | generated | hand | 128028.2 | 122739.7 | 0.96x | 124765.6 | 0.97x | +1.7% | 166488 | 166488 |
| tsql/columns1000 | generated | scriptdom | 2698118.8 | 235509.4 | 0.09x | 231037.5 | 0.09x | -1.9% | 200489 | 200489 |
| sql/select20.at | generated | hand | 8285.6 | 22013.7 | 2.66x | 21583.8 | 2.60x | -2.0% | 21416 | 21416 |
| sql/select20.window | generated | hand | 8232.8 | 22473.6 | 2.73x | 22198.8 | 2.70x | -1.2% | 21416 | 21416 |
| sql/select20.scan | generated | control | 390.0 | 392.4 | 1.01x | 391.5 | 1.00x | -0.2% | 0 | 0 |
| tsql/select20.scan | generated | control | 391.4 | 390.5 | 1.00x | 387.9 | 0.99x | -0.7% | 0 | 0 |
| el/ladder.scan | generated | control | 140.7 | 140.6 | 1.00x | 140.0 | 1.00x | -0.4% | 0 | 0 |
| fix/Order.span | generated | hand | 985.4 | 896.4 | 0.91x | 914.1 | 0.93x | +2.0% | 1008 | 1008 |
| fix/One.log-text | generated | hand | 122.2 | 221.2 | 1.81x | 136.1 | 1.11x | -38.5% | 192 | 192 |
| fix/One.log-bytes | generated | hand | 122.3 | 329.5 | 2.69x | 246.6 | 2.02x | -25.2% | 248 | 248 |
| fix/One.log-stream | generated | hand | 122.6 | 647.9 | 5.29x | 505.7 | 4.13x | -21.9% | 888 | 888 |
| fix/Order.log-text | generated | hand | 1078.8 | 1831.6 | 1.70x | 1190.5 | 1.10x | -35.0% | 1096 | 1096 |
| fix/Order.log-bytes | generated | hand | 1083.1 | 3089.1 | 2.85x | 2539.3 | 2.34x | -17.8% | 1152 | 1152 |
| fix/Order.log-stream | generated | hand | 1093.7 | 4019.8 | 3.68x | 2914.6 | 2.66x | -27.5% | 1712 | 1712 |
| fix/Orders128.log-text | generated | hand | 132521.3 | 220988.6 | 1.67x | 145581.6 | 1.10x | -34.1% | 129112 | 129112 |
| fix/Orders128.log-bytes | generated | hand | 132414.6 | 375799.7 | 2.84x | 312945.1 | 2.36x | -16.7% | 129168 | 129168 |
| fix/Orders128.log-stream | generated | hand | 133393.0 | 460872.1 | 3.45x | 324412.5 | 2.43x | -29.6% | 118552 | 118552 |
| fix/slope-0.log-text | generated | hand | 33.2 | 85.8 | 2.59x | 41.2 | 1.24x | -52.1% | 88 | 64 |
| fix/slope-0.log-bytes | generated | hand | 33.0 | 99.9 | 3.03x | 61.3 | 1.86x | -38.7% | 144 | 120 |
| fix/slope-0.log-stream | generated | hand | 32.9 | 283.9 | 8.63x | 281.8 | 8.57x | -0.7% | 792 | 792 |
| fix/slope-4.log-text | generated | hand | 382.1 | 642.5 | 1.68x | 408.8 | 1.07x | -36.4% | 504 | 504 |
| fix/slope-4.log-bytes | generated | hand | 381.5 | 1035.4 | 2.71x | 795.3 | 2.08x | -23.2% | 560 | 560 |
| fix/slope-4.log-stream | generated | hand | 382.2 | 1515.3 | 3.96x | 1089.6 | 2.85x | -28.1% | 1176 | 1176 |
| fix/slope-16.log-text | generated | hand | 1446.3 | 2264.7 | 1.57x | 1460.2 | 1.01x | -35.5% | 1752 | 1752 |
| fix/slope-16.log-bytes | generated | hand | 1459.2 | 3782.6 | 2.59x | 2948.0 | 2.02x | -22.1% | 1808 | 1808 |
| fix/slope-16.log-stream | generated | hand | 1450.5 | 4877.5 | 3.36x | 3330.0 | 2.30x | -31.7% | 2328 | 2328 |
| el/ladder.bool | generated | hand | 1447.9 | 2517.3 | 1.74x | 2492.3 | 1.72x | -1.0% | 1328 | 1272 |
| sql/select20.bool | generated | hand | 8251.5 | 22435.9 | 2.72x | 22400.0 | 2.71x | -0.2% | 21448 | 21392 |
| fix/One.yield-reader | generated | hand | 244.6 | 470.6 | 1.92x | 489.8 | 2.00x | +4.1% | 856 | 856 |
| fix/One.yield-string | generated | hand | 117.9 | 267.1 | 2.26x | 265.6 | 2.25x | -0.6% | 272 | 272 |
| fix/One.yield-memory | generated | hand | 117.7 | 218.3 | 1.85x | 219.6 | 1.87x | +0.6% | 352 | 352 |
| fix/One.whole-stream | generated | hand | 186.5 | 353.8 | 1.90x | 362.6 | 1.94x | +2.5% | 448 | 448 |
| fix/One.whole-reader | generated | hand | 187.8 | 359.5 | 1.91x | 362.6 | 1.93x | +0.9% | 416 | 416 |
| fix/Order.yield-reader | generated | hand | 1253.4 | 2364.2 | 1.89x | 2393.9 | 1.91x | +1.3% | 1680 | 1680 |
| fix/Order.yield-string | generated | hand | 1042.1 | 2519.6 | 2.42x | 2532.9 | 2.43x | +0.5% | 1096 | 1096 |
| fix/Order.yield-memory | generated | hand | 1039.7 | 2039.1 | 1.96x | 2031.9 | 1.95x | -0.4% | 1176 | 1176 |
| fix/Order.whole-stream | generated | hand | 1164.1 | 2163.2 | 1.86x | 2206.5 | 1.90x | +2.0% | 1352 | 1352 |
| fix/Order.whole-reader | generated | hand | 1160.9 | 2184.3 | 1.88x | 2176.8 | 1.88x | -0.3% | 1320 | 1320 |
| fix/BinaryMany.yield-reader | generated | hand | 7002.9 | 9735.7 | 1.39x | 9770.3 | 1.40x | +0.4% | 7416 | 7416 |
| fix/BinaryMany.yield-string | generated | hand | 5634.9 | 17682.1 | 3.14x | 17620.8 | 3.13x | -0.3% | 6832 | 6832 |
| fix/BinaryMany.yield-memory | generated | hand | 5644.8 | 8938.4 | 1.58x | 8954.2 | 1.59x | +0.2% | 6912 | 6912 |
| fix/BinaryMany.whole-stream | generated | hand | 6540.4 | 8944.2 | 1.37x | 8975.7 | 1.37x | +0.4% | 7512 | 7512 |
| fix/BinaryMany.whole-reader | generated | hand | 6531.8 | 9107.6 | 1.39x | 9124.7 | 1.40x | +0.2% | 7480 | 7480 |
| fix/Orders128.yield-reader | generated | hand | 183003.7 | 258142.4 | 1.41x | 256913.1 | 1.40x | -0.5% | 118520 | 118520 |
| fix/Orders128.yield-string | generated | hand | 126321.7 | 309321.6 | 2.45x | 312023.3 | 2.47x | +0.9% | 117936 | 117936 |
| fix/Orders128.yield-memory | generated | hand | 125980.4 | 251416.9 | 2.00x | 251362.6 | 2.00x | 0.0% | 118016 | 118016 |
| fix/Orders128.whole-stream | generated | hand | 165126.4 | 246488.5 | 1.49x | 246540.6 | 1.49x | 0.0% | 129368 | 129368 |
| fix/Orders128.whole-reader | generated | hand | 164856.1 | 246866.0 | 1.50x | 245492.2 | 1.49x | -0.6% | 129336 | 129336 |
| fix/slope-0.yield-reader | generated | hand | 148.6 | 289.5 | 1.95x | 291.7 | 1.96x | +0.7% | 760 | 760 |
| fix/slope-0.yield-string | generated | hand | 33.0 | 55.0 | 1.66x | 54.8 | 1.66x | -0.4% | 176 | 176 |
| fix/slope-0.yield-memory | generated | hand | 33.1 | 70.0 | 2.12x | 70.2 | 2.12x | +0.3% | 256 | 256 |
| fix/slope-0.whole-stream | generated | hand | 92.4 | 182.1 | 1.97x | 183.9 | 1.99x | +0.9% | 320 | 320 |
| fix/slope-0.whole-reader | generated | hand | 92.3 | 193.5 | 2.10x | 193.5 | 2.09x | 0.0% | 288 | 288 |
| fix/slope-16.yield-reader | generated | hand | 1657.7 | 2690.5 | 1.62x | 2723.0 | 1.64x | +1.2% | 2296 | 2296 |
| fix/slope-16.yield-string | generated | hand | 1387.9 | 3405.1 | 2.45x | 3464.1 | 2.50x | +1.7% | 1712 | 1712 |
| fix/slope-16.yield-memory | generated | hand | 1383.3 | 2390.6 | 1.73x | 2396.0 | 1.73x | +0.2% | 1792 | 1792 |
| fix/slope-16.whole-stream | generated | hand | 1588.6 | 2494.4 | 1.57x | 2514.3 | 1.58x | +0.8% | 2008 | 2008 |
| fix/slope-16.whole-reader | generated | hand | 1582.2 | 2478.2 | 1.57x | 2501.7 | 1.58x | +0.9% | 1976 | 1976 |
| web/url.full | generated | hand | 286.0 | 356.6 | 1.25x | 372.3 | 1.30x | +4.4% | 536 | 536 |
| el/ladder | generated | hand | 1432.6 | 2502.7 | 1.75x | 2490.6 | 1.74x | -0.5% | 1328 | 1328 |
| el/ladder | immediate | hand | 1432.6 | 1856.2 | 1.30x | 1854.8 | 1.29x | -0.1% | 1208 | 1208 |
| el/string | generated | hand | 376.7 | 1094.8 | 2.91x | 1096.5 | 2.91x | +0.2% | 1024 | 1024 |
| el/string | immediate | hand | 376.7 | 761.3 | 2.02x | 766.3 | 2.03x | +0.7% | 1000 | 1000 |
| sql/column | generated | hand | 167.1 | 453.7 | 2.72x | 443.6 | 2.66x | -2.2% | 392 | 392 |
| sql/select20 | generated | hand | 8224.4 | 22633.8 | 2.75x | 22106.8 | 2.69x | -2.3% | 21448 | 21448 |

Written to T:\TEMP\dotgram-stand\w65\pair-pgo0\run-3
=== run 4 of 5, 22:49:04
97 rows, every reading agreeing. Timing 8 rounds.
fix/One.text           hand      113.2 ns before      122.7 ns after      124.8 ns  before/hand 1.08x  after/hand 1.10x
fix/One.bytes          hand      118.4 ns before      212.3 ns after      211.5 ns  before/hand 1.79x  after/hand 1.79x
fix/One.stream         hand      192.3 ns before      469.6 ns after      482.0 ns  before/hand 2.44x  after/hand 2.51x
fix/Order.text         hand     1037.3 ns before     1058.0 ns after     1058.5 ns  before/hand 1.02x  after/hand 1.02x
fix/Order.bytes        hand     1050.0 ns before     2008.6 ns after     2005.3 ns  before/hand 1.91x  after/hand 1.91x
  fix/Order.stream: 1 round(s) redone after a gen1/gen2 collection
fix/Order.stream       hand     1155.0 ns before     2384.6 ns after     2385.8 ns  before/hand 2.06x  after/hand 2.07x
fix/BinaryMany.text    hand     5642.1 ns before     5198.5 ns after     5054.3 ns  before/hand 0.92x  after/hand 0.90x
fix/BinaryMany.bytes   hand     5695.4 ns before     8838.5 ns after     8763.2 ns  before/hand 1.55x  after/hand 1.54x
  fix/BinaryMany.stream: 1 round(s) redone after a gen1/gen2 collection
fix/BinaryMany.stream  hand     6520.1 ns before     9563.0 ns after     9508.7 ns  before/hand 1.47x  after/hand 1.46x
fix/Orders128.text     hand   123957.2 ns before   127484.3 ns after   128207.9 ns  before/hand 1.03x  after/hand 1.03x
fix/Orders128.bytes    hand   126946.9 ns before   245560.0 ns after   246160.5 ns  before/hand 1.93x  after/hand 1.94x
  fix/Orders128.stream: 1 round(s) redone after a gen1/gen2 collection
fix/Orders128.stream   hand   163220.5 ns before   259996.9 ns after   257441.2 ns  before/hand 1.59x  after/hand 1.58x
fix/OrderMalformed.text hand     1026.3 ns before     1049.5 ns after     1045.1 ns  before/hand 1.02x  after/hand 1.02x
fix/OrderMalformed.bytes hand     1037.6 ns before     1985.9 ns after     1968.1 ns  before/hand 1.91x  after/hand 1.90x
fix/OrderMalformed.stream hand     1144.7 ns before     2348.5 ns after     2354.4 ns  before/hand 2.05x  after/hand 2.06x
fix/slope-0.text       hand       40.4 ns before       41.2 ns after       41.4 ns  before/hand 1.02x  after/hand 1.02x
fix/slope-1.text       hand      138.0 ns before      126.8 ns after      129.4 ns  before/hand 0.92x  after/hand 0.94x
fix/slope-2.text       hand      238.1 ns before      212.9 ns after      218.8 ns  before/hand 0.89x  after/hand 0.92x
fix/slope-4.text       hand      409.4 ns before      372.9 ns after      379.7 ns  before/hand 0.91x  after/hand 0.93x
fix/slope-8.text       hand      741.6 ns before      694.5 ns after      709.6 ns  before/hand 0.94x  after/hand 0.96x
fix/slope-16.text      hand     1508.8 ns before     1318.6 ns after     1350.2 ns  before/hand 0.87x  after/hand 0.89x
fix/slope-0.bytes      hand       51.1 ns before       61.2 ns after       61.1 ns  before/hand 1.20x  after/hand 1.20x
fix/slope-1.bytes      hand      150.8 ns before      212.9 ns after      214.8 ns  before/hand 1.41x  after/hand 1.42x
fix/slope-2.bytes      hand      255.4 ns before      363.1 ns after      365.1 ns  before/hand 1.42x  after/hand 1.43x
fix/slope-4.bytes      hand      436.7 ns before      650.3 ns after      650.6 ns  before/hand 1.49x  after/hand 1.49x
fix/slope-8.bytes      hand      786.4 ns before     1230.1 ns after     1233.7 ns  before/hand 1.56x  after/hand 1.57x
fix/slope-16.bytes     hand     1582.6 ns before     2371.6 ns after     2378.0 ns  before/hand 1.50x  after/hand 1.50x
fix/slope-0.stream     hand      114.3 ns before      269.5 ns after      278.1 ns  before/hand 2.36x  after/hand 2.43x
fix/slope-1.stream     hand      220.3 ns before      470.6 ns after      483.7 ns  before/hand 2.14x  after/hand 2.20x
fix/slope-2.stream     hand      328.5 ns before      632.6 ns after      646.2 ns  before/hand 1.93x  after/hand 1.97x
fix/slope-4.stream     hand      547.8 ns before      935.9 ns after      948.2 ns  before/hand 1.71x  after/hand 1.73x
fix/slope-8.stream     hand      932.6 ns before     1531.5 ns after     1545.0 ns  before/hand 1.64x  after/hand 1.66x
  fix/slope-16.stream: 1 round(s) redone after a gen1/gen2 collection
fix/slope-16.stream    hand     1726.5 ns before     2736.9 ns after     2750.2 ns  before/hand 1.59x  after/hand 1.59x
fix/orders400.text     hand   388536.7 ns before   398288.7 ns after   399795.7 ns  before/hand 1.03x  after/hand 1.03x
fix/slope-1600.text    hand   127859.6 ns before   125628.1 ns after   129081.1 ns  before/hand 0.98x  after/hand 1.01x
tsql/columns1000       scriptdom  2706412.5 ns before   231075.0 ns after   238309.4 ns  before/scriptdom 0.09x  after/scriptdom 0.09x
sql/select20.at        hand     8385.6 ns before    21535.7 ns after    21881.3 ns  before/hand 2.57x  after/hand 2.61x
sql/select20.window    hand     8484.2 ns before    22212.0 ns after    22625.8 ns  before/hand 2.62x  after/hand 2.67x
sql/select20.scan      control      381.1 ns before      378.4 ns after      386.7 ns  before/control 0.99x  after/control 1.01x
tsql/select20.scan     control      386.3 ns before      381.9 ns after      385.5 ns  before/control 0.99x  after/control 1.00x
el/ladder.scan         control      138.6 ns before      137.7 ns after      137.7 ns  before/control 0.99x  after/control 0.99x
fix/Order.span         hand      979.5 ns before      891.3 ns after      896.6 ns  before/hand 0.91x  after/hand 0.92x
fix/One.log-text       hand      124.1 ns before      216.9 ns after      137.8 ns  before/hand 1.75x  after/hand 1.11x
  fix/One.log-bytes: 1 round(s) redone after a gen1/gen2 collection
fix/One.log-bytes      hand      125.9 ns before      331.9 ns after      247.4 ns  before/hand 2.64x  after/hand 1.96x
fix/One.log-stream     hand      124.5 ns before      642.5 ns after      503.0 ns  before/hand 5.16x  after/hand 4.04x
  fix/Order.log-text: 1 round(s) redone after a gen1/gen2 collection
fix/Order.log-text     hand     1083.5 ns before     1849.7 ns after     1175.0 ns  before/hand 1.71x  after/hand 1.08x
fix/Order.log-bytes    hand     1078.9 ns before     3146.9 ns after     2536.7 ns  before/hand 2.92x  after/hand 2.35x
  fix/Order.log-stream: 1 round(s) redone after a gen1/gen2 collection
fix/Order.log-stream   hand     1077.4 ns before     4050.4 ns after     2919.2 ns  before/hand 3.76x  after/hand 2.71x
fix/Orders128.log-text hand   130916.7 ns before   221552.2 ns after   144480.4 ns  before/hand 1.69x  after/hand 1.10x
  fix/Orders128.log-bytes: 1 round(s) redone after a gen1/gen2 collection
fix/Orders128.log-bytes hand   131147.5 ns before   378510.0 ns after   314668.3 ns  before/hand 2.89x  after/hand 2.40x
fix/Orders128.log-stream hand   131281.4 ns before   469823.0 ns after   323977.7 ns  before/hand 3.58x  after/hand 2.47x
fix/slope-0.log-text   hand       32.7 ns before       85.8 ns after       41.0 ns  before/hand 2.63x  after/hand 1.25x
fix/slope-0.log-bytes  hand       32.6 ns before      100.1 ns after       61.5 ns  before/hand 3.07x  after/hand 1.89x
  fix/slope-0.log-stream: 1 round(s) redone after a gen1/gen2 collection
fix/slope-0.log-stream hand       32.7 ns before      274.7 ns after      278.7 ns  before/hand 8.40x  after/hand 8.52x
fix/slope-4.log-text   hand      386.6 ns before      647.1 ns after      419.7 ns  before/hand 1.67x  after/hand 1.09x
fix/slope-4.log-bytes  hand      385.0 ns before     1044.1 ns after      821.6 ns  before/hand 2.71x  after/hand 2.13x
  fix/slope-4.log-stream: 1 round(s) redone after a gen1/gen2 collection
fix/slope-4.log-stream hand      384.6 ns before     1511.5 ns after     1096.3 ns  before/hand 3.93x  after/hand 2.85x
fix/slope-16.log-text  hand     1471.0 ns before     2277.9 ns after     1506.9 ns  before/hand 1.55x  after/hand 1.02x
fix/slope-16.log-bytes hand     1478.2 ns before     3804.5 ns after     3000.9 ns  before/hand 2.57x  after/hand 2.03x
  fix/slope-16.log-stream: 1 round(s) redone after a gen1/gen2 collection
fix/slope-16.log-stream hand     1470.7 ns before     4898.0 ns after     3355.7 ns  before/hand 3.33x  after/hand 2.28x
el/ladder.bool         hand     1440.5 ns before     2517.4 ns after     2549.0 ns  before/hand 1.75x  after/hand 1.77x
sql/select20.bool      hand     8453.9 ns before    22206.9 ns after    22607.9 ns  before/hand 2.63x  after/hand 2.67x
fix/One.yield-reader   hand      245.2 ns before      470.9 ns after      483.3 ns  before/hand 1.92x  after/hand 1.97x
fix/One.yield-string   hand      121.7 ns before      273.3 ns after      283.8 ns  before/hand 2.25x  after/hand 2.33x
  fix/One.yield-memory: 1 round(s) redone after a gen1/gen2 collection
fix/One.yield-memory   hand      121.3 ns before      220.0 ns after      219.9 ns  before/hand 1.81x  after/hand 1.81x
fix/One.whole-stream   hand      188.9 ns before      351.0 ns after      360.9 ns  before/hand 1.86x  after/hand 1.91x
fix/One.whole-reader   hand      189.9 ns before      359.9 ns after      365.5 ns  before/hand 1.90x  after/hand 1.93x
fix/Order.yield-reader hand     1267.3 ns before     2383.3 ns after     2387.7 ns  before/hand 1.88x  after/hand 1.88x
fix/Order.yield-string hand     1037.5 ns before     2551.8 ns after     2680.7 ns  before/hand 2.46x  after/hand 2.58x
  fix/Order.yield-memory: 1 round(s) redone after a gen1/gen2 collection
fix/Order.yield-memory hand     1040.4 ns before     2041.4 ns after     2031.2 ns  before/hand 1.96x  after/hand 1.95x
fix/Order.whole-stream hand     1161.4 ns before     2204.5 ns after     2188.2 ns  before/hand 1.90x  after/hand 1.88x
  fix/Order.whole-reader: 1 round(s) redone after a gen1/gen2 collection
fix/Order.whole-reader hand     1160.3 ns before     2182.6 ns after     2175.9 ns  before/hand 1.88x  after/hand 1.88x
fix/BinaryMany.yield-reader hand     6950.8 ns before     9819.4 ns after     9667.9 ns  before/hand 1.41x  after/hand 1.39x
fix/BinaryMany.yield-string hand     5614.4 ns before    18834.4 ns after    17898.9 ns  before/hand 3.35x  after/hand 3.19x
fix/BinaryMany.yield-memory hand     5626.2 ns before     8986.4 ns after     9040.8 ns  before/hand 1.60x  after/hand 1.61x
fix/BinaryMany.whole-stream hand     6542.9 ns before     9059.0 ns after     8891.2 ns  before/hand 1.38x  after/hand 1.36x
fix/BinaryMany.whole-reader hand     6522.6 ns before     9225.8 ns after     9132.3 ns  before/hand 1.41x  after/hand 1.40x
fix/Orders128.yield-reader hand   183282.0 ns before   258141.0 ns after   258335.4 ns  before/hand 1.41x  after/hand 1.41x
fix/Orders128.yield-string hand   124268.2 ns before   314495.4 ns after   327956.9 ns  before/hand 2.53x  after/hand 2.64x
  fix/Orders128.yield-memory: 1 round(s) redone after a gen1/gen2 collection
fix/Orders128.yield-memory hand   125420.4 ns before   252414.5 ns after   250985.3 ns  before/hand 2.01x  after/hand 2.00x
fix/Orders128.whole-stream hand   164033.2 ns before   246477.3 ns after   248864.6 ns  before/hand 1.50x  after/hand 1.52x
fix/Orders128.whole-reader hand   164220.3 ns before   246244.5 ns after   247646.5 ns  before/hand 1.50x  after/hand 1.51x
  fix/slope-0.yield-reader: 1 round(s) redone after a gen1/gen2 collection
fix/slope-0.yield-reader hand      147.8 ns before      286.9 ns after      289.8 ns  before/hand 1.94x  after/hand 1.96x
fix/slope-0.yield-string hand       32.8 ns before       54.7 ns after       54.7 ns  before/hand 1.67x  after/hand 1.66x
  fix/slope-0.yield-memory: 1 round(s) redone after a gen1/gen2 collection
fix/slope-0.yield-memory hand       34.4 ns before       70.6 ns after       69.5 ns  before/hand 2.05x  after/hand 2.02x
fix/slope-0.whole-stream hand       94.2 ns before      182.2 ns after      183.1 ns  before/hand 1.94x  after/hand 1.94x
fix/slope-0.whole-reader hand       93.3 ns before      192.6 ns after      194.6 ns  before/hand 2.06x  after/hand 2.08x
  fix/slope-16.yield-reader: 1 round(s) redone after a gen1/gen2 collection
fix/slope-16.yield-reader hand     1657.9 ns before     2706.4 ns after     2743.3 ns  before/hand 1.63x  after/hand 1.65x
fix/slope-16.yield-string hand     1402.9 ns before     3474.1 ns after     3685.1 ns  before/hand 2.48x  after/hand 2.63x
fix/slope-16.yield-memory hand     1400.1 ns before     2402.0 ns after     2422.0 ns  before/hand 1.72x  after/hand 1.73x
  fix/slope-16.whole-stream: 1 round(s) redone after a gen1/gen2 collection
fix/slope-16.whole-stream hand     1611.4 ns before     2520.8 ns after     2545.2 ns  before/hand 1.56x  after/hand 1.58x
fix/slope-16.whole-reader hand     1601.6 ns before     2486.3 ns after     2531.2 ns  before/hand 1.55x  after/hand 1.58x
web/url.full           hand      286.6 ns before      362.4 ns after      367.0 ns  before/hand 1.26x  after/hand 1.28x
el/ladder              hand     1429.4 ns before     2520.2 ns after     2558.7 ns before-immediate     1853.9 ns after-immediate     1862.9 ns  before/hand 1.76x  after/hand 1.79x  before-immediate/hand 1.30x  after-immediate/hand 1.30x
  el/string: 1 round(s) redone after a gen1/gen2 collection
el/string              hand      384.4 ns before     1089.5 ns after     1118.8 ns before-immediate      768.4 ns after-immediate      767.9 ns  before/hand 2.83x  after/hand 2.91x  before-immediate/hand 2.00x  after-immediate/hand 2.00x
sql/column             hand      168.6 ns before      446.6 ns after      457.8 ns  before/hand 2.65x  after/hand 2.72x
sql/select20           hand     8415.3 ns before    22176.1 ns after    22624.0 ns  before/hand 2.64x  after/hand 2.69x

# Paired stand, 2026-09-19 22:55

IGOR-DESKTOP, pinned to 0-15, high priority, control 30.9 ns.

The base of a row is what every ratio is over, and its name says what it is: `hand` is a hand-written parser (`DotGram.Handwritten`), `scriptdom` is Microsoft's parser, and `control` is this process's own build of the same generated parser, held constant so that the two sides are compared and nothing is claimed against a hand-written one.

| row | reading | base | base ns | before ns | before/base | after ns | after/base | change | before B | after B |
| --- | --- | --- | ---: | ---: | ---: | ---: | ---: | ---: | ---: | ---: |
| fix/One.text | generated | hand | 113.2 | 122.7 | 1.08x | 124.8 | 1.10x | +1.7% | 192 | 192 |
| fix/One.bytes | generated | hand | 118.4 | 212.3 | 1.79x | 211.5 | 1.79x | -0.4% | 248 | 248 |
| fix/One.stream | generated | hand | 192.3 | 469.6 | 2.44x | 482.0 | 2.51x | +2.7% | 888 | 888 |
| fix/Order.text | generated | hand | 1037.3 | 1058.0 | 1.02x | 1058.5 | 1.02x | 0.0% | 1096 | 1096 |
| fix/Order.bytes | generated | hand | 1050.0 | 2008.6 | 1.91x | 2005.3 | 1.91x | -0.2% | 1152 | 1152 |
| fix/Order.stream | generated | hand | 1155.0 | 2384.6 | 2.06x | 2385.8 | 2.07x | 0.0% | 1712 | 1712 |
| fix/BinaryMany.text | generated | hand | 5642.1 | 5198.5 | 0.92x | 5054.3 | 0.90x | -2.8% | 7256 | 7256 |
| fix/BinaryMany.bytes | generated | hand | 5695.4 | 8838.5 | 1.55x | 8763.2 | 1.54x | -0.9% | 7312 | 7312 |
| fix/BinaryMany.stream | generated | hand | 6520.1 | 9563.0 | 1.47x | 9508.7 | 1.46x | -0.6% | 7448 | 7448 |
| fix/Orders128.text | generated | hand | 123957.2 | 127484.3 | 1.03x | 128207.9 | 1.03x | +0.6% | 129112 | 129112 |
| fix/Orders128.bytes | generated | hand | 126946.9 | 245560.0 | 1.93x | 246160.5 | 1.94x | +0.2% | 129168 | 129168 |
| fix/Orders128.stream | generated | hand | 163220.5 | 259996.9 | 1.59x | 257441.2 | 1.58x | -1.0% | 118552 | 118552 |
| fix/OrderMalformed.text | generated | hand | 1026.3 | 1049.5 | 1.02x | 1045.1 | 1.02x | -0.4% | 1248 | 1248 |
| fix/OrderMalformed.bytes | generated | hand | 1037.6 | 1985.9 | 1.91x | 1968.1 | 1.90x | -0.9% | 1304 | 1304 |
| fix/OrderMalformed.stream | generated | hand | 1144.7 | 2348.5 | 2.05x | 2354.4 | 2.06x | +0.2% | 1864 | 1864 |
| fix/slope-0.text | generated | hand | 40.4 | 41.2 | 1.02x | 41.4 | 1.02x | +0.4% | 64 | 64 |
| fix/slope-1.text | generated | hand | 138.0 | 126.8 | 0.92x | 129.4 | 0.94x | +2.1% | 192 | 192 |
| fix/slope-2.text | generated | hand | 238.1 | 212.9 | 0.89x | 218.8 | 0.92x | +2.8% | 296 | 296 |
| fix/slope-4.text | generated | hand | 409.4 | 372.9 | 0.91x | 379.7 | 0.93x | +1.8% | 504 | 504 |
| fix/slope-8.text | generated | hand | 741.6 | 694.5 | 0.94x | 709.6 | 0.96x | +2.2% | 920 | 920 |
| fix/slope-16.text | generated | hand | 1508.8 | 1318.6 | 0.87x | 1350.2 | 0.89x | +2.4% | 1752 | 1752 |
| fix/slope-0.bytes | generated | hand | 51.1 | 61.2 | 1.20x | 61.1 | 1.20x | -0.2% | 120 | 120 |
| fix/slope-1.bytes | generated | hand | 150.8 | 212.9 | 1.41x | 214.8 | 1.42x | +0.9% | 248 | 248 |
| fix/slope-2.bytes | generated | hand | 255.4 | 363.1 | 1.42x | 365.1 | 1.43x | +0.5% | 352 | 352 |
| fix/slope-4.bytes | generated | hand | 436.7 | 650.3 | 1.49x | 650.6 | 1.49x | +0.1% | 560 | 560 |
| fix/slope-8.bytes | generated | hand | 786.4 | 1230.1 | 1.56x | 1233.7 | 1.57x | +0.3% | 976 | 976 |
| fix/slope-16.bytes | generated | hand | 1582.6 | 2371.6 | 1.50x | 2378.0 | 1.50x | +0.3% | 1808 | 1808 |
| fix/slope-0.stream | generated | hand | 114.3 | 269.5 | 2.36x | 278.1 | 2.43x | +3.2% | 792 | 792 |
| fix/slope-1.stream | generated | hand | 220.3 | 470.6 | 2.14x | 483.7 | 2.20x | +2.8% | 888 | 888 |
| fix/slope-2.stream | generated | hand | 328.5 | 632.6 | 1.93x | 646.2 | 1.97x | +2.1% | 984 | 984 |
| fix/slope-4.stream | generated | hand | 547.8 | 935.9 | 1.71x | 948.2 | 1.73x | +1.3% | 1176 | 1176 |
| fix/slope-8.stream | generated | hand | 932.6 | 1531.5 | 1.64x | 1545.0 | 1.66x | +0.9% | 1560 | 1560 |
| fix/slope-16.stream | generated | hand | 1726.5 | 2736.9 | 1.59x | 2750.2 | 1.59x | +0.5% | 2328 | 2328 |
| fix/orders400.text | generated | hand | 388536.7 | 398288.7 | 1.03x | 399795.7 | 1.03x | +0.4% | 403288 | 403288 |
| fix/slope-1600.text | generated | hand | 127859.6 | 125628.1 | 0.98x | 129081.1 | 1.01x | +2.7% | 166488 | 166488 |
| tsql/columns1000 | generated | scriptdom | 2706412.5 | 231075.0 | 0.09x | 238309.4 | 0.09x | +3.1% | 200489 | 200489 |
| sql/select20.at | generated | hand | 8385.6 | 21535.7 | 2.57x | 21881.3 | 2.61x | +1.6% | 21416 | 21416 |
| sql/select20.window | generated | hand | 8484.2 | 22212.0 | 2.62x | 22625.8 | 2.67x | +1.9% | 21416 | 21416 |
| sql/select20.scan | generated | control | 381.1 | 378.4 | 0.99x | 386.7 | 1.01x | +2.2% | 0 | 0 |
| tsql/select20.scan | generated | control | 386.3 | 381.9 | 0.99x | 385.5 | 1.00x | +0.9% | 0 | 0 |
| el/ladder.scan | generated | control | 138.6 | 137.7 | 0.99x | 137.7 | 0.99x | 0.0% | 0 | 0 |
| fix/Order.span | generated | hand | 979.5 | 891.3 | 0.91x | 896.6 | 0.92x | +0.6% | 1008 | 1008 |
| fix/One.log-text | generated | hand | 124.1 | 216.9 | 1.75x | 137.8 | 1.11x | -36.4% | 192 | 192 |
| fix/One.log-bytes | generated | hand | 125.9 | 331.9 | 2.64x | 247.4 | 1.96x | -25.4% | 248 | 248 |
| fix/One.log-stream | generated | hand | 124.5 | 642.5 | 5.16x | 503.0 | 4.04x | -21.7% | 888 | 888 |
| fix/Order.log-text | generated | hand | 1083.5 | 1849.7 | 1.71x | 1175.0 | 1.08x | -36.5% | 1096 | 1096 |
| fix/Order.log-bytes | generated | hand | 1078.9 | 3146.9 | 2.92x | 2536.7 | 2.35x | -19.4% | 1152 | 1152 |
| fix/Order.log-stream | generated | hand | 1077.4 | 4050.4 | 3.76x | 2919.2 | 2.71x | -27.9% | 1712 | 1712 |
| fix/Orders128.log-text | generated | hand | 130916.7 | 221552.2 | 1.69x | 144480.4 | 1.10x | -34.8% | 129112 | 129112 |
| fix/Orders128.log-bytes | generated | hand | 131147.5 | 378510.0 | 2.89x | 314668.3 | 2.40x | -16.9% | 129168 | 129168 |
| fix/Orders128.log-stream | generated | hand | 131281.4 | 469823.0 | 3.58x | 323977.7 | 2.47x | -31.0% | 118552 | 118552 |
| fix/slope-0.log-text | generated | hand | 32.7 | 85.8 | 2.63x | 41.0 | 1.25x | -52.2% | 88 | 64 |
| fix/slope-0.log-bytes | generated | hand | 32.6 | 100.1 | 3.07x | 61.5 | 1.89x | -38.5% | 144 | 120 |
| fix/slope-0.log-stream | generated | hand | 32.7 | 274.7 | 8.40x | 278.7 | 8.52x | +1.4% | 792 | 792 |
| fix/slope-4.log-text | generated | hand | 386.6 | 647.1 | 1.67x | 419.7 | 1.09x | -35.2% | 504 | 504 |
| fix/slope-4.log-bytes | generated | hand | 385.0 | 1044.1 | 2.71x | 821.6 | 2.13x | -21.3% | 560 | 560 |
| fix/slope-4.log-stream | generated | hand | 384.6 | 1511.5 | 3.93x | 1096.3 | 2.85x | -27.5% | 1176 | 1176 |
| fix/slope-16.log-text | generated | hand | 1471.0 | 2277.9 | 1.55x | 1506.9 | 1.02x | -33.8% | 1752 | 1752 |
| fix/slope-16.log-bytes | generated | hand | 1478.2 | 3804.5 | 2.57x | 3000.9 | 2.03x | -21.1% | 1808 | 1808 |
| fix/slope-16.log-stream | generated | hand | 1470.7 | 4898.0 | 3.33x | 3355.7 | 2.28x | -31.5% | 2328 | 2328 |
| el/ladder.bool | generated | hand | 1440.5 | 2517.4 | 1.75x | 2549.0 | 1.77x | +1.3% | 1328 | 1272 |
| sql/select20.bool | generated | hand | 8453.9 | 22206.9 | 2.63x | 22607.9 | 2.67x | +1.8% | 21448 | 21392 |
| fix/One.yield-reader | generated | hand | 245.2 | 470.9 | 1.92x | 483.3 | 1.97x | +2.6% | 856 | 856 |
| fix/One.yield-string | generated | hand | 121.7 | 273.3 | 2.25x | 283.8 | 2.33x | +3.8% | 272 | 272 |
| fix/One.yield-memory | generated | hand | 121.3 | 220.0 | 1.81x | 219.9 | 1.81x | 0.0% | 352 | 352 |
| fix/One.whole-stream | generated | hand | 188.9 | 351.0 | 1.86x | 360.9 | 1.91x | +2.8% | 448 | 448 |
| fix/One.whole-reader | generated | hand | 189.9 | 359.9 | 1.90x | 365.5 | 1.93x | +1.6% | 416 | 416 |
| fix/Order.yield-reader | generated | hand | 1267.3 | 2383.3 | 1.88x | 2387.7 | 1.88x | +0.2% | 1680 | 1680 |
| fix/Order.yield-string | generated | hand | 1037.5 | 2551.8 | 2.46x | 2680.7 | 2.58x | +5.1% | 1096 | 1096 |
| fix/Order.yield-memory | generated | hand | 1040.4 | 2041.4 | 1.96x | 2031.2 | 1.95x | -0.5% | 1176 | 1176 |
| fix/Order.whole-stream | generated | hand | 1161.4 | 2204.5 | 1.90x | 2188.2 | 1.88x | -0.7% | 1352 | 1352 |
| fix/Order.whole-reader | generated | hand | 1160.3 | 2182.6 | 1.88x | 2175.9 | 1.88x | -0.3% | 1320 | 1320 |
| fix/BinaryMany.yield-reader | generated | hand | 6950.8 | 9819.4 | 1.41x | 9667.9 | 1.39x | -1.5% | 7416 | 7416 |
| fix/BinaryMany.yield-string | generated | hand | 5614.4 | 18834.4 | 3.35x | 17898.9 | 3.19x | -5.0% | 6832 | 6832 |
| fix/BinaryMany.yield-memory | generated | hand | 5626.2 | 8986.4 | 1.60x | 9040.8 | 1.61x | +0.6% | 6912 | 6912 |
| fix/BinaryMany.whole-stream | generated | hand | 6542.9 | 9059.0 | 1.38x | 8891.2 | 1.36x | -1.9% | 7512 | 7512 |
| fix/BinaryMany.whole-reader | generated | hand | 6522.6 | 9225.8 | 1.41x | 9132.3 | 1.40x | -1.0% | 7480 | 7480 |
| fix/Orders128.yield-reader | generated | hand | 183282.0 | 258141.0 | 1.41x | 258335.4 | 1.41x | +0.1% | 118520 | 118520 |
| fix/Orders128.yield-string | generated | hand | 124268.2 | 314495.4 | 2.53x | 327956.9 | 2.64x | +4.3% | 117936 | 117936 |
| fix/Orders128.yield-memory | generated | hand | 125420.4 | 252414.5 | 2.01x | 250985.3 | 2.00x | -0.6% | 118016 | 118016 |
| fix/Orders128.whole-stream | generated | hand | 164033.2 | 246477.3 | 1.50x | 248864.6 | 1.52x | +1.0% | 129368 | 129368 |
| fix/Orders128.whole-reader | generated | hand | 164220.3 | 246244.5 | 1.50x | 247646.5 | 1.51x | +0.6% | 129336 | 129336 |
| fix/slope-0.yield-reader | generated | hand | 147.8 | 286.9 | 1.94x | 289.8 | 1.96x | +1.0% | 760 | 760 |
| fix/slope-0.yield-string | generated | hand | 32.8 | 54.7 | 1.67x | 54.7 | 1.66x | -0.1% | 176 | 176 |
| fix/slope-0.yield-memory | generated | hand | 34.4 | 70.6 | 2.05x | 69.5 | 2.02x | -1.5% | 256 | 256 |
| fix/slope-0.whole-stream | generated | hand | 94.2 | 182.2 | 1.94x | 183.1 | 1.94x | +0.5% | 320 | 320 |
| fix/slope-0.whole-reader | generated | hand | 93.3 | 192.6 | 2.06x | 194.6 | 2.08x | +1.0% | 288 | 288 |
| fix/slope-16.yield-reader | generated | hand | 1657.9 | 2706.4 | 1.63x | 2743.3 | 1.65x | +1.4% | 2296 | 2296 |
| fix/slope-16.yield-string | generated | hand | 1402.9 | 3474.1 | 2.48x | 3685.1 | 2.63x | +6.1% | 1712 | 1712 |
| fix/slope-16.yield-memory | generated | hand | 1400.1 | 2402.0 | 1.72x | 2422.0 | 1.73x | +0.8% | 1792 | 1792 |
| fix/slope-16.whole-stream | generated | hand | 1611.4 | 2520.8 | 1.56x | 2545.2 | 1.58x | +1.0% | 2008 | 2008 |
| fix/slope-16.whole-reader | generated | hand | 1601.6 | 2486.3 | 1.55x | 2531.2 | 1.58x | +1.8% | 1976 | 1976 |
| web/url.full | generated | hand | 286.6 | 362.4 | 1.26x | 367.0 | 1.28x | +1.2% | 536 | 536 |
| el/ladder | generated | hand | 1429.4 | 2520.2 | 1.76x | 2558.7 | 1.79x | +1.5% | 1328 | 1328 |
| el/ladder | immediate | hand | 1429.4 | 1853.9 | 1.30x | 1862.9 | 1.30x | +0.5% | 1208 | 1208 |
| el/string | generated | hand | 384.4 | 1089.5 | 2.83x | 1118.8 | 2.91x | +2.7% | 1024 | 1049 |
| el/string | immediate | hand | 384.4 | 768.4 | 2.00x | 767.9 | 2.00x | -0.1% | 1000 | 1000 |
| sql/column | generated | hand | 168.6 | 446.6 | 2.65x | 457.8 | 2.72x | +2.5% | 392 | 392 |
| sql/select20 | generated | hand | 8415.3 | 22176.1 | 2.64x | 22624.0 | 2.69x | +2.0% | 21448 | 21448 |

Written to T:\TEMP\dotgram-stand\w65\pair-pgo0\run-4
=== run 5 of 5, 22:55:14
97 rows, every reading agreeing. Timing 8 rounds.
fix/One.text           hand      111.3 ns before      120.9 ns after      122.1 ns  before/hand 1.09x  after/hand 1.10x
fix/One.bytes          hand      117.0 ns before      209.6 ns after      211.1 ns  before/hand 1.79x  after/hand 1.80x
fix/One.stream         hand      190.2 ns before      469.9 ns after      481.9 ns  before/hand 2.47x  after/hand 2.53x
fix/Order.text         hand     1026.8 ns before     1070.1 ns after     1063.2 ns  before/hand 1.04x  after/hand 1.04x
fix/Order.bytes        hand     1050.8 ns before     2010.5 ns after     2012.9 ns  before/hand 1.91x  after/hand 1.92x
  fix/Order.stream: 1 round(s) redone after a gen1/gen2 collection
fix/Order.stream       hand     1160.0 ns before     2385.6 ns after     2397.3 ns  before/hand 2.06x  after/hand 2.07x
fix/BinaryMany.text    hand     5637.0 ns before     5180.6 ns after     5123.9 ns  before/hand 0.92x  after/hand 0.91x
fix/BinaryMany.bytes   hand     5676.7 ns before     8848.3 ns after     8752.6 ns  before/hand 1.56x  after/hand 1.54x
  fix/BinaryMany.stream: 1 round(s) redone after a gen1/gen2 collection
fix/BinaryMany.stream  hand     6534.7 ns before     9582.6 ns after     9510.5 ns  before/hand 1.47x  after/hand 1.46x
=== the limit of 25 minutes came inside run 5: it was stopped, 4 runs are used

Median of 4 of 4 runs, each in a process of its own; control 30.9 ns (the runs' controls: 30.9, 31.0, 30.9, 30.9).
No run was dropped.
The spread column is the spread of the base reading between runs, not between rounds.

# Paired stand, 2026-09-19 22:55

IGOR-DESKTOP, pinned to 0-15, high priority, control 30.9 ns.

The base of a row is what every ratio is over, and its name says what it is: `hand` is a hand-written parser (`DotGram.Handwritten`), `scriptdom` is Microsoft's parser, and `control` is this process's own build of the same generated parser, held constant so that the two sides are compared and nothing is claimed against a hand-written one.

| row | reading | base | base ns | before ns | before/base | after ns | after/base | change | before B | after B |
| --- | --- | --- | ---: | ---: | ---: | ---: | ---: | ---: | ---: | ---: |
| fix/One.text | generated | hand | 112.1 | 121.9 | 1.09x | 123.6 | 1.10x | +1.4% | 192 | 192 |
| fix/One.bytes | generated | hand | 117.8 | 214.0 | 1.82x | 214.2 | 1.82x | +0.1% | 248 | 248 |
| fix/One.stream | generated | hand | 192.5 | 468.8 | 2.43x | 478.3 | 2.48x | +2.0% | 888 | 888 |
| fix/Order.text | generated | hand | 1044.5 | 1067.8 | 1.02x | 1067.4 | 1.02x | 0.0% | 1096 | 1096 |
| fix/Order.bytes | generated | hand | 1055.6 | 2010.5 | 1.90x | 2017.1 | 1.91x | +0.3% | 1152 | 1152 |
| fix/Order.stream | generated | hand | 1155.9 | 2394.4 | 2.07x | 2394.5 | 2.07x | 0.0% | 1712 | 1712 |
| fix/BinaryMany.text | generated | hand | 5666.3 | 5114.4 | 0.90x | 5073.0 | 0.90x | -0.8% | 7256 | 7256 |
| fix/BinaryMany.bytes | generated | hand | 5689.3 | 8768.3 | 1.54x | 8760.0 | 1.54x | -0.1% | 7312 | 7312 |
| fix/BinaryMany.stream | generated | hand | 6536.8 | 9530.1 | 1.46x | 9506.8 | 1.45x | -0.2% | 7448 | 7448 |
| fix/Orders128.text | generated | hand | 124962.8 | 127878.5 | 1.02x | 128154.6 | 1.03x | +0.2% | 129112 | 129112 |
| fix/Orders128.bytes | generated | hand | 126828.3 | 245582.5 | 1.94x | 246747.3 | 1.95x | +0.5% | 129168 | 129168 |
| fix/Orders128.stream | generated | hand | 164378.6 | 258501.3 | 1.57x | 258696.6 | 1.57x | +0.1% | 118552 | 118552 |
| fix/OrderMalformed.text | generated | hand | 1025.4 | 1054.7 | 1.03x | 1061.9 | 1.04x | +0.7% | 1248 | 1248 |
| fix/OrderMalformed.bytes | generated | hand | 1039.8 | 1986.1 | 1.91x | 1975.4 | 1.90x | -0.5% | 1304 | 1304 |
| fix/OrderMalformed.stream | generated | hand | 1144.7 | 2345.3 | 2.05x | 2362.4 | 2.06x | +0.7% | 1864 | 1864 |
| fix/slope-0.text | generated | hand | 40.6 | 41.2 | 1.02x | 41.0 | 1.01x | -0.5% | 64 | 64 |
| fix/slope-1.text | generated | hand | 136.0 | 126.2 | 0.93x | 128.5 | 0.94x | +1.8% | 192 | 192 |
| fix/slope-2.text | generated | hand | 236.0 | 212.9 | 0.90x | 217.6 | 0.92x | +2.2% | 296 | 296 |
| fix/slope-4.text | generated | hand | 405.2 | 370.2 | 0.91x | 376.0 | 0.93x | +1.6% | 504 | 504 |
| fix/slope-8.text | generated | hand | 739.8 | 690.8 | 0.93x | 701.8 | 0.95x | +1.6% | 920 | 920 |
| fix/slope-16.text | generated | hand | 1499.8 | 1301.6 | 0.87x | 1328.7 | 0.89x | +2.1% | 1752 | 1752 |
| fix/slope-0.bytes | generated | hand | 51.5 | 61.3 | 1.19x | 61.1 | 1.19x | -0.3% | 120 | 120 |
| fix/slope-1.bytes | generated | hand | 149.0 | 213.5 | 1.43x | 213.4 | 1.43x | 0.0% | 248 | 248 |
| fix/slope-2.bytes | generated | hand | 252.0 | 363.2 | 1.44x | 363.7 | 1.44x | +0.1% | 352 | 352 |
| fix/slope-4.bytes | generated | hand | 431.8 | 651.1 | 1.51x | 650.7 | 1.51x | 0.0% | 560 | 560 |
| fix/slope-8.bytes | generated | hand | 785.8 | 1230.3 | 1.57x | 1233.4 | 1.57x | +0.2% | 976 | 976 |
| fix/slope-16.bytes | generated | hand | 1557.9 | 2361.4 | 1.52x | 2370.4 | 1.52x | +0.4% | 1808 | 1808 |
| fix/slope-0.stream | generated | hand | 114.7 | 273.5 | 2.38x | 283.7 | 2.47x | +3.7% | 792 | 792 |
| fix/slope-1.stream | generated | hand | 220.6 | 470.4 | 2.13x | 480.6 | 2.18x | +2.2% | 888 | 888 |
| fix/slope-2.stream | generated | hand | 329.0 | 634.6 | 1.93x | 646.9 | 1.97x | +1.9% | 984 | 984 |
| fix/slope-4.stream | generated | hand | 547.4 | 935.9 | 1.71x | 945.8 | 1.73x | +1.1% | 1176 | 1176 |
| fix/slope-8.stream | generated | hand | 929.1 | 1531.6 | 1.65x | 1545.1 | 1.66x | +0.9% | 1560 | 1560 |
| fix/slope-16.stream | generated | hand | 1723.1 | 2729.6 | 1.58x | 2744.6 | 1.59x | +0.6% | 2328 | 2328 |
| fix/orders400.text | generated | hand | 389055.5 | 399376.0 | 1.03x | 399681.4 | 1.03x | +0.1% | 403288 | 403288 |
| fix/slope-1600.text | generated | hand | 127943.9 | 123309.8 | 0.96x | 125295.3 | 0.98x | +1.6% | 166488 | 166488 |
| tsql/columns1000 | generated | scriptdom | 2702756.2 | 230403.1 | 0.09x | 231306.2 | 0.09x | +0.4% | 200489 | 200489 |
| sql/select20.at | generated | hand | 8442.0 | 21949.4 | 2.60x | 22045.4 | 2.61x | +0.4% | 21428 | 21428 |
| sql/select20.window | generated | hand | 8338.9 | 22435.0 | 2.69x | 22721.9 | 2.72x | +1.3% | 21428 | 21428 |
| sql/select20.scan | generated | control | 383.8 | 379.6 | 0.99x | 385.5 | 1.00x | +1.5% | 0 | 0 |
| tsql/select20.scan | generated | control | 382.6 | 381.5 | 1.00x | 385.7 | 1.01x | +1.1% | 0 | 0 |
| el/ladder.scan | generated | control | 138.5 | 138.2 | 1.00x | 137.9 | 1.00x | -0.2% | 0 | 0 |
| fix/Order.span | generated | hand | 988.2 | 903.3 | 0.91x | 905.3 | 0.92x | +0.2% | 1008 | 1008 |
| fix/One.log-text | generated | hand | 122.5 | 219.4 | 1.79x | 137.0 | 1.12x | -37.6% | 192 | 192 |
| fix/One.log-bytes | generated | hand | 122.7 | 331.9 | 2.71x | 247.8 | 2.02x | -25.4% | 248 | 248 |
| fix/One.log-stream | generated | hand | 122.5 | 645.2 | 5.27x | 512.4 | 4.18x | -20.6% | 888 | 888 |
| fix/Order.log-text | generated | hand | 1081.2 | 1840.6 | 1.70x | 1191.5 | 1.10x | -35.3% | 1096 | 1096 |
| fix/Order.log-bytes | generated | hand | 1081.0 | 3134.3 | 2.90x | 2538.0 | 2.35x | -19.0% | 1152 | 1152 |
| fix/Order.log-stream | generated | hand | 1077.1 | 4052.6 | 3.76x | 2929.7 | 2.72x | -27.7% | 1712 | 1712 |
| fix/Orders128.log-text | generated | hand | 131426.7 | 221527.0 | 1.69x | 145019.7 | 1.10x | -34.5% | 129112 | 129112 |
| fix/Orders128.log-bytes | generated | hand | 131622.3 | 379001.0 | 2.88x | 313645.0 | 2.38x | -17.2% | 129168 | 129168 |
| fix/Orders128.log-stream | generated | hand | 132497.9 | 468593.7 | 3.54x | 325931.2 | 2.46x | -30.4% | 118552 | 118552 |
| fix/slope-0.log-text | generated | hand | 33.0 | 85.8 | 2.60x | 41.1 | 1.25x | -52.1% | 88 | 64 |
| fix/slope-0.log-bytes | generated | hand | 32.9 | 100.0 | 3.04x | 61.4 | 1.87x | -38.6% | 144 | 120 |
| fix/slope-0.log-stream | generated | hand | 32.8 | 279.0 | 8.51x | 286.6 | 8.74x | +2.7% | 792 | 792 |
| fix/slope-4.log-text | generated | hand | 382.6 | 643.8 | 1.68x | 413.1 | 1.08x | -35.8% | 504 | 504 |
| fix/slope-4.log-bytes | generated | hand | 382.7 | 1051.0 | 2.75x | 802.1 | 2.10x | -23.7% | 560 | 560 |
| fix/slope-4.log-stream | generated | hand | 382.7 | 1515.6 | 3.96x | 1098.3 | 2.87x | -27.5% | 1176 | 1176 |
| fix/slope-16.log-text | generated | hand | 1458.7 | 2271.3 | 1.56x | 1463.6 | 1.00x | -35.6% | 1752 | 1752 |
| fix/slope-16.log-bytes | generated | hand | 1466.5 | 3817.6 | 2.60x | 2950.8 | 2.01x | -22.7% | 1808 | 1808 |
| fix/slope-16.log-stream | generated | hand | 1460.6 | 4887.7 | 3.35x | 3356.4 | 2.30x | -31.3% | 2328 | 2328 |
| el/ladder.bool | generated | hand | 1450.2 | 2517.4 | 1.74x | 2521.8 | 1.74x | +0.2% | 1328 | 1272 |
| sql/select20.bool | generated | hand | 8348.5 | 22329.6 | 2.67x | 22510.2 | 2.70x | +0.8% | 21448 | 21392 |
| fix/One.yield-reader | generated | hand | 244.1 | 470.8 | 1.93x | 486.9 | 1.99x | +3.4% | 856 | 856 |
| fix/One.yield-string | generated | hand | 118.3 | 266.9 | 2.26x | 270.0 | 2.28x | +1.2% | 272 | 272 |
| fix/One.yield-memory | generated | hand | 118.0 | 217.8 | 1.85x | 219.8 | 1.86x | +0.9% | 352 | 352 |
| fix/One.whole-stream | generated | hand | 187.7 | 354.1 | 1.89x | 362.7 | 1.93x | +2.4% | 448 | 448 |
| fix/One.whole-reader | generated | hand | 189.5 | 365.6 | 1.93x | 365.8 | 1.93x | 0.0% | 416 | 416 |
| fix/Order.yield-reader | generated | hand | 1256.4 | 2387.5 | 1.90x | 2391.7 | 1.90x | +0.2% | 1680 | 1680 |
| fix/Order.yield-string | generated | hand | 1039.8 | 2535.7 | 2.44x | 2594.3 | 2.49x | +2.3% | 1096 | 1096 |
| fix/Order.yield-memory | generated | hand | 1040.1 | 2041.7 | 1.96x | 2041.3 | 1.96x | 0.0% | 1176 | 1176 |
| fix/Order.whole-stream | generated | hand | 1159.9 | 2177.3 | 1.88x | 2197.3 | 1.89x | +0.9% | 1352 | 1352 |
| fix/Order.whole-reader | generated | hand | 1160.6 | 2183.5 | 1.88x | 2176.4 | 1.88x | -0.3% | 1320 | 1320 |
| fix/BinaryMany.yield-reader | generated | hand | 6972.3 | 9739.8 | 1.40x | 9718.3 | 1.39x | -0.2% | 7416 | 7416 |
| fix/BinaryMany.yield-string | generated | hand | 5626.7 | 17970.6 | 3.19x | 17759.9 | 3.16x | -1.2% | 6832 | 6832 |
| fix/BinaryMany.yield-memory | generated | hand | 5637.4 | 8973.1 | 1.59x | 8991.7 | 1.60x | +0.2% | 6912 | 6912 |
| fix/BinaryMany.whole-stream | generated | hand | 6539.4 | 8977.2 | 1.37x | 8955.5 | 1.37x | -0.2% | 7512 | 7512 |
| fix/BinaryMany.whole-reader | generated | hand | 6527.2 | 9135.0 | 1.40x | 9128.5 | 1.40x | -0.1% | 7480 | 7480 |
| fix/Orders128.yield-reader | generated | hand | 183142.9 | 258762.4 | 1.41x | 257977.0 | 1.41x | -0.3% | 118520 | 118520 |
| fix/Orders128.yield-string | generated | hand | 125150.4 | 312172.6 | 2.49x | 317863.1 | 2.54x | +1.8% | 117936 | 117936 |
| fix/Orders128.yield-memory | generated | hand | 125498.4 | 252460.3 | 2.01x | 252303.3 | 2.01x | -0.1% | 118016 | 118016 |
| fix/Orders128.whole-stream | generated | hand | 164758.4 | 246696.4 | 1.50x | 247702.6 | 1.50x | +0.4% | 129368 | 129368 |
| fix/Orders128.whole-reader | generated | hand | 164259.4 | 246212.7 | 1.50x | 245374.3 | 1.49x | -0.3% | 129336 | 129336 |
| fix/slope-0.yield-reader | generated | hand | 148.2 | 289.6 | 1.95x | 291.2 | 1.96x | +0.6% | 760 | 760 |
| fix/slope-0.yield-string | generated | hand | 32.9 | 54.7 | 1.66x | 54.7 | 1.66x | 0.0% | 176 | 176 |
| fix/slope-0.yield-memory | generated | hand | 33.8 | 70.0 | 2.07x | 69.6 | 2.06x | -0.6% | 256 | 256 |
| fix/slope-0.whole-stream | generated | hand | 93.3 | 182.2 | 1.95x | 183.2 | 1.96x | +0.6% | 320 | 320 |
| fix/slope-0.whole-reader | generated | hand | 92.9 | 194.1 | 2.09x | 194.7 | 2.10x | +0.3% | 288 | 288 |
| fix/slope-16.yield-reader | generated | hand | 1651.3 | 2693.2 | 1.63x | 2724.8 | 1.65x | +1.2% | 2296 | 2296 |
| fix/slope-16.yield-string | generated | hand | 1390.0 | 3439.6 | 2.47x | 3522.4 | 2.53x | +2.4% | 1712 | 1712 |
| fix/slope-16.yield-memory | generated | hand | 1395.2 | 2393.9 | 1.72x | 2395.9 | 1.72x | +0.1% | 1792 | 1792 |
| fix/slope-16.whole-stream | generated | hand | 1590.1 | 2503.8 | 1.57x | 2520.0 | 1.58x | +0.6% | 2008 | 2008 |
| fix/slope-16.whole-reader | generated | hand | 1583.5 | 2486.8 | 1.57x | 2507.2 | 1.58x | +0.8% | 1976 | 1976 |
| web/url.full | generated | hand | 285.9 | 360.1 | 1.26x | 364.0 | 1.27x | +1.1% | 536 | 536 |
| el/ladder | generated | hand | 1438.6 | 2514.0 | 1.75x | 2526.9 | 1.76x | +0.5% | 1328 | 1328 |
| el/ladder | immediate | hand | 1438.6 | 1855.0 | 1.29x | 1858.5 | 1.29x | +0.2% | 1208 | 1208 |
| el/string | generated | hand | 380.5 | 1092.1 | 2.87x | 1112.9 | 2.92x | +1.9% | 1024 | 1024 |
| el/string | immediate | hand | 380.5 | 767.5 | 2.02x | 768.2 | 2.02x | +0.1% | 1000 | 1000 |
| sql/column | generated | hand | 168.8 | 448.3 | 2.66x | 446.4 | 2.64x | -0.4% | 392 | 392 |
| sql/select20 | generated | hand | 8295.0 | 22343.9 | 2.69x | 22541.8 | 2.72x | +0.9% | 21448 | 21448 |

Written to T:\TEMP\dotgram-stand\w65\pair-pgo0
