=== run 1 of 5, 22:05:46
97 rows, every reading agreeing. Timing 8 rounds.
fix/One.text           hand       79.3 ns before       81.6 ns after       82.8 ns  before/hand 1.03x  after/hand 1.04x
fix/One.bytes          hand       75.9 ns before       96.0 ns after       97.3 ns  before/hand 1.27x  after/hand 1.28x
fix/One.stream         hand      153.3 ns before      335.2 ns after      325.9 ns  before/hand 2.19x  after/hand 2.13x
fix/Order.text         hand      678.2 ns before      639.1 ns after      633.4 ns  before/hand 0.94x  after/hand 0.93x
fix/Order.bytes        hand      665.2 ns before      741.5 ns after      735.7 ns  before/hand 1.11x  after/hand 1.11x
fix/Order.stream       hand      824.0 ns before     1102.5 ns after     1077.7 ns  before/hand 1.34x  after/hand 1.31x
fix/BinaryMany.text    hand     3732.7 ns before     3963.3 ns after     3986.1 ns  before/hand 1.06x  after/hand 1.07x
fix/BinaryMany.bytes   hand     3723.6 ns before     4549.6 ns after     4556.4 ns  before/hand 1.22x  after/hand 1.22x
fix/BinaryMany.stream  hand     4920.7 ns before     5170.5 ns after     5145.6 ns  before/hand 1.05x  after/hand 1.05x
fix/Orders128.text     hand    80989.0 ns before    74807.7 ns after    73452.9 ns  before/hand 0.92x  after/hand 0.91x
fix/Orders128.bytes    hand    79795.7 ns before    86307.7 ns after    85773.2 ns  before/hand 1.08x  after/hand 1.07x
  fix/Orders128.stream: 1 round(s) redone after a gen1/gen2 collection
fix/Orders128.stream   hand   113736.2 ns before    92658.8 ns after    92789.4 ns  before/hand 0.81x  after/hand 0.82x
fix/OrderMalformed.text hand      676.7 ns before      642.2 ns after      635.3 ns  before/hand 0.95x  after/hand 0.94x
fix/OrderMalformed.bytes hand      663.4 ns before      729.7 ns after      731.7 ns  before/hand 1.10x  after/hand 1.10x
fix/OrderMalformed.stream hand      801.4 ns before     1055.2 ns after     1036.3 ns  before/hand 1.32x  after/hand 1.29x
fix/slope-0.text       hand       25.7 ns before       26.7 ns after       29.1 ns  before/hand 1.04x  after/hand 1.13x
fix/slope-1.text       hand       90.6 ns before       79.2 ns after       80.6 ns  before/hand 0.87x  after/hand 0.89x
fix/slope-2.text       hand      156.9 ns before      126.0 ns after      125.4 ns  before/hand 0.80x  after/hand 0.80x
fix/slope-4.text       hand      280.0 ns before      230.0 ns after      225.4 ns  before/hand 0.82x  after/hand 0.81x
fix/slope-8.text       hand      496.5 ns before      410.4 ns after      403.2 ns  before/hand 0.83x  after/hand 0.81x
fix/slope-16.text      hand      984.1 ns before      793.2 ns after      779.4 ns  before/hand 0.81x  after/hand 0.79x
fix/slope-0.bytes      hand       31.4 ns before       33.8 ns after       35.9 ns  before/hand 1.08x  after/hand 1.14x
  fix/slope-1.bytes: 1 round(s) redone after a gen1/gen2 collection
fix/slope-1.bytes      hand       94.8 ns before       92.5 ns after       94.4 ns  before/hand 0.98x  after/hand 1.00x
fix/slope-2.bytes      hand      157.9 ns before      144.1 ns after      145.1 ns  before/hand 0.91x  after/hand 0.92x
fix/slope-4.bytes      hand      275.3 ns before      259.2 ns after      258.7 ns  before/hand 0.94x  after/hand 0.94x
fix/slope-8.bytes      hand      491.1 ns before      467.3 ns after      464.4 ns  before/hand 0.95x  after/hand 0.95x
fix/slope-16.bytes     hand      944.8 ns before      886.2 ns after      874.7 ns  before/hand 0.94x  after/hand 0.93x
fix/slope-0.stream     hand       95.5 ns before      219.7 ns after      222.0 ns  before/hand 2.30x  after/hand 2.32x
fix/slope-1.stream     hand      169.8 ns before      324.5 ns after      318.4 ns  before/hand 1.91x  after/hand 1.88x
fix/slope-2.stream     hand      240.3 ns before      391.8 ns after      380.7 ns  before/hand 1.63x  after/hand 1.58x
fix/slope-4.stream     hand      363.7 ns before      513.7 ns after      501.4 ns  before/hand 1.41x  after/hand 1.38x
fix/slope-8.stream     hand      622.4 ns before      741.5 ns after      726.9 ns  before/hand 1.19x  after/hand 1.17x
  fix/slope-16.stream: 1 round(s) redone after a gen1/gen2 collection
fix/slope-16.stream    hand     1165.8 ns before     1211.0 ns after     1200.3 ns  before/hand 1.04x  after/hand 1.03x
fix/orders400.text     hand   252749.0 ns before   234779.9 ns after   232544.3 ns  before/hand 0.93x  after/hand 0.92x
fix/slope-1600.text    hand    79223.6 ns before    73427.6 ns after    71187.9 ns  before/hand 0.93x  after/hand 0.90x
tsql/columns1000       scriptdom  1652987.5 ns before   207075.0 ns after   165087.5 ns  before/scriptdom 0.13x  after/scriptdom 0.10x
sql/select20.at        hand     6516.7 ns before    17029.0 ns after    17053.8 ns  before/hand 2.61x  after/hand 2.62x
sql/select20.window    hand     6504.8 ns before    17523.1 ns after    17629.1 ns  before/hand 2.69x  after/hand 2.71x
sql/select20.scan      control      367.7 ns before      380.1 ns after      375.0 ns  before/control 1.03x  after/control 1.02x
tsql/select20.scan     control      363.4 ns before      370.7 ns after      369.7 ns  before/control 1.02x  after/control 1.02x
el/ladder.scan         control      132.5 ns before      134.1 ns after      132.6 ns  before/control 1.01x  after/control 1.00x
fix/Order.span         hand      671.4 ns before      507.7 ns after      494.1 ns  before/hand 0.76x  after/hand 0.74x
fix/One.log-text       hand       80.1 ns before      158.5 ns after       82.3 ns  before/hand 1.98x  after/hand 1.03x
fix/One.log-bytes      hand       79.9 ns before      184.1 ns after      103.2 ns  before/hand 2.30x  after/hand 1.29x
  fix/One.log-stream: 1 round(s) redone after a gen1/gen2 collection
fix/One.log-stream     hand       79.9 ns before      465.2 ns after      336.4 ns  before/hand 5.82x  after/hand 4.21x
fix/Order.log-text     hand      718.9 ns before     1252.8 ns after      654.9 ns  before/hand 1.74x  after/hand 0.91x
fix/Order.log-bytes    hand      716.2 ns before     1463.4 ns after      835.5 ns  before/hand 2.04x  after/hand 1.17x
  fix/Order.log-stream: 1 round(s) redone after a gen1/gen2 collection
fix/Order.log-stream   hand      722.2 ns before     2158.8 ns after     1158.7 ns  before/hand 2.99x  after/hand 1.60x
fix/Orders128.log-text hand    86609.4 ns before   149968.1 ns after    76171.2 ns  before/hand 1.73x  after/hand 0.88x
fix/Orders128.log-bytes hand    86511.7 ns before   170053.9 ns after    98028.5 ns  before/hand 1.97x  after/hand 1.13x
  fix/Orders128.log-stream: 1 round(s) redone after a gen1/gen2 collection
fix/Orders128.log-stream hand    86711.6 ns before   227307.2 ns after   105874.3 ns  before/hand 2.62x  after/hand 1.22x
fix/slope-0.log-text   hand       23.1 ns before       62.8 ns after       29.0 ns  before/hand 2.72x  after/hand 1.25x
fix/slope-0.log-bytes  hand       23.2 ns before       69.6 ns after       35.7 ns  before/hand 3.00x  after/hand 1.54x
  fix/slope-0.log-stream: 1 round(s) redone after a gen1/gen2 collection
fix/slope-0.log-stream hand       23.1 ns before      220.7 ns after      215.7 ns  before/hand 9.55x  after/hand 9.33x
fix/slope-4.log-text   hand      249.6 ns before      463.3 ns after      233.3 ns  before/hand 1.86x  after/hand 0.93x
  fix/slope-4.log-bytes: 1 round(s) redone after a gen1/gen2 collection
fix/slope-4.log-bytes  hand      249.4 ns before      518.9 ns after      294.3 ns  before/hand 2.08x  after/hand 1.18x
fix/slope-4.log-stream hand      251.4 ns before      923.3 ns after      554.1 ns  before/hand 3.67x  after/hand 2.20x
fix/slope-16.log-text  hand      939.6 ns before     1670.8 ns after      812.2 ns  before/hand 1.78x  after/hand 0.86x
fix/slope-16.log-bytes hand      960.2 ns before     1918.6 ns after     1083.4 ns  before/hand 2.00x  after/hand 1.13x
fix/slope-16.log-stream hand      946.5 ns before     2699.6 ns after     1396.3 ns  before/hand 2.85x  after/hand 1.48x
el/ladder.bool         hand      971.2 ns before     1746.9 ns after     1687.7 ns  before/hand 1.80x  after/hand 1.74x
sql/select20.bool      hand     6750.8 ns before    17842.3 ns after    18037.7 ns  before/hand 2.64x  after/hand 2.67x
fix/One.yield-reader   hand      208.9 ns before      355.3 ns after      338.1 ns  before/hand 1.70x  after/hand 1.62x
  fix/One.yield-string: 1 round(s) redone after a gen1/gen2 collection
fix/One.yield-string   hand       78.2 ns before      218.0 ns after      256.8 ns  before/hand 2.79x  after/hand 3.28x
fix/One.yield-memory   hand       76.6 ns before      118.2 ns after      117.9 ns  before/hand 1.54x  after/hand 1.54x
fix/One.whole-stream   hand      152.3 ns before      219.5 ns after      217.3 ns  before/hand 1.44x  after/hand 1.43x
fix/One.whole-reader   hand      154.4 ns before      239.1 ns after      227.9 ns  before/hand 1.55x  after/hand 1.48x
fix/Order.yield-reader hand      892.8 ns before     1098.0 ns after     1061.5 ns  before/hand 1.23x  after/hand 1.19x
fix/Order.yield-string hand      674.8 ns before     2062.8 ns after     2313.7 ns  before/hand 3.06x  after/hand 3.43x
fix/Order.yield-memory hand      671.6 ns before      763.1 ns after      763.6 ns  before/hand 1.14x  after/hand 1.14x
fix/Order.whole-stream hand      797.8 ns before      893.8 ns after      886.1 ns  before/hand 1.12x  after/hand 1.11x
fix/Order.whole-reader hand      805.0 ns before      936.3 ns after      890.7 ns  before/hand 1.16x  after/hand 1.11x
fix/BinaryMany.yield-reader hand     4834.8 ns before     5566.2 ns after     5562.7 ns  before/hand 1.15x  after/hand 1.15x
  fix/BinaryMany.yield-string: 1 round(s) redone after a gen1/gen2 collection
fix/BinaryMany.yield-string hand     3505.6 ns before    15325.4 ns after    15927.4 ns  before/hand 4.37x  after/hand 4.54x
fix/BinaryMany.yield-memory hand     3748.5 ns before     4905.5 ns after     4875.9 ns  before/hand 1.31x  after/hand 1.30x
  fix/BinaryMany.whole-stream: 1 round(s) redone after a gen1/gen2 collection
fix/BinaryMany.whole-stream hand     5222.4 ns before     4779.0 ns after     4904.0 ns  before/hand 0.92x  after/hand 0.94x
fix/BinaryMany.whole-reader hand     5358.5 ns before     5724.6 ns after     5795.8 ns  before/hand 1.07x  after/hand 1.08x
fix/Orders128.yield-reader hand   146660.0 ns before   104089.6 ns after    99979.0 ns  before/hand 0.71x  after/hand 0.68x
  fix/Orders128.yield-string: 1 round(s) redone after a gen1/gen2 collection
fix/Orders128.yield-string hand    88365.4 ns before   275312.4 ns after   300602.8 ns  before/hand 3.12x  after/hand 3.40x
fix/Orders128.yield-memory hand    89032.0 ns before    96361.4 ns after    94263.7 ns  before/hand 1.08x  after/hand 1.06x
fix/Orders128.whole-stream hand   121327.2 ns before    90373.7 ns after    90681.6 ns  before/hand 0.74x  after/hand 0.75x
fix/Orders128.whole-reader hand   123115.4 ns before    97027.7 ns after    91743.8 ns  before/hand 0.79x  after/hand 0.75x
fix/slope-0.yield-reader hand      145.7 ns before      249.5 ns after      245.5 ns  before/hand 1.71x  after/hand 1.69x
fix/slope-0.yield-string hand       24.7 ns before       53.3 ns after       53.4 ns  before/hand 2.16x  after/hand 2.16x
  fix/slope-0.yield-memory: 1 round(s) redone after a gen1/gen2 collection
fix/slope-0.yield-memory hand       24.3 ns before       65.6 ns after       65.5 ns  before/hand 2.70x  after/hand 2.70x
fix/slope-0.whole-stream hand       97.7 ns before      153.1 ns after      153.1 ns  before/hand 1.57x  after/hand 1.57x
fix/slope-0.whole-reader hand       98.5 ns before      160.2 ns after      161.6 ns  before/hand 1.63x  after/hand 1.64x
  fix/slope-16.yield-reader: 1 round(s) redone after a gen1/gen2 collection
fix/slope-16.yield-reader hand     1465.5 ns before     1456.6 ns after     1491.9 ns  before/hand 0.99x  after/hand 1.02x
fix/slope-16.yield-string hand      906.8 ns before     2872.3 ns after     3226.3 ns  before/hand 3.17x  after/hand 3.56x
fix/slope-16.yield-memory hand      890.9 ns before     1004.6 ns after      976.0 ns  before/hand 1.13x  after/hand 1.10x
fix/slope-16.whole-stream hand     1072.3 ns before     1071.8 ns after     1077.7 ns  before/hand 1.00x  after/hand 1.01x
fix/slope-16.whole-reader hand     1072.6 ns before     1154.0 ns after     1100.9 ns  before/hand 1.08x  after/hand 1.03x
  web/url.full: 1 round(s) redone after a gen1/gen2 collection
web/url.full           hand      157.8 ns before      281.8 ns after      281.5 ns  before/hand 1.79x  after/hand 1.78x
el/ladder              hand     1037.4 ns before     1883.0 ns after     1780.4 ns before-immediate     1206.5 ns after-immediate     1214.9 ns  before/hand 1.82x  after/hand 1.72x  before-immediate/hand 1.16x  after-immediate/hand 1.17x
  el/string: 1 round(s) redone after a gen1/gen2 collection
el/string              hand      307.5 ns before      988.2 ns after     1030.2 ns before-immediate      674.8 ns after-immediate      679.1 ns  before/hand 3.21x  after/hand 3.35x  before-immediate/hand 2.19x  after-immediate/hand 2.21x
sql/column             hand      139.3 ns before      344.8 ns after      331.3 ns  before/hand 2.48x  after/hand 2.38x
sql/select20           hand     6902.6 ns before    18220.1 ns after    18503.5 ns  before/hand 2.64x  after/hand 2.68x

# Paired stand, 2026-09-19 22:11

IGOR-DESKTOP, pinned to 0-15, high priority, control 31.1 ns.

The base of a row is what every ratio is over, and its name says what it is: `hand` is a hand-written parser (`DotGram.Handwritten`), `scriptdom` is Microsoft's parser, and `control` is this process's own build of the same generated parser, held constant so that the two sides are compared and nothing is claimed against a hand-written one.

| row | reading | base | base ns | before ns | before/base | after ns | after/base | change | before B | after B |
| --- | --- | --- | ---: | ---: | ---: | ---: | ---: | ---: | ---: | ---: |
| fix/One.text | generated | hand | 79.3 | 81.6 | 1.03x | 82.8 | 1.04x | +1.5% | 192 | 192 |
| fix/One.bytes | generated | hand | 75.9 | 96.0 | 1.27x | 97.3 | 1.28x | +1.3% | 248 | 248 |
| fix/One.stream | generated | hand | 153.3 | 335.2 | 2.19x | 325.9 | 2.13x | -2.8% | 888 | 888 |
| fix/Order.text | generated | hand | 678.2 | 639.1 | 0.94x | 633.4 | 0.93x | -0.9% | 1096 | 1096 |
| fix/Order.bytes | generated | hand | 665.2 | 741.5 | 1.11x | 735.7 | 1.11x | -0.8% | 1152 | 1152 |
| fix/Order.stream | generated | hand | 824.0 | 1102.5 | 1.34x | 1077.7 | 1.31x | -2.2% | 1712 | 1712 |
| fix/BinaryMany.text | generated | hand | 3732.7 | 3963.3 | 1.06x | 3986.1 | 1.07x | +0.6% | 7256 | 7256 |
| fix/BinaryMany.bytes | generated | hand | 3723.6 | 4549.6 | 1.22x | 4556.4 | 1.22x | +0.2% | 7312 | 7312 |
| fix/BinaryMany.stream | generated | hand | 4920.7 | 5170.5 | 1.05x | 5145.6 | 1.05x | -0.5% | 7448 | 7448 |
| fix/Orders128.text | generated | hand | 80989.0 | 74807.7 | 0.92x | 73452.9 | 0.91x | -1.8% | 129112 | 129112 |
| fix/Orders128.bytes | generated | hand | 79795.7 | 86307.7 | 1.08x | 85773.2 | 1.07x | -0.6% | 129168 | 129168 |
| fix/Orders128.stream | generated | hand | 113736.2 | 92658.8 | 0.81x | 92789.4 | 0.82x | +0.1% | 118552 | 118552 |
| fix/OrderMalformed.text | generated | hand | 676.7 | 642.2 | 0.95x | 635.3 | 0.94x | -1.1% | 1248 | 1248 |
| fix/OrderMalformed.bytes | generated | hand | 663.4 | 729.7 | 1.10x | 731.7 | 1.10x | +0.3% | 1304 | 1304 |
| fix/OrderMalformed.stream | generated | hand | 801.4 | 1055.2 | 1.32x | 1036.3 | 1.29x | -1.8% | 1864 | 1864 |
| fix/slope-0.text | generated | hand | 25.7 | 26.7 | 1.04x | 29.1 | 1.13x | +9.0% | 64 | 64 |
| fix/slope-1.text | generated | hand | 90.6 | 79.2 | 0.87x | 80.6 | 0.89x | +1.7% | 192 | 192 |
| fix/slope-2.text | generated | hand | 156.9 | 126.0 | 0.80x | 125.4 | 0.80x | -0.5% | 296 | 296 |
| fix/slope-4.text | generated | hand | 280.0 | 230.0 | 0.82x | 225.4 | 0.81x | -2.0% | 504 | 504 |
| fix/slope-8.text | generated | hand | 496.5 | 410.4 | 0.83x | 403.2 | 0.81x | -1.8% | 920 | 920 |
| fix/slope-16.text | generated | hand | 984.1 | 793.2 | 0.81x | 779.4 | 0.79x | -1.7% | 1752 | 1752 |
| fix/slope-0.bytes | generated | hand | 31.4 | 33.8 | 1.08x | 35.9 | 1.14x | +6.3% | 120 | 120 |
| fix/slope-1.bytes | generated | hand | 94.8 | 92.5 | 0.98x | 94.4 | 1.00x | +2.1% | 248 | 248 |
| fix/slope-2.bytes | generated | hand | 157.9 | 144.1 | 0.91x | 145.1 | 0.92x | +0.7% | 352 | 352 |
| fix/slope-4.bytes | generated | hand | 275.3 | 259.2 | 0.94x | 258.7 | 0.94x | -0.2% | 560 | 560 |
| fix/slope-8.bytes | generated | hand | 491.1 | 467.3 | 0.95x | 464.4 | 0.95x | -0.6% | 976 | 976 |
| fix/slope-16.bytes | generated | hand | 944.8 | 886.2 | 0.94x | 874.7 | 0.93x | -1.3% | 1808 | 1808 |
| fix/slope-0.stream | generated | hand | 95.5 | 219.7 | 2.30x | 222.0 | 2.32x | +1.0% | 792 | 792 |
| fix/slope-1.stream | generated | hand | 169.8 | 324.5 | 1.91x | 318.4 | 1.88x | -1.9% | 888 | 888 |
| fix/slope-2.stream | generated | hand | 240.3 | 391.8 | 1.63x | 380.7 | 1.58x | -2.8% | 984 | 984 |
| fix/slope-4.stream | generated | hand | 363.7 | 513.7 | 1.41x | 501.4 | 1.38x | -2.4% | 1176 | 1176 |
| fix/slope-8.stream | generated | hand | 622.4 | 741.5 | 1.19x | 726.9 | 1.17x | -2.0% | 1560 | 1560 |
| fix/slope-16.stream | generated | hand | 1165.8 | 1211.0 | 1.04x | 1200.3 | 1.03x | -0.9% | 2328 | 2328 |
| fix/orders400.text | generated | hand | 252749.0 | 234779.9 | 0.93x | 232544.3 | 0.92x | -1.0% | 403288 | 403288 |
| fix/slope-1600.text | generated | hand | 79223.6 | 73427.6 | 0.93x | 71187.9 | 0.90x | -3.1% | 166488 | 166488 |
| tsql/columns1000 | generated | scriptdom | 1652987.5 | 207075.0 | 0.13x | 165087.5 | 0.10x | -20.3% | 200489 | 200489 |
| sql/select20.at | generated | hand | 6516.7 | 17029.0 | 2.61x | 17053.8 | 2.62x | +0.1% | 21416 | 21416 |
| sql/select20.window | generated | hand | 6504.8 | 17523.1 | 2.69x | 17629.1 | 2.71x | +0.6% | 21416 | 21416 |
| sql/select20.scan | generated | control | 367.7 | 380.1 | 1.03x | 375.0 | 1.02x | -1.3% | 0 | 0 |
| tsql/select20.scan | generated | control | 363.4 | 370.7 | 1.02x | 369.7 | 1.02x | -0.3% | 0 | 0 |
| el/ladder.scan | generated | control | 132.5 | 134.1 | 1.01x | 132.6 | 1.00x | -1.1% | 0 | 0 |
| fix/Order.span | generated | hand | 671.4 | 507.7 | 0.76x | 494.1 | 0.74x | -2.7% | 1008 | 1008 |
| fix/One.log-text | generated | hand | 80.1 | 158.5 | 1.98x | 82.3 | 1.03x | -48.1% | 192 | 192 |
| fix/One.log-bytes | generated | hand | 79.9 | 184.1 | 2.30x | 103.2 | 1.29x | -44.0% | 248 | 248 |
| fix/One.log-stream | generated | hand | 79.9 | 465.2 | 5.82x | 336.4 | 4.21x | -27.7% | 888 | 888 |
| fix/Order.log-text | generated | hand | 718.9 | 1252.8 | 1.74x | 654.9 | 0.91x | -47.7% | 1096 | 1096 |
| fix/Order.log-bytes | generated | hand | 716.2 | 1463.4 | 2.04x | 835.5 | 1.17x | -42.9% | 1152 | 1152 |
| fix/Order.log-stream | generated | hand | 722.2 | 2158.8 | 2.99x | 1158.7 | 1.60x | -46.3% | 1712 | 1712 |
| fix/Orders128.log-text | generated | hand | 86609.4 | 149968.1 | 1.73x | 76171.2 | 0.88x | -49.2% | 129112 | 129112 |
| fix/Orders128.log-bytes | generated | hand | 86511.7 | 170053.9 | 1.97x | 98028.5 | 1.13x | -42.4% | 129168 | 129168 |
| fix/Orders128.log-stream | generated | hand | 86711.6 | 227307.2 | 2.62x | 105874.3 | 1.22x | -53.4% | 118552 | 118552 |
| fix/slope-0.log-text | generated | hand | 23.1 | 62.8 | 2.72x | 29.0 | 1.25x | -53.9% | 88 | 64 |
| fix/slope-0.log-bytes | generated | hand | 23.2 | 69.6 | 3.00x | 35.7 | 1.54x | -48.7% | 144 | 120 |
| fix/slope-0.log-stream | generated | hand | 23.1 | 220.7 | 9.55x | 215.7 | 9.33x | -2.3% | 792 | 792 |
| fix/slope-4.log-text | generated | hand | 249.6 | 463.3 | 1.86x | 233.3 | 0.93x | -49.6% | 504 | 504 |
| fix/slope-4.log-bytes | generated | hand | 249.4 | 518.9 | 2.08x | 294.3 | 1.18x | -43.3% | 560 | 560 |
| fix/slope-4.log-stream | generated | hand | 251.4 | 923.3 | 3.67x | 554.1 | 2.20x | -40.0% | 1176 | 1176 |
| fix/slope-16.log-text | generated | hand | 939.6 | 1670.8 | 1.78x | 812.2 | 0.86x | -51.4% | 1752 | 1752 |
| fix/slope-16.log-bytes | generated | hand | 960.2 | 1918.6 | 2.00x | 1083.4 | 1.13x | -43.5% | 1808 | 1808 |
| fix/slope-16.log-stream | generated | hand | 946.5 | 2699.6 | 2.85x | 1396.3 | 1.48x | -48.3% | 2328 | 2328 |
| el/ladder.bool | generated | hand | 971.2 | 1746.9 | 1.80x | 1687.7 | 1.74x | -3.4% | 1776 | 1720 |
| sql/select20.bool | generated | hand | 6750.8 | 17842.3 | 2.64x | 18037.7 | 2.67x | +1.1% | 21448 | 21392 |
| fix/One.yield-reader | generated | hand | 208.9 | 355.3 | 1.70x | 338.1 | 1.62x | -4.9% | 856 | 856 |
| fix/One.yield-string | generated | hand | 78.2 | 218.0 | 2.79x | 256.8 | 3.28x | +17.8% | 272 | 272 |
| fix/One.yield-memory | generated | hand | 76.6 | 118.2 | 1.54x | 117.9 | 1.54x | -0.3% | 352 | 352 |
| fix/One.whole-stream | generated | hand | 152.3 | 219.5 | 1.44x | 217.3 | 1.43x | -1.0% | 448 | 448 |
| fix/One.whole-reader | generated | hand | 154.4 | 239.1 | 1.55x | 227.9 | 1.48x | -4.7% | 416 | 416 |
| fix/Order.yield-reader | generated | hand | 892.8 | 1098.0 | 1.23x | 1061.5 | 1.19x | -3.3% | 1680 | 1680 |
| fix/Order.yield-string | generated | hand | 674.8 | 2062.8 | 3.06x | 2313.7 | 3.43x | +12.2% | 1096 | 1096 |
| fix/Order.yield-memory | generated | hand | 671.6 | 763.1 | 1.14x | 763.6 | 1.14x | +0.1% | 1176 | 1176 |
| fix/Order.whole-stream | generated | hand | 797.8 | 893.8 | 1.12x | 886.1 | 1.11x | -0.9% | 1352 | 1352 |
| fix/Order.whole-reader | generated | hand | 805.0 | 936.3 | 1.16x | 890.7 | 1.11x | -4.9% | 1320 | 1320 |
| fix/BinaryMany.yield-reader | generated | hand | 4834.8 | 5566.2 | 1.15x | 5562.7 | 1.15x | -0.1% | 7416 | 7416 |
| fix/BinaryMany.yield-string | generated | hand | 3505.6 | 15325.4 | 4.37x | 15927.4 | 4.54x | +3.9% | 6832 | 6832 |
| fix/BinaryMany.yield-memory | generated | hand | 3748.5 | 4905.5 | 1.31x | 4875.9 | 1.30x | -0.6% | 6912 | 6912 |
| fix/BinaryMany.whole-stream | generated | hand | 5222.4 | 4779.0 | 0.92x | 4904.0 | 0.94x | +2.6% | 7512 | 7512 |
| fix/BinaryMany.whole-reader | generated | hand | 5358.5 | 5724.6 | 1.07x | 5795.8 | 1.08x | +1.2% | 7480 | 7480 |
| fix/Orders128.yield-reader | generated | hand | 146660.0 | 104089.6 | 0.71x | 99979.0 | 0.68x | -3.9% | 118520 | 118520 |
| fix/Orders128.yield-string | generated | hand | 88365.4 | 275312.4 | 3.12x | 300602.8 | 3.40x | +9.2% | 117936 | 117936 |
| fix/Orders128.yield-memory | generated | hand | 89032.0 | 96361.4 | 1.08x | 94263.7 | 1.06x | -2.2% | 118016 | 118016 |
| fix/Orders128.whole-stream | generated | hand | 121327.2 | 90373.7 | 0.74x | 90681.6 | 0.75x | +0.3% | 129368 | 129368 |
| fix/Orders128.whole-reader | generated | hand | 123115.4 | 97027.7 | 0.79x | 91743.8 | 0.75x | -5.4% | 129336 | 129336 |
| fix/slope-0.yield-reader | generated | hand | 145.7 | 249.5 | 1.71x | 245.5 | 1.69x | -1.6% | 760 | 760 |
| fix/slope-0.yield-string | generated | hand | 24.7 | 53.3 | 2.16x | 53.4 | 2.16x | +0.1% | 176 | 176 |
| fix/slope-0.yield-memory | generated | hand | 24.3 | 65.6 | 2.70x | 65.5 | 2.70x | -0.3% | 256 | 256 |
| fix/slope-0.whole-stream | generated | hand | 97.7 | 153.1 | 1.57x | 153.1 | 1.57x | 0.0% | 320 | 320 |
| fix/slope-0.whole-reader | generated | hand | 98.5 | 160.2 | 1.63x | 161.6 | 1.64x | +0.9% | 288 | 288 |
| fix/slope-16.yield-reader | generated | hand | 1465.5 | 1456.6 | 0.99x | 1491.9 | 1.02x | +2.4% | 2296 | 2296 |
| fix/slope-16.yield-string | generated | hand | 906.8 | 2872.3 | 3.17x | 3226.3 | 3.56x | +12.3% | 1712 | 1712 |
| fix/slope-16.yield-memory | generated | hand | 890.9 | 1004.6 | 1.13x | 976.0 | 1.10x | -2.8% | 1792 | 1792 |
| fix/slope-16.whole-stream | generated | hand | 1072.3 | 1071.8 | 1.00x | 1077.7 | 1.01x | +0.6% | 2008 | 2008 |
| fix/slope-16.whole-reader | generated | hand | 1072.6 | 1154.0 | 1.08x | 1100.9 | 1.03x | -4.6% | 1976 | 1976 |
| web/url.full | generated | hand | 157.8 | 281.8 | 1.79x | 281.5 | 1.78x | -0.1% | 536 | 536 |
| el/ladder | generated | hand | 1037.4 | 1883.0 | 1.82x | 1780.4 | 1.72x | -5.4% | 1776 | 1776 |
| el/ladder | immediate | hand | 1037.4 | 1206.5 | 1.16x | 1214.9 | 1.17x | +0.7% | 1784 | 1784 |
| el/string | generated | hand | 307.5 | 988.2 | 3.21x | 1030.2 | 3.35x | +4.3% | 1056 | 1056 |
| el/string | immediate | hand | 307.5 | 674.8 | 2.19x | 679.1 | 2.21x | +0.6% | 1032 | 1032 |
| sql/column | generated | hand | 139.3 | 344.8 | 2.48x | 331.3 | 2.38x | -3.9% | 392 | 392 |
| sql/select20 | generated | hand | 6902.6 | 18220.1 | 2.64x | 18503.5 | 2.68x | +1.6% | 21448 | 21448 |

Written to T:\TEMP\dotgram-stand\w65\pair\run-1
=== run 2 of 5, 22:11:04
97 rows, every reading agreeing. Timing 8 rounds.
fix/One.text           hand       75.5 ns before       78.7 ns after       82.2 ns  before/hand 1.04x  after/hand 1.09x
fix/One.bytes          hand       79.8 ns before       97.3 ns after      102.5 ns  before/hand 1.22x  after/hand 1.28x
fix/One.stream         hand      157.7 ns before      357.0 ns after      352.2 ns  before/hand 2.26x  after/hand 2.23x
fix/Order.text         hand      702.0 ns before      627.0 ns after      669.7 ns  before/hand 0.89x  after/hand 0.95x
fix/Order.bytes        hand      678.9 ns before      738.5 ns after      743.3 ns  before/hand 1.09x  after/hand 1.09x
fix/Order.stream       hand      831.8 ns before     1089.6 ns after     1117.6 ns  before/hand 1.31x  after/hand 1.34x
fix/BinaryMany.text    hand     3642.4 ns before     3908.9 ns after     3740.4 ns  before/hand 1.07x  after/hand 1.03x
  fix/BinaryMany.bytes: 1 round(s) redone after a gen1/gen2 collection
fix/BinaryMany.bytes   hand     3770.2 ns before     4722.4 ns after     4561.7 ns  before/hand 1.25x  after/hand 1.21x
fix/BinaryMany.stream  hand     4793.6 ns before     5397.3 ns after     5343.5 ns  before/hand 1.13x  after/hand 1.11x
fix/Orders128.text     hand    82176.8 ns before    76639.8 ns after    81638.4 ns  before/hand 0.93x  after/hand 0.99x
fix/Orders128.bytes    hand    82515.6 ns before    89440.6 ns after    89189.7 ns  before/hand 1.08x  after/hand 1.08x
  fix/Orders128.stream: 1 round(s) redone after a gen1/gen2 collection
fix/Orders128.stream   hand   118755.2 ns before    96074.4 ns after    96146.7 ns  before/hand 0.81x  after/hand 0.81x
fix/OrderMalformed.text hand      705.8 ns before      635.6 ns after      674.1 ns  before/hand 0.90x  after/hand 0.95x
fix/OrderMalformed.bytes hand      690.8 ns before      748.2 ns after      748.9 ns  before/hand 1.08x  after/hand 1.08x
fix/OrderMalformed.stream hand      846.8 ns before     1120.1 ns after     1134.1 ns  before/hand 1.32x  after/hand 1.34x
fix/slope-0.text       hand       26.8 ns before       27.9 ns after       30.3 ns  before/hand 1.04x  after/hand 1.13x
fix/slope-1.text       hand       93.4 ns before       81.9 ns after       88.0 ns  before/hand 0.88x  after/hand 0.94x
fix/slope-2.text       hand      169.4 ns before      128.9 ns after      135.0 ns  before/hand 0.76x  after/hand 0.80x
  fix/slope-4.text: 1 round(s) redone after a gen1/gen2 collection
fix/slope-4.text       hand      296.7 ns before      234.7 ns after      247.4 ns  before/hand 0.79x  after/hand 0.83x
fix/slope-8.text       hand      528.8 ns before      431.3 ns after      456.8 ns  before/hand 0.82x  after/hand 0.86x
fix/slope-16.text      hand     1019.8 ns before      803.7 ns after      834.9 ns  before/hand 0.79x  after/hand 0.82x
  fix/slope-0.bytes: 1 round(s) redone after a gen1/gen2 collection
fix/slope-0.bytes      hand       32.1 ns before       38.5 ns after       38.7 ns  before/hand 1.20x  after/hand 1.20x
fix/slope-1.bytes      hand       98.3 ns before       97.1 ns after      102.7 ns  before/hand 0.99x  after/hand 1.04x
fix/slope-2.bytes      hand      177.6 ns before      154.4 ns after      163.5 ns  before/hand 0.87x  after/hand 0.92x
  fix/slope-4.bytes: 1 round(s) redone after a gen1/gen2 collection
fix/slope-4.bytes      hand      301.4 ns before      272.0 ns after      277.8 ns  before/hand 0.90x  after/hand 0.92x
fix/slope-8.bytes      hand      535.0 ns before      504.6 ns after      516.2 ns  before/hand 0.94x  after/hand 0.96x
fix/slope-16.bytes     hand     1016.8 ns before      946.5 ns after      960.8 ns  before/hand 0.93x  after/hand 0.94x
  fix/slope-0.stream: 1 round(s) redone after a gen1/gen2 collection
fix/slope-0.stream     hand      100.5 ns before      249.6 ns after      250.8 ns  before/hand 2.48x  after/hand 2.49x
fix/slope-1.stream     hand      184.2 ns before      360.2 ns after      369.7 ns  before/hand 1.96x  after/hand 2.01x
fix/slope-2.stream     hand      266.4 ns before      433.5 ns after      420.9 ns  before/hand 1.63x  after/hand 1.58x
fix/slope-4.stream     hand      395.5 ns before      560.1 ns after      547.6 ns  before/hand 1.42x  after/hand 1.38x
fix/slope-8.stream     hand      674.1 ns before      812.5 ns after      793.9 ns  before/hand 1.21x  after/hand 1.18x
fix/slope-16.stream    hand     1270.3 ns before     1332.7 ns after     1306.3 ns  before/hand 1.05x  after/hand 1.03x
fix/orders400.text     hand   270131.2 ns before   242000.8 ns after   268068.8 ns  before/hand 0.90x  after/hand 0.99x
fix/slope-1600.text    hand    83552.9 ns before    76672.4 ns after    78094.8 ns  before/hand 0.92x  after/hand 0.93x
tsql/columns1000       scriptdom  1826500.0 ns before   192087.5 ns after   184206.2 ns  before/scriptdom 0.11x  after/scriptdom 0.10x
sql/select20.at        hand     7223.9 ns before    18362.9 ns after    18341.2 ns  before/hand 2.54x  after/hand 2.54x
  sql/select20.window: 1 round(s) redone after a gen1/gen2 collection
sql/select20.window    hand     7241.2 ns before    19264.1 ns after    18798.5 ns  before/hand 2.66x  after/hand 2.60x
sql/select20.scan      control      415.6 ns before      410.8 ns after      432.7 ns  before/control 0.99x  after/control 1.04x
tsql/select20.scan     control      424.0 ns before      419.2 ns after      430.5 ns  before/control 0.99x  after/control 1.02x
el/ladder.scan         control      146.5 ns before      158.9 ns after      143.2 ns  before/control 1.08x  after/control 0.98x
fix/Order.span         hand      702.5 ns before      506.7 ns after      553.3 ns  before/hand 0.72x  after/hand 0.79x
fix/One.log-text       hand       83.2 ns before      164.9 ns after       89.5 ns  before/hand 1.98x  after/hand 1.08x
fix/One.log-bytes      hand       84.1 ns before      205.1 ns after      112.7 ns  before/hand 2.44x  after/hand 1.34x
fix/One.log-stream     hand       84.4 ns before      494.7 ns after      386.8 ns  before/hand 5.86x  after/hand 4.58x
fix/Order.log-text     hand      771.7 ns before     1299.6 ns after      689.4 ns  before/hand 1.68x  after/hand 0.89x
fix/Order.log-bytes    hand      748.0 ns before     1520.6 ns after      870.0 ns  before/hand 2.03x  after/hand 1.16x
fix/Order.log-stream   hand      765.1 ns before     2247.7 ns after     1262.2 ns  before/hand 2.94x  after/hand 1.65x
fix/Orders128.log-text hand    93025.5 ns before   160287.8 ns after    86213.5 ns  before/hand 1.72x  after/hand 0.93x
fix/Orders128.log-bytes hand    94590.5 ns before   184873.0 ns after   111250.5 ns  before/hand 1.95x  after/hand 1.18x
fix/Orders128.log-stream hand    95417.6 ns before   243371.2 ns after   115238.8 ns  before/hand 2.55x  after/hand 1.21x
fix/slope-0.log-text   hand       25.6 ns before       67.8 ns after       31.3 ns  before/hand 2.64x  after/hand 1.22x
fix/slope-0.log-bytes  hand       24.5 ns before       75.1 ns after       37.9 ns  before/hand 3.07x  after/hand 1.55x
fix/slope-0.log-stream hand       24.3 ns before      251.5 ns after      252.7 ns  before/hand 10.34x  after/hand 10.39x
fix/slope-4.log-text   hand      263.2 ns before      477.4 ns after      258.9 ns  before/hand 1.81x  after/hand 0.98x
fix/slope-4.log-bytes  hand      272.6 ns before      569.5 ns after      322.1 ns  before/hand 2.09x  after/hand 1.18x
fix/slope-4.log-stream hand      269.0 ns before      995.3 ns after      645.5 ns  before/hand 3.70x  after/hand 2.40x
fix/slope-16.log-text  hand      978.8 ns before     1750.8 ns after      887.0 ns  before/hand 1.79x  after/hand 0.91x
fix/slope-16.log-bytes hand      966.7 ns before     1967.0 ns after     1105.7 ns  before/hand 2.03x  after/hand 1.14x
  fix/slope-16.log-stream: 1 round(s) redone after a gen1/gen2 collection
fix/slope-16.log-stream hand      997.1 ns before     2876.2 ns after     1569.5 ns  before/hand 2.88x  after/hand 1.57x
el/ladder.bool         hand      972.4 ns before     1741.3 ns after     1713.6 ns  before/hand 1.79x  after/hand 1.76x
sql/select20.bool      hand     6852.1 ns before    18537.5 ns after    18412.1 ns  before/hand 2.71x  after/hand 2.69x
  fix/One.yield-reader: 1 round(s) redone after a gen1/gen2 collection
fix/One.yield-reader   hand      213.3 ns before      359.5 ns after      379.0 ns  before/hand 1.69x  after/hand 1.78x
fix/One.yield-string   hand       83.3 ns before      254.4 ns after      223.1 ns  before/hand 3.05x  after/hand 2.68x
fix/One.yield-memory   hand       79.3 ns before      122.7 ns after      123.1 ns  before/hand 1.55x  after/hand 1.55x
fix/One.whole-stream   hand      157.5 ns before      237.8 ns after      239.7 ns  before/hand 1.51x  after/hand 1.52x
fix/One.whole-reader   hand      160.6 ns before      227.3 ns after      252.9 ns  before/hand 1.42x  after/hand 1.57x
fix/Order.yield-reader hand      943.0 ns before     1115.8 ns after     1192.8 ns  before/hand 1.18x  after/hand 1.26x
fix/Order.yield-string hand      729.9 ns before     2304.1 ns after     2251.2 ns  before/hand 3.16x  after/hand 3.08x
  fix/Order.yield-memory: 1 round(s) redone after a gen1/gen2 collection
fix/Order.yield-memory hand      703.4 ns before      805.3 ns after      787.7 ns  before/hand 1.14x  after/hand 1.12x
fix/Order.whole-stream hand      846.5 ns before      948.6 ns after      937.9 ns  before/hand 1.12x  after/hand 1.11x
fix/Order.whole-reader hand      926.0 ns before      954.2 ns after     1091.5 ns  before/hand 1.03x  after/hand 1.18x
  fix/BinaryMany.yield-reader: 1 round(s) redone after a gen1/gen2 collection
fix/BinaryMany.yield-reader hand     5057.1 ns before     5927.6 ns after     6559.7 ns  before/hand 1.17x  after/hand 1.30x
fix/BinaryMany.yield-string hand     3816.9 ns before    16562.0 ns after    15158.9 ns  before/hand 4.34x  after/hand 3.97x
  fix/BinaryMany.yield-memory: 1 round(s) redone after a gen1/gen2 collection
fix/BinaryMany.yield-memory hand     3774.5 ns before     4964.9 ns after     5126.2 ns  before/hand 1.32x  after/hand 1.36x
fix/BinaryMany.whole-stream hand     4977.6 ns before     5039.3 ns after     5017.7 ns  before/hand 1.01x  after/hand 1.01x
fix/BinaryMany.whole-reader hand     4948.8 ns before     5349.2 ns after     5387.0 ns  before/hand 1.08x  after/hand 1.09x
fix/Orders128.yield-reader hand   140580.1 ns before    98088.6 ns after   104480.9 ns  before/hand 0.70x  after/hand 0.74x
fix/Orders128.yield-string hand    83349.0 ns before   282785.8 ns after   270078.7 ns  before/hand 3.39x  after/hand 3.24x
fix/Orders128.yield-memory hand    83143.4 ns before    91493.1 ns after    92320.7 ns  before/hand 1.10x  after/hand 1.11x
fix/Orders128.whole-stream hand   120438.4 ns before    88734.5 ns after    88721.9 ns  before/hand 0.74x  after/hand 0.74x
  fix/Orders128.whole-reader: 1 round(s) redone after a gen1/gen2 collection
fix/Orders128.whole-reader hand   122988.2 ns before    90111.2 ns after   100742.8 ns  before/hand 0.73x  after/hand 0.82x
fix/slope-0.yield-reader hand      142.7 ns before      261.0 ns after      273.3 ns  before/hand 1.83x  after/hand 1.92x
fix/slope-0.yield-string hand       24.6 ns before       54.8 ns after       53.2 ns  before/hand 2.23x  after/hand 2.16x
fix/slope-0.yield-memory hand       23.8 ns before       63.7 ns after       65.5 ns  before/hand 2.67x  after/hand 2.75x
fix/slope-0.whole-stream hand       92.8 ns before      146.0 ns after      144.6 ns  before/hand 1.57x  after/hand 1.56x
  fix/slope-0.whole-reader: 1 round(s) redone after a gen1/gen2 collection
fix/slope-0.whole-reader hand       92.9 ns before      155.4 ns after      154.4 ns  before/hand 1.67x  after/hand 1.66x
fix/slope-16.yield-reader hand     1244.3 ns before     1387.4 ns after     1415.8 ns  before/hand 1.11x  after/hand 1.14x
fix/slope-16.yield-string hand      878.4 ns before     3054.3 ns after     2843.4 ns  before/hand 3.48x  after/hand 3.24x
fix/slope-16.yield-memory hand      897.4 ns before     1011.6 ns after      998.0 ns  before/hand 1.13x  after/hand 1.11x
fix/slope-16.whole-stream hand     1102.2 ns before     1083.6 ns after     1089.6 ns  before/hand 0.98x  after/hand 0.99x
  fix/slope-16.whole-reader: 1 round(s) redone after a gen1/gen2 collection
fix/slope-16.whole-reader hand     1097.3 ns before     1095.3 ns after     1138.8 ns  before/hand 1.00x  after/hand 1.04x
web/url.full           hand      164.5 ns before      285.6 ns after      304.8 ns  before/hand 1.74x  after/hand 1.85x
  el/ladder: 1 round(s) redone after a gen1/gen2 collection
el/ladder              hand     1004.1 ns before     1758.3 ns after     1745.4 ns before-immediate     1238.7 ns after-immediate     1184.8 ns  before/hand 1.75x  after/hand 1.74x  before-immediate/hand 1.23x  after-immediate/hand 1.18x
el/string              hand      325.2 ns before     1024.1 ns after     1007.2 ns before-immediate      705.6 ns after-immediate      722.7 ns  before/hand 3.15x  after/hand 3.10x  before-immediate/hand 2.17x  after-immediate/hand 2.22x
  sql/column: 1 round(s) redone after a gen1/gen2 collection
sql/column             hand      143.8 ns before      373.2 ns after      357.3 ns  before/hand 2.60x  after/hand 2.49x
sql/select20           hand     7173.9 ns before    18933.2 ns after    18511.2 ns  before/hand 2.64x  after/hand 2.58x

# Paired stand, 2026-09-19 22:16

IGOR-DESKTOP, pinned to 0-15, high priority, control 31.6 ns.

The base of a row is what every ratio is over, and its name says what it is: `hand` is a hand-written parser (`DotGram.Handwritten`), `scriptdom` is Microsoft's parser, and `control` is this process's own build of the same generated parser, held constant so that the two sides are compared and nothing is claimed against a hand-written one.

| row | reading | base | base ns | before ns | before/base | after ns | after/base | change | before B | after B |
| --- | --- | --- | ---: | ---: | ---: | ---: | ---: | ---: | ---: | ---: |
| fix/One.text | generated | hand | 75.5 | 78.7 | 1.04x | 82.2 | 1.09x | +4.4% | 192 | 192 |
| fix/One.bytes | generated | hand | 79.8 | 97.3 | 1.22x | 102.5 | 1.28x | +5.4% | 248 | 248 |
| fix/One.stream | generated | hand | 157.7 | 357.0 | 2.26x | 352.2 | 2.23x | -1.3% | 888 | 888 |
| fix/Order.text | generated | hand | 702.0 | 627.0 | 0.89x | 669.7 | 0.95x | +6.8% | 1096 | 1096 |
| fix/Order.bytes | generated | hand | 678.9 | 738.5 | 1.09x | 743.3 | 1.09x | +0.6% | 1152 | 1152 |
| fix/Order.stream | generated | hand | 831.8 | 1089.6 | 1.31x | 1117.6 | 1.34x | +2.6% | 1712 | 1712 |
| fix/BinaryMany.text | generated | hand | 3642.4 | 3908.9 | 1.07x | 3740.4 | 1.03x | -4.3% | 7256 | 7256 |
| fix/BinaryMany.bytes | generated | hand | 3770.2 | 4722.4 | 1.25x | 4561.7 | 1.21x | -3.4% | 7312 | 7312 |
| fix/BinaryMany.stream | generated | hand | 4793.6 | 5397.3 | 1.13x | 5343.5 | 1.11x | -1.0% | 7448 | 7448 |
| fix/Orders128.text | generated | hand | 82176.8 | 76639.8 | 0.93x | 81638.4 | 0.99x | +6.5% | 129112 | 129112 |
| fix/Orders128.bytes | generated | hand | 82515.6 | 89440.6 | 1.08x | 89189.7 | 1.08x | -0.3% | 129168 | 129168 |
| fix/Orders128.stream | generated | hand | 118755.2 | 96074.4 | 0.81x | 96146.7 | 0.81x | +0.1% | 118552 | 118552 |
| fix/OrderMalformed.text | generated | hand | 705.8 | 635.6 | 0.90x | 674.1 | 0.95x | +6.1% | 1248 | 1248 |
| fix/OrderMalformed.bytes | generated | hand | 690.8 | 748.2 | 1.08x | 748.9 | 1.08x | +0.1% | 1304 | 1304 |
| fix/OrderMalformed.stream | generated | hand | 846.8 | 1120.1 | 1.32x | 1134.1 | 1.34x | +1.2% | 1864 | 1864 |
| fix/slope-0.text | generated | hand | 26.8 | 27.9 | 1.04x | 30.3 | 1.13x | +8.7% | 64 | 64 |
| fix/slope-1.text | generated | hand | 93.4 | 81.9 | 0.88x | 88.0 | 0.94x | +7.4% | 192 | 192 |
| fix/slope-2.text | generated | hand | 169.4 | 128.9 | 0.76x | 135.0 | 0.80x | +4.8% | 296 | 296 |
| fix/slope-4.text | generated | hand | 296.7 | 234.7 | 0.79x | 247.4 | 0.83x | +5.4% | 504 | 504 |
| fix/slope-8.text | generated | hand | 528.8 | 431.3 | 0.82x | 456.8 | 0.86x | +5.9% | 920 | 920 |
| fix/slope-16.text | generated | hand | 1019.8 | 803.7 | 0.79x | 834.9 | 0.82x | +3.9% | 1752 | 1752 |
| fix/slope-0.bytes | generated | hand | 32.1 | 38.5 | 1.20x | 38.7 | 1.20x | +0.6% | 120 | 120 |
| fix/slope-1.bytes | generated | hand | 98.3 | 97.1 | 0.99x | 102.7 | 1.04x | +5.7% | 248 | 248 |
| fix/slope-2.bytes | generated | hand | 177.6 | 154.4 | 0.87x | 163.5 | 0.92x | +5.8% | 352 | 352 |
| fix/slope-4.bytes | generated | hand | 301.4 | 272.0 | 0.90x | 277.8 | 0.92x | +2.1% | 560 | 560 |
| fix/slope-8.bytes | generated | hand | 535.0 | 504.6 | 0.94x | 516.2 | 0.96x | +2.3% | 976 | 976 |
| fix/slope-16.bytes | generated | hand | 1016.8 | 946.5 | 0.93x | 960.8 | 0.94x | +1.5% | 1808 | 1808 |
| fix/slope-0.stream | generated | hand | 100.5 | 249.6 | 2.48x | 250.8 | 2.49x | +0.5% | 792 | 792 |
| fix/slope-1.stream | generated | hand | 184.2 | 360.2 | 1.96x | 369.7 | 2.01x | +2.6% | 888 | 888 |
| fix/slope-2.stream | generated | hand | 266.4 | 433.5 | 1.63x | 420.9 | 1.58x | -2.9% | 984 | 984 |
| fix/slope-4.stream | generated | hand | 395.5 | 560.1 | 1.42x | 547.6 | 1.38x | -2.2% | 1176 | 1176 |
| fix/slope-8.stream | generated | hand | 674.1 | 812.5 | 1.21x | 793.9 | 1.18x | -2.3% | 1560 | 1560 |
| fix/slope-16.stream | generated | hand | 1270.3 | 1332.7 | 1.05x | 1306.3 | 1.03x | -2.0% | 2328 | 2328 |
| fix/orders400.text | generated | hand | 270131.2 | 242000.8 | 0.90x | 268068.8 | 0.99x | +10.8% | 403288 | 403288 |
| fix/slope-1600.text | generated | hand | 83552.9 | 76672.4 | 0.92x | 78094.8 | 0.93x | +1.9% | 166488 | 166488 |
| tsql/columns1000 | generated | scriptdom | 1826500.0 | 192087.5 | 0.11x | 184206.2 | 0.10x | -4.1% | 200489 | 200489 |
| sql/select20.at | generated | hand | 7223.9 | 18362.9 | 2.54x | 18341.2 | 2.54x | -0.1% | 21441 | 21441 |
| sql/select20.window | generated | hand | 7241.2 | 19264.1 | 2.66x | 18798.5 | 2.60x | -2.4% | 21440 | 21440 |
| sql/select20.scan | generated | control | 415.6 | 410.8 | 0.99x | 432.7 | 1.04x | +5.3% | 0 | 0 |
| tsql/select20.scan | generated | control | 424.0 | 419.2 | 0.99x | 430.5 | 1.02x | +2.7% | 0 | 0 |
| el/ladder.scan | generated | control | 146.5 | 158.9 | 1.08x | 143.2 | 0.98x | -9.9% | 0 | 0 |
| fix/Order.span | generated | hand | 702.5 | 506.7 | 0.72x | 553.3 | 0.79x | +9.2% | 1008 | 1008 |
| fix/One.log-text | generated | hand | 83.2 | 164.9 | 1.98x | 89.5 | 1.08x | -45.7% | 192 | 192 |
| fix/One.log-bytes | generated | hand | 84.1 | 205.1 | 2.44x | 112.7 | 1.34x | -45.0% | 248 | 248 |
| fix/One.log-stream | generated | hand | 84.4 | 494.7 | 5.86x | 386.8 | 4.58x | -21.8% | 888 | 888 |
| fix/Order.log-text | generated | hand | 771.7 | 1299.6 | 1.68x | 689.4 | 0.89x | -47.0% | 1096 | 1096 |
| fix/Order.log-bytes | generated | hand | 748.0 | 1520.6 | 2.03x | 870.0 | 1.16x | -42.8% | 1152 | 1152 |
| fix/Order.log-stream | generated | hand | 765.1 | 2247.7 | 2.94x | 1262.2 | 1.65x | -43.8% | 1712 | 1712 |
| fix/Orders128.log-text | generated | hand | 93025.5 | 160287.8 | 1.72x | 86213.5 | 0.93x | -46.2% | 129112 | 129112 |
| fix/Orders128.log-bytes | generated | hand | 94590.5 | 184873.0 | 1.95x | 111250.5 | 1.18x | -39.8% | 129168 | 129168 |
| fix/Orders128.log-stream | generated | hand | 95417.6 | 243371.2 | 2.55x | 115238.8 | 1.21x | -52.6% | 118552 | 118552 |
| fix/slope-0.log-text | generated | hand | 25.6 | 67.8 | 2.64x | 31.3 | 1.22x | -53.8% | 88 | 64 |
| fix/slope-0.log-bytes | generated | hand | 24.5 | 75.1 | 3.07x | 37.9 | 1.55x | -49.5% | 144 | 120 |
| fix/slope-0.log-stream | generated | hand | 24.3 | 251.5 | 10.34x | 252.7 | 10.39x | +0.5% | 792 | 792 |
| fix/slope-4.log-text | generated | hand | 263.2 | 477.4 | 1.81x | 258.9 | 0.98x | -45.8% | 504 | 504 |
| fix/slope-4.log-bytes | generated | hand | 272.6 | 569.5 | 2.09x | 322.1 | 1.18x | -43.4% | 560 | 560 |
| fix/slope-4.log-stream | generated | hand | 269.0 | 995.3 | 3.70x | 645.5 | 2.40x | -35.1% | 1176 | 1176 |
| fix/slope-16.log-text | generated | hand | 978.8 | 1750.8 | 1.79x | 887.0 | 0.91x | -49.3% | 1752 | 1752 |
| fix/slope-16.log-bytes | generated | hand | 966.7 | 1967.0 | 2.03x | 1105.7 | 1.14x | -43.8% | 1808 | 1808 |
| fix/slope-16.log-stream | generated | hand | 997.1 | 2876.2 | 2.88x | 1569.5 | 1.57x | -45.4% | 2328 | 2328 |
| el/ladder.bool | generated | hand | 972.4 | 1741.3 | 1.79x | 1713.6 | 1.76x | -1.6% | 1776 | 1720 |
| sql/select20.bool | generated | hand | 6852.1 | 18537.5 | 2.71x | 18412.1 | 2.69x | -0.7% | 21448 | 21392 |
| fix/One.yield-reader | generated | hand | 213.3 | 359.5 | 1.69x | 379.0 | 1.78x | +5.4% | 856 | 856 |
| fix/One.yield-string | generated | hand | 83.3 | 254.4 | 3.05x | 223.1 | 2.68x | -12.3% | 272 | 272 |
| fix/One.yield-memory | generated | hand | 79.3 | 122.7 | 1.55x | 123.1 | 1.55x | +0.3% | 352 | 352 |
| fix/One.whole-stream | generated | hand | 157.5 | 237.8 | 1.51x | 239.7 | 1.52x | +0.8% | 448 | 448 |
| fix/One.whole-reader | generated | hand | 160.6 | 227.3 | 1.42x | 252.9 | 1.57x | +11.3% | 416 | 416 |
| fix/Order.yield-reader | generated | hand | 943.0 | 1115.8 | 1.18x | 1192.8 | 1.26x | +6.9% | 1680 | 1680 |
| fix/Order.yield-string | generated | hand | 729.9 | 2304.1 | 3.16x | 2251.2 | 3.08x | -2.3% | 1096 | 1096 |
| fix/Order.yield-memory | generated | hand | 703.4 | 805.3 | 1.14x | 787.7 | 1.12x | -2.2% | 1176 | 1176 |
| fix/Order.whole-stream | generated | hand | 846.5 | 948.6 | 1.12x | 937.9 | 1.11x | -1.1% | 1352 | 1352 |
| fix/Order.whole-reader | generated | hand | 926.0 | 954.2 | 1.03x | 1091.5 | 1.18x | +14.4% | 1320 | 1320 |
| fix/BinaryMany.yield-reader | generated | hand | 5057.1 | 5927.6 | 1.17x | 6559.7 | 1.30x | +10.7% | 7416 | 7416 |
| fix/BinaryMany.yield-string | generated | hand | 3816.9 | 16562.0 | 4.34x | 15158.9 | 3.97x | -8.5% | 6832 | 6832 |
| fix/BinaryMany.yield-memory | generated | hand | 3774.5 | 4964.9 | 1.32x | 5126.2 | 1.36x | +3.2% | 6912 | 6912 |
| fix/BinaryMany.whole-stream | generated | hand | 4977.6 | 5039.3 | 1.01x | 5017.7 | 1.01x | -0.4% | 7512 | 7512 |
| fix/BinaryMany.whole-reader | generated | hand | 4948.8 | 5349.2 | 1.08x | 5387.0 | 1.09x | +0.7% | 7480 | 7480 |
| fix/Orders128.yield-reader | generated | hand | 140580.1 | 98088.6 | 0.70x | 104480.9 | 0.74x | +6.5% | 118520 | 118520 |
| fix/Orders128.yield-string | generated | hand | 83349.0 | 282785.8 | 3.39x | 270078.7 | 3.24x | -4.5% | 117936 | 117936 |
| fix/Orders128.yield-memory | generated | hand | 83143.4 | 91493.1 | 1.10x | 92320.7 | 1.11x | +0.9% | 118016 | 118016 |
| fix/Orders128.whole-stream | generated | hand | 120438.4 | 88734.5 | 0.74x | 88721.9 | 0.74x | 0.0% | 129368 | 129368 |
| fix/Orders128.whole-reader | generated | hand | 122988.2 | 90111.2 | 0.73x | 100742.8 | 0.82x | +11.8% | 129336 | 129336 |
| fix/slope-0.yield-reader | generated | hand | 142.7 | 261.0 | 1.83x | 273.3 | 1.92x | +4.7% | 760 | 760 |
| fix/slope-0.yield-string | generated | hand | 24.6 | 54.8 | 2.23x | 53.2 | 2.16x | -2.9% | 176 | 176 |
| fix/slope-0.yield-memory | generated | hand | 23.8 | 63.7 | 2.67x | 65.5 | 2.75x | +2.8% | 256 | 256 |
| fix/slope-0.whole-stream | generated | hand | 92.8 | 146.0 | 1.57x | 144.6 | 1.56x | -1.0% | 320 | 320 |
| fix/slope-0.whole-reader | generated | hand | 92.9 | 155.4 | 1.67x | 154.4 | 1.66x | -0.6% | 288 | 288 |
| fix/slope-16.yield-reader | generated | hand | 1244.3 | 1387.4 | 1.11x | 1415.8 | 1.14x | +2.0% | 2296 | 2296 |
| fix/slope-16.yield-string | generated | hand | 878.4 | 3054.3 | 3.48x | 2843.4 | 3.24x | -6.9% | 1712 | 1712 |
| fix/slope-16.yield-memory | generated | hand | 897.4 | 1011.6 | 1.13x | 998.0 | 1.11x | -1.4% | 1792 | 1792 |
| fix/slope-16.whole-stream | generated | hand | 1102.2 | 1083.6 | 0.98x | 1089.6 | 0.99x | +0.6% | 2008 | 2008 |
| fix/slope-16.whole-reader | generated | hand | 1097.3 | 1095.3 | 1.00x | 1138.8 | 1.04x | +4.0% | 1976 | 1976 |
| web/url.full | generated | hand | 164.5 | 285.6 | 1.74x | 304.8 | 1.85x | +6.7% | 536 | 536 |
| el/ladder | generated | hand | 1004.1 | 1758.3 | 1.75x | 1745.4 | 1.74x | -0.7% | 1776 | 1776 |
| el/ladder | immediate | hand | 1004.1 | 1238.7 | 1.23x | 1184.8 | 1.18x | -4.3% | 1784 | 1784 |
| el/string | generated | hand | 325.2 | 1024.1 | 3.15x | 1007.2 | 3.10x | -1.6% | 1056 | 1056 |
| el/string | immediate | hand | 325.2 | 705.6 | 2.17x | 722.7 | 2.22x | +2.4% | 1032 | 1032 |
| sql/column | generated | hand | 143.8 | 373.2 | 2.60x | 357.3 | 2.49x | -4.3% | 392 | 392 |
| sql/select20 | generated | hand | 7173.9 | 18933.2 | 2.64x | 18511.2 | 2.58x | -2.2% | 21448 | 21448 |

Written to T:\TEMP\dotgram-stand\w65\pair\run-2
=== run 3 of 5, 22:16:42
97 rows, every reading agreeing. Timing 8 rounds.
fix/One.text           hand       75.5 ns before       78.3 ns after       81.1 ns  before/hand 1.04x  after/hand 1.07x
fix/One.bytes          hand       78.2 ns before      102.2 ns after       98.3 ns  before/hand 1.31x  after/hand 1.26x
fix/One.stream         hand      163.5 ns before      334.3 ns after      333.4 ns  before/hand 2.04x  after/hand 2.04x
fix/Order.text         hand      732.0 ns before      659.6 ns after      683.3 ns  before/hand 0.90x  after/hand 0.93x
fix/Order.bytes        hand      743.3 ns before      808.4 ns after      800.6 ns  before/hand 1.09x  after/hand 1.08x
fix/Order.stream       hand      862.4 ns before     1121.7 ns after     1137.7 ns  before/hand 1.30x  after/hand 1.32x
fix/BinaryMany.text    hand     3758.7 ns before     4037.2 ns after     3936.7 ns  before/hand 1.07x  after/hand 1.05x
fix/BinaryMany.bytes   hand     3831.2 ns before     4951.2 ns after     4703.1 ns  before/hand 1.29x  after/hand 1.23x
fix/BinaryMany.stream  hand     4943.2 ns before     5392.1 ns after     5317.4 ns  before/hand 1.09x  after/hand 1.08x
fix/Orders128.text     hand    88531.8 ns before    80139.8 ns after    79339.9 ns  before/hand 0.91x  after/hand 0.90x
fix/Orders128.bytes    hand    83762.7 ns before    90678.1 ns after    88469.8 ns  before/hand 1.08x  after/hand 1.06x
fix/Orders128.stream   hand   119001.9 ns before    98706.6 ns after    98607.9 ns  before/hand 0.83x  after/hand 0.83x
fix/OrderMalformed.text hand      735.9 ns before      659.8 ns after      669.0 ns  before/hand 0.90x  after/hand 0.91x
fix/OrderMalformed.bytes hand      700.5 ns before      767.4 ns after      772.7 ns  before/hand 1.10x  after/hand 1.10x
  fix/OrderMalformed.stream: 1 round(s) redone after a gen1/gen2 collection
fix/OrderMalformed.stream hand      858.6 ns before     1115.7 ns after     1140.9 ns  before/hand 1.30x  after/hand 1.33x
fix/slope-0.text       hand       27.6 ns before       28.6 ns after       31.0 ns  before/hand 1.04x  after/hand 1.12x
fix/slope-1.text       hand       95.6 ns before       85.5 ns after       89.1 ns  before/hand 0.89x  after/hand 0.93x
fix/slope-2.text       hand      162.6 ns before      130.0 ns after      135.3 ns  before/hand 0.80x  after/hand 0.83x
fix/slope-4.text       hand      293.3 ns before      237.5 ns after      239.6 ns  before/hand 0.81x  after/hand 0.82x
fix/slope-8.text       hand      526.5 ns before      433.3 ns after      441.2 ns  before/hand 0.82x  after/hand 0.84x
fix/slope-16.text      hand     1026.8 ns before      817.9 ns after      827.3 ns  before/hand 0.80x  after/hand 0.81x
fix/slope-0.bytes      hand       32.4 ns before       35.1 ns after       37.6 ns  before/hand 1.08x  after/hand 1.16x
fix/slope-1.bytes      hand      100.0 ns before       98.2 ns after       99.8 ns  before/hand 0.98x  after/hand 1.00x
fix/slope-2.bytes      hand      166.8 ns before      151.7 ns after      155.8 ns  before/hand 0.91x  after/hand 0.93x
  fix/slope-4.bytes: 1 round(s) redone after a gen1/gen2 collection
fix/slope-4.bytes      hand      296.7 ns before      271.9 ns after      273.5 ns  before/hand 0.92x  after/hand 0.92x
fix/slope-8.bytes      hand      533.7 ns before      497.2 ns after      509.3 ns  before/hand 0.93x  after/hand 0.95x
fix/slope-16.bytes     hand     1016.9 ns before      925.2 ns after      924.2 ns  before/hand 0.91x  after/hand 0.91x
  fix/slope-0.stream: 1 round(s) redone after a gen1/gen2 collection
fix/slope-0.stream     hand      100.6 ns before      230.8 ns after      234.8 ns  before/hand 2.29x  after/hand 2.33x
fix/slope-1.stream     hand      181.1 ns before      327.4 ns after      320.3 ns  before/hand 1.81x  after/hand 1.77x
fix/slope-2.stream     hand      255.6 ns before      397.8 ns after      391.2 ns  before/hand 1.56x  after/hand 1.53x
  fix/slope-4.stream: 1 round(s) redone after a gen1/gen2 collection
fix/slope-4.stream     hand      391.5 ns before      531.6 ns after      521.3 ns  before/hand 1.36x  after/hand 1.33x
fix/slope-8.stream     hand      661.0 ns before      766.3 ns after      754.2 ns  before/hand 1.16x  after/hand 1.14x
fix/slope-16.stream    hand     1217.8 ns before     1244.5 ns after     1237.2 ns  before/hand 1.02x  after/hand 1.02x
fix/orders400.text     hand   263950.8 ns before   242015.6 ns after   241143.0 ns  before/hand 0.92x  after/hand 0.91x
fix/slope-1600.text    hand    84207.3 ns before    74455.4 ns after    77293.8 ns  before/hand 0.88x  after/hand 0.92x
tsql/columns1000       scriptdom  1800325.0 ns before   178137.5 ns after   172237.5 ns  before/scriptdom 0.10x  after/scriptdom 0.10x
sql/select20.at        hand     7029.9 ns before    17848.4 ns after    17795.5 ns  before/hand 2.54x  after/hand 2.53x
  sql/select20.window: 1 round(s) redone after a gen1/gen2 collection
sql/select20.window    hand     7035.3 ns before    18509.2 ns after    18311.6 ns  before/hand 2.63x  after/hand 2.60x
sql/select20.scan      control      396.0 ns before      390.4 ns after      398.1 ns  before/control 0.99x  after/control 1.01x
tsql/select20.scan     control      384.2 ns before      389.6 ns after      391.1 ns  before/control 1.01x  after/control 1.02x
el/ladder.scan         control      140.9 ns before      139.7 ns after      137.1 ns  before/control 0.99x  after/control 0.97x
fix/Order.span         hand      696.2 ns before      501.2 ns after      513.0 ns  before/hand 0.72x  after/hand 0.74x
fix/One.log-text       hand       82.1 ns before      167.4 ns after       85.4 ns  before/hand 2.04x  after/hand 1.04x
fix/One.log-bytes      hand       83.1 ns before      198.9 ns after      109.0 ns  before/hand 2.39x  after/hand 1.31x
  fix/One.log-stream: 1 round(s) redone after a gen1/gen2 collection
fix/One.log-stream     hand       82.5 ns before      485.5 ns after      362.9 ns  before/hand 5.88x  after/hand 4.40x
fix/Order.log-text     hand      757.3 ns before     1307.8 ns after      667.5 ns  before/hand 1.73x  after/hand 0.88x
fix/Order.log-bytes    hand      758.3 ns before     1516.1 ns after      863.6 ns  before/hand 2.00x  after/hand 1.14x
  fix/Order.log-stream: 1 round(s) redone after a gen1/gen2 collection
fix/Order.log-stream   hand      753.8 ns before     2293.9 ns after     1201.9 ns  before/hand 3.04x  after/hand 1.59x
fix/Orders128.log-text hand    89681.2 ns before   152758.8 ns after    78150.0 ns  before/hand 1.70x  after/hand 0.87x
fix/Orders128.log-bytes hand    90398.8 ns before   176841.4 ns after   101149.3 ns  before/hand 1.96x  after/hand 1.12x
  fix/Orders128.log-stream: 1 round(s) redone after a gen1/gen2 collection
fix/Orders128.log-stream hand    90725.9 ns before   244641.2 ns after   107972.3 ns  before/hand 2.70x  after/hand 1.19x
fix/slope-0.log-text   hand       23.8 ns before       64.1 ns after       29.8 ns  before/hand 2.70x  after/hand 1.25x
fix/slope-0.log-bytes  hand       23.8 ns before       71.6 ns after       37.1 ns  before/hand 3.01x  after/hand 1.56x
fix/slope-0.log-stream hand       23.6 ns before      235.0 ns after      243.1 ns  before/hand 9.94x  after/hand 10.28x
fix/slope-4.log-text   hand      254.0 ns before      475.0 ns after      240.0 ns  before/hand 1.87x  after/hand 0.94x
fix/slope-4.log-bytes  hand      253.9 ns before      541.4 ns after      305.9 ns  before/hand 2.13x  after/hand 1.20x
fix/slope-4.log-stream hand      255.4 ns before      961.8 ns after      575.4 ns  before/hand 3.77x  after/hand 2.25x
fix/slope-16.log-text  hand      938.8 ns before     1686.4 ns after      836.0 ns  before/hand 1.80x  after/hand 0.89x
fix/slope-16.log-bytes hand      942.5 ns before     1907.8 ns after     1062.1 ns  before/hand 2.02x  after/hand 1.13x
  fix/slope-16.log-stream: 1 round(s) redone after a gen1/gen2 collection
fix/slope-16.log-stream hand      935.2 ns before     2729.5 ns after     1376.9 ns  before/hand 2.92x  after/hand 1.47x
el/ladder.bool         hand      974.1 ns before     1695.2 ns after     1677.1 ns  before/hand 1.74x  after/hand 1.72x
sql/select20.bool      hand     6741.4 ns before    18044.8 ns after    17973.4 ns  before/hand 2.68x  after/hand 2.67x
  fix/One.yield-reader: 1 round(s) redone after a gen1/gen2 collection
fix/One.yield-reader   hand      202.2 ns before      345.6 ns after      336.2 ns  before/hand 1.71x  after/hand 1.66x
fix/One.yield-string   hand       78.0 ns before      242.6 ns after      248.8 ns  before/hand 3.11x  after/hand 3.19x
fix/One.yield-memory   hand       77.7 ns before      119.7 ns after      121.1 ns  before/hand 1.54x  after/hand 1.56x
  fix/One.whole-stream: 1 round(s) redone after a gen1/gen2 collection
fix/One.whole-stream   hand      161.4 ns before      224.7 ns after      217.4 ns  before/hand 1.39x  after/hand 1.35x
fix/One.whole-reader   hand      161.1 ns before      235.8 ns after      229.4 ns  before/hand 1.46x  after/hand 1.42x
fix/Order.yield-reader hand      917.4 ns before     1072.4 ns after     1103.8 ns  before/hand 1.17x  after/hand 1.20x
  fix/Order.yield-string: 1 round(s) redone after a gen1/gen2 collection
fix/Order.yield-string hand      705.6 ns before     2383.7 ns after     2270.2 ns  before/hand 3.38x  after/hand 3.22x
fix/Order.yield-memory hand      704.4 ns before      796.2 ns after      788.2 ns  before/hand 1.13x  after/hand 1.12x
fix/Order.whole-stream hand      830.6 ns before      934.8 ns after      914.9 ns  before/hand 1.13x  after/hand 1.10x
  fix/Order.whole-reader: 1 round(s) redone after a gen1/gen2 collection
fix/Order.whole-reader hand      826.1 ns before      907.8 ns after      947.2 ns  before/hand 1.10x  after/hand 1.15x
fix/BinaryMany.yield-reader hand     5077.5 ns before     5803.2 ns after     5739.6 ns  before/hand 1.14x  after/hand 1.13x
fix/BinaryMany.yield-string hand     3630.2 ns before    16394.0 ns after    16415.1 ns  before/hand 4.52x  after/hand 4.52x
fix/BinaryMany.yield-memory hand     3623.3 ns before     4845.3 ns after     4779.2 ns  before/hand 1.34x  after/hand 1.32x
fix/BinaryMany.whole-stream hand     4744.0 ns before     4858.6 ns after     4734.7 ns  before/hand 1.02x  after/hand 1.00x
fix/BinaryMany.whole-reader hand     4732.7 ns before     5264.2 ns after     5171.0 ns  before/hand 1.11x  after/hand 1.09x
fix/Orders128.yield-reader hand   139297.4 ns before    96309.4 ns after    98835.7 ns  before/hand 0.69x  after/hand 0.71x
fix/Orders128.yield-string hand    84266.1 ns before   291354.2 ns after   271171.4 ns  before/hand 3.46x  after/hand 3.22x
fix/Orders128.yield-memory hand    83765.2 ns before    91414.5 ns after    91313.4 ns  before/hand 1.09x  after/hand 1.09x
fix/Orders128.whole-stream hand   118111.8 ns before    89540.4 ns after    87778.1 ns  before/hand 0.76x  after/hand 0.74x
fix/Orders128.whole-reader hand   117607.8 ns before    88864.5 ns after    89776.2 ns  before/hand 0.76x  after/hand 0.76x
fix/slope-0.yield-reader hand      138.6 ns before      250.9 ns after      249.5 ns  before/hand 1.81x  after/hand 1.80x
fix/slope-0.yield-string hand       23.5 ns before       51.1 ns after       51.2 ns  before/hand 2.18x  after/hand 2.18x
fix/slope-0.yield-memory hand       23.4 ns before       62.9 ns after       64.2 ns  before/hand 2.68x  after/hand 2.74x
  fix/slope-0.whole-stream: 1 round(s) redone after a gen1/gen2 collection
fix/slope-0.whole-stream hand       94.7 ns before      144.2 ns after      143.8 ns  before/hand 1.52x  after/hand 1.52x
fix/slope-0.whole-reader hand       94.0 ns before      152.3 ns after      151.8 ns  before/hand 1.62x  after/hand 1.62x
fix/slope-16.yield-reader hand     1210.7 ns before     1261.5 ns after     1272.8 ns  before/hand 1.04x  after/hand 1.05x
  fix/slope-16.yield-string: 1 round(s) redone after a gen1/gen2 collection
fix/slope-16.yield-string hand      865.5 ns before     2971.8 ns after     2942.2 ns  before/hand 3.43x  after/hand 3.40x
fix/slope-16.yield-memory hand      867.4 ns before      986.9 ns after      984.6 ns  before/hand 1.14x  after/hand 1.14x
fix/slope-16.whole-stream hand     1072.9 ns before     1059.7 ns after     1045.0 ns  before/hand 0.99x  after/hand 0.97x
fix/slope-16.whole-reader hand     1070.0 ns before     1075.4 ns after     1101.9 ns  before/hand 1.01x  after/hand 1.03x
web/url.full           hand      156.5 ns before      283.3 ns after      280.2 ns  before/hand 1.81x  after/hand 1.79x
el/ladder              hand      977.4 ns before     1712.8 ns after     1723.7 ns before-immediate     1163.2 ns after-immediate     1208.4 ns  before/hand 1.75x  after/hand 1.76x  before-immediate/hand 1.19x  after-immediate/hand 1.24x
  el/string: 1 round(s) redone after a gen1/gen2 collection
el/string              hand      299.8 ns before      986.8 ns after      990.2 ns before-immediate      768.9 ns after-immediate      687.2 ns  before/hand 3.29x  after/hand 3.30x  before-immediate/hand 2.57x  after-immediate/hand 2.29x
sql/column             hand      140.0 ns before      334.4 ns after      343.9 ns  before/hand 2.39x  after/hand 2.46x
  sql/select20: 1 round(s) redone after a gen1/gen2 collection
sql/select20           hand     6828.8 ns before    18296.3 ns after    18018.2 ns  before/hand 2.68x  after/hand 2.64x

# Paired stand, 2026-09-19 22:22

IGOR-DESKTOP, pinned to 0-15, high priority, control 31.4 ns.

The base of a row is what every ratio is over, and its name says what it is: `hand` is a hand-written parser (`DotGram.Handwritten`), `scriptdom` is Microsoft's parser, and `control` is this process's own build of the same generated parser, held constant so that the two sides are compared and nothing is claimed against a hand-written one.

| row | reading | base | base ns | before ns | before/base | after ns | after/base | change | before B | after B |
| --- | --- | --- | ---: | ---: | ---: | ---: | ---: | ---: | ---: | ---: |
| fix/One.text | generated | hand | 75.5 | 78.3 | 1.04x | 81.1 | 1.07x | +3.6% | 192 | 192 |
| fix/One.bytes | generated | hand | 78.2 | 102.2 | 1.31x | 98.3 | 1.26x | -3.7% | 248 | 248 |
| fix/One.stream | generated | hand | 163.5 | 334.3 | 2.04x | 333.4 | 2.04x | -0.3% | 888 | 888 |
| fix/Order.text | generated | hand | 732.0 | 659.6 | 0.90x | 683.3 | 0.93x | +3.6% | 1096 | 1096 |
| fix/Order.bytes | generated | hand | 743.3 | 808.4 | 1.09x | 800.6 | 1.08x | -1.0% | 1152 | 1152 |
| fix/Order.stream | generated | hand | 862.4 | 1121.7 | 1.30x | 1137.7 | 1.32x | +1.4% | 1712 | 1712 |
| fix/BinaryMany.text | generated | hand | 3758.7 | 4037.2 | 1.07x | 3936.7 | 1.05x | -2.5% | 7256 | 7256 |
| fix/BinaryMany.bytes | generated | hand | 3831.2 | 4951.2 | 1.29x | 4703.1 | 1.23x | -5.0% | 7312 | 7312 |
| fix/BinaryMany.stream | generated | hand | 4943.2 | 5392.1 | 1.09x | 5317.4 | 1.08x | -1.4% | 7448 | 7448 |
| fix/Orders128.text | generated | hand | 88531.8 | 80139.8 | 0.91x | 79339.9 | 0.90x | -1.0% | 129112 | 129112 |
| fix/Orders128.bytes | generated | hand | 83762.7 | 90678.1 | 1.08x | 88469.8 | 1.06x | -2.4% | 129168 | 129168 |
| fix/Orders128.stream | generated | hand | 119001.9 | 98706.6 | 0.83x | 98607.9 | 0.83x | -0.1% | 118552 | 118552 |
| fix/OrderMalformed.text | generated | hand | 735.9 | 659.8 | 0.90x | 669.0 | 0.91x | +1.4% | 1248 | 1248 |
| fix/OrderMalformed.bytes | generated | hand | 700.5 | 767.4 | 1.10x | 772.7 | 1.10x | +0.7% | 1304 | 1304 |
| fix/OrderMalformed.stream | generated | hand | 858.6 | 1115.7 | 1.30x | 1140.9 | 1.33x | +2.3% | 1864 | 1864 |
| fix/slope-0.text | generated | hand | 27.6 | 28.6 | 1.04x | 31.0 | 1.12x | +8.3% | 64 | 64 |
| fix/slope-1.text | generated | hand | 95.6 | 85.5 | 0.89x | 89.1 | 0.93x | +4.2% | 192 | 192 |
| fix/slope-2.text | generated | hand | 162.6 | 130.0 | 0.80x | 135.3 | 0.83x | +4.0% | 296 | 296 |
| fix/slope-4.text | generated | hand | 293.3 | 237.5 | 0.81x | 239.6 | 0.82x | +0.9% | 504 | 504 |
| fix/slope-8.text | generated | hand | 526.5 | 433.3 | 0.82x | 441.2 | 0.84x | +1.8% | 920 | 920 |
| fix/slope-16.text | generated | hand | 1026.8 | 817.9 | 0.80x | 827.3 | 0.81x | +1.2% | 1752 | 1752 |
| fix/slope-0.bytes | generated | hand | 32.4 | 35.1 | 1.08x | 37.6 | 1.16x | +7.2% | 120 | 120 |
| fix/slope-1.bytes | generated | hand | 100.0 | 98.2 | 0.98x | 99.8 | 1.00x | +1.6% | 248 | 248 |
| fix/slope-2.bytes | generated | hand | 166.8 | 151.7 | 0.91x | 155.8 | 0.93x | +2.7% | 352 | 352 |
| fix/slope-4.bytes | generated | hand | 296.7 | 271.9 | 0.92x | 273.5 | 0.92x | +0.6% | 560 | 560 |
| fix/slope-8.bytes | generated | hand | 533.7 | 497.2 | 0.93x | 509.3 | 0.95x | +2.4% | 976 | 976 |
| fix/slope-16.bytes | generated | hand | 1016.9 | 925.2 | 0.91x | 924.2 | 0.91x | -0.1% | 1808 | 1808 |
| fix/slope-0.stream | generated | hand | 100.6 | 230.8 | 2.29x | 234.8 | 2.33x | +1.7% | 792 | 792 |
| fix/slope-1.stream | generated | hand | 181.1 | 327.4 | 1.81x | 320.3 | 1.77x | -2.2% | 888 | 888 |
| fix/slope-2.stream | generated | hand | 255.6 | 397.8 | 1.56x | 391.2 | 1.53x | -1.7% | 984 | 984 |
| fix/slope-4.stream | generated | hand | 391.5 | 531.6 | 1.36x | 521.3 | 1.33x | -1.9% | 1176 | 1176 |
| fix/slope-8.stream | generated | hand | 661.0 | 766.3 | 1.16x | 754.2 | 1.14x | -1.6% | 1560 | 1560 |
| fix/slope-16.stream | generated | hand | 1217.8 | 1244.5 | 1.02x | 1237.2 | 1.02x | -0.6% | 2328 | 2328 |
| fix/orders400.text | generated | hand | 263950.8 | 242015.6 | 0.92x | 241143.0 | 0.91x | -0.4% | 403288 | 403288 |
| fix/slope-1600.text | generated | hand | 84207.3 | 74455.4 | 0.88x | 77293.8 | 0.92x | +3.8% | 166488 | 166488 |
| tsql/columns1000 | generated | scriptdom | 1800325.0 | 178137.5 | 0.10x | 172237.5 | 0.10x | -3.3% | 200489 | 200489 |
| sql/select20.at | generated | hand | 7029.9 | 17848.4 | 2.54x | 17795.5 | 2.53x | -0.3% | 21441 | 21441 |
| sql/select20.window | generated | hand | 7035.3 | 18509.2 | 2.63x | 18311.6 | 2.60x | -1.1% | 21440 | 21440 |
| sql/select20.scan | generated | control | 396.0 | 390.4 | 0.99x | 398.1 | 1.01x | +2.0% | 0 | 0 |
| tsql/select20.scan | generated | control | 384.2 | 389.6 | 1.01x | 391.1 | 1.02x | +0.4% | 0 | 0 |
| el/ladder.scan | generated | control | 140.9 | 139.7 | 0.99x | 137.1 | 0.97x | -1.9% | 0 | 0 |
| fix/Order.span | generated | hand | 696.2 | 501.2 | 0.72x | 513.0 | 0.74x | +2.3% | 1008 | 1008 |
| fix/One.log-text | generated | hand | 82.1 | 167.4 | 2.04x | 85.4 | 1.04x | -49.0% | 192 | 192 |
| fix/One.log-bytes | generated | hand | 83.1 | 198.9 | 2.39x | 109.0 | 1.31x | -45.2% | 248 | 248 |
| fix/One.log-stream | generated | hand | 82.5 | 485.5 | 5.88x | 362.9 | 4.40x | -25.3% | 888 | 888 |
| fix/Order.log-text | generated | hand | 757.3 | 1307.8 | 1.73x | 667.5 | 0.88x | -49.0% | 1096 | 1096 |
| fix/Order.log-bytes | generated | hand | 758.3 | 1516.1 | 2.00x | 863.6 | 1.14x | -43.0% | 1152 | 1152 |
| fix/Order.log-stream | generated | hand | 753.8 | 2293.9 | 3.04x | 1201.9 | 1.59x | -47.6% | 1712 | 1712 |
| fix/Orders128.log-text | generated | hand | 89681.2 | 152758.8 | 1.70x | 78150.0 | 0.87x | -48.8% | 129112 | 129112 |
| fix/Orders128.log-bytes | generated | hand | 90398.8 | 176841.4 | 1.96x | 101149.3 | 1.12x | -42.8% | 129168 | 129168 |
| fix/Orders128.log-stream | generated | hand | 90725.9 | 244641.2 | 2.70x | 107972.3 | 1.19x | -55.9% | 118552 | 118552 |
| fix/slope-0.log-text | generated | hand | 23.8 | 64.1 | 2.70x | 29.8 | 1.25x | -53.5% | 88 | 64 |
| fix/slope-0.log-bytes | generated | hand | 23.8 | 71.6 | 3.01x | 37.1 | 1.56x | -48.2% | 144 | 120 |
| fix/slope-0.log-stream | generated | hand | 23.6 | 235.0 | 9.94x | 243.1 | 10.28x | +3.5% | 792 | 792 |
| fix/slope-4.log-text | generated | hand | 254.0 | 475.0 | 1.87x | 240.0 | 0.94x | -49.5% | 504 | 504 |
| fix/slope-4.log-bytes | generated | hand | 253.9 | 541.4 | 2.13x | 305.9 | 1.20x | -43.5% | 560 | 560 |
| fix/slope-4.log-stream | generated | hand | 255.4 | 961.8 | 3.77x | 575.4 | 2.25x | -40.2% | 1176 | 1176 |
| fix/slope-16.log-text | generated | hand | 938.8 | 1686.4 | 1.80x | 836.0 | 0.89x | -50.4% | 1752 | 1752 |
| fix/slope-16.log-bytes | generated | hand | 942.5 | 1907.8 | 2.02x | 1062.1 | 1.13x | -44.3% | 1808 | 1808 |
| fix/slope-16.log-stream | generated | hand | 935.2 | 2729.5 | 2.92x | 1376.9 | 1.47x | -49.6% | 2328 | 2328 |
| el/ladder.bool | generated | hand | 974.1 | 1695.2 | 1.74x | 1677.1 | 1.72x | -1.1% | 1776 | 1720 |
| sql/select20.bool | generated | hand | 6741.4 | 18044.8 | 2.68x | 17973.4 | 2.67x | -0.4% | 21448 | 21392 |
| fix/One.yield-reader | generated | hand | 202.2 | 345.6 | 1.71x | 336.2 | 1.66x | -2.7% | 856 | 856 |
| fix/One.yield-string | generated | hand | 78.0 | 242.6 | 3.11x | 248.8 | 3.19x | +2.5% | 272 | 272 |
| fix/One.yield-memory | generated | hand | 77.7 | 119.7 | 1.54x | 121.1 | 1.56x | +1.2% | 352 | 352 |
| fix/One.whole-stream | generated | hand | 161.4 | 224.7 | 1.39x | 217.4 | 1.35x | -3.2% | 448 | 448 |
| fix/One.whole-reader | generated | hand | 161.1 | 235.8 | 1.46x | 229.4 | 1.42x | -2.7% | 416 | 416 |
| fix/Order.yield-reader | generated | hand | 917.4 | 1072.4 | 1.17x | 1103.8 | 1.20x | +2.9% | 1680 | 1680 |
| fix/Order.yield-string | generated | hand | 705.6 | 2383.7 | 3.38x | 2270.2 | 3.22x | -4.8% | 1096 | 1096 |
| fix/Order.yield-memory | generated | hand | 704.4 | 796.2 | 1.13x | 788.2 | 1.12x | -1.0% | 1176 | 1176 |
| fix/Order.whole-stream | generated | hand | 830.6 | 934.8 | 1.13x | 914.9 | 1.10x | -2.1% | 1352 | 1352 |
| fix/Order.whole-reader | generated | hand | 826.1 | 907.8 | 1.10x | 947.2 | 1.15x | +4.3% | 1320 | 1320 |
| fix/BinaryMany.yield-reader | generated | hand | 5077.5 | 5803.2 | 1.14x | 5739.6 | 1.13x | -1.1% | 7416 | 7416 |
| fix/BinaryMany.yield-string | generated | hand | 3630.2 | 16394.0 | 4.52x | 16415.1 | 4.52x | +0.1% | 6832 | 6832 |
| fix/BinaryMany.yield-memory | generated | hand | 3623.3 | 4845.3 | 1.34x | 4779.2 | 1.32x | -1.4% | 6912 | 6912 |
| fix/BinaryMany.whole-stream | generated | hand | 4744.0 | 4858.6 | 1.02x | 4734.7 | 1.00x | -2.5% | 7512 | 7512 |
| fix/BinaryMany.whole-reader | generated | hand | 4732.7 | 5264.2 | 1.11x | 5171.0 | 1.09x | -1.8% | 7480 | 7480 |
| fix/Orders128.yield-reader | generated | hand | 139297.4 | 96309.4 | 0.69x | 98835.7 | 0.71x | +2.6% | 118520 | 118520 |
| fix/Orders128.yield-string | generated | hand | 84266.1 | 291354.2 | 3.46x | 271171.4 | 3.22x | -6.9% | 117936 | 117936 |
| fix/Orders128.yield-memory | generated | hand | 83765.2 | 91414.5 | 1.09x | 91313.4 | 1.09x | -0.1% | 118016 | 118016 |
| fix/Orders128.whole-stream | generated | hand | 118111.8 | 89540.4 | 0.76x | 87778.1 | 0.74x | -2.0% | 129368 | 129368 |
| fix/Orders128.whole-reader | generated | hand | 117607.8 | 88864.5 | 0.76x | 89776.2 | 0.76x | +1.0% | 129336 | 129336 |
| fix/slope-0.yield-reader | generated | hand | 138.6 | 250.9 | 1.81x | 249.5 | 1.80x | -0.6% | 760 | 760 |
| fix/slope-0.yield-string | generated | hand | 23.5 | 51.1 | 2.18x | 51.2 | 2.18x | +0.2% | 176 | 176 |
| fix/slope-0.yield-memory | generated | hand | 23.4 | 62.9 | 2.68x | 64.2 | 2.74x | +2.2% | 256 | 256 |
| fix/slope-0.whole-stream | generated | hand | 94.7 | 144.2 | 1.52x | 143.8 | 1.52x | -0.3% | 320 | 320 |
| fix/slope-0.whole-reader | generated | hand | 94.0 | 152.3 | 1.62x | 151.8 | 1.62x | -0.3% | 288 | 288 |
| fix/slope-16.yield-reader | generated | hand | 1210.7 | 1261.5 | 1.04x | 1272.8 | 1.05x | +0.9% | 2296 | 2296 |
| fix/slope-16.yield-string | generated | hand | 865.5 | 2971.8 | 3.43x | 2942.2 | 3.40x | -1.0% | 1712 | 1712 |
| fix/slope-16.yield-memory | generated | hand | 867.4 | 986.9 | 1.14x | 984.6 | 1.14x | -0.2% | 1792 | 1792 |
| fix/slope-16.whole-stream | generated | hand | 1072.9 | 1059.7 | 0.99x | 1045.0 | 0.97x | -1.4% | 2008 | 2008 |
| fix/slope-16.whole-reader | generated | hand | 1070.0 | 1075.4 | 1.01x | 1101.9 | 1.03x | +2.5% | 1976 | 1976 |
| web/url.full | generated | hand | 156.5 | 283.3 | 1.81x | 280.2 | 1.79x | -1.1% | 536 | 536 |
| el/ladder | generated | hand | 977.4 | 1712.8 | 1.75x | 1723.7 | 1.76x | +0.6% | 1776 | 1776 |
| el/ladder | immediate | hand | 977.4 | 1163.2 | 1.19x | 1208.4 | 1.24x | +3.9% | 1784 | 1784 |
| el/string | generated | hand | 299.8 | 986.8 | 3.29x | 990.2 | 3.30x | +0.3% | 1056 | 1056 |
| el/string | immediate | hand | 299.8 | 768.9 | 2.57x | 687.2 | 2.29x | -10.6% | 1032 | 1032 |
| sql/column | generated | hand | 140.0 | 334.4 | 2.39x | 343.9 | 2.46x | +2.8% | 392 | 392 |
| sql/select20 | generated | hand | 6828.8 | 18296.3 | 2.68x | 18018.2 | 2.64x | -1.5% | 21448 | 21448 |

Written to T:\TEMP\dotgram-stand\w65\pair\run-3
=== run 4 of 5, 22:22:15
97 rows, every reading agreeing. Timing 8 rounds.
fix/One.text           hand       75.5 ns before       78.7 ns after       79.5 ns  before/hand 1.04x  after/hand 1.05x
fix/One.bytes          hand       76.8 ns before       96.7 ns after       97.1 ns  before/hand 1.26x  after/hand 1.26x
fix/One.stream         hand      155.6 ns before      316.5 ns after      317.3 ns  before/hand 2.03x  after/hand 2.04x
fix/Order.text         hand      691.3 ns before      672.9 ns after      655.4 ns  before/hand 0.97x  after/hand 0.95x
fix/Order.bytes        hand      667.9 ns before      739.6 ns after      750.2 ns  before/hand 1.11x  after/hand 1.12x
fix/Order.stream       hand      817.4 ns before     1056.1 ns after     1066.3 ns  before/hand 1.29x  after/hand 1.30x
fix/BinaryMany.text    hand     3708.7 ns before     3873.9 ns after     3841.2 ns  before/hand 1.04x  after/hand 1.04x
  fix/BinaryMany.bytes: 1 round(s) redone after a gen1/gen2 collection
fix/BinaryMany.bytes   hand     3791.0 ns before     4591.6 ns after     4661.4 ns  before/hand 1.21x  after/hand 1.23x
fix/BinaryMany.stream  hand     4776.3 ns before     5265.9 ns after     5231.6 ns  before/hand 1.10x  after/hand 1.10x
fix/Orders128.text     hand    84132.0 ns before    78165.8 ns after    75539.6 ns  before/hand 0.93x  after/hand 0.90x
fix/Orders128.bytes    hand    81169.0 ns before    87317.4 ns after    87753.5 ns  before/hand 1.08x  after/hand 1.08x
fix/Orders128.stream   hand   117535.5 ns before    96012.8 ns after    95456.7 ns  before/hand 0.82x  after/hand 0.81x
fix/OrderMalformed.text hand      705.4 ns before      677.4 ns after      665.5 ns  before/hand 0.96x  after/hand 0.94x
fix/OrderMalformed.bytes hand      696.1 ns before      765.0 ns after      775.0 ns  before/hand 1.10x  after/hand 1.11x
fix/OrderMalformed.stream hand      832.7 ns before     1077.9 ns after     1097.6 ns  before/hand 1.29x  after/hand 1.32x
fix/slope-0.text       hand       26.8 ns before       27.8 ns after       30.2 ns  before/hand 1.04x  after/hand 1.13x
fix/slope-1.text       hand       95.5 ns before       82.0 ns after       82.8 ns  before/hand 0.86x  after/hand 0.87x
fix/slope-2.text       hand      164.7 ns before      131.1 ns after      130.4 ns  before/hand 0.80x  after/hand 0.79x
  fix/slope-4.text: 1 round(s) redone after a gen1/gen2 collection
fix/slope-4.text       hand      293.9 ns before      239.3 ns after      231.9 ns  before/hand 0.81x  after/hand 0.79x
fix/slope-8.text       hand      520.5 ns before      431.9 ns after      415.9 ns  before/hand 0.83x  after/hand 0.80x
fix/slope-16.text      hand     1013.7 ns before      814.9 ns after      779.6 ns  before/hand 0.80x  after/hand 0.77x
  fix/slope-0.bytes: 1 round(s) redone after a gen1/gen2 collection
fix/slope-0.bytes      hand       31.8 ns before       35.2 ns after       37.2 ns  before/hand 1.11x  after/hand 1.17x
fix/slope-1.bytes      hand       96.7 ns before       94.6 ns after       97.0 ns  before/hand 0.98x  after/hand 1.00x
fix/slope-2.bytes      hand      162.5 ns before      147.0 ns after      149.6 ns  before/hand 0.90x  after/hand 0.92x
fix/slope-4.bytes      hand      283.2 ns before      262.8 ns after      264.7 ns  before/hand 0.93x  after/hand 0.93x
fix/slope-8.bytes      hand      503.1 ns before      469.9 ns after      474.2 ns  before/hand 0.93x  after/hand 0.94x
fix/slope-16.bytes     hand      965.0 ns before      892.9 ns after      896.2 ns  before/hand 0.93x  after/hand 0.93x
  fix/slope-0.stream: 1 round(s) redone after a gen1/gen2 collection
fix/slope-0.stream     hand       98.8 ns before      225.1 ns after      223.4 ns  before/hand 2.28x  after/hand 2.26x
fix/slope-1.stream     hand      175.9 ns before      316.4 ns after      315.3 ns  before/hand 1.80x  after/hand 1.79x
fix/slope-2.stream     hand      247.5 ns before      383.2 ns after      379.3 ns  before/hand 1.55x  after/hand 1.53x
fix/slope-4.stream     hand      375.4 ns before      511.7 ns after      500.8 ns  before/hand 1.36x  after/hand 1.33x
fix/slope-8.stream     hand      646.3 ns before      740.2 ns after      736.2 ns  before/hand 1.15x  after/hand 1.14x
fix/slope-16.stream    hand     1193.7 ns before     1206.5 ns after     1204.4 ns  before/hand 1.01x  after/hand 1.01x
fix/orders400.text     hand   255072.1 ns before   240549.6 ns after   233033.8 ns  before/hand 0.94x  after/hand 0.91x
fix/slope-1600.text    hand    81287.5 ns before    74669.4 ns after    71772.9 ns  before/hand 0.92x  after/hand 0.88x
tsql/columns1000       scriptdom  1685206.2 ns before   171956.2 ns after   169475.0 ns  before/scriptdom 0.10x  after/scriptdom 0.10x
sql/select20.at        hand     6827.3 ns before    17480.9 ns after    17438.4 ns  before/hand 2.56x  after/hand 2.55x
  sql/select20.window: 1 round(s) redone after a gen1/gen2 collection
sql/select20.window    hand     6727.8 ns before    18245.4 ns after    17960.9 ns  before/hand 2.71x  after/hand 2.67x
sql/select20.scan      control      385.8 ns before      378.5 ns after      376.8 ns  before/control 0.98x  after/control 0.98x
tsql/select20.scan     control      375.9 ns before      377.7 ns after      383.4 ns  before/control 1.00x  after/control 1.02x
el/ladder.scan         control      136.2 ns before      136.9 ns after      137.7 ns  before/control 1.00x  after/control 1.01x
fix/Order.span         hand      681.2 ns before      525.3 ns after      507.7 ns  before/hand 0.77x  after/hand 0.75x
fix/One.log-text       hand       82.4 ns before      166.5 ns after       83.4 ns  before/hand 2.02x  after/hand 1.01x
fix/One.log-bytes      hand       81.8 ns before      188.9 ns after      106.6 ns  before/hand 2.31x  after/hand 1.30x
  fix/One.log-stream: 1 round(s) redone after a gen1/gen2 collection
fix/One.log-stream     hand       82.1 ns before      480.9 ns after      333.8 ns  before/hand 5.85x  after/hand 4.06x
fix/Order.log-text     hand      740.1 ns before     1294.7 ns after      652.1 ns  before/hand 1.75x  after/hand 0.88x
fix/Order.log-bytes    hand      742.3 ns before     1499.5 ns after      858.4 ns  before/hand 2.02x  after/hand 1.16x
  fix/Order.log-stream: 1 round(s) redone after a gen1/gen2 collection
fix/Order.log-stream   hand      743.8 ns before     2189.1 ns after     1169.8 ns  before/hand 2.94x  after/hand 1.57x
fix/Orders128.log-text hand    89237.8 ns before   152208.8 ns after    75593.6 ns  before/hand 1.71x  after/hand 0.85x
fix/Orders128.log-bytes hand    89616.5 ns before   173230.5 ns after   101614.5 ns  before/hand 1.93x  after/hand 1.13x
  fix/Orders128.log-stream: 1 round(s) redone after a gen1/gen2 collection
fix/Orders128.log-stream hand    89488.1 ns before   231299.5 ns after   107886.6 ns  before/hand 2.58x  after/hand 1.21x
fix/slope-0.log-text   hand       23.6 ns before       66.8 ns after       29.6 ns  before/hand 2.83x  after/hand 1.25x
fix/slope-0.log-bytes  hand       23.8 ns before       72.2 ns after       37.1 ns  before/hand 3.03x  after/hand 1.56x
fix/slope-0.log-stream hand       23.8 ns before      229.4 ns after      221.7 ns  before/hand 9.65x  after/hand 9.33x
fix/slope-4.log-text   hand      255.6 ns before      466.8 ns after      236.5 ns  before/hand 1.83x  after/hand 0.93x
  fix/slope-4.log-bytes: 1 round(s) redone after a gen1/gen2 collection
fix/slope-4.log-bytes  hand      256.0 ns before      531.3 ns after      300.4 ns  before/hand 2.08x  after/hand 1.17x
fix/slope-4.log-stream hand      257.8 ns before      941.8 ns after      549.0 ns  before/hand 3.65x  after/hand 2.13x
  fix/slope-16.log-text: 1 round(s) redone after a gen1/gen2 collection
fix/slope-16.log-text  hand      939.7 ns before     1685.4 ns after      797.9 ns  before/hand 1.79x  after/hand 0.85x
fix/slope-16.log-bytes hand      949.3 ns before     1892.9 ns after     1061.2 ns  before/hand 1.99x  after/hand 1.12x
fix/slope-16.log-stream hand      945.0 ns before     2704.9 ns after     1349.7 ns  before/hand 2.86x  after/hand 1.43x
el/ladder.bool         hand      969.8 ns before     1787.0 ns after     1714.7 ns  before/hand 1.84x  after/hand 1.77x
sql/select20.bool      hand     6788.8 ns before    18839.3 ns after    18013.6 ns  before/hand 2.78x  after/hand 2.65x
fix/One.yield-reader   hand      200.4 ns before      339.6 ns after      334.1 ns  before/hand 1.69x  after/hand 1.67x
  fix/One.yield-string: 1 round(s) redone after a gen1/gen2 collection
fix/One.yield-string   hand       78.8 ns before      269.5 ns after      291.9 ns  before/hand 3.42x  after/hand 3.70x
fix/One.yield-memory   hand       77.3 ns before      118.0 ns after      119.6 ns  before/hand 1.53x  after/hand 1.55x
fix/One.whole-stream   hand      166.9 ns before      214.5 ns after      214.1 ns  before/hand 1.29x  after/hand 1.28x
fix/One.whole-reader   hand      166.3 ns before      238.5 ns after      229.3 ns  before/hand 1.43x  after/hand 1.38x
fix/Order.yield-reader hand      901.6 ns before     1095.1 ns after     1057.9 ns  before/hand 1.21x  after/hand 1.17x
fix/Order.yield-string hand      681.8 ns before     2067.8 ns after     2297.2 ns  before/hand 3.03x  after/hand 3.37x
fix/Order.yield-memory hand      682.8 ns before      787.6 ns after      778.9 ns  before/hand 1.15x  after/hand 1.14x
fix/Order.whole-stream hand      824.9 ns before      895.4 ns after      904.4 ns  before/hand 1.09x  after/hand 1.10x
fix/Order.whole-reader hand      822.0 ns before      949.4 ns after      886.0 ns  before/hand 1.16x  after/hand 1.08x
  fix/BinaryMany.yield-reader: 1 round(s) redone after a gen1/gen2 collection
fix/BinaryMany.yield-reader hand     4951.8 ns before     5596.8 ns after     5601.5 ns  before/hand 1.13x  after/hand 1.13x
fix/BinaryMany.yield-string hand     3574.7 ns before    15716.6 ns after    15166.7 ns  before/hand 4.40x  after/hand 4.24x
fix/BinaryMany.yield-memory hand     3568.9 ns before     4729.5 ns after     4703.0 ns  before/hand 1.33x  after/hand 1.32x
fix/BinaryMany.whole-stream hand     4690.9 ns before     4658.8 ns after     4653.1 ns  before/hand 0.99x  after/hand 0.99x
fix/BinaryMany.whole-reader hand     4655.7 ns before     5385.4 ns after     5120.3 ns  before/hand 1.16x  after/hand 1.10x
  fix/Orders128.yield-reader: 1 round(s) redone after a gen1/gen2 collection
fix/Orders128.yield-reader hand   136360.4 ns before    98824.2 ns after    94847.9 ns  before/hand 0.72x  after/hand 0.70x
fix/Orders128.yield-string hand    82082.7 ns before   251278.6 ns after   272805.4 ns  before/hand 3.06x  after/hand 3.32x
fix/Orders128.yield-memory hand    81362.3 ns before    90005.4 ns after    89920.4 ns  before/hand 1.11x  after/hand 1.11x
fix/Orders128.whole-stream hand   116511.4 ns before    87254.6 ns after    87295.6 ns  before/hand 0.75x  after/hand 0.75x
fix/Orders128.whole-reader hand   116339.7 ns before    90456.0 ns after    86191.6 ns  before/hand 0.78x  after/hand 0.74x
fix/slope-0.yield-reader hand      133.3 ns before      234.1 ns after      237.4 ns  before/hand 1.76x  after/hand 1.78x
fix/slope-0.yield-string hand       25.5 ns before       51.3 ns after       51.2 ns  before/hand 2.02x  after/hand 2.01x
fix/slope-0.yield-memory hand       25.4 ns before       62.2 ns after       63.5 ns  before/hand 2.45x  after/hand 2.50x
fix/slope-0.whole-stream hand       91.1 ns before      140.0 ns after      139.8 ns  before/hand 1.54x  after/hand 1.53x
fix/slope-0.whole-reader hand       91.0 ns before      151.5 ns after      151.7 ns  before/hand 1.66x  after/hand 1.67x
fix/slope-16.yield-reader hand     1191.4 ns before     1280.0 ns after     1255.6 ns  before/hand 1.07x  after/hand 1.05x
fix/slope-16.yield-string hand      862.2 ns before     2735.8 ns after     2961.3 ns  before/hand 3.17x  after/hand 3.43x
  fix/slope-16.yield-memory: 1 round(s) redone after a gen1/gen2 collection
fix/slope-16.yield-memory hand      861.0 ns before      956.4 ns after      958.6 ns  before/hand 1.11x  after/hand 1.11x
fix/slope-16.whole-stream hand     1087.9 ns before     1034.5 ns after     1040.8 ns  before/hand 0.95x  after/hand 0.96x
fix/slope-16.whole-reader hand     1079.9 ns before     1085.9 ns after     1059.1 ns  before/hand 1.01x  after/hand 0.98x
  web/url.full: 1 round(s) redone after a gen1/gen2 collection
web/url.full           hand      154.5 ns before      278.0 ns after      296.3 ns  before/hand 1.80x  after/hand 1.92x
el/ladder              hand      965.3 ns before     1766.0 ns after     1719.7 ns before-immediate     1144.5 ns after-immediate     1153.4 ns  before/hand 1.83x  after/hand 1.78x  before-immediate/hand 1.19x  after-immediate/hand 1.19x
el/string              hand      304.5 ns before      960.8 ns after      996.6 ns before-immediate      666.7 ns after-immediate      682.4 ns  before/hand 3.16x  after/hand 3.27x  before-immediate/hand 2.19x  after-immediate/hand 2.24x
sql/column             hand      141.1 ns before      333.5 ns after      350.0 ns  before/hand 2.36x  after/hand 2.48x
  sql/select20: 1 round(s) redone after a gen1/gen2 collection
sql/select20           hand     6711.6 ns before    18547.6 ns after    17796.2 ns  before/hand 2.76x  after/hand 2.65x

# Paired stand, 2026-09-19 22:27

IGOR-DESKTOP, pinned to 0-15, high priority, control 31.3 ns.

The base of a row is what every ratio is over, and its name says what it is: `hand` is a hand-written parser (`DotGram.Handwritten`), `scriptdom` is Microsoft's parser, and `control` is this process's own build of the same generated parser, held constant so that the two sides are compared and nothing is claimed against a hand-written one.

| row | reading | base | base ns | before ns | before/base | after ns | after/base | change | before B | after B |
| --- | --- | --- | ---: | ---: | ---: | ---: | ---: | ---: | ---: | ---: |
| fix/One.text | generated | hand | 75.5 | 78.7 | 1.04x | 79.5 | 1.05x | +1.0% | 192 | 192 |
| fix/One.bytes | generated | hand | 76.8 | 96.7 | 1.26x | 97.1 | 1.26x | +0.5% | 248 | 248 |
| fix/One.stream | generated | hand | 155.6 | 316.5 | 2.03x | 317.3 | 2.04x | +0.2% | 888 | 888 |
| fix/Order.text | generated | hand | 691.3 | 672.9 | 0.97x | 655.4 | 0.95x | -2.6% | 1096 | 1096 |
| fix/Order.bytes | generated | hand | 667.9 | 739.6 | 1.11x | 750.2 | 1.12x | +1.4% | 1152 | 1152 |
| fix/Order.stream | generated | hand | 817.4 | 1056.1 | 1.29x | 1066.3 | 1.30x | +1.0% | 1712 | 1712 |
| fix/BinaryMany.text | generated | hand | 3708.7 | 3873.9 | 1.04x | 3841.2 | 1.04x | -0.8% | 7256 | 7256 |
| fix/BinaryMany.bytes | generated | hand | 3791.0 | 4591.6 | 1.21x | 4661.4 | 1.23x | +1.5% | 7312 | 7312 |
| fix/BinaryMany.stream | generated | hand | 4776.3 | 5265.9 | 1.10x | 5231.6 | 1.10x | -0.7% | 7448 | 7448 |
| fix/Orders128.text | generated | hand | 84132.0 | 78165.8 | 0.93x | 75539.6 | 0.90x | -3.4% | 129112 | 129112 |
| fix/Orders128.bytes | generated | hand | 81169.0 | 87317.4 | 1.08x | 87753.5 | 1.08x | +0.5% | 129168 | 129168 |
| fix/Orders128.stream | generated | hand | 117535.5 | 96012.8 | 0.82x | 95456.7 | 0.81x | -0.6% | 118552 | 118552 |
| fix/OrderMalformed.text | generated | hand | 705.4 | 677.4 | 0.96x | 665.5 | 0.94x | -1.8% | 1248 | 1248 |
| fix/OrderMalformed.bytes | generated | hand | 696.1 | 765.0 | 1.10x | 775.0 | 1.11x | +1.3% | 1304 | 1304 |
| fix/OrderMalformed.stream | generated | hand | 832.7 | 1077.9 | 1.29x | 1097.6 | 1.32x | +1.8% | 1864 | 1864 |
| fix/slope-0.text | generated | hand | 26.8 | 27.8 | 1.04x | 30.2 | 1.13x | +8.5% | 64 | 64 |
| fix/slope-1.text | generated | hand | 95.5 | 82.0 | 0.86x | 82.8 | 0.87x | +1.0% | 192 | 192 |
| fix/slope-2.text | generated | hand | 164.7 | 131.1 | 0.80x | 130.4 | 0.79x | -0.5% | 296 | 296 |
| fix/slope-4.text | generated | hand | 293.9 | 239.3 | 0.81x | 231.9 | 0.79x | -3.1% | 504 | 504 |
| fix/slope-8.text | generated | hand | 520.5 | 431.9 | 0.83x | 415.9 | 0.80x | -3.7% | 920 | 920 |
| fix/slope-16.text | generated | hand | 1013.7 | 814.9 | 0.80x | 779.6 | 0.77x | -4.3% | 1752 | 1752 |
| fix/slope-0.bytes | generated | hand | 31.8 | 35.2 | 1.11x | 37.2 | 1.17x | +5.7% | 120 | 120 |
| fix/slope-1.bytes | generated | hand | 96.7 | 94.6 | 0.98x | 97.0 | 1.00x | +2.6% | 248 | 248 |
| fix/slope-2.bytes | generated | hand | 162.5 | 147.0 | 0.90x | 149.6 | 0.92x | +1.7% | 352 | 352 |
| fix/slope-4.bytes | generated | hand | 283.2 | 262.8 | 0.93x | 264.7 | 0.93x | +0.7% | 560 | 560 |
| fix/slope-8.bytes | generated | hand | 503.1 | 469.9 | 0.93x | 474.2 | 0.94x | +0.9% | 976 | 976 |
| fix/slope-16.bytes | generated | hand | 965.0 | 892.9 | 0.93x | 896.2 | 0.93x | +0.4% | 1808 | 1808 |
| fix/slope-0.stream | generated | hand | 98.8 | 225.1 | 2.28x | 223.4 | 2.26x | -0.7% | 792 | 792 |
| fix/slope-1.stream | generated | hand | 175.9 | 316.4 | 1.80x | 315.3 | 1.79x | -0.3% | 888 | 888 |
| fix/slope-2.stream | generated | hand | 247.5 | 383.2 | 1.55x | 379.3 | 1.53x | -1.0% | 984 | 984 |
| fix/slope-4.stream | generated | hand | 375.4 | 511.7 | 1.36x | 500.8 | 1.33x | -2.1% | 1176 | 1176 |
| fix/slope-8.stream | generated | hand | 646.3 | 740.2 | 1.15x | 736.2 | 1.14x | -0.5% | 1560 | 1560 |
| fix/slope-16.stream | generated | hand | 1193.7 | 1206.5 | 1.01x | 1204.4 | 1.01x | -0.2% | 2328 | 2328 |
| fix/orders400.text | generated | hand | 255072.1 | 240549.6 | 0.94x | 233033.8 | 0.91x | -3.1% | 403288 | 403288 |
| fix/slope-1600.text | generated | hand | 81287.5 | 74669.4 | 0.92x | 71772.9 | 0.88x | -3.9% | 166488 | 166488 |
| tsql/columns1000 | generated | scriptdom | 1685206.2 | 171956.2 | 0.10x | 169475.0 | 0.10x | -1.4% | 200489 | 200489 |
| sql/select20.at | generated | hand | 6827.3 | 17480.9 | 2.56x | 17438.4 | 2.55x | -0.2% | 21441 | 21441 |
| sql/select20.window | generated | hand | 6727.8 | 18245.4 | 2.71x | 17960.9 | 2.67x | -1.6% | 21440 | 21440 |
| sql/select20.scan | generated | control | 385.8 | 378.5 | 0.98x | 376.8 | 0.98x | -0.4% | 0 | 0 |
| tsql/select20.scan | generated | control | 375.9 | 377.7 | 1.00x | 383.4 | 1.02x | +1.5% | 0 | 0 |
| el/ladder.scan | generated | control | 136.2 | 136.9 | 1.00x | 137.7 | 1.01x | +0.6% | 0 | 0 |
| fix/Order.span | generated | hand | 681.2 | 525.3 | 0.77x | 507.7 | 0.75x | -3.3% | 1008 | 1008 |
| fix/One.log-text | generated | hand | 82.4 | 166.5 | 2.02x | 83.4 | 1.01x | -49.9% | 192 | 192 |
| fix/One.log-bytes | generated | hand | 81.8 | 188.9 | 2.31x | 106.6 | 1.30x | -43.5% | 248 | 248 |
| fix/One.log-stream | generated | hand | 82.1 | 480.9 | 5.85x | 333.8 | 4.06x | -30.6% | 888 | 888 |
| fix/Order.log-text | generated | hand | 740.1 | 1294.7 | 1.75x | 652.1 | 0.88x | -49.6% | 1096 | 1096 |
| fix/Order.log-bytes | generated | hand | 742.3 | 1499.5 | 2.02x | 858.4 | 1.16x | -42.8% | 1152 | 1152 |
| fix/Order.log-stream | generated | hand | 743.8 | 2189.1 | 2.94x | 1169.8 | 1.57x | -46.6% | 1712 | 1712 |
| fix/Orders128.log-text | generated | hand | 89237.8 | 152208.8 | 1.71x | 75593.6 | 0.85x | -50.3% | 129112 | 129112 |
| fix/Orders128.log-bytes | generated | hand | 89616.5 | 173230.5 | 1.93x | 101614.5 | 1.13x | -41.3% | 129168 | 129168 |
| fix/Orders128.log-stream | generated | hand | 89488.1 | 231299.5 | 2.58x | 107886.6 | 1.21x | -53.4% | 118552 | 118552 |
| fix/slope-0.log-text | generated | hand | 23.6 | 66.8 | 2.83x | 29.6 | 1.25x | -55.7% | 88 | 64 |
| fix/slope-0.log-bytes | generated | hand | 23.8 | 72.2 | 3.03x | 37.1 | 1.56x | -48.6% | 144 | 120 |
| fix/slope-0.log-stream | generated | hand | 23.8 | 229.4 | 9.65x | 221.7 | 9.33x | -3.4% | 792 | 792 |
| fix/slope-4.log-text | generated | hand | 255.6 | 466.8 | 1.83x | 236.5 | 0.93x | -49.3% | 504 | 504 |
| fix/slope-4.log-bytes | generated | hand | 256.0 | 531.3 | 2.08x | 300.4 | 1.17x | -43.5% | 560 | 560 |
| fix/slope-4.log-stream | generated | hand | 257.8 | 941.8 | 3.65x | 549.0 | 2.13x | -41.7% | 1176 | 1176 |
| fix/slope-16.log-text | generated | hand | 939.7 | 1685.4 | 1.79x | 797.9 | 0.85x | -52.7% | 1752 | 1752 |
| fix/slope-16.log-bytes | generated | hand | 949.3 | 1892.9 | 1.99x | 1061.2 | 1.12x | -43.9% | 1808 | 1808 |
| fix/slope-16.log-stream | generated | hand | 945.0 | 2704.9 | 2.86x | 1349.7 | 1.43x | -50.1% | 2328 | 2328 |
| el/ladder.bool | generated | hand | 969.8 | 1787.0 | 1.84x | 1714.7 | 1.77x | -4.0% | 1776 | 1720 |
| sql/select20.bool | generated | hand | 6788.8 | 18839.3 | 2.78x | 18013.6 | 2.65x | -4.4% | 21448 | 21392 |
| fix/One.yield-reader | generated | hand | 200.4 | 339.6 | 1.69x | 334.1 | 1.67x | -1.6% | 856 | 856 |
| fix/One.yield-string | generated | hand | 78.8 | 269.5 | 3.42x | 291.9 | 3.70x | +8.3% | 272 | 272 |
| fix/One.yield-memory | generated | hand | 77.3 | 118.0 | 1.53x | 119.6 | 1.55x | +1.4% | 352 | 352 |
| fix/One.whole-stream | generated | hand | 166.9 | 214.5 | 1.29x | 214.1 | 1.28x | -0.2% | 448 | 448 |
| fix/One.whole-reader | generated | hand | 166.3 | 238.5 | 1.43x | 229.3 | 1.38x | -3.9% | 416 | 416 |
| fix/Order.yield-reader | generated | hand | 901.6 | 1095.1 | 1.21x | 1057.9 | 1.17x | -3.4% | 1680 | 1680 |
| fix/Order.yield-string | generated | hand | 681.8 | 2067.8 | 3.03x | 2297.2 | 3.37x | +11.1% | 1096 | 1096 |
| fix/Order.yield-memory | generated | hand | 682.8 | 787.6 | 1.15x | 778.9 | 1.14x | -1.1% | 1176 | 1176 |
| fix/Order.whole-stream | generated | hand | 824.9 | 895.4 | 1.09x | 904.4 | 1.10x | +1.0% | 1352 | 1352 |
| fix/Order.whole-reader | generated | hand | 822.0 | 949.4 | 1.16x | 886.0 | 1.08x | -6.7% | 1320 | 1320 |
| fix/BinaryMany.yield-reader | generated | hand | 4951.8 | 5596.8 | 1.13x | 5601.5 | 1.13x | +0.1% | 7416 | 7416 |
| fix/BinaryMany.yield-string | generated | hand | 3574.7 | 15716.6 | 4.40x | 15166.7 | 4.24x | -3.5% | 6832 | 6832 |
| fix/BinaryMany.yield-memory | generated | hand | 3568.9 | 4729.5 | 1.33x | 4703.0 | 1.32x | -0.6% | 6912 | 6912 |
| fix/BinaryMany.whole-stream | generated | hand | 4690.9 | 4658.8 | 0.99x | 4653.1 | 0.99x | -0.1% | 7512 | 7512 |
| fix/BinaryMany.whole-reader | generated | hand | 4655.7 | 5385.4 | 1.16x | 5120.3 | 1.10x | -4.9% | 7480 | 7480 |
| fix/Orders128.yield-reader | generated | hand | 136360.4 | 98824.2 | 0.72x | 94847.9 | 0.70x | -4.0% | 118520 | 118520 |
| fix/Orders128.yield-string | generated | hand | 82082.7 | 251278.6 | 3.06x | 272805.4 | 3.32x | +8.6% | 117936 | 117936 |
| fix/Orders128.yield-memory | generated | hand | 81362.3 | 90005.4 | 1.11x | 89920.4 | 1.11x | -0.1% | 118016 | 118016 |
| fix/Orders128.whole-stream | generated | hand | 116511.4 | 87254.6 | 0.75x | 87295.6 | 0.75x | 0.0% | 129368 | 129368 |
| fix/Orders128.whole-reader | generated | hand | 116339.7 | 90456.0 | 0.78x | 86191.6 | 0.74x | -4.7% | 129336 | 129336 |
| fix/slope-0.yield-reader | generated | hand | 133.3 | 234.1 | 1.76x | 237.4 | 1.78x | +1.4% | 760 | 760 |
| fix/slope-0.yield-string | generated | hand | 25.5 | 51.3 | 2.02x | 51.2 | 2.01x | -0.2% | 176 | 176 |
| fix/slope-0.yield-memory | generated | hand | 25.4 | 62.2 | 2.45x | 63.5 | 2.50x | +2.2% | 256 | 256 |
| fix/slope-0.whole-stream | generated | hand | 91.1 | 140.0 | 1.54x | 139.8 | 1.53x | -0.1% | 320 | 320 |
| fix/slope-0.whole-reader | generated | hand | 91.0 | 151.5 | 1.66x | 151.7 | 1.67x | +0.2% | 288 | 288 |
| fix/slope-16.yield-reader | generated | hand | 1191.4 | 1280.0 | 1.07x | 1255.6 | 1.05x | -1.9% | 2296 | 2296 |
| fix/slope-16.yield-string | generated | hand | 862.2 | 2735.8 | 3.17x | 2961.3 | 3.43x | +8.2% | 1712 | 1712 |
| fix/slope-16.yield-memory | generated | hand | 861.0 | 956.4 | 1.11x | 958.6 | 1.11x | +0.2% | 1792 | 1792 |
| fix/slope-16.whole-stream | generated | hand | 1087.9 | 1034.5 | 0.95x | 1040.8 | 0.96x | +0.6% | 2008 | 2008 |
| fix/slope-16.whole-reader | generated | hand | 1079.9 | 1085.9 | 1.01x | 1059.1 | 0.98x | -2.5% | 1976 | 1976 |
| web/url.full | generated | hand | 154.5 | 278.0 | 1.80x | 296.3 | 1.92x | +6.6% | 536 | 536 |
| el/ladder | generated | hand | 965.3 | 1766.0 | 1.83x | 1719.7 | 1.78x | -2.6% | 1776 | 1776 |
| el/ladder | immediate | hand | 965.3 | 1144.5 | 1.19x | 1153.4 | 1.19x | +0.8% | 1784 | 1787 |
| el/string | generated | hand | 304.5 | 960.8 | 3.16x | 996.6 | 3.27x | +3.7% | 1056 | 1056 |
| el/string | immediate | hand | 304.5 | 666.7 | 2.19x | 682.4 | 2.24x | +2.4% | 1032 | 1032 |
| sql/column | generated | hand | 141.1 | 333.5 | 2.36x | 350.0 | 2.48x | +4.9% | 392 | 392 |
| sql/select20 | generated | hand | 6711.6 | 18547.6 | 2.76x | 17796.2 | 2.65x | -4.1% | 21448 | 21448 |

Written to T:\TEMP\dotgram-stand\w65\pair\run-4
=== run 5 of 5, 22:27:39
97 rows, every reading agreeing. Timing 8 rounds.
fix/One.text           hand       75.5 ns before       80.1 ns after       77.8 ns  before/hand 1.06x  after/hand 1.03x
fix/One.bytes          hand       75.0 ns before       97.1 ns after       93.9 ns  before/hand 1.29x  after/hand 1.25x
fix/One.stream         hand      154.4 ns before      332.3 ns after      326.9 ns  before/hand 2.15x  after/hand 2.12x
  fix/Order.text: 1 round(s) redone after a gen1/gen2 collection
fix/Order.text         hand      686.6 ns before      614.2 ns after      631.3 ns  before/hand 0.89x  after/hand 0.92x
fix/Order.bytes        hand      668.1 ns before      727.1 ns after      729.1 ns  before/hand 1.09x  after/hand 1.09x
fix/Order.stream       hand      804.2 ns before     1052.2 ns after     1050.3 ns  before/hand 1.31x  after/hand 1.31x
fix/BinaryMany.text    hand     3557.7 ns before     3690.3 ns after     3741.5 ns  before/hand 1.04x  after/hand 1.05x
fix/BinaryMany.bytes   hand     3677.3 ns before     4495.5 ns after     4506.1 ns  before/hand 1.22x  after/hand 1.23x
fix/BinaryMany.stream  hand     4630.4 ns before     5131.0 ns after     5146.8 ns  before/hand 1.11x  after/hand 1.11x
fix/Orders128.text     hand    81166.5 ns before    74596.9 ns after    73891.2 ns  before/hand 0.92x  after/hand 0.91x
  fix/Orders128.bytes: 1 round(s) redone after a gen1/gen2 collection
fix/Orders128.bytes    hand    80217.2 ns before    87743.8 ns after    86430.4 ns  before/hand 1.09x  after/hand 1.08x
fix/Orders128.stream   hand   116291.3 ns before    94430.7 ns after    95436.4 ns  before/hand 0.81x  after/hand 0.82x
fix/OrderMalformed.text hand      680.1 ns before      612.1 ns after      630.2 ns  before/hand 0.90x  after/hand 0.93x
fix/OrderMalformed.bytes hand      678.7 ns before      731.9 ns after      735.1 ns  before/hand 1.08x  after/hand 1.08x
  fix/OrderMalformed.stream: 1 round(s) redone after a gen1/gen2 collection
fix/OrderMalformed.stream hand      818.3 ns before     1077.6 ns after     1074.4 ns  before/hand 1.32x  after/hand 1.31x
fix/slope-0.text       hand       26.0 ns before       29.8 ns after       27.2 ns  before/hand 1.14x  after/hand 1.04x
fix/slope-1.text       hand       92.6 ns before       82.2 ns after       80.2 ns  before/hand 0.89x  after/hand 0.87x
fix/slope-2.text       hand      159.2 ns before      127.0 ns after      126.3 ns  before/hand 0.80x  after/hand 0.79x
  fix/slope-4.text: 1 round(s) redone after a gen1/gen2 collection
fix/slope-4.text       hand      285.4 ns before      229.0 ns after      227.4 ns  before/hand 0.80x  after/hand 0.80x
fix/slope-8.text       hand      506.5 ns before      409.8 ns after      408.6 ns  before/hand 0.81x  after/hand 0.81x
fix/slope-16.text      hand      999.4 ns before      776.3 ns after      773.7 ns  before/hand 0.78x  after/hand 0.77x
  fix/slope-0.bytes: 1 round(s) redone after a gen1/gen2 collection
fix/slope-0.bytes      hand       31.6 ns before       36.8 ns after       34.1 ns  before/hand 1.17x  after/hand 1.08x
fix/slope-1.bytes      hand       96.6 ns before       96.1 ns after       93.9 ns  before/hand 1.00x  after/hand 0.97x
fix/slope-2.bytes      hand      162.5 ns before      149.2 ns after      146.1 ns  before/hand 0.92x  after/hand 0.90x
fix/slope-4.bytes      hand      282.3 ns before      263.5 ns after      262.1 ns  before/hand 0.93x  after/hand 0.93x
fix/slope-8.bytes      hand      500.3 ns before      474.1 ns after      471.0 ns  before/hand 0.95x  after/hand 0.94x
fix/slope-16.bytes     hand      970.7 ns before      900.8 ns after      893.9 ns  before/hand 0.93x  after/hand 0.92x
fix/slope-0.stream     hand       98.1 ns before      233.0 ns after      221.8 ns  before/hand 2.37x  after/hand 2.26x
fix/slope-1.stream     hand      175.3 ns before      334.8 ns after      325.6 ns  before/hand 1.91x  after/hand 1.86x
fix/slope-2.stream     hand      245.0 ns before      398.8 ns after      379.9 ns  before/hand 1.63x  after/hand 1.55x
fix/slope-4.stream     hand      372.8 ns before      528.8 ns after      508.1 ns  before/hand 1.42x  after/hand 1.36x
fix/slope-8.stream     hand      644.8 ns before      758.6 ns after      746.0 ns  before/hand 1.18x  after/hand 1.16x
fix/slope-16.stream    hand     1192.7 ns before     1233.4 ns after     1226.4 ns  before/hand 1.03x  after/hand 1.03x
fix/orders400.text     hand   255753.9 ns before   233459.0 ns after   232883.0 ns  before/hand 0.91x  after/hand 0.91x
fix/slope-1600.text    hand    81033.5 ns before    71931.1 ns after    72769.5 ns  before/hand 0.89x  after/hand 0.90x
tsql/columns1000       scriptdom  1748381.2 ns before   209637.5 ns after   175668.8 ns  before/scriptdom 0.12x  after/scriptdom 0.10x
sql/select20.at        hand     6780.0 ns before    17388.8 ns after    17502.5 ns  before/hand 2.56x  after/hand 2.58x
  sql/select20.window: 1 round(s) redone after a gen1/gen2 collection
sql/select20.window    hand     6748.5 ns before    18048.9 ns after    17893.8 ns  before/hand 2.67x  after/hand 2.65x
sql/select20.scan      control      385.0 ns before      380.8 ns after      382.9 ns  before/control 0.99x  after/control 0.99x
tsql/select20.scan     control      375.2 ns before      385.7 ns after      380.8 ns  before/control 1.03x  after/control 1.01x
el/ladder.scan         control      137.0 ns before      140.3 ns after      139.7 ns  before/control 1.02x  after/control 1.02x
fix/Order.span         hand      675.8 ns before      497.7 ns after      504.4 ns  before/hand 0.74x  after/hand 0.75x
fix/One.log-text       hand       82.1 ns before      171.0 ns after       81.9 ns  before/hand 2.08x  after/hand 1.00x
fix/One.log-bytes      hand       81.7 ns before      199.7 ns after      103.5 ns  before/hand 2.45x  after/hand 1.27x
  fix/One.log-stream: 1 round(s) redone after a gen1/gen2 collection
fix/One.log-stream     hand       81.7 ns before      487.7 ns after      357.9 ns  before/hand 5.97x  after/hand 4.38x
fix/Order.log-text     hand      743.1 ns before     1289.1 ns after      654.6 ns  before/hand 1.73x  after/hand 0.88x
fix/Order.log-bytes    hand      738.1 ns before     1509.4 ns after      850.5 ns  before/hand 2.04x  after/hand 1.15x
  fix/Order.log-stream: 1 round(s) redone after a gen1/gen2 collection
fix/Order.log-stream   hand      743.5 ns before     2197.1 ns after     1163.6 ns  before/hand 2.95x  after/hand 1.56x
fix/Orders128.log-text hand    89786.1 ns before   155273.0 ns after    76344.5 ns  before/hand 1.73x  after/hand 0.85x
fix/Orders128.log-bytes hand    89419.6 ns before   175742.1 ns after   101349.3 ns  before/hand 1.97x  after/hand 1.13x
  fix/Orders128.log-stream: 1 round(s) redone after a gen1/gen2 collection
fix/Orders128.log-stream hand    90607.6 ns before   234192.9 ns after   108544.4 ns  before/hand 2.58x  after/hand 1.20x
fix/slope-0.log-text   hand       24.3 ns before       67.4 ns after       27.1 ns  before/hand 2.77x  after/hand 1.12x
fix/slope-0.log-bytes  hand       24.2 ns before       75.8 ns after       34.0 ns  before/hand 3.14x  after/hand 1.41x
  fix/slope-0.log-stream: 1 round(s) redone after a gen1/gen2 collection
fix/slope-0.log-stream hand       24.3 ns before      226.2 ns after      233.9 ns  before/hand 9.32x  after/hand 9.64x
fix/slope-4.log-text   hand      255.9 ns before      476.2 ns after      237.2 ns  before/hand 1.86x  after/hand 0.93x
  fix/slope-4.log-bytes: 1 round(s) redone after a gen1/gen2 collection
fix/slope-4.log-bytes  hand      256.7 ns before      539.4 ns after      298.2 ns  before/hand 2.10x  after/hand 1.16x
fix/slope-4.log-stream hand      255.8 ns before      954.6 ns after      572.5 ns  before/hand 3.73x  after/hand 2.24x
  fix/slope-16.log-text: 1 round(s) redone after a gen1/gen2 collection
fix/slope-16.log-text  hand      934.9 ns before     1684.7 ns after      827.4 ns  before/hand 1.80x  after/hand 0.89x
fix/slope-16.log-bytes hand      934.2 ns before     1898.6 ns after     1065.2 ns  before/hand 2.03x  after/hand 1.14x
=== the limit of 25 minutes came inside run 5: it was stopped, 4 runs are used

Median of 4 of 4 runs, each in a process of its own; control 31.4 ns (the runs' controls: 31.1, 31.6, 31.4, 31.3).
No run was dropped.
The spread column is the spread of the base reading between runs, not between rounds.

# Paired stand, 2026-09-19 22:30

IGOR-DESKTOP, pinned to 0-15, high priority, control 31.4 ns.

The base of a row is what every ratio is over, and its name says what it is: `hand` is a hand-written parser (`DotGram.Handwritten`), `scriptdom` is Microsoft's parser, and `control` is this process's own build of the same generated parser, held constant so that the two sides are compared and nothing is claimed against a hand-written one.

| row | reading | base | base ns | before ns | before/base | after ns | after/base | change | before B | after B |
| --- | --- | --- | ---: | ---: | ---: | ---: | ---: | ---: | ---: | ---: |
| fix/One.text | generated | hand | 75.5 | 78.7 | 1.04x | 81.6 | 1.08x | +3.7% | 192 | 192 |
| fix/One.bytes | generated | hand | 77.5 | 97.0 | 1.25x | 97.8 | 1.26x | +0.9% | 248 | 248 |
| fix/One.stream | generated | hand | 156.7 | 334.7 | 2.14x | 329.6 | 2.10x | -1.5% | 888 | 888 |
| fix/Order.text | generated | hand | 696.6 | 649.3 | 0.93x | 662.6 | 0.95x | +2.0% | 1096 | 1096 |
| fix/Order.bytes | generated | hand | 673.4 | 740.6 | 1.10x | 746.7 | 1.11x | +0.8% | 1152 | 1152 |
| fix/Order.stream | generated | hand | 827.9 | 1096.1 | 1.32x | 1097.7 | 1.33x | +0.1% | 1712 | 1712 |
| fix/BinaryMany.text | generated | hand | 3720.7 | 3936.1 | 1.06x | 3888.9 | 1.05x | -1.2% | 7256 | 7256 |
| fix/BinaryMany.bytes | generated | hand | 3780.6 | 4657.0 | 1.23x | 4611.5 | 1.22x | -1.0% | 7312 | 7312 |
| fix/BinaryMany.stream | generated | hand | 4857.1 | 5329.0 | 1.10x | 5274.5 | 1.09x | -1.0% | 7448 | 7448 |
| fix/Orders128.text | generated | hand | 83154.4 | 77402.8 | 0.93x | 77439.7 | 0.93x | 0.0% | 129112 | 129112 |
| fix/Orders128.bytes | generated | hand | 81842.3 | 88379.0 | 1.08x | 88111.7 | 1.08x | -0.3% | 129168 | 129168 |
| fix/Orders128.stream | generated | hand | 118145.4 | 96043.6 | 0.81x | 95801.7 | 0.81x | -0.3% | 118552 | 118552 |
| fix/OrderMalformed.text | generated | hand | 705.6 | 651.0 | 0.92x | 667.2 | 0.95x | +2.5% | 1248 | 1248 |
| fix/OrderMalformed.bytes | generated | hand | 693.4 | 756.6 | 1.09x | 760.8 | 1.10x | +0.6% | 1304 | 1304 |
| fix/OrderMalformed.stream | generated | hand | 839.7 | 1096.8 | 1.31x | 1115.8 | 1.33x | +1.7% | 1864 | 1864 |
| fix/slope-0.text | generated | hand | 26.8 | 27.9 | 1.04x | 30.2 | 1.13x | +8.6% | 64 | 64 |
| fix/slope-1.text | generated | hand | 94.4 | 81.9 | 0.87x | 85.4 | 0.90x | +4.2% | 192 | 192 |
| fix/slope-2.text | generated | hand | 163.6 | 129.5 | 0.79x | 132.7 | 0.81x | +2.5% | 296 | 296 |
| fix/slope-4.text | generated | hand | 293.6 | 236.1 | 0.80x | 235.7 | 0.80x | -0.1% | 504 | 504 |
| fix/slope-8.text | generated | hand | 523.5 | 431.6 | 0.82x | 428.6 | 0.82x | -0.7% | 920 | 920 |
| fix/slope-16.text | generated | hand | 1016.7 | 809.3 | 0.80x | 803.5 | 0.79x | -0.7% | 1752 | 1752 |
| fix/slope-0.bytes | generated | hand | 32.0 | 35.1 | 1.10x | 37.4 | 1.17x | +6.5% | 120 | 120 |
| fix/slope-1.bytes | generated | hand | 97.5 | 95.8 | 0.98x | 98.4 | 1.01x | +2.7% | 248 | 248 |
| fix/slope-2.bytes | generated | hand | 164.7 | 149.4 | 0.91x | 152.7 | 0.93x | +2.2% | 352 | 352 |
| fix/slope-4.bytes | generated | hand | 289.9 | 267.4 | 0.92x | 269.1 | 0.93x | +0.6% | 560 | 560 |
| fix/slope-8.bytes | generated | hand | 518.4 | 483.6 | 0.93x | 491.7 | 0.95x | +1.7% | 976 | 976 |
| fix/slope-16.bytes | generated | hand | 990.9 | 909.1 | 0.92x | 910.2 | 0.92x | +0.1% | 1808 | 1808 |
| fix/slope-0.stream | generated | hand | 99.6 | 227.9 | 2.29x | 229.1 | 2.30x | +0.5% | 792 | 792 |
| fix/slope-1.stream | generated | hand | 178.5 | 326.0 | 1.83x | 319.4 | 1.79x | -2.0% | 888 | 888 |
| fix/slope-2.stream | generated | hand | 251.6 | 394.8 | 1.57x | 385.9 | 1.53x | -2.3% | 984 | 984 |
| fix/slope-4.stream | generated | hand | 383.5 | 522.7 | 1.36x | 511.4 | 1.33x | -2.2% | 1176 | 1176 |
| fix/slope-8.stream | generated | hand | 653.6 | 753.9 | 1.15x | 745.2 | 1.14x | -1.2% | 1560 | 1560 |
| fix/slope-16.stream | generated | hand | 1205.7 | 1227.7 | 1.02x | 1220.8 | 1.01x | -0.6% | 2328 | 2328 |
| fix/orders400.text | generated | hand | 259511.4 | 241275.2 | 0.93x | 237088.4 | 0.91x | -1.7% | 403288 | 403288 |
| fix/slope-1600.text | generated | hand | 82420.2 | 74562.4 | 0.90x | 74533.3 | 0.90x | 0.0% | 166488 | 166488 |
| tsql/columns1000 | generated | scriptdom | 1742765.6 | 185112.5 | 0.11x | 170856.2 | 0.10x | -7.7% | 200489 | 200489 |
| sql/select20.at | generated | hand | 6928.6 | 17664.7 | 2.55x | 17616.9 | 2.54x | -0.3% | 21441 | 21441 |
| sql/select20.window | generated | hand | 6881.5 | 18377.3 | 2.67x | 18136.2 | 2.64x | -1.3% | 21440 | 21440 |
| sql/select20.scan | generated | control | 390.9 | 385.2 | 0.99x | 387.5 | 0.99x | +0.6% | 0 | 0 |
| tsql/select20.scan | generated | control | 380.0 | 383.6 | 1.01x | 387.3 | 1.02x | +0.9% | 0 | 0 |
| el/ladder.scan | generated | control | 138.6 | 138.3 | 1.00x | 137.4 | 0.99x | -0.7% | 0 | 0 |
| fix/Order.span | generated | hand | 688.7 | 507.2 | 0.74x | 510.3 | 0.74x | +0.6% | 1008 | 1008 |
| fix/One.log-text | generated | hand | 82.2 | 165.7 | 2.02x | 84.4 | 1.03x | -49.1% | 192 | 192 |
| fix/One.log-bytes | generated | hand | 82.5 | 193.9 | 2.35x | 107.8 | 1.31x | -44.4% | 248 | 248 |
| fix/One.log-stream | generated | hand | 82.3 | 483.2 | 5.87x | 349.6 | 4.25x | -27.6% | 888 | 888 |
| fix/Order.log-text | generated | hand | 748.7 | 1297.1 | 1.73x | 661.2 | 0.88x | -49.0% | 1096 | 1096 |
| fix/Order.log-bytes | generated | hand | 745.1 | 1507.8 | 2.02x | 861.0 | 1.16x | -42.9% | 1152 | 1152 |
| fix/Order.log-stream | generated | hand | 748.8 | 2218.4 | 2.96x | 1185.8 | 1.58x | -46.5% | 1712 | 1712 |
| fix/Orders128.log-text | generated | hand | 89459.5 | 152483.8 | 1.70x | 77160.6 | 0.86x | -49.4% | 129112 | 129112 |
| fix/Orders128.log-bytes | generated | hand | 90007.7 | 175035.9 | 1.94x | 101381.9 | 1.13x | -42.1% | 129168 | 129168 |
| fix/Orders128.log-stream | generated | hand | 90107.0 | 237335.4 | 2.63x | 107929.4 | 1.20x | -54.5% | 118552 | 118552 |
| fix/slope-0.log-text | generated | hand | 23.7 | 65.5 | 2.76x | 29.7 | 1.25x | -54.6% | 88 | 64 |
| fix/slope-0.log-bytes | generated | hand | 23.8 | 71.9 | 3.02x | 37.1 | 1.56x | -48.4% | 144 | 120 |
| fix/slope-0.log-stream | generated | hand | 23.7 | 232.2 | 9.80x | 232.4 | 9.80x | +0.1% | 792 | 792 |
| fix/slope-4.log-text | generated | hand | 254.8 | 470.9 | 1.85x | 238.2 | 0.94x | -49.4% | 504 | 504 |
| fix/slope-4.log-bytes | generated | hand | 255.0 | 536.4 | 2.10x | 303.2 | 1.19x | -43.5% | 560 | 560 |
| fix/slope-4.log-stream | generated | hand | 256.6 | 951.8 | 3.71x | 564.7 | 2.20x | -40.7% | 1176 | 1176 |
| fix/slope-16.log-text | generated | hand | 939.7 | 1685.9 | 1.79x | 824.1 | 0.88x | -51.1% | 1752 | 1752 |
| fix/slope-16.log-bytes | generated | hand | 954.8 | 1913.2 | 2.00x | 1072.8 | 1.12x | -43.9% | 1808 | 1808 |
| fix/slope-16.log-stream | generated | hand | 945.8 | 2717.2 | 2.87x | 1386.6 | 1.47x | -49.0% | 2328 | 2328 |
| el/ladder.bool | generated | hand | 971.8 | 1744.1 | 1.79x | 1700.7 | 1.75x | -2.5% | 1776 | 1720 |
| sql/select20.bool | generated | hand | 6769.8 | 18291.1 | 2.70x | 18025.7 | 2.66x | -1.5% | 21448 | 21392 |
| fix/One.yield-reader | generated | hand | 205.5 | 350.5 | 1.71x | 337.1 | 1.64x | -3.8% | 856 | 856 |
| fix/One.yield-string | generated | hand | 78.5 | 248.5 | 3.17x | 252.8 | 3.22x | +1.7% | 272 | 272 |
| fix/One.yield-memory | generated | hand | 77.5 | 119.0 | 1.54x | 120.4 | 1.55x | +1.2% | 352 | 352 |
| fix/One.whole-stream | generated | hand | 159.5 | 222.1 | 1.39x | 217.3 | 1.36x | -2.1% | 448 | 448 |
| fix/One.whole-reader | generated | hand | 160.9 | 237.2 | 1.47x | 229.4 | 1.43x | -3.3% | 416 | 416 |
| fix/Order.yield-reader | generated | hand | 909.5 | 1096.6 | 1.21x | 1082.6 | 1.19x | -1.3% | 1680 | 1680 |
| fix/Order.yield-string | generated | hand | 693.7 | 2186.0 | 3.15x | 2283.7 | 3.29x | +4.5% | 1096 | 1096 |
| fix/Order.yield-memory | generated | hand | 693.1 | 791.9 | 1.14x | 783.3 | 1.13x | -1.1% | 1176 | 1176 |
| fix/Order.whole-stream | generated | hand | 827.8 | 915.1 | 1.11x | 909.6 | 1.10x | -0.6% | 1352 | 1352 |
| fix/Order.whole-reader | generated | hand | 824.1 | 942.9 | 1.14x | 918.9 | 1.12x | -2.5% | 1320 | 1320 |
| fix/BinaryMany.yield-reader | generated | hand | 5004.5 | 5700.0 | 1.14x | 5670.6 | 1.13x | -0.5% | 7416 | 7416 |
| fix/BinaryMany.yield-string | generated | hand | 3602.5 | 16055.3 | 4.46x | 15547.1 | 4.32x | -3.2% | 6832 | 6832 |
| fix/BinaryMany.yield-memory | generated | hand | 3685.9 | 4875.4 | 1.32x | 4827.6 | 1.31x | -1.0% | 6912 | 6912 |
| fix/BinaryMany.whole-stream | generated | hand | 4860.8 | 4818.8 | 0.99x | 4819.4 | 0.99x | 0.0% | 7512 | 7512 |
| fix/BinaryMany.whole-reader | generated | hand | 4840.8 | 5367.3 | 1.11x | 5279.0 | 1.09x | -1.6% | 7480 | 7480 |
| fix/Orders128.yield-reader | generated | hand | 139938.7 | 98456.4 | 0.70x | 99407.4 | 0.71x | +1.0% | 118520 | 118520 |
| fix/Orders128.yield-string | generated | hand | 83807.6 | 279049.1 | 3.33x | 271988.4 | 3.25x | -2.5% | 117936 | 117936 |
| fix/Orders128.yield-memory | generated | hand | 83454.3 | 91453.8 | 1.10x | 91817.0 | 1.10x | +0.4% | 118016 | 118016 |
| fix/Orders128.whole-stream | generated | hand | 119275.1 | 89137.5 | 0.75x | 88250.0 | 0.74x | -1.0% | 129368 | 129368 |
| fix/Orders128.whole-reader | generated | hand | 120298.0 | 90283.6 | 0.75x | 90760.0 | 0.75x | +0.5% | 129336 | 129336 |
| fix/slope-0.yield-reader | generated | hand | 140.7 | 250.2 | 1.78x | 247.5 | 1.76x | -1.1% | 760 | 760 |
| fix/slope-0.yield-string | generated | hand | 24.6 | 52.3 | 2.13x | 52.2 | 2.12x | -0.2% | 176 | 176 |
| fix/slope-0.yield-memory | generated | hand | 24.1 | 63.3 | 2.63x | 64.8 | 2.70x | +2.4% | 256 | 256 |
| fix/slope-0.whole-stream | generated | hand | 93.8 | 145.1 | 1.55x | 144.2 | 1.54x | -0.6% | 320 | 320 |
| fix/slope-0.whole-reader | generated | hand | 93.4 | 153.8 | 1.65x | 153.1 | 1.64x | -0.5% | 288 | 288 |
| fix/slope-16.yield-reader | generated | hand | 1227.5 | 1333.7 | 1.09x | 1344.3 | 1.10x | +0.8% | 2296 | 2296 |
| fix/slope-16.yield-string | generated | hand | 872.0 | 2922.1 | 3.35x | 2951.8 | 3.39x | +1.0% | 1712 | 1712 |
| fix/slope-16.yield-memory | generated | hand | 879.2 | 995.8 | 1.13x | 980.3 | 1.12x | -1.6% | 1792 | 1792 |
| fix/slope-16.whole-stream | generated | hand | 1080.4 | 1065.7 | 0.99x | 1061.4 | 0.98x | -0.4% | 2008 | 2008 |
| fix/slope-16.whole-reader | generated | hand | 1076.3 | 1090.6 | 1.01x | 1101.4 | 1.02x | +1.0% | 1976 | 1976 |
| web/url.full | generated | hand | 157.2 | 282.5 | 1.80x | 288.9 | 1.84x | +2.2% | 536 | 536 |
| el/ladder | generated | hand | 990.7 | 1762.2 | 1.78x | 1734.6 | 1.75x | -1.6% | 1776 | 1776 |
| el/ladder | immediate | hand | 990.7 | 1184.9 | 1.20x | 1196.6 | 1.21x | +1.0% | 1784 | 1784 |
| el/string | generated | hand | 306.0 | 987.5 | 3.23x | 1001.9 | 3.27x | +1.5% | 1056 | 1056 |
| el/string | immediate | hand | 306.0 | 690.2 | 2.26x | 684.8 | 2.24x | -0.8% | 1032 | 1032 |
| sql/column | generated | hand | 140.6 | 339.6 | 2.42x | 347.0 | 2.47x | +2.2% | 392 | 392 |
| sql/select20 | generated | hand | 6865.7 | 18421.9 | 2.68x | 18260.9 | 2.66x | -0.9% | 21448 | 21448 |

Written to T:\TEMP\dotgram-stand\w65\pair
