// Validating benchmarks:
// ***** BenchmarkRunner: Start   *****
// ***** Found 21 benchmark(s) in total *****
// ***** Building 1 exe(s) in Parallel: Start   *****
// start dotnet  restore --nodeReuse:false /p:UseSharedCompilation=false /p:Deterministic=true /p:Optimize=true /p:ArtifactsPath="P:\dotgram.WorkTrees\sql\benchmarks\DotGram.Benchmarks\bin\Release\net10.0\DotGram.Benchmarks-DefaultJob-1/" /p:OutDir="P:\dotgram.WorkTrees\sql\benchmarks\DotGram.Benchmarks\bin\Release\net10.0\DotGram.Benchmarks-DefaultJob-1\bin\Release\net10.0/" /p:OutputPath="P:\dotgram.WorkTrees\sql\benchmarks\DotGram.Benchmarks\bin\Release\net10.0\DotGram.Benchmarks-DefaultJob-1\bin\Release\net10.0/" /p:PublishDir="P:\dotgram.WorkTrees\sql\benchmarks\DotGram.Benchmarks\bin\Release\net10.0\DotGram.Benchmarks-DefaultJob-1\publish/" in P:\dotgram.WorkTrees\sql\benchmarks\DotGram.Benchmarks\bin\Release\net10.0\DotGram.Benchmarks-DefaultJob-1
// command took 1.06 sec and exited with 0
// start dotnet  build -c Release --no-restore --nodeReuse:false /p:UseSharedCompilation=false /p:Deterministic=true /p:Optimize=true /p:ArtifactsPath="P:\dotgram.WorkTrees\sql\benchmarks\DotGram.Benchmarks\bin\Release\net10.0\DotGram.Benchmarks-DefaultJob-1/" /p:OutDir="P:\dotgram.WorkTrees\sql\benchmarks\DotGram.Benchmarks\bin\Release\net10.0\DotGram.Benchmarks-DefaultJob-1\bin\Release\net10.0/" /p:OutputPath="P:\dotgram.WorkTrees\sql\benchmarks\DotGram.Benchmarks\bin\Release\net10.0\DotGram.Benchmarks-DefaultJob-1\bin\Release\net10.0/" /p:PublishDir="P:\dotgram.WorkTrees\sql\benchmarks\DotGram.Benchmarks\bin\Release\net10.0\DotGram.Benchmarks-DefaultJob-1\publish/" --output "P:\dotgram.WorkTrees\sql\benchmarks\DotGram.Benchmarks\bin\Release\net10.0\DotGram.Benchmarks-DefaultJob-1\bin\Release\net10.0/" in P:\dotgram.WorkTrees\sql\benchmarks\DotGram.Benchmarks\bin\Release\net10.0\DotGram.Benchmarks-DefaultJob-1
// command took 61.22 sec and exited with 0
// ***** Done, took 00:01:02 (62.33 sec)   *****
// Found 21 benchmarks:
//   ScriptDomBenchmarks.Tokens: DefaultJob [Size=long]
//   ScriptDomBenchmarks.Tree: DefaultJob [Size=long]
//   ScriptDomBenchmarks.'Tree again (A/A)': DefaultJob [Size=long]
//   ScriptDomBenchmarks.Located: DefaultJob [Size=long]
//   ScriptDomBenchmarks.Grammar: DefaultJob [Size=long]
//   ScriptDomBenchmarks.'Tree walked': DefaultJob [Size=long]
//   ScriptDomBenchmarks.'Grammar walked': DefaultJob [Size=long]
//   ScriptDomBenchmarks.Tokens: DefaultJob [Size=medium]
//   ScriptDomBenchmarks.Tree: DefaultJob [Size=medium]
//   ScriptDomBenchmarks.'Tree again (A/A)': DefaultJob [Size=medium]
//   ScriptDomBenchmarks.Located: DefaultJob [Size=medium]
//   ScriptDomBenchmarks.Grammar: DefaultJob [Size=medium]
//   ScriptDomBenchmarks.'Tree walked': DefaultJob [Size=medium]
//   ScriptDomBenchmarks.'Grammar walked': DefaultJob [Size=medium]
//   ScriptDomBenchmarks.Tokens: DefaultJob [Size=short]
//   ScriptDomBenchmarks.Tree: DefaultJob [Size=short]
//   ScriptDomBenchmarks.'Tree again (A/A)': DefaultJob [Size=short]
//   ScriptDomBenchmarks.Located: DefaultJob [Size=short]
//   ScriptDomBenchmarks.Grammar: DefaultJob [Size=short]
//   ScriptDomBenchmarks.'Tree walked': DefaultJob [Size=short]
//   ScriptDomBenchmarks.'Grammar walked': DefaultJob [Size=short]

Setup power plan (GUID: 8c5e7fda-e8bf-4a96-9a85-a6e23a8c635c FriendlyName: High performance)
// **************************
// Benchmark: ScriptDomBenchmarks.Tokens: DefaultJob [Size=long]
// *** Execute ***
// Launch: 1 / 1
// Execute: dotnet DotGram.Benchmarks-DefaultJob-1.dll --anonymousPipes 1772 1780 --benchmarkName "DotGram.Benchmarks.ScriptDomBenchmarks.Tokens(Size: \"long\")" --job Default --benchmarkId 0 in P:\dotgram.WorkTrees\sql\benchmarks\DotGram.Benchmarks\bin\Release\net10.0\DotGram.Benchmarks-DefaultJob-1\bin\Release\net10.0
// BeforeAnythingElse

// Benchmark Process Environment Information:
// BenchmarkDotNet v0.15.8
// Runtime=.NET 10.0.12 (10.0.12, 10.0.1226.42308), X64 RyuJIT x86-64-v4
// GC=Concurrent Workstation
// HardwareIntrinsics=AVX512 BITALG+VBMI2+VNNI+VPOPCNTDQ,AVX512 IFMA+VBMI,AVX512 F+BW+CD+DQ+VL,AVX2+BMI1+BMI2+F16C+FMA+LZCNT+MOVBE,AVX,SSE3+SSSE3+SSE4.1+SSE4.2+POPCNT,X86Base+SSE+SSE2,AES+PCLMUL,AvxVnni VectorSize=256
// Job: DefaultJob

ScriptDom 18.0.102.0+9d1d1c1d.9d1d1c1d062bd900ad9cac5e4e05bdf950d5a229, quoted identifiers on, 7716 statements both parsers read, 5348 short, 2116 medium, 252 long
statement length: p50 71, p75 113, p90 179, p95 251, p99 651, max 4200
OverheadJitting  1: 200 op, 141800.00 ns, 709.0000 ns/op
WorkloadJitting  1: 200 op, 29500500.00 ns, 147.5025 us/op

OverheadJitting  2: 3200 op, 233600.00 ns, 73.0000 ns/op
WorkloadJitting  2: 3200 op, 567504200.00 ns, 177.3451 us/op

WorkloadPilot    1: 3200 op, 222886100.00 ns, 69.6519 us/op
WorkloadPilot    2: 6400 op, 376516000.00 ns, 58.8306 us/op
WorkloadPilot    3: 12800 op, 513362000.00 ns, 40.1064 us/op

OverheadWarmup   1: 12800 op, 1700.00 ns, 0.1328 ns/op
OverheadWarmup   2: 12800 op, 500.00 ns, 0.0391 ns/op
OverheadWarmup   3: 12800 op, 300.00 ns, 0.0234 ns/op
OverheadWarmup   4: 12800 op, 600.00 ns, 0.0469 ns/op
OverheadWarmup   5: 12800 op, 300.00 ns, 0.0234 ns/op
OverheadWarmup   6: 12800 op, 1000.00 ns, 0.0781 ns/op
OverheadWarmup   7: 12800 op, 300.00 ns, 0.0234 ns/op

OverheadActual   1: 12800 op, 400.00 ns, 0.0313 ns/op
OverheadActual   2: 12800 op, 400.00 ns, 0.0313 ns/op
OverheadActual   3: 12800 op, 400.00 ns, 0.0313 ns/op
OverheadActual   4: 12800 op, 300.00 ns, 0.0234 ns/op
OverheadActual   5: 12800 op, 400.00 ns, 0.0313 ns/op
OverheadActual   6: 12800 op, 300.00 ns, 0.0234 ns/op
OverheadActual   7: 12800 op, 300.00 ns, 0.0234 ns/op
OverheadActual   8: 12800 op, 200.00 ns, 0.0156 ns/op
OverheadActual   9: 12800 op, 300.00 ns, 0.0234 ns/op
OverheadActual  10: 12800 op, 400.00 ns, 0.0313 ns/op
OverheadActual  11: 12800 op, 400.00 ns, 0.0313 ns/op
OverheadActual  12: 12800 op, 300.00 ns, 0.0234 ns/op
OverheadActual  13: 12800 op, 400.00 ns, 0.0313 ns/op
OverheadActual  14: 12800 op, 300.00 ns, 0.0234 ns/op
OverheadActual  15: 12800 op, 400.00 ns, 0.0313 ns/op
OverheadActual  16: 12800 op, 300.00 ns, 0.0234 ns/op
OverheadActual  17: 12800 op, 400.00 ns, 0.0313 ns/op
OverheadActual  18: 12800 op, 500.00 ns, 0.0391 ns/op
OverheadActual  19: 12800 op, 500.00 ns, 0.0391 ns/op
OverheadActual  20: 12800 op, 400.00 ns, 0.0313 ns/op

WorkloadWarmup   1: 12800 op, 462998000.00 ns, 36.1717 us/op
WorkloadWarmup   2: 12800 op, 453157500.00 ns, 35.4029 us/op
WorkloadWarmup   3: 12800 op, 442456400.00 ns, 34.5669 us/op
WorkloadWarmup   4: 12800 op, 446068900.00 ns, 34.8491 us/op
WorkloadWarmup   5: 12800 op, 433159500.00 ns, 33.8406 us/op
WorkloadWarmup   6: 12800 op, 438947500.00 ns, 34.2928 us/op
WorkloadWarmup   7: 12800 op, 433986900.00 ns, 33.9052 us/op

// BeforeActualRun
WorkloadActual   1: 12800 op, 454976200.00 ns, 35.5450 us/op
WorkloadActual   2: 12800 op, 437339500.00 ns, 34.1671 us/op
WorkloadActual   3: 12800 op, 434492900.00 ns, 33.9448 us/op
WorkloadActual   4: 12800 op, 459877900.00 ns, 35.9280 us/op
WorkloadActual   5: 12800 op, 443493800.00 ns, 34.6480 us/op
WorkloadActual   6: 12800 op, 479517600.00 ns, 37.4623 us/op
WorkloadActual   7: 12800 op, 440900300.00 ns, 34.4453 us/op
WorkloadActual   8: 12800 op, 425205900.00 ns, 33.2192 us/op
WorkloadActual   9: 12800 op, 437082800.00 ns, 34.1471 us/op
WorkloadActual  10: 12800 op, 433070200.00 ns, 33.8336 us/op
WorkloadActual  11: 12800 op, 444599900.00 ns, 34.7344 us/op
WorkloadActual  12: 12800 op, 431685800.00 ns, 33.7255 us/op
WorkloadActual  13: 12800 op, 452553100.00 ns, 35.3557 us/op
WorkloadActual  14: 12800 op, 428163500.00 ns, 33.4503 us/op
WorkloadActual  15: 12800 op, 461480500.00 ns, 36.0532 us/op
WorkloadActual  16: 12800 op, 427417500.00 ns, 33.3920 us/op
WorkloadActual  17: 12800 op, 452803600.00 ns, 35.3753 us/op
WorkloadActual  18: 12800 op, 436689400.00 ns, 34.1164 us/op
WorkloadActual  19: 12800 op, 424631400.00 ns, 33.1743 us/op
WorkloadActual  20: 12800 op, 437731700.00 ns, 34.1978 us/op
WorkloadActual  21: 12800 op, 431382000.00 ns, 33.7017 us/op
WorkloadActual  22: 12800 op, 432356800.00 ns, 33.7779 us/op
WorkloadActual  23: 12800 op, 432245400.00 ns, 33.7692 us/op
WorkloadActual  24: 12800 op, 438349100.00 ns, 34.2460 us/op

// AfterActualRun
WorkloadResult   1: 12800 op, 454975800.00 ns, 35.5450 us/op
WorkloadResult   2: 12800 op, 437339100.00 ns, 34.1671 us/op
WorkloadResult   3: 12800 op, 434492500.00 ns, 33.9447 us/op
WorkloadResult   4: 12800 op, 459877500.00 ns, 35.9279 us/op
WorkloadResult   5: 12800 op, 443493400.00 ns, 34.6479 us/op
WorkloadResult   6: 12800 op, 440899900.00 ns, 34.4453 us/op
WorkloadResult   7: 12800 op, 425205500.00 ns, 33.2192 us/op
WorkloadResult   8: 12800 op, 437082400.00 ns, 34.1471 us/op
WorkloadResult   9: 12800 op, 433069800.00 ns, 33.8336 us/op
WorkloadResult  10: 12800 op, 444599500.00 ns, 34.7343 us/op
WorkloadResult  11: 12800 op, 431685400.00 ns, 33.7254 us/op
WorkloadResult  12: 12800 op, 452552700.00 ns, 35.3557 us/op
WorkloadResult  13: 12800 op, 428163100.00 ns, 33.4502 us/op
WorkloadResult  14: 12800 op, 461480100.00 ns, 36.0531 us/op
WorkloadResult  15: 12800 op, 427417100.00 ns, 33.3920 us/op
WorkloadResult  16: 12800 op, 452803200.00 ns, 35.3753 us/op
WorkloadResult  17: 12800 op, 436689000.00 ns, 34.1163 us/op
WorkloadResult  18: 12800 op, 424631000.00 ns, 33.1743 us/op
WorkloadResult  19: 12800 op, 437731300.00 ns, 34.1978 us/op
WorkloadResult  20: 12800 op, 431381600.00 ns, 33.7017 us/op
WorkloadResult  21: 12800 op, 432356400.00 ns, 33.7778 us/op
WorkloadResult  22: 12800 op, 432245000.00 ns, 33.7691 us/op
WorkloadResult  23: 12800 op, 438348700.00 ns, 34.2460 us/op
// GC:  17 2 0 886536704 12800
// Threading:  0 0 12800
// Exceptions:  1.095

// AfterAll
// Benchmark Process 43808 has exited with code 0.

Mean = 34.302 us, StdErr = 0.175 us (0.51%), N = 23, StdDev = 0.840 us
Min = 33.174 us, Q1 = 33.747 us, Median = 34.147 us, Q3 = 34.691 us, Max = 36.053 us
IQR = 0.944 us, LowerFence = 32.332 us, UpperFence = 36.107 us
ConfidenceInterval = [33.638 us; 34.966 us] (CI 99.9%), Margin = 0.664 us (1.94% of Mean)
Skewness = 0.67, Kurtosis = 2.27, MValue = 2.5

// ** Remained 20 (95.2%) benchmark(s) to run. Estimated finish 2026-09-21 11:58 (0h 6m from now) **
Setup power plan (GUID: 8c5e7fda-e8bf-4a96-9a85-a6e23a8c635c FriendlyName: High performance)
// **************************
// Benchmark: ScriptDomBenchmarks.Tree: DefaultJob [Size=long]
// *** Execute ***
// Launch: 1 / 1
// Execute: dotnet DotGram.Benchmarks-DefaultJob-1.dll --anonymousPipes 1404 2316 --benchmarkName "DotGram.Benchmarks.ScriptDomBenchmarks.Tree(Size: \"long\")" --job Default --benchmarkId 1 in P:\dotgram.WorkTrees\sql\benchmarks\DotGram.Benchmarks\bin\Release\net10.0\DotGram.Benchmarks-DefaultJob-1\bin\Release\net10.0
// BeforeAnythingElse

// Benchmark Process Environment Information:
// BenchmarkDotNet v0.15.8
// Runtime=.NET 10.0.12 (10.0.12, 10.0.1226.42308), X64 RyuJIT x86-64-v4
// GC=Concurrent Workstation
// HardwareIntrinsics=AVX512 BITALG+VBMI2+VNNI+VPOPCNTDQ,AVX512 IFMA+VBMI,AVX512 F+BW+CD+DQ+VL,AVX2+BMI1+BMI2+F16C+FMA+LZCNT+MOVBE,AVX,SSE3+SSSE3+SSE4.1+SSE4.2+POPCNT,X86Base+SSE+SSE2,AES+PCLMUL,AvxVnni VectorSize=256
// Job: DefaultJob

ScriptDom 18.0.102.0+9d1d1c1d.9d1d1c1d062bd900ad9cac5e4e05bdf950d5a229, quoted identifiers on, 7716 statements both parsers read, 5348 short, 2116 medium, 252 long
statement length: p50 71, p75 113, p90 179, p95 251, p99 651, max 4200
OverheadJitting  1: 200 op, 145500.00 ns, 727.5000 ns/op
WorkloadJitting  1: 200 op, 41193400.00 ns, 205.9670 us/op

WorkloadPilot    1: 400 op, 80000800.00 ns, 200.0020 us/op
WorkloadPilot    2: 600 op, 122675000.00 ns, 204.4583 us/op
WorkloadPilot    3: 800 op, 248985400.00 ns, 311.2318 us/op
WorkloadPilot    4: 1000 op, 312584800.00 ns, 312.5848 us/op
WorkloadPilot    5: 1200 op, 200497200.00 ns, 167.0810 us/op
WorkloadPilot    6: 1400 op, 162644500.00 ns, 116.1746 us/op
WorkloadPilot    7: 1600 op, 217640800.00 ns, 136.0255 us/op
WorkloadPilot    8: 1800 op, 232288900.00 ns, 129.0494 us/op
WorkloadPilot    9: 2000 op, 218988200.00 ns, 109.4941 us/op
WorkloadPilot   10: 2200 op, 218848500.00 ns, 99.4766 us/op
WorkloadPilot   11: 2400 op, 220387000.00 ns, 91.8279 us/op
WorkloadPilot   12: 2600 op, 236686300.00 ns, 91.0332 us/op
WorkloadPilot   13: 2800 op, 249950300.00 ns, 89.2680 us/op
WorkloadPilot   14: 3000 op, 264771200.00 ns, 88.2571 us/op
WorkloadPilot   15: 3200 op, 277677600.00 ns, 86.7743 us/op
WorkloadPilot   16: 6400 op, 530842600.00 ns, 82.9442 us/op

WorkloadWarmup   1: 6400 op, 372249300.00 ns, 58.1640 us/op
WorkloadWarmup   2: 6400 op, 456936100.00 ns, 71.3963 us/op
WorkloadWarmup   3: 6400 op, 494821800.00 ns, 77.3159 us/op
WorkloadWarmup   4: 6400 op, 523272900.00 ns, 81.7614 us/op
WorkloadWarmup   5: 6400 op, 522145500.00 ns, 81.5852 us/op
WorkloadWarmup   6: 6400 op, 476428900.00 ns, 74.4420 us/op
WorkloadWarmup   7: 6400 op, 406127400.00 ns, 63.4574 us/op
WorkloadWarmup   8: 6400 op, 445894100.00 ns, 69.6710 us/op
WorkloadWarmup   9: 6400 op, 322023700.00 ns, 50.3162 us/op

// BeforeActualRun
WorkloadActual   1: 6400 op, 324931700.00 ns, 50.7706 us/op
WorkloadActual   2: 6400 op, 324516700.00 ns, 50.7057 us/op
WorkloadActual   3: 6400 op, 319932900.00 ns, 49.9895 us/op
WorkloadActual   4: 6400 op, 343399500.00 ns, 53.6562 us/op
WorkloadActual   5: 6400 op, 315869900.00 ns, 49.3547 us/op
WorkloadActual   6: 6400 op, 326482500.00 ns, 51.0129 us/op
WorkloadActual   7: 6400 op, 323252200.00 ns, 50.5082 us/op
WorkloadActual   8: 6400 op, 322417900.00 ns, 50.3778 us/op
WorkloadActual   9: 6400 op, 323906400.00 ns, 50.6104 us/op
WorkloadActual  10: 6400 op, 327057800.00 ns, 51.1028 us/op
WorkloadActual  11: 6400 op, 323056300.00 ns, 50.4775 us/op
WorkloadActual  12: 6400 op, 339332800.00 ns, 53.0208 us/op
WorkloadActual  13: 6400 op, 341737600.00 ns, 53.3965 us/op
WorkloadActual  14: 6400 op, 319304000.00 ns, 49.8913 us/op
WorkloadActual  15: 6400 op, 351178800.00 ns, 54.8717 us/op
WorkloadActual  16: 6400 op, 339054900.00 ns, 52.9773 us/op
WorkloadActual  17: 6400 op, 325219300.00 ns, 50.8155 us/op
WorkloadActual  18: 6400 op, 340089300.00 ns, 53.1390 us/op
WorkloadActual  19: 6400 op, 322455400.00 ns, 50.3837 us/op
WorkloadActual  20: 6400 op, 325756300.00 ns, 50.8994 us/op
WorkloadActual  21: 6400 op, 325879700.00 ns, 50.9187 us/op
WorkloadActual  22: 6400 op, 323503800.00 ns, 50.5475 us/op
WorkloadActual  23: 6400 op, 325546400.00 ns, 50.8666 us/op

// AfterActualRun
WorkloadResult   1: 6400 op, 324931700.00 ns, 50.7706 us/op
WorkloadResult   2: 6400 op, 324516700.00 ns, 50.7057 us/op
WorkloadResult   3: 6400 op, 319932900.00 ns, 49.9895 us/op
WorkloadResult   4: 6400 op, 343399500.00 ns, 53.6562 us/op
WorkloadResult   5: 6400 op, 315869900.00 ns, 49.3547 us/op
WorkloadResult   6: 6400 op, 326482500.00 ns, 51.0129 us/op
WorkloadResult   7: 6400 op, 323252200.00 ns, 50.5082 us/op
WorkloadResult   8: 6400 op, 322417900.00 ns, 50.3778 us/op
WorkloadResult   9: 6400 op, 323906400.00 ns, 50.6104 us/op
WorkloadResult  10: 6400 op, 327057800.00 ns, 51.1028 us/op
WorkloadResult  11: 6400 op, 323056300.00 ns, 50.4775 us/op
WorkloadResult  12: 6400 op, 339332800.00 ns, 53.0208 us/op
WorkloadResult  13: 6400 op, 341737600.00 ns, 53.3965 us/op
WorkloadResult  14: 6400 op, 319304000.00 ns, 49.8913 us/op
WorkloadResult  15: 6400 op, 339054900.00 ns, 52.9773 us/op
WorkloadResult  16: 6400 op, 325219300.00 ns, 50.8155 us/op
WorkloadResult  17: 6400 op, 340089300.00 ns, 53.1390 us/op
WorkloadResult  18: 6400 op, 322455400.00 ns, 50.3837 us/op
WorkloadResult  19: 6400 op, 325756300.00 ns, 50.8994 us/op
WorkloadResult  20: 6400 op, 325879700.00 ns, 50.9187 us/op
WorkloadResult  21: 6400 op, 323503800.00 ns, 50.5475 us/op
WorkloadResult  22: 6400 op, 325546400.00 ns, 50.8666 us/op
// GC:  10 1 0 534015032 6400
// Threading:  0 0 6400
// Exceptions:  6.32

// AfterAll
// Benchmark Process 41836 has exited with code 0.

Mean = 51.156 us, StdErr = 0.262 us (0.51%), N = 22, StdDev = 1.228 us
Min = 49.355 us, Q1 = 50.485 us, Median = 50.793 us, Q3 = 51.080 us, Max = 53.656 us
IQR = 0.595 us, LowerFence = 49.593 us, UpperFence = 51.973 us
ConfidenceInterval = [50.156 us; 52.155 us] (CI 99.9%), Margin = 1.000 us (1.95% of Mean)
Skewness = 0.88, Kurtosis = 2.39, MValue = 2

// ** Remained 19 (90.5%) benchmark(s) to run. Estimated finish 2026-09-21 11:58 (0h 5m from now) **
Setup power plan (GUID: 8c5e7fda-e8bf-4a96-9a85-a6e23a8c635c FriendlyName: High performance)
// **************************
// Benchmark: ScriptDomBenchmarks.'Tree again (A/A)': DefaultJob [Size=long]
// *** Execute ***
// Launch: 1 / 1
// Execute: dotnet DotGram.Benchmarks-DefaultJob-1.dll --anonymousPipes 3840 3844 --benchmarkName "DotGram.Benchmarks.ScriptDomBenchmarks.TreeAgain(Size: \"long\")" --job Default --benchmarkId 2 in P:\dotgram.WorkTrees\sql\benchmarks\DotGram.Benchmarks\bin\Release\net10.0\DotGram.Benchmarks-DefaultJob-1\bin\Release\net10.0
// BeforeAnythingElse

// Benchmark Process Environment Information:
// BenchmarkDotNet v0.15.8
// Runtime=.NET 10.0.12 (10.0.12, 10.0.1226.42308), X64 RyuJIT x86-64-v4
// GC=Concurrent Workstation
// HardwareIntrinsics=AVX512 BITALG+VBMI2+VNNI+VPOPCNTDQ,AVX512 IFMA+VBMI,AVX512 F+BW+CD+DQ+VL,AVX2+BMI1+BMI2+F16C+FMA+LZCNT+MOVBE,AVX,SSE3+SSSE3+SSE4.1+SSE4.2+POPCNT,X86Base+SSE+SSE2,AES+PCLMUL,AvxVnni VectorSize=256
// Job: DefaultJob

ScriptDom 18.0.102.0+9d1d1c1d.9d1d1c1d062bd900ad9cac5e4e05bdf950d5a229, quoted identifiers on, 7716 statements both parsers read, 5348 short, 2116 medium, 252 long
statement length: p50 71, p75 113, p90 179, p95 251, p99 651, max 4200
OverheadJitting  1: 200 op, 144300.00 ns, 721.5000 ns/op
WorkloadJitting  1: 200 op, 40188600.00 ns, 200.9430 us/op

WorkloadPilot    1: 400 op, 77565400.00 ns, 193.9135 us/op
WorkloadPilot    2: 600 op, 119198100.00 ns, 198.6635 us/op
WorkloadPilot    3: 800 op, 241927300.00 ns, 302.4091 us/op
WorkloadPilot    4: 1000 op, 365164700.00 ns, 365.1647 us/op
WorkloadPilot    5: 1200 op, 213366900.00 ns, 177.8058 us/op
WorkloadPilot    6: 1400 op, 192103100.00 ns, 137.2165 us/op
WorkloadPilot    7: 1600 op, 239985300.00 ns, 149.9908 us/op
WorkloadPilot    8: 1800 op, 232265900.00 ns, 129.0366 us/op
WorkloadPilot    9: 2000 op, 227785100.00 ns, 113.8926 us/op
WorkloadPilot   10: 2200 op, 208663000.00 ns, 94.8468 us/op
WorkloadPilot   11: 2400 op, 224614200.00 ns, 93.5893 us/op
WorkloadPilot   12: 2600 op, 238489000.00 ns, 91.7265 us/op
WorkloadPilot   13: 2800 op, 247447300.00 ns, 88.3740 us/op
WorkloadPilot   14: 3000 op, 264267700.00 ns, 88.0892 us/op
WorkloadPilot   15: 3200 op, 277280900.00 ns, 86.6503 us/op
WorkloadPilot   16: 6400 op, 543212900.00 ns, 84.8770 us/op

WorkloadWarmup   1: 6400 op, 415394200.00 ns, 64.9053 us/op
WorkloadWarmup   2: 6400 op, 535907000.00 ns, 83.7355 us/op
WorkloadWarmup   3: 6400 op, 530838400.00 ns, 82.9435 us/op
WorkloadWarmup   4: 6400 op, 520481300.00 ns, 81.3252 us/op
WorkloadWarmup   5: 6400 op, 492131600.00 ns, 76.8956 us/op
WorkloadWarmup   6: 6400 op, 518420700.00 ns, 81.0032 us/op
WorkloadWarmup   7: 6400 op, 373341900.00 ns, 58.3347 us/op

// BeforeActualRun
WorkloadActual   1: 6400 op, 365280700.00 ns, 57.0751 us/op
WorkloadActual   2: 6400 op, 355269200.00 ns, 55.5108 us/op
WorkloadActual   3: 6400 op, 321021500.00 ns, 50.1596 us/op
WorkloadActual   4: 6400 op, 322561300.00 ns, 50.4002 us/op
WorkloadActual   5: 6400 op, 331205600.00 ns, 51.7509 us/op
WorkloadActual   6: 6400 op, 325697600.00 ns, 50.8903 us/op
WorkloadActual   7: 6400 op, 325090100.00 ns, 50.7953 us/op
WorkloadActual   8: 6400 op, 322044400.00 ns, 50.3194 us/op
WorkloadActual   9: 6400 op, 321251600.00 ns, 50.1956 us/op
WorkloadActual  10: 6400 op, 353382400.00 ns, 55.2160 us/op
WorkloadActual  11: 6400 op, 323215500.00 ns, 50.5024 us/op
WorkloadActual  12: 6400 op, 320595200.00 ns, 50.0930 us/op
WorkloadActual  13: 6400 op, 323813600.00 ns, 50.5959 us/op
WorkloadActual  14: 6400 op, 353075400.00 ns, 55.1680 us/op
WorkloadActual  15: 6400 op, 319313100.00 ns, 49.8927 us/op
WorkloadActual  16: 6400 op, 341491900.00 ns, 53.3581 us/op
WorkloadActual  17: 6400 op, 321656100.00 ns, 50.2588 us/op
WorkloadActual  18: 6400 op, 329460200.00 ns, 51.4782 us/op
WorkloadActual  19: 6400 op, 329842800.00 ns, 51.5379 us/op
WorkloadActual  20: 6400 op, 322780200.00 ns, 50.4344 us/op
WorkloadActual  21: 6400 op, 322744500.00 ns, 50.4288 us/op

// AfterActualRun
WorkloadResult   1: 6400 op, 321021500.00 ns, 50.1596 us/op
WorkloadResult   2: 6400 op, 322561300.00 ns, 50.4002 us/op
WorkloadResult   3: 6400 op, 331205600.00 ns, 51.7509 us/op
WorkloadResult   4: 6400 op, 325697600.00 ns, 50.8903 us/op
WorkloadResult   5: 6400 op, 325090100.00 ns, 50.7953 us/op
WorkloadResult   6: 6400 op, 322044400.00 ns, 50.3194 us/op
WorkloadResult   7: 6400 op, 321251600.00 ns, 50.1956 us/op
WorkloadResult   8: 6400 op, 323215500.00 ns, 50.5024 us/op
WorkloadResult   9: 6400 op, 320595200.00 ns, 50.0930 us/op
WorkloadResult  10: 6400 op, 323813600.00 ns, 50.5959 us/op
WorkloadResult  11: 6400 op, 319313100.00 ns, 49.8927 us/op
WorkloadResult  12: 6400 op, 341491900.00 ns, 53.3581 us/op
WorkloadResult  13: 6400 op, 321656100.00 ns, 50.2588 us/op
WorkloadResult  14: 6400 op, 329460200.00 ns, 51.4782 us/op
WorkloadResult  15: 6400 op, 329842800.00 ns, 51.5379 us/op
WorkloadResult  16: 6400 op, 322780200.00 ns, 50.4344 us/op
WorkloadResult  17: 6400 op, 322744500.00 ns, 50.4288 us/op
// GC:  10 1 0 534015032 6400
// Threading:  0 0 6400
// Exceptions:  6.32

// AfterAll
// Benchmark Process 47680 has exited with code 0.

Mean = 50.770 us, StdErr = 0.207 us (0.41%), N = 17, StdDev = 0.853 us
Min = 49.893 us, Q1 = 50.259 us, Median = 50.434 us, Q3 = 50.890 us, Max = 53.358 us
IQR = 0.631 us, LowerFence = 49.312 us, UpperFence = 51.837 us
ConfidenceInterval = [49.940 us; 51.600 us] (CI 99.9%), Margin = 0.830 us (1.64% of Mean)
Skewness = 1.64, Kurtosis = 5.3, MValue = 2

// ** Remained 18 (85.7%) benchmark(s) to run. Estimated finish 2026-09-21 11:58 (0h 5m from now) **
Setup power plan (GUID: 8c5e7fda-e8bf-4a96-9a85-a6e23a8c635c FriendlyName: High performance)
// **************************
// Benchmark: ScriptDomBenchmarks.Located: DefaultJob [Size=long]
// *** Execute ***
// Launch: 1 / 1
// Execute: dotnet DotGram.Benchmarks-DefaultJob-1.dll --anonymousPipes 1772 1780 --benchmarkName "DotGram.Benchmarks.ScriptDomBenchmarks.Located(Size: \"long\")" --job Default --benchmarkId 3 in P:\dotgram.WorkTrees\sql\benchmarks\DotGram.Benchmarks\bin\Release\net10.0\DotGram.Benchmarks-DefaultJob-1\bin\Release\net10.0
// BeforeAnythingElse

// Benchmark Process Environment Information:
// BenchmarkDotNet v0.15.8
// Runtime=.NET 10.0.12 (10.0.12, 10.0.1226.42308), X64 RyuJIT x86-64-v4
// GC=Concurrent Workstation
// HardwareIntrinsics=AVX512 BITALG+VBMI2+VNNI+VPOPCNTDQ,AVX512 IFMA+VBMI,AVX512 F+BW+CD+DQ+VL,AVX2+BMI1+BMI2+F16C+FMA+LZCNT+MOVBE,AVX,SSE3+SSSE3+SSE4.1+SSE4.2+POPCNT,X86Base+SSE+SSE2,AES+PCLMUL,AvxVnni VectorSize=256
// Job: DefaultJob

ScriptDom 18.0.102.0+9d1d1c1d.9d1d1c1d062bd900ad9cac5e4e05bdf950d5a229, quoted identifiers on, 7716 statements both parsers read, 5348 short, 2116 medium, 252 long
statement length: p50 71, p75 113, p90 179, p95 251, p99 651, max 4200
OverheadJitting  1: 200 op, 144700.00 ns, 723.5000 ns/op
WorkloadJitting  1: 200 op, 152493300.00 ns, 762.4665 us/op

WorkloadPilot    1: 400 op, 14615500.00 ns, 36.5388 us/op
WorkloadPilot    2: 600 op, 18725900.00 ns, 31.2098 us/op
WorkloadPilot    3: 800 op, 24565300.00 ns, 30.7066 us/op
WorkloadPilot    4: 1000 op, 30428700.00 ns, 30.4287 us/op
WorkloadPilot    5: 1200 op, 36294000.00 ns, 30.2450 us/op
WorkloadPilot    6: 1400 op, 58465900.00 ns, 41.7614 us/op
WorkloadPilot    7: 1600 op, 58006500.00 ns, 36.2541 us/op
WorkloadPilot    8: 1800 op, 67590600.00 ns, 37.5503 us/op
WorkloadPilot    9: 2000 op, 71273800.00 ns, 35.6369 us/op
WorkloadPilot   10: 2200 op, 79052100.00 ns, 35.9328 us/op
WorkloadPilot   11: 2400 op, 85097700.00 ns, 35.4574 us/op
WorkloadPilot   12: 2600 op, 90957400.00 ns, 34.9836 us/op
WorkloadPilot   13: 2800 op, 94811500.00 ns, 33.8613 us/op
WorkloadPilot   14: 3000 op, 100490500.00 ns, 33.4968 us/op
WorkloadPilot   15: 3200 op, 72632300.00 ns, 22.6976 us/op
WorkloadPilot   16: 6400 op, 140888400.00 ns, 22.0138 us/op
WorkloadPilot   17: 12800 op, 343485400.00 ns, 26.8348 us/op
WorkloadPilot   18: 25600 op, 466059700.00 ns, 18.2055 us/op
WorkloadPilot   19: 51200 op, 677137000.00 ns, 13.2253 us/op

WorkloadWarmup   1: 51200 op, 578104600.00 ns, 11.2911 us/op
WorkloadWarmup   2: 51200 op, 659982900.00 ns, 12.8903 us/op
WorkloadWarmup   3: 51200 op, 439926500.00 ns, 8.5923 us/op
WorkloadWarmup   4: 51200 op, 444929900.00 ns, 8.6900 us/op
WorkloadWarmup   5: 51200 op, 451926700.00 ns, 8.8267 us/op
WorkloadWarmup   6: 51200 op, 448363200.00 ns, 8.7571 us/op

// BeforeActualRun
WorkloadActual   1: 51200 op, 450132600.00 ns, 8.7917 us/op
WorkloadActual   2: 51200 op, 457273500.00 ns, 8.9311 us/op
WorkloadActual   3: 51200 op, 448164300.00 ns, 8.7532 us/op
WorkloadActual   4: 51200 op, 448231400.00 ns, 8.7545 us/op
WorkloadActual   5: 51200 op, 458768400.00 ns, 8.9603 us/op
WorkloadActual   6: 51200 op, 444715200.00 ns, 8.6858 us/op
WorkloadActual   7: 51200 op, 456701100.00 ns, 8.9199 us/op
WorkloadActual   8: 51200 op, 452638800.00 ns, 8.8406 us/op
WorkloadActual   9: 51200 op, 442228900.00 ns, 8.6373 us/op
WorkloadActual  10: 51200 op, 458325500.00 ns, 8.9517 us/op
WorkloadActual  11: 51200 op, 459794600.00 ns, 8.9804 us/op
WorkloadActual  12: 51200 op, 462612800.00 ns, 9.0354 us/op
WorkloadActual  13: 51200 op, 443791600.00 ns, 8.6678 us/op
WorkloadActual  14: 51200 op, 463010200.00 ns, 9.0432 us/op
WorkloadActual  15: 51200 op, 451186900.00 ns, 8.8122 us/op

// AfterActualRun
WorkloadResult   1: 51200 op, 450132600.00 ns, 8.7917 us/op
WorkloadResult   2: 51200 op, 457273500.00 ns, 8.9311 us/op
WorkloadResult   3: 51200 op, 448164300.00 ns, 8.7532 us/op
WorkloadResult   4: 51200 op, 448231400.00 ns, 8.7545 us/op
WorkloadResult   5: 51200 op, 458768400.00 ns, 8.9603 us/op
WorkloadResult   6: 51200 op, 444715200.00 ns, 8.6858 us/op
WorkloadResult   7: 51200 op, 456701100.00 ns, 8.9199 us/op
WorkloadResult   8: 51200 op, 452638800.00 ns, 8.8406 us/op
WorkloadResult   9: 51200 op, 442228900.00 ns, 8.6373 us/op
WorkloadResult  10: 51200 op, 458325500.00 ns, 8.9517 us/op
WorkloadResult  11: 51200 op, 459794600.00 ns, 8.9804 us/op
WorkloadResult  12: 51200 op, 462612800.00 ns, 9.0354 us/op
WorkloadResult  13: 51200 op, 443791600.00 ns, 8.6678 us/op
WorkloadResult  14: 51200 op, 463010200.00 ns, 9.0432 us/op
WorkloadResult  15: 51200 op, 451186900.00 ns, 8.8122 us/op
// GC:  7 0 0 372566016 51200
// Threading:  0 0 51200

// AfterAll
// Benchmark Process 22056 has exited with code 0.

Mean = 8.851 us, StdErr = 0.035 us (0.39%), N = 15, StdDev = 0.134 us
Min = 8.637 us, Q1 = 8.754 us, Median = 8.841 us, Q3 = 8.956 us, Max = 9.043 us
IQR = 0.202 us, LowerFence = 8.451 us, UpperFence = 9.259 us
ConfidenceInterval = [8.708 us; 8.994 us] (CI 99.9%), Margin = 0.143 us (1.62% of Mean)
Skewness = -0.11, Kurtosis = 1.5, MValue = 2

// ** Remained 17 (81.0%) benchmark(s) to run. Estimated finish 2026-09-21 11:58 (0h 4m from now) **
Setup power plan (GUID: 8c5e7fda-e8bf-4a96-9a85-a6e23a8c635c FriendlyName: High performance)
// **************************
// Benchmark: ScriptDomBenchmarks.Grammar: DefaultJob [Size=long]
// *** Execute ***
// Launch: 1 / 1
// Execute: dotnet DotGram.Benchmarks-DefaultJob-1.dll --anonymousPipes 3812 3828 --benchmarkName "DotGram.Benchmarks.ScriptDomBenchmarks.Grammar(Size: \"long\")" --job Default --benchmarkId 4 in P:\dotgram.WorkTrees\sql\benchmarks\DotGram.Benchmarks\bin\Release\net10.0\DotGram.Benchmarks-DefaultJob-1\bin\Release\net10.0
// BeforeAnythingElse

// Benchmark Process Environment Information:
// BenchmarkDotNet v0.15.8
// Runtime=.NET 10.0.12 (10.0.12, 10.0.1226.42308), X64 RyuJIT x86-64-v4
// GC=Concurrent Workstation
// HardwareIntrinsics=AVX512 BITALG+VBMI2+VNNI+VPOPCNTDQ,AVX512 IFMA+VBMI,AVX512 F+BW+CD+DQ+VL,AVX2+BMI1+BMI2+F16C+FMA+LZCNT+MOVBE,AVX,SSE3+SSSE3+SSE4.1+SSE4.2+POPCNT,X86Base+SSE+SSE2,AES+PCLMUL,AvxVnni VectorSize=256
// Job: DefaultJob

ScriptDom 18.0.102.0+9d1d1c1d.9d1d1c1d062bd900ad9cac5e4e05bdf950d5a229, quoted identifiers on, 7716 statements both parsers read, 5348 short, 2116 medium, 252 long
statement length: p50 71, p75 113, p90 179, p95 251, p99 651, max 4200
OverheadJitting  1: 200 op, 144200.00 ns, 721.0000 ns/op
WorkloadJitting  1: 200 op, 6398200.00 ns, 31.9910 us/op

OverheadJitting  2: 3200 op, 477700.00 ns, 149.2813 ns/op
WorkloadJitting  2: 3200 op, 86158900.00 ns, 26.9247 us/op

WorkloadPilot    1: 3200 op, 83345900.00 ns, 26.0456 us/op
WorkloadPilot    2: 6400 op, 187680500.00 ns, 29.3251 us/op
WorkloadPilot    3: 12800 op, 392377400.00 ns, 30.6545 us/op
WorkloadPilot    4: 25600 op, 432703200.00 ns, 16.9025 us/op
WorkloadPilot    5: 51200 op, 799156400.00 ns, 15.6085 us/op

OverheadWarmup   1: 51200 op, 2200.00 ns, 0.0430 ns/op
OverheadWarmup   2: 51200 op, 800.00 ns, 0.0156 ns/op
OverheadWarmup   3: 51200 op, 600.00 ns, 0.0117 ns/op
OverheadWarmup   4: 51200 op, 600.00 ns, 0.0117 ns/op
OverheadWarmup   5: 51200 op, 600.00 ns, 0.0117 ns/op
OverheadWarmup   6: 51200 op, 600.00 ns, 0.0117 ns/op
OverheadWarmup   7: 51200 op, 600.00 ns, 0.0117 ns/op

OverheadActual   1: 51200 op, 800.00 ns, 0.0156 ns/op
OverheadActual   2: 51200 op, 800.00 ns, 0.0156 ns/op
OverheadActual   3: 51200 op, 900.00 ns, 0.0176 ns/op
OverheadActual   4: 51200 op, 800.00 ns, 0.0156 ns/op
OverheadActual   5: 51200 op, 900.00 ns, 0.0176 ns/op
OverheadActual   6: 51200 op, 700.00 ns, 0.0137 ns/op
OverheadActual   7: 51200 op, 600.00 ns, 0.0117 ns/op
OverheadActual   8: 51200 op, 600.00 ns, 0.0117 ns/op
OverheadActual   9: 51200 op, 600.00 ns, 0.0117 ns/op
OverheadActual  10: 51200 op, 700.00 ns, 0.0137 ns/op
OverheadActual  11: 51200 op, 600.00 ns, 0.0117 ns/op
OverheadActual  12: 51200 op, 600.00 ns, 0.0117 ns/op
OverheadActual  13: 51200 op, 600.00 ns, 0.0117 ns/op
OverheadActual  14: 51200 op, 600.00 ns, 0.0117 ns/op
OverheadActual  15: 51200 op, 600.00 ns, 0.0117 ns/op
OverheadActual  16: 51200 op, 600.00 ns, 0.0117 ns/op
OverheadActual  17: 51200 op, 600.00 ns, 0.0117 ns/op
OverheadActual  18: 51200 op, 800.00 ns, 0.0156 ns/op
OverheadActual  19: 51200 op, 800.00 ns, 0.0156 ns/op
OverheadActual  20: 51200 op, 600.00 ns, 0.0117 ns/op

WorkloadWarmup   1: 51200 op, 524097100.00 ns, 10.2363 us/op
WorkloadWarmup   2: 51200 op, 595130800.00 ns, 11.6236 us/op
WorkloadWarmup   3: 51200 op, 546871600.00 ns, 10.6811 us/op
WorkloadWarmup   4: 51200 op, 403493000.00 ns, 7.8807 us/op
WorkloadWarmup   5: 51200 op, 409874100.00 ns, 8.0054 us/op
WorkloadWarmup   6: 51200 op, 396105800.00 ns, 7.7364 us/op

// BeforeActualRun
WorkloadActual   1: 51200 op, 402278700.00 ns, 7.8570 us/op
WorkloadActual   2: 51200 op, 400947300.00 ns, 7.8310 us/op
WorkloadActual   3: 51200 op, 405008800.00 ns, 7.9103 us/op
WorkloadActual   4: 51200 op, 404953300.00 ns, 7.9092 us/op
WorkloadActual   5: 51200 op, 397043000.00 ns, 7.7547 us/op
WorkloadActual   6: 51200 op, 401343700.00 ns, 7.8387 us/op
WorkloadActual   7: 51200 op, 394575900.00 ns, 7.7066 us/op
WorkloadActual   8: 51200 op, 402028900.00 ns, 7.8521 us/op
WorkloadActual   9: 51200 op, 402465800.00 ns, 7.8607 us/op
WorkloadActual  10: 51200 op, 412197400.00 ns, 8.0507 us/op
WorkloadActual  11: 51200 op, 401580800.00 ns, 7.8434 us/op
WorkloadActual  12: 51200 op, 406014700.00 ns, 7.9300 us/op
WorkloadActual  13: 51200 op, 398369400.00 ns, 7.7807 us/op
WorkloadActual  14: 51200 op, 396129600.00 ns, 7.7369 us/op
WorkloadActual  15: 51200 op, 409653900.00 ns, 8.0011 us/op

// AfterActualRun
WorkloadResult   1: 51200 op, 402278100.00 ns, 7.8570 us/op
WorkloadResult   2: 51200 op, 400946700.00 ns, 7.8310 us/op
WorkloadResult   3: 51200 op, 405008200.00 ns, 7.9103 us/op
WorkloadResult   4: 51200 op, 404952700.00 ns, 7.9092 us/op
WorkloadResult   5: 51200 op, 397042400.00 ns, 7.7547 us/op
WorkloadResult   6: 51200 op, 401343100.00 ns, 7.8387 us/op
WorkloadResult   7: 51200 op, 394575300.00 ns, 7.7065 us/op
WorkloadResult   8: 51200 op, 402028300.00 ns, 7.8521 us/op
WorkloadResult   9: 51200 op, 402465200.00 ns, 7.8606 us/op
WorkloadResult  10: 51200 op, 412196800.00 ns, 8.0507 us/op
WorkloadResult  11: 51200 op, 401580200.00 ns, 7.8434 us/op
WorkloadResult  12: 51200 op, 406014100.00 ns, 7.9300 us/op
WorkloadResult  13: 51200 op, 398368800.00 ns, 7.7806 us/op
WorkloadResult  14: 51200 op, 396129000.00 ns, 7.7369 us/op
WorkloadResult  15: 51200 op, 409653300.00 ns, 8.0010 us/op
// GC:  7 0 0 372566016 51200
// Threading:  0 0 51200

// AfterAll
// Benchmark Process 55696 has exited with code 0.

Mean = 7.858 us, StdErr = 0.024 us (0.31%), N = 15, StdDev = 0.094 us
Min = 7.707 us, Q1 = 7.806 us, Median = 7.852 us, Q3 = 7.910 us, Max = 8.051 us
IQR = 0.104 us, LowerFence = 7.650 us, UpperFence = 8.066 us
ConfidenceInterval = [7.757 us; 7.958 us] (CI 99.9%), Margin = 0.101 us (1.28% of Mean)
Skewness = 0.33, Kurtosis = 2.34, MValue = 2

// ** Remained 16 (76.2%) benchmark(s) to run. Estimated finish 2026-09-21 11:57 (0h 4m from now) **
Setup power plan (GUID: 8c5e7fda-e8bf-4a96-9a85-a6e23a8c635c FriendlyName: High performance)
// **************************
// Benchmark: ScriptDomBenchmarks.'Tree walked': DefaultJob [Size=long]
// *** Execute ***
// Launch: 1 / 1
// Execute: dotnet DotGram.Benchmarks-DefaultJob-1.dll --anonymousPipes 1664 1760 --benchmarkName "DotGram.Benchmarks.ScriptDomBenchmarks.TreeWalked(Size: \"long\")" --job Default --benchmarkId 5 in P:\dotgram.WorkTrees\sql\benchmarks\DotGram.Benchmarks\bin\Release\net10.0\DotGram.Benchmarks-DefaultJob-1\bin\Release\net10.0
// BeforeAnythingElse

// Benchmark Process Environment Information:
// BenchmarkDotNet v0.15.8
// Runtime=.NET 10.0.12 (10.0.12, 10.0.1226.42308), X64 RyuJIT x86-64-v4
// GC=Concurrent Workstation
// HardwareIntrinsics=AVX512 BITALG+VBMI2+VNNI+VPOPCNTDQ,AVX512 IFMA+VBMI,AVX512 F+BW+CD+DQ+VL,AVX2+BMI1+BMI2+F16C+FMA+LZCNT+MOVBE,AVX,SSE3+SSSE3+SSE4.1+SSE4.2+POPCNT,X86Base+SSE+SSE2,AES+PCLMUL,AvxVnni VectorSize=256
// Job: DefaultJob

ScriptDom 18.0.102.0+9d1d1c1d.9d1d1c1d062bd900ad9cac5e4e05bdf950d5a229, quoted identifiers on, 7716 statements both parsers read, 5348 short, 2116 medium, 252 long
statement length: p50 71, p75 113, p90 179, p95 251, p99 651, max 4200
OverheadJitting  1: 200 op, 143800.00 ns, 719.0000 ns/op
WorkloadJitting  1: 200 op, 44665900.00 ns, 223.3295 us/op

WorkloadPilot    1: 400 op, 78220600.00 ns, 195.5515 us/op
WorkloadPilot    2: 600 op, 119521800.00 ns, 199.2030 us/op
WorkloadPilot    3: 800 op, 190762800.00 ns, 238.4535 us/op
WorkloadPilot    4: 1000 op, 323524600.00 ns, 323.5246 us/op
WorkloadPilot    5: 1200 op, 407946200.00 ns, 339.9552 us/op
WorkloadPilot    6: 1400 op, 213157500.00 ns, 152.2554 us/op
WorkloadPilot    7: 1600 op, 242835400.00 ns, 151.7721 us/op
WorkloadPilot    8: 1800 op, 235461000.00 ns, 130.8117 us/op
WorkloadPilot    9: 2000 op, 206867100.00 ns, 103.4336 us/op
WorkloadPilot   10: 2200 op, 215131600.00 ns, 97.7871 us/op
WorkloadPilot   11: 2400 op, 224841600.00 ns, 93.6840 us/op
WorkloadPilot   12: 2600 op, 237266800.00 ns, 91.2565 us/op
WorkloadPilot   13: 2800 op, 252771000.00 ns, 90.2754 us/op
WorkloadPilot   14: 3000 op, 264607900.00 ns, 88.2026 us/op
WorkloadPilot   15: 3200 op, 281983000.00 ns, 88.1197 us/op
WorkloadPilot   16: 6400 op, 545483200.00 ns, 85.2318 us/op

WorkloadWarmup   1: 6400 op, 410561400.00 ns, 64.1502 us/op
WorkloadWarmup   2: 6400 op, 537793500.00 ns, 84.0302 us/op
WorkloadWarmup   3: 6400 op, 533557800.00 ns, 83.3684 us/op
WorkloadWarmup   4: 6400 op, 521362300.00 ns, 81.4629 us/op
WorkloadWarmup   5: 6400 op, 506250800.00 ns, 79.1017 us/op
WorkloadWarmup   6: 6400 op, 489798300.00 ns, 76.5310 us/op
WorkloadWarmup   7: 6400 op, 388306900.00 ns, 60.6730 us/op
WorkloadWarmup   8: 6400 op, 447949700.00 ns, 69.9921 us/op
WorkloadWarmup   9: 6400 op, 329339100.00 ns, 51.4592 us/op

// BeforeActualRun
WorkloadActual   1: 6400 op, 324048700.00 ns, 50.6326 us/op
WorkloadActual   2: 6400 op, 342349400.00 ns, 53.4921 us/op
WorkloadActual   3: 6400 op, 325633600.00 ns, 50.8803 us/op
WorkloadActual   4: 6400 op, 323075400.00 ns, 50.4805 us/op
WorkloadActual   5: 6400 op, 320848500.00 ns, 50.1326 us/op
WorkloadActual   6: 6400 op, 325220500.00 ns, 50.8157 us/op
WorkloadActual   7: 6400 op, 332681300.00 ns, 51.9815 us/op
WorkloadActual   8: 6400 op, 327920000.00 ns, 51.2375 us/op
WorkloadActual   9: 6400 op, 327064500.00 ns, 51.1038 us/op
WorkloadActual  10: 6400 op, 342957900.00 ns, 53.5872 us/op
WorkloadActual  11: 6400 op, 342459000.00 ns, 53.5092 us/op
WorkloadActual  12: 6400 op, 357436600.00 ns, 55.8495 us/op
WorkloadActual  13: 6400 op, 328791500.00 ns, 51.3737 us/op
WorkloadActual  14: 6400 op, 321466000.00 ns, 50.2291 us/op
WorkloadActual  15: 6400 op, 333801200.00 ns, 52.1564 us/op
WorkloadActual  16: 6400 op, 329516600.00 ns, 51.4870 us/op
WorkloadActual  17: 6400 op, 342957900.00 ns, 53.5872 us/op
WorkloadActual  18: 6400 op, 353785900.00 ns, 55.2790 us/op
WorkloadActual  19: 6400 op, 325214200.00 ns, 50.8147 us/op
WorkloadActual  20: 6400 op, 328758300.00 ns, 51.3685 us/op
WorkloadActual  21: 6400 op, 330519700.00 ns, 51.6437 us/op
WorkloadActual  22: 6400 op, 322107800.00 ns, 50.3293 us/op
WorkloadActual  23: 6400 op, 338660400.00 ns, 52.9157 us/op
WorkloadActual  24: 6400 op, 332494400.00 ns, 51.9523 us/op
WorkloadActual  25: 6400 op, 325252100.00 ns, 50.8206 us/op
WorkloadActual  26: 6400 op, 330457800.00 ns, 51.6340 us/op
WorkloadActual  27: 6400 op, 327045600.00 ns, 51.1009 us/op

// AfterActualRun
WorkloadResult   1: 6400 op, 324048700.00 ns, 50.6326 us/op
WorkloadResult   2: 6400 op, 342349400.00 ns, 53.4921 us/op
WorkloadResult   3: 6400 op, 325633600.00 ns, 50.8803 us/op
WorkloadResult   4: 6400 op, 323075400.00 ns, 50.4805 us/op
WorkloadResult   5: 6400 op, 320848500.00 ns, 50.1326 us/op
WorkloadResult   6: 6400 op, 325220500.00 ns, 50.8157 us/op
WorkloadResult   7: 6400 op, 332681300.00 ns, 51.9815 us/op
WorkloadResult   8: 6400 op, 327920000.00 ns, 51.2375 us/op
WorkloadResult   9: 6400 op, 327064500.00 ns, 51.1038 us/op
WorkloadResult  10: 6400 op, 342957900.00 ns, 53.5872 us/op
WorkloadResult  11: 6400 op, 342459000.00 ns, 53.5092 us/op
WorkloadResult  12: 6400 op, 328791500.00 ns, 51.3737 us/op
WorkloadResult  13: 6400 op, 321466000.00 ns, 50.2291 us/op
WorkloadResult  14: 6400 op, 333801200.00 ns, 52.1564 us/op
WorkloadResult  15: 6400 op, 329516600.00 ns, 51.4870 us/op
WorkloadResult  16: 6400 op, 342957900.00 ns, 53.5872 us/op
WorkloadResult  17: 6400 op, 325214200.00 ns, 50.8147 us/op
WorkloadResult  18: 6400 op, 328758300.00 ns, 51.3685 us/op
WorkloadResult  19: 6400 op, 330519700.00 ns, 51.6437 us/op
WorkloadResult  20: 6400 op, 322107800.00 ns, 50.3293 us/op
WorkloadResult  21: 6400 op, 338660400.00 ns, 52.9157 us/op
WorkloadResult  22: 6400 op, 332494400.00 ns, 51.9523 us/op
WorkloadResult  23: 6400 op, 325252100.00 ns, 50.8206 us/op
WorkloadResult  24: 6400 op, 330457800.00 ns, 51.6340 us/op
WorkloadResult  25: 6400 op, 327045600.00 ns, 51.1009 us/op
// GC:  10 1 0 534015800 6400
// Threading:  0 0 6400
// Exceptions:  6.32

// AfterAll
// Benchmark Process 57524 has exited with code 0.

Mean = 51.571 us, StdErr = 0.217 us (0.42%), N = 25, StdDev = 1.087 us
Min = 50.133 us, Q1 = 50.816 us, Median = 51.368 us, Q3 = 51.981 us, Max = 53.587 us
IQR = 1.166 us, LowerFence = 49.067 us, UpperFence = 53.730 us
ConfidenceInterval = [50.756 us; 52.385 us] (CI 99.9%), Margin = 0.814 us (1.58% of Mean)
Skewness = 0.69, Kurtosis = 2.23, MValue = 2

// ** Remained 15 (71.4%) benchmark(s) to run. Estimated finish 2026-09-21 11:58 (0h 4m from now) **
Setup power plan (GUID: 8c5e7fda-e8bf-4a96-9a85-a6e23a8c635c FriendlyName: High performance)
// **************************
// Benchmark: ScriptDomBenchmarks.'Grammar walked': DefaultJob [Size=long]
// *** Execute ***
// Launch: 1 / 1
// Execute: dotnet DotGram.Benchmarks-DefaultJob-1.dll --anonymousPipes 3796 664 --benchmarkName "DotGram.Benchmarks.ScriptDomBenchmarks.GrammarWalked(Size: \"long\")" --job Default --benchmarkId 6 in P:\dotgram.WorkTrees\sql\benchmarks\DotGram.Benchmarks\bin\Release\net10.0\DotGram.Benchmarks-DefaultJob-1\bin\Release\net10.0
// BeforeAnythingElse

// Benchmark Process Environment Information:
// BenchmarkDotNet v0.15.8
// Runtime=.NET 10.0.12 (10.0.12, 10.0.1226.42308), X64 RyuJIT x86-64-v4
// GC=Concurrent Workstation
// HardwareIntrinsics=AVX512 BITALG+VBMI2+VNNI+VPOPCNTDQ,AVX512 IFMA+VBMI,AVX512 F+BW+CD+DQ+VL,AVX2+BMI1+BMI2+F16C+FMA+LZCNT+MOVBE,AVX,SSE3+SSSE3+SSE4.1+SSE4.2+POPCNT,X86Base+SSE+SSE2,AES+PCLMUL,AvxVnni VectorSize=256
// Job: DefaultJob

ScriptDom 18.0.102.0+9d1d1c1d.9d1d1c1d062bd900ad9cac5e4e05bdf950d5a229, quoted identifiers on, 7716 statements both parsers read, 5348 short, 2116 medium, 252 long
statement length: p50 71, p75 113, p90 179, p95 251, p99 651, max 4200
OverheadJitting  1: 200 op, 149300.00 ns, 746.5000 ns/op
WorkloadJitting  1: 200 op, 14224700.00 ns, 71.1235 us/op

OverheadJitting  2: 3200 op, 231700.00 ns, 72.4063 ns/op
WorkloadJitting  2: 3200 op, 106402600.00 ns, 33.2508 us/op

WorkloadPilot    1: 3200 op, 99754900.00 ns, 31.1734 us/op
WorkloadPilot    2: 6400 op, 218945600.00 ns, 34.2103 us/op
WorkloadPilot    3: 12800 op, 480454400.00 ns, 37.5355 us/op
WorkloadPilot    4: 25600 op, 677584200.00 ns, 26.4681 us/op

OverheadWarmup   1: 25600 op, 1900.00 ns, 0.0742 ns/op
OverheadWarmup   2: 25600 op, 600.00 ns, 0.0234 ns/op
OverheadWarmup   3: 25600 op, 600.00 ns, 0.0234 ns/op
OverheadWarmup   4: 25600 op, 700.00 ns, 0.0273 ns/op
OverheadWarmup   5: 25600 op, 600.00 ns, 0.0234 ns/op
OverheadWarmup   6: 25600 op, 400.00 ns, 0.0156 ns/op
OverheadWarmup   7: 25600 op, 300.00 ns, 0.0117 ns/op
OverheadWarmup   8: 25600 op, 300.00 ns, 0.0117 ns/op

OverheadActual   1: 25600 op, 700.00 ns, 0.0273 ns/op
OverheadActual   2: 25600 op, 600.00 ns, 0.0234 ns/op
OverheadActual   3: 25600 op, 1200.00 ns, 0.0469 ns/op
OverheadActual   4: 25600 op, 300.00 ns, 0.0117 ns/op
OverheadActual   5: 25600 op, 600.00 ns, 0.0234 ns/op
OverheadActual   6: 25600 op, 500.00 ns, 0.0195 ns/op
OverheadActual   7: 25600 op, 400.00 ns, 0.0156 ns/op
OverheadActual   8: 25600 op, 300.00 ns, 0.0117 ns/op
OverheadActual   9: 25600 op, 500.00 ns, 0.0195 ns/op
OverheadActual  10: 25600 op, 600.00 ns, 0.0234 ns/op
OverheadActual  11: 25600 op, 600.00 ns, 0.0234 ns/op
OverheadActual  12: 25600 op, 600.00 ns, 0.0234 ns/op
OverheadActual  13: 25600 op, 600.00 ns, 0.0234 ns/op
OverheadActual  14: 25600 op, 500.00 ns, 0.0195 ns/op
OverheadActual  15: 25600 op, 300.00 ns, 0.0117 ns/op
OverheadActual  16: 25600 op, 300.00 ns, 0.0117 ns/op
OverheadActual  17: 25600 op, 300.00 ns, 0.0117 ns/op
OverheadActual  18: 25600 op, 600.00 ns, 0.0234 ns/op
OverheadActual  19: 25600 op, 1200.00 ns, 0.0469 ns/op
OverheadActual  20: 25600 op, 600.00 ns, 0.0234 ns/op

WorkloadWarmup   1: 25600 op, 462432800.00 ns, 18.0638 us/op
WorkloadWarmup   2: 25600 op, 416457900.00 ns, 16.2679 us/op
WorkloadWarmup   3: 25600 op, 395768100.00 ns, 15.4597 us/op
WorkloadWarmup   4: 25600 op, 383445800.00 ns, 14.9784 us/op
WorkloadWarmup   5: 25600 op, 356014600.00 ns, 13.9068 us/op
WorkloadWarmup   6: 25600 op, 242177000.00 ns, 9.4600 us/op
WorkloadWarmup   7: 25600 op, 235228000.00 ns, 9.1886 us/op
WorkloadWarmup   8: 25600 op, 235850700.00 ns, 9.2129 us/op
WorkloadWarmup   9: 25600 op, 242244000.00 ns, 9.4627 us/op
WorkloadWarmup  10: 25600 op, 237732500.00 ns, 9.2864 us/op
WorkloadWarmup  11: 25600 op, 237173900.00 ns, 9.2646 us/op
WorkloadWarmup  12: 25600 op, 237234100.00 ns, 9.2670 us/op
WorkloadWarmup  13: 25600 op, 239694100.00 ns, 9.3631 us/op
WorkloadWarmup  14: 25600 op, 234272800.00 ns, 9.1513 us/op

// BeforeActualRun
WorkloadActual   1: 25600 op, 242166700.00 ns, 9.4596 us/op
WorkloadActual   2: 25600 op, 241900200.00 ns, 9.4492 us/op
WorkloadActual   3: 25600 op, 257218700.00 ns, 10.0476 us/op
WorkloadActual   4: 25600 op, 241202100.00 ns, 9.4220 us/op
WorkloadActual   5: 25600 op, 240550900.00 ns, 9.3965 us/op
WorkloadActual   6: 25600 op, 249747000.00 ns, 9.7557 us/op
WorkloadActual   7: 25600 op, 237647300.00 ns, 9.2831 us/op
WorkloadActual   8: 25600 op, 247872700.00 ns, 9.6825 us/op
WorkloadActual   9: 25600 op, 241163400.00 ns, 9.4204 us/op
WorkloadActual  10: 25600 op, 240030000.00 ns, 9.3762 us/op
WorkloadActual  11: 25600 op, 239321000.00 ns, 9.3485 us/op
WorkloadActual  12: 25600 op, 256911000.00 ns, 10.0356 us/op
WorkloadActual  13: 25600 op, 256096800.00 ns, 10.0038 us/op
WorkloadActual  14: 25600 op, 238710500.00 ns, 9.3246 us/op
WorkloadActual  15: 25600 op, 238829800.00 ns, 9.3293 us/op
WorkloadActual  16: 25600 op, 239478300.00 ns, 9.3546 us/op
WorkloadActual  17: 25600 op, 240697600.00 ns, 9.4023 us/op
WorkloadActual  18: 25600 op, 238645600.00 ns, 9.3221 us/op
WorkloadActual  19: 25600 op, 257640400.00 ns, 10.0641 us/op
WorkloadActual  20: 25600 op, 252266400.00 ns, 9.8542 us/op
WorkloadActual  21: 25600 op, 249545400.00 ns, 9.7479 us/op
WorkloadActual  22: 25600 op, 234398700.00 ns, 9.1562 us/op
WorkloadActual  23: 25600 op, 247093900.00 ns, 9.6521 us/op
WorkloadActual  24: 25600 op, 245795300.00 ns, 9.6014 us/op
WorkloadActual  25: 25600 op, 243023400.00 ns, 9.4931 us/op
WorkloadActual  26: 25600 op, 237054900.00 ns, 9.2600 us/op
WorkloadActual  27: 25600 op, 243533700.00 ns, 9.5130 us/op

// AfterActualRun
WorkloadResult   1: 25600 op, 242166100.00 ns, 9.4596 us/op
WorkloadResult   2: 25600 op, 241899600.00 ns, 9.4492 us/op
WorkloadResult   3: 25600 op, 257218100.00 ns, 10.0476 us/op
WorkloadResult   4: 25600 op, 241201500.00 ns, 9.4219 us/op
WorkloadResult   5: 25600 op, 240550300.00 ns, 9.3965 us/op
WorkloadResult   6: 25600 op, 249746400.00 ns, 9.7557 us/op
WorkloadResult   7: 25600 op, 237646700.00 ns, 9.2831 us/op
WorkloadResult   8: 25600 op, 247872100.00 ns, 9.6825 us/op
WorkloadResult   9: 25600 op, 241162800.00 ns, 9.4204 us/op
WorkloadResult  10: 25600 op, 240029400.00 ns, 9.3761 us/op
WorkloadResult  11: 25600 op, 239320400.00 ns, 9.3485 us/op
WorkloadResult  12: 25600 op, 256910400.00 ns, 10.0356 us/op
WorkloadResult  13: 25600 op, 256096200.00 ns, 10.0038 us/op
WorkloadResult  14: 25600 op, 238709900.00 ns, 9.3246 us/op
WorkloadResult  15: 25600 op, 238829200.00 ns, 9.3293 us/op
WorkloadResult  16: 25600 op, 239477700.00 ns, 9.3546 us/op
WorkloadResult  17: 25600 op, 240697000.00 ns, 9.4022 us/op
WorkloadResult  18: 25600 op, 238645000.00 ns, 9.3221 us/op
WorkloadResult  19: 25600 op, 257639800.00 ns, 10.0641 us/op
WorkloadResult  20: 25600 op, 252265800.00 ns, 9.8541 us/op
WorkloadResult  21: 25600 op, 249544800.00 ns, 9.7478 us/op
WorkloadResult  22: 25600 op, 234398100.00 ns, 9.1562 us/op
WorkloadResult  23: 25600 op, 247093300.00 ns, 9.6521 us/op
WorkloadResult  24: 25600 op, 245794700.00 ns, 9.6014 us/op
WorkloadResult  25: 25600 op, 243022800.00 ns, 9.4931 us/op
WorkloadResult  26: 25600 op, 237054300.00 ns, 9.2599 us/op
WorkloadResult  27: 25600 op, 243533100.00 ns, 9.5130 us/op
// GC:  4 0 0 216681472 25600
// Threading:  0 0 25600

// AfterAll
// Benchmark Process 26408 has exited with code 0.

Mean = 9.546 us, StdErr = 0.051 us (0.53%), N = 27, StdDev = 0.265 us
Min = 9.156 us, Q1 = 9.352 us, Median = 9.449 us, Q3 = 9.715 us, Max = 10.064 us
IQR = 0.364 us, LowerFence = 8.806 us, UpperFence = 10.261 us
ConfidenceInterval = [9.357 us; 9.736 us] (CI 99.9%), Margin = 0.189 us (1.98% of Mean)
Skewness = 0.72, Kurtosis = 2.21, MValue = 2

// ** Remained 14 (66.7%) benchmark(s) to run. Estimated finish 2026-09-21 11:58 (0h 3m from now) **
Setup power plan (GUID: 8c5e7fda-e8bf-4a96-9a85-a6e23a8c635c FriendlyName: High performance)
// **************************
// Benchmark: ScriptDomBenchmarks.Tokens: DefaultJob [Size=medium]
// *** Execute ***
// Launch: 1 / 1
// Execute: dotnet DotGram.Benchmarks-DefaultJob-1.dll --anonymousPipes 3756 3760 --benchmarkName "DotGram.Benchmarks.ScriptDomBenchmarks.Tokens(Size: \"medium\")" --job Default --benchmarkId 7 in P:\dotgram.WorkTrees\sql\benchmarks\DotGram.Benchmarks\bin\Release\net10.0\DotGram.Benchmarks-DefaultJob-1\bin\Release\net10.0
// BeforeAnythingElse

// Benchmark Process Environment Information:
// BenchmarkDotNet v0.15.8
// Runtime=.NET 10.0.12 (10.0.12, 10.0.1226.42308), X64 RyuJIT x86-64-v4
// GC=Concurrent Workstation
// HardwareIntrinsics=AVX512 BITALG+VBMI2+VNNI+VPOPCNTDQ,AVX512 IFMA+VBMI,AVX512 F+BW+CD+DQ+VL,AVX2+BMI1+BMI2+F16C+FMA+LZCNT+MOVBE,AVX,SSE3+SSSE3+SSE4.1+SSE4.2+POPCNT,X86Base+SSE+SSE2,AES+PCLMUL,AvxVnni VectorSize=256
// Job: DefaultJob

ScriptDom 18.0.102.0+9d1d1c1d.9d1d1c1d062bd900ad9cac5e4e05bdf950d5a229, quoted identifiers on, 7716 statements both parsers read, 5348 short, 2116 medium, 252 long
statement length: p50 71, p75 113, p90 179, p95 251, p99 651, max 4200
OverheadJitting  1: 200 op, 143900.00 ns, 719.5000 ns/op
WorkloadJitting  1: 200 op, 8298800.00 ns, 41.4940 us/op

OverheadJitting  2: 3200 op, 475600.00 ns, 148.6250 ns/op
WorkloadJitting  2: 3200 op, 129124100.00 ns, 40.3513 us/op

WorkloadPilot    1: 3200 op, 127882200.00 ns, 39.9632 us/op
WorkloadPilot    2: 6400 op, 384646600.00 ns, 60.1010 us/op
WorkloadPilot    3: 12800 op, 311674400.00 ns, 24.3496 us/op
WorkloadPilot    4: 25600 op, 303262000.00 ns, 11.8462 us/op
WorkloadPilot    5: 51200 op, 620244200.00 ns, 12.1141 us/op

OverheadWarmup   1: 51200 op, 2100.00 ns, 0.0410 ns/op
OverheadWarmup   2: 51200 op, 800.00 ns, 0.0156 ns/op
OverheadWarmup   3: 51200 op, 700.00 ns, 0.0137 ns/op
OverheadWarmup   4: 51200 op, 700.00 ns, 0.0137 ns/op
OverheadWarmup   5: 51200 op, 700.00 ns, 0.0137 ns/op
OverheadWarmup   6: 51200 op, 500.00 ns, 0.0098 ns/op
OverheadWarmup   7: 51200 op, 800.00 ns, 0.0156 ns/op

OverheadActual   1: 51200 op, 800.00 ns, 0.0156 ns/op
OverheadActual   2: 51200 op, 800.00 ns, 0.0156 ns/op
OverheadActual   3: 51200 op, 1500.00 ns, 0.0293 ns/op
OverheadActual   4: 51200 op, 800.00 ns, 0.0156 ns/op
OverheadActual   5: 51200 op, 900.00 ns, 0.0176 ns/op
OverheadActual   6: 51200 op, 700.00 ns, 0.0137 ns/op
OverheadActual   7: 51200 op, 1000.00 ns, 0.0195 ns/op
OverheadActual   8: 51200 op, 900.00 ns, 0.0176 ns/op
OverheadActual   9: 51200 op, 900.00 ns, 0.0176 ns/op
OverheadActual  10: 51200 op, 800.00 ns, 0.0156 ns/op
OverheadActual  11: 51200 op, 800.00 ns, 0.0156 ns/op
OverheadActual  12: 51200 op, 700.00 ns, 0.0137 ns/op
OverheadActual  13: 51200 op, 700.00 ns, 0.0137 ns/op
OverheadActual  14: 51200 op, 800.00 ns, 0.0156 ns/op
OverheadActual  15: 51200 op, 700.00 ns, 0.0137 ns/op
OverheadActual  16: 51200 op, 700.00 ns, 0.0137 ns/op
OverheadActual  17: 51200 op, 600.00 ns, 0.0117 ns/op
OverheadActual  18: 51200 op, 800.00 ns, 0.0156 ns/op
OverheadActual  19: 51200 op, 900.00 ns, 0.0176 ns/op
OverheadActual  20: 51200 op, 900.00 ns, 0.0176 ns/op

WorkloadWarmup   1: 51200 op, 637536000.00 ns, 12.4519 us/op
WorkloadWarmup   2: 51200 op, 622426700.00 ns, 12.1568 us/op
WorkloadWarmup   3: 51200 op, 627674500.00 ns, 12.2593 us/op
WorkloadWarmup   4: 51200 op, 625152900.00 ns, 12.2100 us/op
WorkloadWarmup   5: 51200 op, 615709800.00 ns, 12.0256 us/op
WorkloadWarmup   6: 51200 op, 620569400.00 ns, 12.1205 us/op
WorkloadWarmup   7: 51200 op, 611541000.00 ns, 11.9442 us/op

// BeforeActualRun
WorkloadActual   1: 51200 op, 632662800.00 ns, 12.3567 us/op
WorkloadActual   2: 51200 op, 632586300.00 ns, 12.3552 us/op
WorkloadActual   3: 51200 op, 624595400.00 ns, 12.1991 us/op
WorkloadActual   4: 51200 op, 620957200.00 ns, 12.1281 us/op
WorkloadActual   5: 51200 op, 657346300.00 ns, 12.8388 us/op
WorkloadActual   6: 51200 op, 621904400.00 ns, 12.1466 us/op
WorkloadActual   7: 51200 op, 626254900.00 ns, 12.2315 us/op
WorkloadActual   8: 51200 op, 627867100.00 ns, 12.2630 us/op
WorkloadActual   9: 51200 op, 625150700.00 ns, 12.2100 us/op
WorkloadActual  10: 51200 op, 631492600.00 ns, 12.3338 us/op
WorkloadActual  11: 51200 op, 617902000.00 ns, 12.0684 us/op
WorkloadActual  12: 51200 op, 612243100.00 ns, 11.9579 us/op
WorkloadActual  13: 51200 op, 633995800.00 ns, 12.3827 us/op
WorkloadActual  14: 51200 op, 620558800.00 ns, 12.1203 us/op
WorkloadActual  15: 51200 op, 624725700.00 ns, 12.2017 us/op

// AfterActualRun
WorkloadResult   1: 51200 op, 632662000.00 ns, 12.3567 us/op
WorkloadResult   2: 51200 op, 632585500.00 ns, 12.3552 us/op
WorkloadResult   3: 51200 op, 624594600.00 ns, 12.1991 us/op
WorkloadResult   4: 51200 op, 620956400.00 ns, 12.1281 us/op
WorkloadResult   5: 51200 op, 621903600.00 ns, 12.1466 us/op
WorkloadResult   6: 51200 op, 626254100.00 ns, 12.2315 us/op
WorkloadResult   7: 51200 op, 627866300.00 ns, 12.2630 us/op
WorkloadResult   8: 51200 op, 625149900.00 ns, 12.2100 us/op
WorkloadResult   9: 51200 op, 631491800.00 ns, 12.3338 us/op
WorkloadResult  10: 51200 op, 617901200.00 ns, 12.0684 us/op
WorkloadResult  11: 51200 op, 612242300.00 ns, 11.9579 us/op
WorkloadResult  12: 51200 op, 633995000.00 ns, 12.3827 us/op
WorkloadResult  13: 51200 op, 620558000.00 ns, 12.1203 us/op
WorkloadResult  14: 51200 op, 624724900.00 ns, 12.2017 us/op
// GC:  43 4 0 2182825984 51200
// Threading:  0 0 51200
// Exceptions:  0.945

// AfterAll
// Benchmark Process 50132 has exited with code 0.

Mean = 12.211 us, StdErr = 0.033 us (0.27%), N = 14, StdDev = 0.122 us
Min = 11.958 us, Q1 = 12.133 us, Median = 12.206 us, Q3 = 12.316 us, Max = 12.383 us
IQR = 0.183 us, LowerFence = 11.858 us, UpperFence = 12.591 us
ConfidenceInterval = [12.073 us; 12.349 us] (CI 99.9%), Margin = 0.138 us (1.13% of Mean)
Skewness = -0.3, Kurtosis = 2.14, MValue = 2

// ** Remained 13 (61.9%) benchmark(s) to run. Estimated finish 2026-09-21 11:58 (0h 3m from now) **
Setup power plan (GUID: 8c5e7fda-e8bf-4a96-9a85-a6e23a8c635c FriendlyName: High performance)
// **************************
// Benchmark: ScriptDomBenchmarks.Tree: DefaultJob [Size=medium]
// *** Execute ***
// Launch: 1 / 1
// Execute: dotnet DotGram.Benchmarks-DefaultJob-1.dll --anonymousPipes 3808 2120 --benchmarkName "DotGram.Benchmarks.ScriptDomBenchmarks.Tree(Size: \"medium\")" --job Default --benchmarkId 8 in P:\dotgram.WorkTrees\sql\benchmarks\DotGram.Benchmarks\bin\Release\net10.0\DotGram.Benchmarks-DefaultJob-1\bin\Release\net10.0
// BeforeAnythingElse

// Benchmark Process Environment Information:
// BenchmarkDotNet v0.15.8
// Runtime=.NET 10.0.12 (10.0.12, 10.0.1226.42308), X64 RyuJIT x86-64-v4
// GC=Concurrent Workstation
// HardwareIntrinsics=AVX512 BITALG+VBMI2+VNNI+VPOPCNTDQ,AVX512 IFMA+VBMI,AVX512 F+BW+CD+DQ+VL,AVX2+BMI1+BMI2+F16C+FMA+LZCNT+MOVBE,AVX,SSE3+SSSE3+SSE4.1+SSE4.2+POPCNT,X86Base+SSE+SSE2,AES+PCLMUL,AvxVnni VectorSize=256
// Job: DefaultJob

ScriptDom 18.0.102.0+9d1d1c1d.9d1d1c1d062bd900ad9cac5e4e05bdf950d5a229, quoted identifiers on, 7716 statements both parsers read, 5348 short, 2116 medium, 252 long
statement length: p50 71, p75 113, p90 179, p95 251, p99 651, max 4200
OverheadJitting  1: 200 op, 143900.00 ns, 719.5000 ns/op
WorkloadJitting  1: 200 op, 12730700.00 ns, 63.6535 us/op

OverheadJitting  2: 3200 op, 227700.00 ns, 71.1563 ns/op
WorkloadJitting  2: 3200 op, 200219000.00 ns, 62.5684 us/op

WorkloadPilot    1: 3200 op, 219573300.00 ns, 68.6167 us/op
WorkloadPilot    2: 6400 op, 669387700.00 ns, 104.5918 us/op

OverheadWarmup   1: 6400 op, 1400.00 ns, 0.2188 ns/op
OverheadWarmup   2: 6400 op, 200.00 ns, 0.0313 ns/op
OverheadWarmup   3: 6400 op, 500.00 ns, 0.0781 ns/op
OverheadWarmup   4: 6400 op, 100.00 ns, 0.0156 ns/op
OverheadWarmup   5: 6400 op, 100.00 ns, 0.0156 ns/op
OverheadWarmup   6: 6400 op, 100.00 ns, 0.0156 ns/op

OverheadActual   1: 6400 op, 400.00 ns, 0.0625 ns/op
OverheadActual   2: 6400 op, 400.00 ns, 0.0625 ns/op
OverheadActual   3: 6400 op, 400.00 ns, 0.0625 ns/op
OverheadActual   4: 6400 op, 400.00 ns, 0.0625 ns/op
OverheadActual   5: 6400 op, 400.00 ns, 0.0625 ns/op
OverheadActual   6: 6400 op, 100.00 ns, 0.0156 ns/op
OverheadActual   7: 6400 op, 100.00 ns, 0.0156 ns/op
OverheadActual   8: 6400 op, 100.00 ns, 0.0156 ns/op
OverheadActual   9: 6400 op, 100.00 ns, 0.0156 ns/op
OverheadActual  10: 6400 op, 100.00 ns, 0.0156 ns/op
OverheadActual  11: 6400 op, 100.00 ns, 0.0156 ns/op
OverheadActual  12: 6400 op, 100.00 ns, 0.0156 ns/op
OverheadActual  13: 6400 op, 100.00 ns, 0.0156 ns/op
OverheadActual  14: 6400 op, 100.00 ns, 0.0156 ns/op
OverheadActual  15: 6400 op, 100.00 ns, 0.0156 ns/op
OverheadActual  16: 6400 op, 200.00 ns, 0.0313 ns/op
OverheadActual  17: 6400 op, 200.00 ns, 0.0313 ns/op
OverheadActual  18: 6400 op, 400.00 ns, 0.0625 ns/op
OverheadActual  19: 6400 op, 100.00 ns, 0.0156 ns/op
OverheadActual  20: 6400 op, 100.00 ns, 0.0156 ns/op

WorkloadWarmup   1: 6400 op, 503095700.00 ns, 78.6087 us/op
WorkloadWarmup   2: 6400 op, 295820100.00 ns, 46.2219 us/op
WorkloadWarmup   3: 6400 op, 244885800.00 ns, 38.2634 us/op
WorkloadWarmup   4: 6400 op, 243549900.00 ns, 38.0547 us/op
WorkloadWarmup   5: 6400 op, 230839600.00 ns, 36.0687 us/op
WorkloadWarmup   6: 6400 op, 194316800.00 ns, 30.3620 us/op
WorkloadWarmup   7: 6400 op, 225263700.00 ns, 35.1975 us/op
WorkloadWarmup   8: 6400 op, 221271700.00 ns, 34.5737 us/op
WorkloadWarmup   9: 6400 op, 218268300.00 ns, 34.1044 us/op
WorkloadWarmup  10: 6400 op, 202267300.00 ns, 31.6043 us/op
WorkloadWarmup  11: 6400 op, 213303500.00 ns, 33.3287 us/op
WorkloadWarmup  12: 6400 op, 141247000.00 ns, 22.0698 us/op

// BeforeActualRun
WorkloadActual   1: 6400 op, 144792400.00 ns, 22.6238 us/op
WorkloadActual   2: 6400 op, 160121900.00 ns, 25.0190 us/op
WorkloadActual   3: 6400 op, 209549100.00 ns, 32.7420 us/op
WorkloadActual   4: 6400 op, 208105400.00 ns, 32.5165 us/op
WorkloadActual   5: 6400 op, 206305600.00 ns, 32.2353 us/op
WorkloadActual   6: 6400 op, 188659500.00 ns, 29.4780 us/op
WorkloadActual   7: 6400 op, 204103700.00 ns, 31.8912 us/op
WorkloadActual   8: 6400 op, 202226900.00 ns, 31.5980 us/op
WorkloadActual   9: 6400 op, 200634000.00 ns, 31.3491 us/op
WorkloadActual  10: 6400 op, 188179700.00 ns, 29.4031 us/op
WorkloadActual  11: 6400 op, 198912100.00 ns, 31.0800 us/op
WorkloadActual  12: 6400 op, 184626100.00 ns, 28.8478 us/op
WorkloadActual  13: 6400 op, 178316300.00 ns, 27.8619 us/op
WorkloadActual  14: 6400 op, 194927500.00 ns, 30.4574 us/op
WorkloadActual  15: 6400 op, 193941000.00 ns, 30.3033 us/op
WorkloadActual  16: 6400 op, 193683000.00 ns, 30.2630 us/op
WorkloadActual  17: 6400 op, 191898200.00 ns, 29.9841 us/op
WorkloadActual  18: 6400 op, 134080100.00 ns, 20.9500 us/op
WorkloadActual  19: 6400 op, 190928300.00 ns, 29.8325 us/op
WorkloadActual  20: 6400 op, 166699100.00 ns, 26.0467 us/op
WorkloadActual  21: 6400 op, 189884900.00 ns, 29.6695 us/op
WorkloadActual  22: 6400 op, 190460600.00 ns, 29.7595 us/op
WorkloadActual  23: 6400 op, 183246700.00 ns, 28.6323 us/op
WorkloadActual  24: 6400 op, 188669000.00 ns, 29.4795 us/op
WorkloadActual  25: 6400 op, 188977600.00 ns, 29.5278 us/op
WorkloadActual  26: 6400 op, 186536700.00 ns, 29.1464 us/op
WorkloadActual  27: 6400 op, 187209600.00 ns, 29.2515 us/op
WorkloadActual  28: 6400 op, 185885400.00 ns, 29.0446 us/op
WorkloadActual  29: 6400 op, 187308700.00 ns, 29.2670 us/op
WorkloadActual  30: 6400 op, 162042800.00 ns, 25.3192 us/op
WorkloadActual  31: 6400 op, 121366000.00 ns, 18.9634 us/op
WorkloadActual  32: 6400 op, 117991500.00 ns, 18.4362 us/op
WorkloadActual  33: 6400 op, 127849100.00 ns, 19.9764 us/op
WorkloadActual  34: 6400 op, 124244700.00 ns, 19.4132 us/op
WorkloadActual  35: 6400 op, 120404700.00 ns, 18.8132 us/op
WorkloadActual  36: 6400 op, 123227100.00 ns, 19.2542 us/op
WorkloadActual  37: 6400 op, 119231800.00 ns, 18.6300 us/op
WorkloadActual  38: 6400 op, 118725100.00 ns, 18.5508 us/op
WorkloadActual  39: 6400 op, 118803300.00 ns, 18.5630 us/op
WorkloadActual  40: 6400 op, 124499600.00 ns, 19.4531 us/op
WorkloadActual  41: 6400 op, 121129200.00 ns, 18.9264 us/op
WorkloadActual  42: 6400 op, 121532000.00 ns, 18.9894 us/op
WorkloadActual  43: 6400 op, 125814400.00 ns, 19.6585 us/op
WorkloadActual  44: 6400 op, 117996800.00 ns, 18.4370 us/op
WorkloadActual  45: 6400 op, 119097300.00 ns, 18.6090 us/op
WorkloadActual  46: 6400 op, 121800600.00 ns, 19.0313 us/op
WorkloadActual  47: 6400 op, 127234600.00 ns, 19.8804 us/op
WorkloadActual  48: 6400 op, 118906700.00 ns, 18.5792 us/op
WorkloadActual  49: 6400 op, 124705600.00 ns, 19.4853 us/op
WorkloadActual  50: 6400 op, 127004700.00 ns, 19.8445 us/op
WorkloadActual  51: 6400 op, 121432900.00 ns, 18.9739 us/op
WorkloadActual  52: 6400 op, 123589700.00 ns, 19.3109 us/op
WorkloadActual  53: 6400 op, 126902600.00 ns, 19.8285 us/op
WorkloadActual  54: 6400 op, 118658600.00 ns, 18.5404 us/op
WorkloadActual  55: 6400 op, 122477900.00 ns, 19.1372 us/op
WorkloadActual  56: 6400 op, 118920200.00 ns, 18.5813 us/op
WorkloadActual  57: 6400 op, 119495100.00 ns, 18.6711 us/op
WorkloadActual  58: 6400 op, 123814300.00 ns, 19.3460 us/op
WorkloadActual  59: 6400 op, 119046000.00 ns, 18.6009 us/op
WorkloadActual  60: 6400 op, 125700700.00 ns, 19.6407 us/op
WorkloadActual  61: 6400 op, 123292400.00 ns, 19.2644 us/op
WorkloadActual  62: 6400 op, 123461200.00 ns, 19.2908 us/op
WorkloadActual  63: 6400 op, 118857200.00 ns, 18.5714 us/op
WorkloadActual  64: 6400 op, 118654100.00 ns, 18.5397 us/op
WorkloadActual  65: 6400 op, 121726200.00 ns, 19.0197 us/op
WorkloadActual  66: 6400 op, 120176000.00 ns, 18.7775 us/op
WorkloadActual  67: 6400 op, 122362800.00 ns, 19.1192 us/op
WorkloadActual  68: 6400 op, 121977100.00 ns, 19.0589 us/op
WorkloadActual  69: 6400 op, 122982100.00 ns, 19.2160 us/op
WorkloadActual  70: 6400 op, 119140800.00 ns, 18.6158 us/op
WorkloadActual  71: 6400 op, 118774700.00 ns, 18.5585 us/op
WorkloadActual  72: 6400 op, 119517500.00 ns, 18.6746 us/op
WorkloadActual  73: 6400 op, 118148600.00 ns, 18.4607 us/op
WorkloadActual  74: 6400 op, 120783300.00 ns, 18.8724 us/op
WorkloadActual  75: 6400 op, 126944100.00 ns, 19.8350 us/op
WorkloadActual  76: 6400 op, 119160100.00 ns, 18.6188 us/op
WorkloadActual  77: 6400 op, 118058400.00 ns, 18.4466 us/op
WorkloadActual  78: 6400 op, 117734000.00 ns, 18.3959 us/op
WorkloadActual  79: 6400 op, 120584000.00 ns, 18.8413 us/op
WorkloadActual  80: 6400 op, 118825700.00 ns, 18.5665 us/op
WorkloadActual  81: 6400 op, 119830400.00 ns, 18.7235 us/op
WorkloadActual  82: 6400 op, 138223600.00 ns, 21.5974 us/op
WorkloadActual  83: 6400 op, 121603200.00 ns, 19.0005 us/op
WorkloadActual  84: 6400 op, 118854800.00 ns, 18.5711 us/op
WorkloadActual  85: 6400 op, 124517900.00 ns, 19.4559 us/op
WorkloadActual  86: 6400 op, 118500100.00 ns, 18.5156 us/op
WorkloadActual  87: 6400 op, 117056700.00 ns, 18.2901 us/op
WorkloadActual  88: 6400 op, 121681800.00 ns, 19.0128 us/op
WorkloadActual  89: 6400 op, 124909000.00 ns, 19.5170 us/op
WorkloadActual  90: 6400 op, 123988900.00 ns, 19.3733 us/op
WorkloadActual  91: 6400 op, 119572000.00 ns, 18.6831 us/op
WorkloadActual  92: 6400 op, 124960400.00 ns, 19.5251 us/op
WorkloadActual  93: 6400 op, 121622200.00 ns, 19.0035 us/op
WorkloadActual  94: 6400 op, 119199500.00 ns, 18.6249 us/op
WorkloadActual  95: 6400 op, 120300100.00 ns, 18.7969 us/op
WorkloadActual  96: 6400 op, 138174400.00 ns, 21.5898 us/op
WorkloadActual  97: 6400 op, 119009700.00 ns, 18.5953 us/op
WorkloadActual  98: 6400 op, 118607700.00 ns, 18.5325 us/op
WorkloadActual  99: 6400 op, 128683900.00 ns, 20.1069 us/op
WorkloadActual  100: 6400 op, 123912600.00 ns, 19.3613 us/op

// AfterActualRun
WorkloadResult   1: 6400 op, 144792300.00 ns, 22.6238 us/op
WorkloadResult   2: 6400 op, 160121800.00 ns, 25.0190 us/op
WorkloadResult   3: 6400 op, 209549000.00 ns, 32.7420 us/op
WorkloadResult   4: 6400 op, 208105300.00 ns, 32.5165 us/op
WorkloadResult   5: 6400 op, 206305500.00 ns, 32.2352 us/op
WorkloadResult   6: 6400 op, 188659400.00 ns, 29.4780 us/op
WorkloadResult   7: 6400 op, 204103600.00 ns, 31.8912 us/op
WorkloadResult   8: 6400 op, 202226800.00 ns, 31.5979 us/op
WorkloadResult   9: 6400 op, 200633900.00 ns, 31.3490 us/op
WorkloadResult  10: 6400 op, 188179600.00 ns, 29.4031 us/op
WorkloadResult  11: 6400 op, 198912000.00 ns, 31.0800 us/op
WorkloadResult  12: 6400 op, 184626000.00 ns, 28.8478 us/op
WorkloadResult  13: 6400 op, 178316200.00 ns, 27.8619 us/op
WorkloadResult  14: 6400 op, 194927400.00 ns, 30.4574 us/op
WorkloadResult  15: 6400 op, 193940900.00 ns, 30.3033 us/op
WorkloadResult  16: 6400 op, 193682900.00 ns, 30.2630 us/op
WorkloadResult  17: 6400 op, 191898100.00 ns, 29.9841 us/op
WorkloadResult  18: 6400 op, 134080000.00 ns, 20.9500 us/op
WorkloadResult  19: 6400 op, 190928200.00 ns, 29.8325 us/op
WorkloadResult  20: 6400 op, 166699000.00 ns, 26.0467 us/op
WorkloadResult  21: 6400 op, 189884800.00 ns, 29.6695 us/op
WorkloadResult  22: 6400 op, 190460500.00 ns, 29.7595 us/op
WorkloadResult  23: 6400 op, 183246600.00 ns, 28.6323 us/op
WorkloadResult  24: 6400 op, 188668900.00 ns, 29.4795 us/op
WorkloadResult  25: 6400 op, 188977500.00 ns, 29.5277 us/op
WorkloadResult  26: 6400 op, 186536600.00 ns, 29.1463 us/op
WorkloadResult  27: 6400 op, 187209500.00 ns, 29.2515 us/op
WorkloadResult  28: 6400 op, 185885300.00 ns, 29.0446 us/op
WorkloadResult  29: 6400 op, 187308600.00 ns, 29.2670 us/op
WorkloadResult  30: 6400 op, 162042700.00 ns, 25.3192 us/op
WorkloadResult  31: 6400 op, 121365900.00 ns, 18.9634 us/op
WorkloadResult  32: 6400 op, 117991400.00 ns, 18.4362 us/op
WorkloadResult  33: 6400 op, 127849000.00 ns, 19.9764 us/op
WorkloadResult  34: 6400 op, 124244600.00 ns, 19.4132 us/op
WorkloadResult  35: 6400 op, 120404600.00 ns, 18.8132 us/op
WorkloadResult  36: 6400 op, 123227000.00 ns, 19.2542 us/op
WorkloadResult  37: 6400 op, 119231700.00 ns, 18.6300 us/op
WorkloadResult  38: 6400 op, 118725000.00 ns, 18.5508 us/op
WorkloadResult  39: 6400 op, 118803200.00 ns, 18.5630 us/op
WorkloadResult  40: 6400 op, 124499500.00 ns, 19.4530 us/op
WorkloadResult  41: 6400 op, 121129100.00 ns, 18.9264 us/op
WorkloadResult  42: 6400 op, 121531900.00 ns, 18.9894 us/op
WorkloadResult  43: 6400 op, 125814300.00 ns, 19.6585 us/op
WorkloadResult  44: 6400 op, 117996700.00 ns, 18.4370 us/op
WorkloadResult  45: 6400 op, 119097200.00 ns, 18.6089 us/op
WorkloadResult  46: 6400 op, 121800500.00 ns, 19.0313 us/op
WorkloadResult  47: 6400 op, 127234500.00 ns, 19.8804 us/op
WorkloadResult  48: 6400 op, 118906600.00 ns, 18.5792 us/op
WorkloadResult  49: 6400 op, 124705500.00 ns, 19.4852 us/op
WorkloadResult  50: 6400 op, 127004600.00 ns, 19.8445 us/op
WorkloadResult  51: 6400 op, 121432800.00 ns, 18.9739 us/op
WorkloadResult  52: 6400 op, 123589600.00 ns, 19.3109 us/op
WorkloadResult  53: 6400 op, 126902500.00 ns, 19.8285 us/op
WorkloadResult  54: 6400 op, 118658500.00 ns, 18.5404 us/op
WorkloadResult  55: 6400 op, 122477800.00 ns, 19.1372 us/op
WorkloadResult  56: 6400 op, 118920100.00 ns, 18.5813 us/op
WorkloadResult  57: 6400 op, 119495000.00 ns, 18.6711 us/op
WorkloadResult  58: 6400 op, 123814200.00 ns, 19.3460 us/op
WorkloadResult  59: 6400 op, 119045900.00 ns, 18.6009 us/op
WorkloadResult  60: 6400 op, 125700600.00 ns, 19.6407 us/op
WorkloadResult  61: 6400 op, 123292300.00 ns, 19.2644 us/op
WorkloadResult  62: 6400 op, 123461100.00 ns, 19.2908 us/op
WorkloadResult  63: 6400 op, 118857100.00 ns, 18.5714 us/op
WorkloadResult  64: 6400 op, 118654000.00 ns, 18.5397 us/op
WorkloadResult  65: 6400 op, 121726100.00 ns, 19.0197 us/op
WorkloadResult  66: 6400 op, 120175900.00 ns, 18.7775 us/op
WorkloadResult  67: 6400 op, 122362700.00 ns, 19.1192 us/op
WorkloadResult  68: 6400 op, 121977000.00 ns, 19.0589 us/op
WorkloadResult  69: 6400 op, 122982000.00 ns, 19.2159 us/op
WorkloadResult  70: 6400 op, 119140700.00 ns, 18.6157 us/op
WorkloadResult  71: 6400 op, 118774600.00 ns, 18.5585 us/op
WorkloadResult  72: 6400 op, 119517400.00 ns, 18.6746 us/op
WorkloadResult  73: 6400 op, 118148500.00 ns, 18.4607 us/op
WorkloadResult  74: 6400 op, 120783200.00 ns, 18.8724 us/op
WorkloadResult  75: 6400 op, 126944000.00 ns, 19.8350 us/op
WorkloadResult  76: 6400 op, 119160000.00 ns, 18.6188 us/op
WorkloadResult  77: 6400 op, 118058300.00 ns, 18.4466 us/op
WorkloadResult  78: 6400 op, 117733900.00 ns, 18.3959 us/op
WorkloadResult  79: 6400 op, 120583900.00 ns, 18.8412 us/op
WorkloadResult  80: 6400 op, 118825600.00 ns, 18.5665 us/op
WorkloadResult  81: 6400 op, 119830300.00 ns, 18.7235 us/op
WorkloadResult  82: 6400 op, 138223500.00 ns, 21.5974 us/op
WorkloadResult  83: 6400 op, 121603100.00 ns, 19.0005 us/op
WorkloadResult  84: 6400 op, 118854700.00 ns, 18.5710 us/op
WorkloadResult  85: 6400 op, 124517800.00 ns, 19.4559 us/op
WorkloadResult  86: 6400 op, 118500000.00 ns, 18.5156 us/op
WorkloadResult  87: 6400 op, 117056600.00 ns, 18.2901 us/op
WorkloadResult  88: 6400 op, 121681700.00 ns, 19.0128 us/op
WorkloadResult  89: 6400 op, 124908900.00 ns, 19.5170 us/op
WorkloadResult  90: 6400 op, 123988800.00 ns, 19.3733 us/op
WorkloadResult  91: 6400 op, 119571900.00 ns, 18.6831 us/op
WorkloadResult  92: 6400 op, 124960300.00 ns, 19.5250 us/op
WorkloadResult  93: 6400 op, 121622100.00 ns, 19.0035 us/op
WorkloadResult  94: 6400 op, 119199400.00 ns, 18.6249 us/op
WorkloadResult  95: 6400 op, 120300000.00 ns, 18.7969 us/op
WorkloadResult  96: 6400 op, 138174300.00 ns, 21.5897 us/op
WorkloadResult  97: 6400 op, 119009600.00 ns, 18.5953 us/op
WorkloadResult  98: 6400 op, 118607600.00 ns, 18.5324 us/op
WorkloadResult  99: 6400 op, 128683800.00 ns, 20.1068 us/op
WorkloadResult  100: 6400 op, 123912500.00 ns, 19.3613 us/op
// GC:  5 0 0 300767104 6400
// Threading:  0 0 6400
// Exceptions:  1.82

// AfterAll
// Benchmark Process 46200 has exited with code 0.

Mean = 22.073 us, StdErr = 0.489 us (2.22%), N = 100, StdDev = 4.893 us
Min = 18.290 us, Q1 = 18.661 us, Median = 19.301 us, Q3 = 26.501 us, Max = 32.742 us
IQR = 7.840 us, LowerFence = 6.901 us, UpperFence = 38.260 us
ConfidenceInterval = [20.414 us; 23.733 us] (CI 99.9%), Margin = 1.660 us (7.52% of Mean)
Skewness = 1.03, Kurtosis = 2.27, MValue = 2.61

// ** Remained 12 (57.1%) benchmark(s) to run. Estimated finish 2026-09-21 11:58 (0h 3m from now) **
Setup power plan (GUID: 8c5e7fda-e8bf-4a96-9a85-a6e23a8c635c FriendlyName: High performance)
// **************************
// Benchmark: ScriptDomBenchmarks.'Tree again (A/A)': DefaultJob [Size=medium]
// *** Execute ***
// Launch: 1 / 1
// Execute: dotnet DotGram.Benchmarks-DefaultJob-1.dll --anonymousPipes 3736 3740 --benchmarkName "DotGram.Benchmarks.ScriptDomBenchmarks.TreeAgain(Size: \"medium\")" --job Default --benchmarkId 9 in P:\dotgram.WorkTrees\sql\benchmarks\DotGram.Benchmarks\bin\Release\net10.0\DotGram.Benchmarks-DefaultJob-1\bin\Release\net10.0
// BeforeAnythingElse

// Benchmark Process Environment Information:
// BenchmarkDotNet v0.15.8
// Runtime=.NET 10.0.12 (10.0.12, 10.0.1226.42308), X64 RyuJIT x86-64-v4
// GC=Concurrent Workstation
// HardwareIntrinsics=AVX512 BITALG+VBMI2+VNNI+VPOPCNTDQ,AVX512 IFMA+VBMI,AVX512 F+BW+CD+DQ+VL,AVX2+BMI1+BMI2+F16C+FMA+LZCNT+MOVBE,AVX,SSE3+SSSE3+SSE4.1+SSE4.2+POPCNT,X86Base+SSE+SSE2,AES+PCLMUL,AvxVnni VectorSize=256
// Job: DefaultJob

ScriptDom 18.0.102.0+9d1d1c1d.9d1d1c1d062bd900ad9cac5e4e05bdf950d5a229, quoted identifiers on, 7716 statements both parsers read, 5348 short, 2116 medium, 252 long
statement length: p50 71, p75 113, p90 179, p95 251, p99 651, max 4200
OverheadJitting  1: 200 op, 133300.00 ns, 666.5000 ns/op
WorkloadJitting  1: 200 op, 12571400.00 ns, 62.8570 us/op

OverheadJitting  2: 3200 op, 230300.00 ns, 71.9688 ns/op
WorkloadJitting  2: 3200 op, 206724400.00 ns, 64.6014 us/op

WorkloadPilot    1: 3200 op, 258738400.00 ns, 80.8558 us/op
WorkloadPilot    2: 6400 op, 621824000.00 ns, 97.1600 us/op

OverheadWarmup   1: 6400 op, 1300.00 ns, 0.2031 ns/op
OverheadWarmup   2: 6400 op, 200.00 ns, 0.0313 ns/op
OverheadWarmup   3: 6400 op, 200.00 ns, 0.0313 ns/op
OverheadWarmup   4: 6400 op, 100.00 ns, 0.0156 ns/op
OverheadWarmup   5: 6400 op, 200.00 ns, 0.0313 ns/op
OverheadWarmup   6: 6400 op, 100.00 ns, 0.0156 ns/op

OverheadActual   1: 6400 op, 400.00 ns, 0.0625 ns/op
OverheadActual   2: 6400 op, 400.00 ns, 0.0625 ns/op
OverheadActual   3: 6400 op, 400.00 ns, 0.0625 ns/op
OverheadActual   4: 6400 op, 200.00 ns, 0.0313 ns/op
OverheadActual   5: 6400 op, 400.00 ns, 0.0625 ns/op
OverheadActual   6: 6400 op, 300.00 ns, 0.0469 ns/op
OverheadActual   7: 6400 op, 100.00 ns, 0.0156 ns/op
OverheadActual   8: 6400 op, 100.00 ns, 0.0156 ns/op
OverheadActual   9: 6400 op, 100.00 ns, 0.0156 ns/op
OverheadActual  10: 6400 op, 100.00 ns, 0.0156 ns/op
OverheadActual  11: 6400 op, 100.00 ns, 0.0156 ns/op
OverheadActual  12: 6400 op, 100.00 ns, 0.0156 ns/op
OverheadActual  13: 6400 op, 200.00 ns, 0.0313 ns/op
OverheadActual  14: 6400 op, 100.00 ns, 0.0156 ns/op
OverheadActual  15: 6400 op, 100.00 ns, 0.0156 ns/op
OverheadActual  16: 6400 op, 200.00 ns, 0.0313 ns/op
OverheadActual  17: 6400 op, 100.00 ns, 0.0156 ns/op
OverheadActual  18: 6400 op, 100.00 ns, 0.0156 ns/op
OverheadActual  19: 6400 op, 100.00 ns, 0.0156 ns/op
OverheadActual  20: 6400 op, 100.00 ns, 0.0156 ns/op

WorkloadWarmup   1: 6400 op, 499458100.00 ns, 78.0403 us/op
WorkloadWarmup   2: 6400 op, 311045500.00 ns, 48.6009 us/op
WorkloadWarmup   3: 6400 op, 239801800.00 ns, 37.4690 us/op
WorkloadWarmup   4: 6400 op, 249808900.00 ns, 39.0326 us/op
WorkloadWarmup   5: 6400 op, 240914200.00 ns, 37.6428 us/op
WorkloadWarmup   6: 6400 op, 185150100.00 ns, 28.9297 us/op
WorkloadWarmup   7: 6400 op, 225924100.00 ns, 35.3006 us/op
WorkloadWarmup   8: 6400 op, 227704300.00 ns, 35.5788 us/op
WorkloadWarmup   9: 6400 op, 224339800.00 ns, 35.0531 us/op

// BeforeActualRun
WorkloadActual   1: 6400 op, 160337700.00 ns, 25.0528 us/op
WorkloadActual   2: 6400 op, 222200400.00 ns, 34.7188 us/op
WorkloadActual   3: 6400 op, 146390700.00 ns, 22.8735 us/op
WorkloadActual   4: 6400 op, 148759300.00 ns, 23.2436 us/op
WorkloadActual   5: 6400 op, 218213100.00 ns, 34.0958 us/op
WorkloadActual   6: 6400 op, 216238600.00 ns, 33.7873 us/op
WorkloadActual   7: 6400 op, 215241200.00 ns, 33.6314 us/op
WorkloadActual   8: 6400 op, 210397300.00 ns, 32.8746 us/op
WorkloadActual   9: 6400 op, 189574500.00 ns, 29.6210 us/op
WorkloadActual  10: 6400 op, 210953800.00 ns, 32.9615 us/op
WorkloadActual  11: 6400 op, 208510100.00 ns, 32.5797 us/op
WorkloadActual  12: 6400 op, 209673700.00 ns, 32.7615 us/op
WorkloadActual  13: 6400 op, 202761200.00 ns, 31.6814 us/op
WorkloadActual  14: 6400 op, 200334700.00 ns, 31.3023 us/op
WorkloadActual  15: 6400 op, 204330500.00 ns, 31.9266 us/op
WorkloadActual  16: 6400 op, 202455100.00 ns, 31.6336 us/op
WorkloadActual  17: 6400 op, 201286300.00 ns, 31.4510 us/op
WorkloadActual  18: 6400 op, 183620600.00 ns, 28.6907 us/op
WorkloadActual  19: 6400 op, 199787200.00 ns, 31.2168 us/op
WorkloadActual  20: 6400 op, 145786100.00 ns, 22.7791 us/op
WorkloadActual  21: 6400 op, 200368100.00 ns, 31.3075 us/op
WorkloadActual  22: 6400 op, 198889900.00 ns, 31.0765 us/op
WorkloadActual  23: 6400 op, 197448900.00 ns, 30.8514 us/op
WorkloadActual  24: 6400 op, 193515300.00 ns, 30.2368 us/op
WorkloadActual  25: 6400 op, 193831700.00 ns, 30.2862 us/op
WorkloadActual  26: 6400 op, 195716900.00 ns, 30.5808 us/op
WorkloadActual  27: 6400 op, 194289000.00 ns, 30.3577 us/op
WorkloadActual  28: 6400 op, 182593100.00 ns, 28.5302 us/op
WorkloadActual  29: 6400 op, 193716500.00 ns, 30.2682 us/op
WorkloadActual  30: 6400 op, 170518500.00 ns, 26.6435 us/op
WorkloadActual  31: 6400 op, 176272500.00 ns, 27.5426 us/op
WorkloadActual  32: 6400 op, 133281800.00 ns, 20.8253 us/op
WorkloadActual  33: 6400 op, 124089100.00 ns, 19.3889 us/op
WorkloadActual  34: 6400 op, 122975000.00 ns, 19.2148 us/op
WorkloadActual  35: 6400 op, 143303500.00 ns, 22.3912 us/op
WorkloadActual  36: 6400 op, 145480100.00 ns, 22.7313 us/op
WorkloadActual  37: 6400 op, 133122800.00 ns, 20.8004 us/op
WorkloadActual  38: 6400 op, 122304700.00 ns, 19.1101 us/op
WorkloadActual  39: 6400 op, 128134900.00 ns, 20.0211 us/op
WorkloadActual  40: 6400 op, 128793800.00 ns, 20.1240 us/op
WorkloadActual  41: 6400 op, 123850000.00 ns, 19.3516 us/op
WorkloadActual  42: 6400 op, 123021500.00 ns, 19.2221 us/op
WorkloadActual  43: 6400 op, 126441400.00 ns, 19.7565 us/op
WorkloadActual  44: 6400 op, 129175800.00 ns, 20.1837 us/op
WorkloadActual  45: 6400 op, 126926300.00 ns, 19.8322 us/op
WorkloadActual  46: 6400 op, 125297900.00 ns, 19.5778 us/op
WorkloadActual  47: 6400 op, 128504400.00 ns, 20.0788 us/op
WorkloadActual  48: 6400 op, 123227200.00 ns, 19.2543 us/op
WorkloadActual  49: 6400 op, 128333900.00 ns, 20.0522 us/op
WorkloadActual  50: 6400 op, 126694400.00 ns, 19.7960 us/op
WorkloadActual  51: 6400 op, 127303000.00 ns, 19.8911 us/op
WorkloadActual  52: 6400 op, 124717800.00 ns, 19.4872 us/op
WorkloadActual  53: 6400 op, 151384500.00 ns, 23.6538 us/op
WorkloadActual  54: 6400 op, 125316500.00 ns, 19.5807 us/op
WorkloadActual  55: 6400 op, 132044300.00 ns, 20.6319 us/op
WorkloadActual  56: 6400 op, 129354300.00 ns, 20.2116 us/op
WorkloadActual  57: 6400 op, 129603100.00 ns, 20.2505 us/op
WorkloadActual  58: 6400 op, 123026500.00 ns, 19.2229 us/op
WorkloadActual  59: 6400 op, 131131800.00 ns, 20.4893 us/op
WorkloadActual  60: 6400 op, 124661700.00 ns, 19.4784 us/op
WorkloadActual  61: 6400 op, 145964900.00 ns, 22.8070 us/op
WorkloadActual  62: 6400 op, 122389400.00 ns, 19.1233 us/op
WorkloadActual  63: 6400 op, 130131000.00 ns, 20.3330 us/op
WorkloadActual  64: 6400 op, 125382500.00 ns, 19.5910 us/op
WorkloadActual  65: 6400 op, 123261100.00 ns, 19.2595 us/op
WorkloadActual  66: 6400 op, 133079400.00 ns, 20.7937 us/op
WorkloadActual  67: 6400 op, 125350900.00 ns, 19.5861 us/op
WorkloadActual  68: 6400 op, 126756900.00 ns, 19.8058 us/op
WorkloadActual  69: 6400 op, 122949600.00 ns, 19.2109 us/op
WorkloadActual  70: 6400 op, 124657700.00 ns, 19.4778 us/op
WorkloadActual  71: 6400 op, 125615100.00 ns, 19.6274 us/op
WorkloadActual  72: 6400 op, 133141700.00 ns, 20.8034 us/op
WorkloadActual  73: 6400 op, 126159600.00 ns, 19.7124 us/op
WorkloadActual  74: 6400 op, 123845500.00 ns, 19.3509 us/op
WorkloadActual  75: 6400 op, 130251900.00 ns, 20.3519 us/op
WorkloadActual  76: 6400 op, 144705700.00 ns, 22.6103 us/op
WorkloadActual  77: 6400 op, 126946000.00 ns, 19.8353 us/op
WorkloadActual  78: 6400 op, 122252800.00 ns, 19.1020 us/op
WorkloadActual  79: 6400 op, 126277900.00 ns, 19.7309 us/op
WorkloadActual  80: 6400 op, 145575800.00 ns, 22.7462 us/op
WorkloadActual  81: 6400 op, 124860500.00 ns, 19.5095 us/op
WorkloadActual  82: 6400 op, 125197900.00 ns, 19.5622 us/op
WorkloadActual  83: 6400 op, 126854600.00 ns, 19.8210 us/op
WorkloadActual  84: 6400 op, 141415800.00 ns, 22.0962 us/op
WorkloadActual  85: 6400 op, 126291700.00 ns, 19.7331 us/op
WorkloadActual  86: 6400 op, 122487500.00 ns, 19.1387 us/op
WorkloadActual  87: 6400 op, 136079300.00 ns, 21.2624 us/op
WorkloadActual  88: 6400 op, 125077900.00 ns, 19.5434 us/op
WorkloadActual  89: 6400 op, 127467800.00 ns, 19.9168 us/op
WorkloadActual  90: 6400 op, 125706000.00 ns, 19.6416 us/op
WorkloadActual  91: 6400 op, 126308800.00 ns, 19.7358 us/op
WorkloadActual  92: 6400 op, 126848000.00 ns, 19.8200 us/op
WorkloadActual  93: 6400 op, 131507000.00 ns, 20.5480 us/op
WorkloadActual  94: 6400 op, 123612800.00 ns, 19.3145 us/op
WorkloadActual  95: 6400 op, 124723600.00 ns, 19.4881 us/op
WorkloadActual  96: 6400 op, 125352400.00 ns, 19.5863 us/op
WorkloadActual  97: 6400 op, 145604300.00 ns, 22.7507 us/op
WorkloadActual  98: 6400 op, 126892300.00 ns, 19.8269 us/op
WorkloadActual  99: 6400 op, 122114600.00 ns, 19.0804 us/op
WorkloadActual  100: 6400 op, 129181800.00 ns, 20.1847 us/op

// AfterActualRun
WorkloadResult   1: 6400 op, 160337600.00 ns, 25.0528 us/op
WorkloadResult   2: 6400 op, 222200300.00 ns, 34.7188 us/op
WorkloadResult   3: 6400 op, 146390600.00 ns, 22.8735 us/op
WorkloadResult   4: 6400 op, 148759200.00 ns, 23.2436 us/op
WorkloadResult   5: 6400 op, 218213000.00 ns, 34.0958 us/op
WorkloadResult   6: 6400 op, 216238500.00 ns, 33.7873 us/op
WorkloadResult   7: 6400 op, 215241100.00 ns, 33.6314 us/op
WorkloadResult   8: 6400 op, 210397200.00 ns, 32.8746 us/op
WorkloadResult   9: 6400 op, 189574400.00 ns, 29.6210 us/op
WorkloadResult  10: 6400 op, 210953700.00 ns, 32.9615 us/op
WorkloadResult  11: 6400 op, 208510000.00 ns, 32.5797 us/op
WorkloadResult  12: 6400 op, 209673600.00 ns, 32.7615 us/op
WorkloadResult  13: 6400 op, 202761100.00 ns, 31.6814 us/op
WorkloadResult  14: 6400 op, 200334600.00 ns, 31.3023 us/op
WorkloadResult  15: 6400 op, 204330400.00 ns, 31.9266 us/op
WorkloadResult  16: 6400 op, 202455000.00 ns, 31.6336 us/op
WorkloadResult  17: 6400 op, 201286200.00 ns, 31.4510 us/op
WorkloadResult  18: 6400 op, 183620500.00 ns, 28.6907 us/op
WorkloadResult  19: 6400 op, 199787100.00 ns, 31.2167 us/op
WorkloadResult  20: 6400 op, 145786000.00 ns, 22.7791 us/op
WorkloadResult  21: 6400 op, 200368000.00 ns, 31.3075 us/op
WorkloadResult  22: 6400 op, 198889800.00 ns, 31.0765 us/op
WorkloadResult  23: 6400 op, 197448800.00 ns, 30.8514 us/op
WorkloadResult  24: 6400 op, 193515200.00 ns, 30.2368 us/op
WorkloadResult  25: 6400 op, 193831600.00 ns, 30.2862 us/op
WorkloadResult  26: 6400 op, 195716800.00 ns, 30.5808 us/op
WorkloadResult  27: 6400 op, 194288900.00 ns, 30.3576 us/op
WorkloadResult  28: 6400 op, 182593000.00 ns, 28.5302 us/op
WorkloadResult  29: 6400 op, 193716400.00 ns, 30.2682 us/op
WorkloadResult  30: 6400 op, 170518400.00 ns, 26.6435 us/op
WorkloadResult  31: 6400 op, 176272400.00 ns, 27.5426 us/op
WorkloadResult  32: 6400 op, 133281700.00 ns, 20.8253 us/op
WorkloadResult  33: 6400 op, 124089000.00 ns, 19.3889 us/op
WorkloadResult  34: 6400 op, 122974900.00 ns, 19.2148 us/op
WorkloadResult  35: 6400 op, 143303400.00 ns, 22.3912 us/op
WorkloadResult  36: 6400 op, 145480000.00 ns, 22.7313 us/op
WorkloadResult  37: 6400 op, 133122700.00 ns, 20.8004 us/op
WorkloadResult  38: 6400 op, 122304600.00 ns, 19.1101 us/op
WorkloadResult  39: 6400 op, 128134800.00 ns, 20.0211 us/op
WorkloadResult  40: 6400 op, 128793700.00 ns, 20.1240 us/op
WorkloadResult  41: 6400 op, 123849900.00 ns, 19.3515 us/op
WorkloadResult  42: 6400 op, 123021400.00 ns, 19.2221 us/op
WorkloadResult  43: 6400 op, 126441300.00 ns, 19.7565 us/op
WorkloadResult  44: 6400 op, 129175700.00 ns, 20.1837 us/op
WorkloadResult  45: 6400 op, 126926200.00 ns, 19.8322 us/op
WorkloadResult  46: 6400 op, 125297800.00 ns, 19.5778 us/op
WorkloadResult  47: 6400 op, 128504300.00 ns, 20.0788 us/op
WorkloadResult  48: 6400 op, 123227100.00 ns, 19.2542 us/op
WorkloadResult  49: 6400 op, 128333800.00 ns, 20.0522 us/op
WorkloadResult  50: 6400 op, 126694300.00 ns, 19.7960 us/op
WorkloadResult  51: 6400 op, 127302900.00 ns, 19.8911 us/op
WorkloadResult  52: 6400 op, 124717700.00 ns, 19.4871 us/op
WorkloadResult  53: 6400 op, 151384400.00 ns, 23.6538 us/op
WorkloadResult  54: 6400 op, 125316400.00 ns, 19.5807 us/op
WorkloadResult  55: 6400 op, 132044200.00 ns, 20.6319 us/op
WorkloadResult  56: 6400 op, 129354200.00 ns, 20.2116 us/op
WorkloadResult  57: 6400 op, 129603000.00 ns, 20.2505 us/op
WorkloadResult  58: 6400 op, 123026400.00 ns, 19.2229 us/op
WorkloadResult  59: 6400 op, 131131700.00 ns, 20.4893 us/op
WorkloadResult  60: 6400 op, 124661600.00 ns, 19.4784 us/op
WorkloadResult  61: 6400 op, 145964800.00 ns, 22.8070 us/op
WorkloadResult  62: 6400 op, 122389300.00 ns, 19.1233 us/op
WorkloadResult  63: 6400 op, 130130900.00 ns, 20.3330 us/op
WorkloadResult  64: 6400 op, 125382400.00 ns, 19.5910 us/op
WorkloadResult  65: 6400 op, 123261000.00 ns, 19.2595 us/op
WorkloadResult  66: 6400 op, 133079300.00 ns, 20.7936 us/op
WorkloadResult  67: 6400 op, 125350800.00 ns, 19.5861 us/op
WorkloadResult  68: 6400 op, 126756800.00 ns, 19.8058 us/op
WorkloadResult  69: 6400 op, 122949500.00 ns, 19.2109 us/op
WorkloadResult  70: 6400 op, 124657600.00 ns, 19.4778 us/op
WorkloadResult  71: 6400 op, 125615000.00 ns, 19.6273 us/op
WorkloadResult  72: 6400 op, 133141600.00 ns, 20.8034 us/op
WorkloadResult  73: 6400 op, 126159500.00 ns, 19.7124 us/op
WorkloadResult  74: 6400 op, 123845400.00 ns, 19.3508 us/op
WorkloadResult  75: 6400 op, 130251800.00 ns, 20.3518 us/op
WorkloadResult  76: 6400 op, 144705600.00 ns, 22.6103 us/op
WorkloadResult  77: 6400 op, 126945900.00 ns, 19.8353 us/op
WorkloadResult  78: 6400 op, 122252700.00 ns, 19.1020 us/op
WorkloadResult  79: 6400 op, 126277800.00 ns, 19.7309 us/op
WorkloadResult  80: 6400 op, 145575700.00 ns, 22.7462 us/op
WorkloadResult  81: 6400 op, 124860400.00 ns, 19.5094 us/op
WorkloadResult  82: 6400 op, 125197800.00 ns, 19.5622 us/op
WorkloadResult  83: 6400 op, 126854500.00 ns, 19.8210 us/op
WorkloadResult  84: 6400 op, 141415700.00 ns, 22.0962 us/op
WorkloadResult  85: 6400 op, 126291600.00 ns, 19.7331 us/op
WorkloadResult  86: 6400 op, 122487400.00 ns, 19.1387 us/op
WorkloadResult  87: 6400 op, 136079200.00 ns, 21.2624 us/op
WorkloadResult  88: 6400 op, 125077800.00 ns, 19.5434 us/op
WorkloadResult  89: 6400 op, 127467700.00 ns, 19.9168 us/op
WorkloadResult  90: 6400 op, 125705900.00 ns, 19.6415 us/op
WorkloadResult  91: 6400 op, 126308700.00 ns, 19.7357 us/op
WorkloadResult  92: 6400 op, 126847900.00 ns, 19.8200 us/op
WorkloadResult  93: 6400 op, 131506900.00 ns, 20.5480 us/op
WorkloadResult  94: 6400 op, 123612700.00 ns, 19.3145 us/op
WorkloadResult  95: 6400 op, 124723500.00 ns, 19.4880 us/op
WorkloadResult  96: 6400 op, 125352300.00 ns, 19.5863 us/op
WorkloadResult  97: 6400 op, 145604200.00 ns, 22.7507 us/op
WorkloadResult  98: 6400 op, 126892200.00 ns, 19.8269 us/op
WorkloadResult  99: 6400 op, 122114500.00 ns, 19.0804 us/op
WorkloadResult  100: 6400 op, 129181700.00 ns, 20.1846 us/op
// GC:  5 0 0 300767104 6400
// Threading:  0 0 6400
// Exceptions:  1.82

// AfterAll
// Benchmark Process 49824 has exited with code 0.

Mean = 23.256 us, StdErr = 0.509 us (2.19%), N = 100, StdDev = 5.086 us
Min = 19.080 us, Q1 = 19.586 us, Median = 20.231 us, Q3 = 27.789 us, Max = 34.719 us
IQR = 8.203 us, LowerFence = 7.281 us, UpperFence = 40.094 us
ConfidenceInterval = [21.531 us; 24.981 us] (CI 99.9%), Margin = 1.725 us (7.42% of Mean)
Skewness = 1, Kurtosis = 2.3, MValue = 2.66

// ** Remained 11 (52.4%) benchmark(s) to run. Estimated finish 2026-09-21 11:58 (0h 3m from now) **
Setup power plan (GUID: 8c5e7fda-e8bf-4a96-9a85-a6e23a8c635c FriendlyName: High performance)
// **************************
// Benchmark: ScriptDomBenchmarks.Located: DefaultJob [Size=medium]
// *** Execute ***
// Launch: 1 / 1
// Execute: dotnet DotGram.Benchmarks-DefaultJob-1.dll --anonymousPipes 664 3796 --benchmarkName "DotGram.Benchmarks.ScriptDomBenchmarks.Located(Size: \"medium\")" --job Default --benchmarkId 10 in P:\dotgram.WorkTrees\sql\benchmarks\DotGram.Benchmarks\bin\Release\net10.0\DotGram.Benchmarks-DefaultJob-1\bin\Release\net10.0
// BeforeAnythingElse

// Benchmark Process Environment Information:
// BenchmarkDotNet v0.15.8
// Runtime=.NET 10.0.12 (10.0.12, 10.0.1226.42308), X64 RyuJIT x86-64-v4
// GC=Concurrent Workstation
// HardwareIntrinsics=AVX512 BITALG+VBMI2+VNNI+VPOPCNTDQ,AVX512 IFMA+VBMI,AVX512 F+BW+CD+DQ+VL,AVX2+BMI1+BMI2+F16C+FMA+LZCNT+MOVBE,AVX,SSE3+SSSE3+SSE4.1+SSE4.2+POPCNT,X86Base+SSE+SSE2,AES+PCLMUL,AvxVnni VectorSize=256
// Job: DefaultJob

ScriptDom 18.0.102.0+9d1d1c1d.9d1d1c1d062bd900ad9cac5e4e05bdf950d5a229, quoted identifiers on, 7716 statements both parsers read, 5348 short, 2116 medium, 252 long
statement length: p50 71, p75 113, p90 179, p95 251, p99 651, max 4200
OverheadJitting  1: 200 op, 133300.00 ns, 666.5000 ns/op
WorkloadJitting  1: 200 op, 204096100.00 ns, 1.0205 ms/op

WorkloadPilot    1: 400 op, 5409700.00 ns, 13.5243 us/op
WorkloadPilot    2: 600 op, 7561900.00 ns, 12.6032 us/op
WorkloadPilot    3: 800 op, 9593200.00 ns, 11.9915 us/op
WorkloadPilot    4: 1000 op, 11941300.00 ns, 11.9413 us/op
WorkloadPilot    5: 1200 op, 13924200.00 ns, 11.6035 us/op
WorkloadPilot    6: 1400 op, 16453600.00 ns, 11.7526 us/op
WorkloadPilot    7: 1600 op, 18413100.00 ns, 11.5082 us/op
WorkloadPilot    8: 1800 op, 20475100.00 ns, 11.3751 us/op
WorkloadPilot    9: 2000 op, 22878900.00 ns, 11.4395 us/op
WorkloadPilot   10: 2200 op, 24541600.00 ns, 11.1553 us/op
WorkloadPilot   11: 2400 op, 26784500.00 ns, 11.1602 us/op
WorkloadPilot   12: 2600 op, 44395500.00 ns, 17.0752 us/op
WorkloadPilot   13: 2800 op, 37205800.00 ns, 13.2878 us/op
WorkloadPilot   14: 3000 op, 37463300.00 ns, 12.4878 us/op
WorkloadPilot   15: 3200 op, 40065800.00 ns, 12.5206 us/op
WorkloadPilot   16: 6400 op, 81881500.00 ns, 12.7940 us/op
WorkloadPilot   17: 12800 op, 149662400.00 ns, 11.6924 us/op
WorkloadPilot   18: 25600 op, 230054800.00 ns, 8.9865 us/op
WorkloadPilot   19: 51200 op, 413220500.00 ns, 8.0707 us/op
WorkloadPilot   20: 102400 op, 755663800.00 ns, 7.3795 us/op

WorkloadWarmup   1: 102400 op, 537429900.00 ns, 5.2483 us/op
WorkloadWarmup   2: 102400 op, 578114500.00 ns, 5.6456 us/op
WorkloadWarmup   3: 102400 op, 598091200.00 ns, 5.8407 us/op
WorkloadWarmup   4: 102400 op, 549809900.00 ns, 5.3692 us/op
WorkloadWarmup   5: 102400 op, 341485900.00 ns, 3.3348 us/op
WorkloadWarmup   6: 102400 op, 339510600.00 ns, 3.3155 us/op
WorkloadWarmup   7: 102400 op, 340339100.00 ns, 3.3236 us/op
WorkloadWarmup   8: 102400 op, 359333400.00 ns, 3.5091 us/op
WorkloadWarmup   9: 102400 op, 344340200.00 ns, 3.3627 us/op

// BeforeActualRun
WorkloadActual   1: 102400 op, 342206400.00 ns, 3.3419 us/op
WorkloadActual   2: 102400 op, 339994800.00 ns, 3.3203 us/op
WorkloadActual   3: 102400 op, 346386800.00 ns, 3.3827 us/op
WorkloadActual   4: 102400 op, 344859000.00 ns, 3.3678 us/op
WorkloadActual   5: 102400 op, 346380400.00 ns, 3.3826 us/op
WorkloadActual   6: 102400 op, 335911500.00 ns, 3.2804 us/op
WorkloadActual   7: 102400 op, 341567700.00 ns, 3.3356 us/op
WorkloadActual   8: 102400 op, 342940800.00 ns, 3.3490 us/op
WorkloadActual   9: 102400 op, 341269900.00 ns, 3.3327 us/op
WorkloadActual  10: 102400 op, 346551800.00 ns, 3.3843 us/op
WorkloadActual  11: 102400 op, 356780600.00 ns, 3.4842 us/op
WorkloadActual  12: 102400 op, 348056100.00 ns, 3.3990 us/op
WorkloadActual  13: 102400 op, 354095700.00 ns, 3.4580 us/op
WorkloadActual  14: 102400 op, 340358600.00 ns, 3.3238 us/op
WorkloadActual  15: 102400 op, 338045100.00 ns, 3.3012 us/op

// AfterActualRun
WorkloadResult   1: 102400 op, 342206400.00 ns, 3.3419 us/op
WorkloadResult   2: 102400 op, 339994800.00 ns, 3.3203 us/op
WorkloadResult   3: 102400 op, 346386800.00 ns, 3.3827 us/op
WorkloadResult   4: 102400 op, 344859000.00 ns, 3.3678 us/op
WorkloadResult   5: 102400 op, 346380400.00 ns, 3.3826 us/op
WorkloadResult   6: 102400 op, 335911500.00 ns, 3.2804 us/op
WorkloadResult   7: 102400 op, 341567700.00 ns, 3.3356 us/op
WorkloadResult   8: 102400 op, 342940800.00 ns, 3.3490 us/op
WorkloadResult   9: 102400 op, 341269900.00 ns, 3.3327 us/op
WorkloadResult  10: 102400 op, 346551800.00 ns, 3.3843 us/op
WorkloadResult  11: 102400 op, 348056100.00 ns, 3.3990 us/op
WorkloadResult  12: 102400 op, 354095700.00 ns, 3.4580 us/op
WorkloadResult  13: 102400 op, 340358600.00 ns, 3.3238 us/op
WorkloadResult  14: 102400 op, 338045100.00 ns, 3.3012 us/op
// GC:  3 0 0 180613120 102400
// Threading:  0 0 102400

// AfterAll
// Benchmark Process 47320 has exited with code 0.

Mean = 3.354 us, StdErr = 0.012 us (0.36%), N = 14, StdDev = 0.045 us
Min = 3.280 us, Q1 = 3.326 us, Median = 3.345 us, Q3 = 3.383 us, Max = 3.458 us
IQR = 0.057 us, LowerFence = 3.241 us, UpperFence = 3.468 us
ConfidenceInterval = [3.303 us; 3.405 us] (CI 99.9%), Margin = 0.051 us (1.53% of Mean)
Skewness = 0.49, Kurtosis = 2.73, MValue = 2

// ** Remained 10 (47.6%) benchmark(s) to run. Estimated finish 2026-09-21 11:58 (0h 2m from now) **
Setup power plan (GUID: 8c5e7fda-e8bf-4a96-9a85-a6e23a8c635c FriendlyName: High performance)
// **************************
// Benchmark: ScriptDomBenchmarks.Grammar: DefaultJob [Size=medium]
// *** Execute ***
// Launch: 1 / 1
// Execute: dotnet DotGram.Benchmarks-DefaultJob-1.dll --anonymousPipes 3752 3740 --benchmarkName "DotGram.Benchmarks.ScriptDomBenchmarks.Grammar(Size: \"medium\")" --job Default --benchmarkId 11 in P:\dotgram.WorkTrees\sql\benchmarks\DotGram.Benchmarks\bin\Release\net10.0\DotGram.Benchmarks-DefaultJob-1\bin\Release\net10.0
// BeforeAnythingElse

// Benchmark Process Environment Information:
// BenchmarkDotNet v0.15.8
// Runtime=.NET 10.0.12 (10.0.12, 10.0.1226.42308), X64 RyuJIT x86-64-v4
// GC=Concurrent Workstation
// HardwareIntrinsics=AVX512 BITALG+VBMI2+VNNI+VPOPCNTDQ,AVX512 IFMA+VBMI,AVX512 F+BW+CD+DQ+VL,AVX2+BMI1+BMI2+F16C+FMA+LZCNT+MOVBE,AVX,SSE3+SSSE3+SSE4.1+SSE4.2+POPCNT,X86Base+SSE+SSE2,AES+PCLMUL,AvxVnni VectorSize=256
// Job: DefaultJob

ScriptDom 18.0.102.0+9d1d1c1d.9d1d1c1d062bd900ad9cac5e4e05bdf950d5a229, quoted identifiers on, 7716 statements both parsers read, 5348 short, 2116 medium, 252 long
statement length: p50 71, p75 113, p90 179, p95 251, p99 651, max 4200
OverheadJitting  1: 200 op, 132600.00 ns, 663.0000 ns/op
WorkloadJitting  1: 200 op, 2908800.00 ns, 14.5440 us/op

OverheadJitting  2: 3200 op, 433100.00 ns, 135.3438 ns/op
WorkloadJitting  2: 3200 op, 33285300.00 ns, 10.4017 us/op

WorkloadPilot    1: 3200 op, 32244200.00 ns, 10.0763 us/op
WorkloadPilot    2: 6400 op, 63483300.00 ns, 9.9193 us/op
WorkloadPilot    3: 12800 op, 152963100.00 ns, 11.9502 us/op
WorkloadPilot    4: 25600 op, 276336200.00 ns, 10.7944 us/op
WorkloadPilot    5: 51200 op, 358107700.00 ns, 6.9943 us/op
WorkloadPilot    6: 102400 op, 552209700.00 ns, 5.3927 us/op

OverheadWarmup   1: 102400 op, 3800.00 ns, 0.0371 ns/op
OverheadWarmup   2: 102400 op, 1300.00 ns, 0.0127 ns/op
OverheadWarmup   3: 102400 op, 1100.00 ns, 0.0107 ns/op
OverheadWarmup   4: 102400 op, 1200.00 ns, 0.0117 ns/op
OverheadWarmup   5: 102400 op, 1200.00 ns, 0.0117 ns/op
OverheadWarmup   6: 102400 op, 2400.00 ns, 0.0234 ns/op
OverheadWarmup   7: 102400 op, 1200.00 ns, 0.0117 ns/op

OverheadActual   1: 102400 op, 1300.00 ns, 0.0127 ns/op
OverheadActual   2: 102400 op, 1500.00 ns, 0.0146 ns/op
OverheadActual   3: 102400 op, 1300.00 ns, 0.0127 ns/op
OverheadActual   4: 102400 op, 1200.00 ns, 0.0117 ns/op
OverheadActual   5: 102400 op, 1200.00 ns, 0.0117 ns/op
OverheadActual   6: 102400 op, 1100.00 ns, 0.0107 ns/op
OverheadActual   7: 102400 op, 1300.00 ns, 0.0127 ns/op
OverheadActual   8: 102400 op, 1500.00 ns, 0.0146 ns/op
OverheadActual   9: 102400 op, 1500.00 ns, 0.0146 ns/op
OverheadActual  10: 102400 op, 1200.00 ns, 0.0117 ns/op
OverheadActual  11: 102400 op, 1100.00 ns, 0.0107 ns/op
OverheadActual  12: 102400 op, 1100.00 ns, 0.0107 ns/op
OverheadActual  13: 102400 op, 1100.00 ns, 0.0107 ns/op
OverheadActual  14: 102400 op, 1000.00 ns, 0.0098 ns/op
OverheadActual  15: 102400 op, 1100.00 ns, 0.0107 ns/op
OverheadActual  16: 102400 op, 1900.00 ns, 0.0186 ns/op
OverheadActual  17: 102400 op, 1200.00 ns, 0.0117 ns/op
OverheadActual  18: 102400 op, 1100.00 ns, 0.0107 ns/op
OverheadActual  19: 102400 op, 1000.00 ns, 0.0098 ns/op
OverheadActual  20: 102400 op, 1000.00 ns, 0.0098 ns/op

WorkloadWarmup   1: 102400 op, 496190600.00 ns, 4.8456 us/op
WorkloadWarmup   2: 102400 op, 468966100.00 ns, 4.5797 us/op
WorkloadWarmup   3: 102400 op, 570128100.00 ns, 5.5677 us/op
WorkloadWarmup   4: 102400 op, 547685400.00 ns, 5.3485 us/op
WorkloadWarmup   5: 102400 op, 364468300.00 ns, 3.5593 us/op
WorkloadWarmup   6: 102400 op, 331741300.00 ns, 3.2397 us/op
WorkloadWarmup   7: 102400 op, 312548900.00 ns, 3.0522 us/op
WorkloadWarmup   8: 102400 op, 312831900.00 ns, 3.0550 us/op
WorkloadWarmup   9: 102400 op, 307789100.00 ns, 3.0058 us/op

// BeforeActualRun
WorkloadActual   1: 102400 op, 312766700.00 ns, 3.0544 us/op
WorkloadActual   2: 102400 op, 312198400.00 ns, 3.0488 us/op
WorkloadActual   3: 102400 op, 308997700.00 ns, 3.0176 us/op
WorkloadActual   4: 102400 op, 326032500.00 ns, 3.1839 us/op
WorkloadActual   5: 102400 op, 315563200.00 ns, 3.0817 us/op
WorkloadActual   6: 102400 op, 306505000.00 ns, 2.9932 us/op
WorkloadActual   7: 102400 op, 310042800.00 ns, 3.0278 us/op
WorkloadActual   8: 102400 op, 313592300.00 ns, 3.0624 us/op
WorkloadActual   9: 102400 op, 305927100.00 ns, 2.9876 us/op
WorkloadActual  10: 102400 op, 313669600.00 ns, 3.0632 us/op
WorkloadActual  11: 102400 op, 320874000.00 ns, 3.1335 us/op
WorkloadActual  12: 102400 op, 301364500.00 ns, 2.9430 us/op
WorkloadActual  13: 102400 op, 315791800.00 ns, 3.0839 us/op
WorkloadActual  14: 102400 op, 322251500.00 ns, 3.1470 us/op
WorkloadActual  15: 102400 op, 312569700.00 ns, 3.0524 us/op
WorkloadActual  16: 102400 op, 316019700.00 ns, 3.0861 us/op

// AfterActualRun
WorkloadResult   1: 102400 op, 312765500.00 ns, 3.0544 us/op
WorkloadResult   2: 102400 op, 312197200.00 ns, 3.0488 us/op
WorkloadResult   3: 102400 op, 308996500.00 ns, 3.0175 us/op
WorkloadResult   4: 102400 op, 315562000.00 ns, 3.0817 us/op
WorkloadResult   5: 102400 op, 306503800.00 ns, 2.9932 us/op
WorkloadResult   6: 102400 op, 310041600.00 ns, 3.0278 us/op
WorkloadResult   7: 102400 op, 313591100.00 ns, 3.0624 us/op
WorkloadResult   8: 102400 op, 305925900.00 ns, 2.9876 us/op
WorkloadResult   9: 102400 op, 313668400.00 ns, 3.0632 us/op
WorkloadResult  10: 102400 op, 320872800.00 ns, 3.1335 us/op
WorkloadResult  11: 102400 op, 301363300.00 ns, 2.9430 us/op
WorkloadResult  12: 102400 op, 315790600.00 ns, 3.0839 us/op
WorkloadResult  13: 102400 op, 322250300.00 ns, 3.1470 us/op
WorkloadResult  14: 102400 op, 312568500.00 ns, 3.0524 us/op
WorkloadResult  15: 102400 op, 316018500.00 ns, 3.0861 us/op
// GC:  3 0 0 180613120 102400
// Threading:  0 0 102400

// AfterAll
// Benchmark Process 56784 has exited with code 0.

Mean = 3.052 us, StdErr = 0.014 us (0.45%), N = 15, StdDev = 0.054 us
Min = 2.943 us, Q1 = 3.023 us, Median = 3.054 us, Q3 = 3.083 us, Max = 3.147 us
IQR = 0.060 us, LowerFence = 2.932 us, UpperFence = 3.173 us
ConfidenceInterval = [2.995 us; 3.109 us] (CI 99.9%), Margin = 0.057 us (1.88% of Mean)
Skewness = -0.15, Kurtosis = 2.43, MValue = 2

// ** Remained 9 (42.9%) benchmark(s) to run. Estimated finish 2026-09-21 11:58 (0h 2m from now) **
Setup power plan (GUID: 8c5e7fda-e8bf-4a96-9a85-a6e23a8c635c FriendlyName: High performance)
// **************************
// Benchmark: ScriptDomBenchmarks.'Tree walked': DefaultJob [Size=medium]
// *** Execute ***
// Launch: 1 / 1
// Execute: dotnet DotGram.Benchmarks-DefaultJob-1.dll --anonymousPipes 3832 3700 --benchmarkName "DotGram.Benchmarks.ScriptDomBenchmarks.TreeWalked(Size: \"medium\")" --job Default --benchmarkId 12 in P:\dotgram.WorkTrees\sql\benchmarks\DotGram.Benchmarks\bin\Release\net10.0\DotGram.Benchmarks-DefaultJob-1\bin\Release\net10.0
// BeforeAnythingElse

// Benchmark Process Environment Information:
// BenchmarkDotNet v0.15.8
// Runtime=.NET 10.0.12 (10.0.12, 10.0.1226.42308), X64 RyuJIT x86-64-v4
// GC=Concurrent Workstation
// HardwareIntrinsics=AVX512 BITALG+VBMI2+VNNI+VPOPCNTDQ,AVX512 IFMA+VBMI,AVX512 F+BW+CD+DQ+VL,AVX2+BMI1+BMI2+F16C+FMA+LZCNT+MOVBE,AVX,SSE3+SSSE3+SSE4.1+SSE4.2+POPCNT,X86Base+SSE+SSE2,AES+PCLMUL,AvxVnni VectorSize=256
// Job: DefaultJob

ScriptDom 18.0.102.0+9d1d1c1d.9d1d1c1d062bd900ad9cac5e4e05bdf950d5a229, quoted identifiers on, 7716 statements both parsers read, 5348 short, 2116 medium, 252 long
statement length: p50 71, p75 113, p90 179, p95 251, p99 651, max 4200
OverheadJitting  1: 200 op, 133000.00 ns, 665.0000 ns/op
WorkloadJitting  1: 200 op, 22036800.00 ns, 110.1840 us/op

OverheadJitting  2: 3200 op, 242800.00 ns, 75.8750 ns/op
WorkloadJitting  2: 3200 op, 215989000.00 ns, 67.4966 us/op

WorkloadPilot    1: 3200 op, 318061400.00 ns, 99.3942 us/op
WorkloadPilot    2: 6400 op, 585817800.00 ns, 91.5340 us/op

OverheadWarmup   1: 6400 op, 1400.00 ns, 0.2188 ns/op
OverheadWarmup   2: 6400 op, 400.00 ns, 0.0625 ns/op
OverheadWarmup   3: 6400 op, 200.00 ns, 0.0313 ns/op
OverheadWarmup   4: 6400 op, 100.00 ns, 0.0156 ns/op
OverheadWarmup   5: 6400 op, 200.00 ns, 0.0313 ns/op
OverheadWarmup   6: 6400 op, 100.00 ns, 0.0156 ns/op
OverheadWarmup   7: 6400 op, 0.00 ns, 0.0000 ns/op
OverheadWarmup   8: 6400 op, 200.00 ns, 0.0313 ns/op
OverheadWarmup   9: 6400 op, 100.00 ns, 0.0156 ns/op

OverheadActual   1: 6400 op, 400.00 ns, 0.0625 ns/op
OverheadActual   2: 6400 op, 400.00 ns, 0.0625 ns/op
OverheadActual   3: 6400 op, 400.00 ns, 0.0625 ns/op
OverheadActual   4: 6400 op, 200.00 ns, 0.0313 ns/op
OverheadActual   5: 6400 op, 400.00 ns, 0.0625 ns/op
OverheadActual   6: 6400 op, 100.00 ns, 0.0156 ns/op
OverheadActual   7: 6400 op, 100.00 ns, 0.0156 ns/op
OverheadActual   8: 6400 op, 100.00 ns, 0.0156 ns/op
OverheadActual   9: 6400 op, 100.00 ns, 0.0156 ns/op
OverheadActual  10: 6400 op, 100.00 ns, 0.0156 ns/op
OverheadActual  11: 6400 op, 100.00 ns, 0.0156 ns/op
OverheadActual  12: 6400 op, 200.00 ns, 0.0313 ns/op
OverheadActual  13: 6400 op, 200.00 ns, 0.0313 ns/op
OverheadActual  14: 6400 op, 200.00 ns, 0.0313 ns/op
OverheadActual  15: 6400 op, 200.00 ns, 0.0313 ns/op
OverheadActual  16: 6400 op, 100.00 ns, 0.0156 ns/op
OverheadActual  17: 6400 op, 0.00 ns, 0.0000 ns/op
OverheadActual  18: 6400 op, 400.00 ns, 0.0625 ns/op
OverheadActual  19: 6400 op, 100.00 ns, 0.0156 ns/op
OverheadActual  20: 6400 op, 100.00 ns, 0.0156 ns/op

WorkloadWarmup   1: 6400 op, 471156400.00 ns, 73.6182 us/op
WorkloadWarmup   2: 6400 op, 355024300.00 ns, 55.4725 us/op
WorkloadWarmup   3: 6400 op, 263653200.00 ns, 41.1958 us/op
WorkloadWarmup   4: 6400 op, 214857600.00 ns, 33.5715 us/op
WorkloadWarmup   5: 6400 op, 254883200.00 ns, 39.8255 us/op
WorkloadWarmup   6: 6400 op, 223188800.00 ns, 34.8733 us/op
WorkloadWarmup   7: 6400 op, 219370100.00 ns, 34.2766 us/op
WorkloadWarmup   8: 6400 op, 161911000.00 ns, 25.2986 us/op
WorkloadWarmup   9: 6400 op, 215475500.00 ns, 33.6680 us/op
WorkloadWarmup  10: 6400 op, 226604500.00 ns, 35.4070 us/op
WorkloadWarmup  11: 6400 op, 229358300.00 ns, 35.8372 us/op
WorkloadWarmup  12: 6400 op, 228267700.00 ns, 35.6668 us/op

// BeforeActualRun
WorkloadActual   1: 6400 op, 201704600.00 ns, 31.5163 us/op
WorkloadActual   2: 6400 op, 215427900.00 ns, 33.6606 us/op
WorkloadActual   3: 6400 op, 222218400.00 ns, 34.7216 us/op
WorkloadActual   4: 6400 op, 174999600.00 ns, 27.3437 us/op
WorkloadActual   5: 6400 op, 215676000.00 ns, 33.6994 us/op
WorkloadActual   6: 6400 op, 217104400.00 ns, 33.9226 us/op
WorkloadActual   7: 6400 op, 214352800.00 ns, 33.4926 us/op
WorkloadActual   8: 6400 op, 208874100.00 ns, 32.6366 us/op
WorkloadActual   9: 6400 op, 213642800.00 ns, 33.3817 us/op
WorkloadActual  10: 6400 op, 211189400.00 ns, 32.9983 us/op
WorkloadActual  11: 6400 op, 210482100.00 ns, 32.8878 us/op
WorkloadActual  12: 6400 op, 187783100.00 ns, 29.3411 us/op
WorkloadActual  13: 6400 op, 207675000.00 ns, 32.4492 us/op
WorkloadActual  14: 6400 op, 206292600.00 ns, 32.2332 us/op
WorkloadActual  15: 6400 op, 183214200.00 ns, 28.6272 us/op
WorkloadActual  16: 6400 op, 203493100.00 ns, 31.7958 us/op
WorkloadActual  17: 6400 op, 204075200.00 ns, 31.8868 us/op
WorkloadActual  18: 6400 op, 203124800.00 ns, 31.7383 us/op
WorkloadActual  19: 6400 op, 202051700.00 ns, 31.5706 us/op
WorkloadActual  20: 6400 op, 201654900.00 ns, 31.5086 us/op
WorkloadActual  21: 6400 op, 197734500.00 ns, 30.8960 us/op
WorkloadActual  22: 6400 op, 199231400.00 ns, 31.1299 us/op
WorkloadActual  23: 6400 op, 178415600.00 ns, 27.8774 us/op
WorkloadActual  24: 6400 op, 198545600.00 ns, 31.0228 us/op
WorkloadActual  25: 6400 op, 195815100.00 ns, 30.5961 us/op
WorkloadActual  26: 6400 op, 197190700.00 ns, 30.8110 us/op
WorkloadActual  27: 6400 op, 196871000.00 ns, 30.7611 us/op
WorkloadActual  28: 6400 op, 156223300.00 ns, 24.4099 us/op
WorkloadActual  29: 6400 op, 125490400.00 ns, 19.6079 us/op
WorkloadActual  30: 6400 op, 135515500.00 ns, 21.1743 us/op
WorkloadActual  31: 6400 op, 133521600.00 ns, 20.8628 us/op
WorkloadActual  32: 6400 op, 126995900.00 ns, 19.8431 us/op
WorkloadActual  33: 6400 op, 130806400.00 ns, 20.4385 us/op
WorkloadActual  34: 6400 op, 126070000.00 ns, 19.6984 us/op
WorkloadActual  35: 6400 op, 133351600.00 ns, 20.8362 us/op
WorkloadActual  36: 6400 op, 128330400.00 ns, 20.0516 us/op
WorkloadActual  37: 6400 op, 126242600.00 ns, 19.7254 us/op
WorkloadActual  38: 6400 op, 138833700.00 ns, 21.6928 us/op
WorkloadActual  39: 6400 op, 132737200.00 ns, 20.7402 us/op
WorkloadActual  40: 6400 op, 125394700.00 ns, 19.5929 us/op
WorkloadActual  41: 6400 op, 126177400.00 ns, 19.7152 us/op
WorkloadActual  42: 6400 op, 128554200.00 ns, 20.0866 us/op
WorkloadActual  43: 6400 op, 133107300.00 ns, 20.7980 us/op
WorkloadActual  44: 6400 op, 126634200.00 ns, 19.7866 us/op
WorkloadActual  45: 6400 op, 125325400.00 ns, 19.5821 us/op
WorkloadActual  46: 6400 op, 130370900.00 ns, 20.3705 us/op
WorkloadActual  47: 6400 op, 127117000.00 ns, 19.8620 us/op
WorkloadActual  48: 6400 op, 125376900.00 ns, 19.5901 us/op
WorkloadActual  49: 6400 op, 128016800.00 ns, 20.0026 us/op
WorkloadActual  50: 6400 op, 129257300.00 ns, 20.1965 us/op
WorkloadActual  51: 6400 op, 145379000.00 ns, 22.7155 us/op
WorkloadActual  52: 6400 op, 126003300.00 ns, 19.6880 us/op
WorkloadActual  53: 6400 op, 124850200.00 ns, 19.5078 us/op
WorkloadActual  54: 6400 op, 136818300.00 ns, 21.3779 us/op
WorkloadActual  55: 6400 op, 146350800.00 ns, 22.8673 us/op
WorkloadActual  56: 6400 op, 127160100.00 ns, 19.8688 us/op
WorkloadActual  57: 6400 op, 126285800.00 ns, 19.7322 us/op
WorkloadActual  58: 6400 op, 134171900.00 ns, 20.9644 us/op
WorkloadActual  59: 6400 op, 135745100.00 ns, 21.2102 us/op
WorkloadActual  60: 6400 op, 129723500.00 ns, 20.2693 us/op
WorkloadActual  61: 6400 op, 136502400.00 ns, 21.3285 us/op
WorkloadActual  62: 6400 op, 126265000.00 ns, 19.7289 us/op
WorkloadActual  63: 6400 op, 130712400.00 ns, 20.4238 us/op
WorkloadActual  64: 6400 op, 133217600.00 ns, 20.8153 us/op
WorkloadActual  65: 6400 op, 126131500.00 ns, 19.7080 us/op
WorkloadActual  66: 6400 op, 130656000.00 ns, 20.4150 us/op
WorkloadActual  67: 6400 op, 126355400.00 ns, 19.7430 us/op
WorkloadActual  68: 6400 op, 135173500.00 ns, 21.1209 us/op
WorkloadActual  69: 6400 op, 140598400.00 ns, 21.9685 us/op
WorkloadActual  70: 6400 op, 127051300.00 ns, 19.8518 us/op
WorkloadActual  71: 6400 op, 125972200.00 ns, 19.6832 us/op
WorkloadActual  72: 6400 op, 129602500.00 ns, 20.2504 us/op
WorkloadActual  73: 6400 op, 147161600.00 ns, 22.9940 us/op
WorkloadActual  74: 6400 op, 126660300.00 ns, 19.7907 us/op
WorkloadActual  75: 6400 op, 124149600.00 ns, 19.3984 us/op
WorkloadActual  76: 6400 op, 131058500.00 ns, 20.4779 us/op
WorkloadActual  77: 6400 op, 125206700.00 ns, 19.5635 us/op
WorkloadActual  78: 6400 op, 126014000.00 ns, 19.6897 us/op
WorkloadActual  79: 6400 op, 127345700.00 ns, 19.8978 us/op
WorkloadActual  80: 6400 op, 137407800.00 ns, 21.4700 us/op
WorkloadActual  81: 6400 op, 149893500.00 ns, 23.4209 us/op
WorkloadActual  82: 6400 op, 127172600.00 ns, 19.8707 us/op
WorkloadActual  83: 6400 op, 125033000.00 ns, 19.5364 us/op
WorkloadActual  84: 6400 op, 142851900.00 ns, 22.3206 us/op
WorkloadActual  85: 6400 op, 133616400.00 ns, 20.8776 us/op
WorkloadActual  86: 6400 op, 130184100.00 ns, 20.3413 us/op
WorkloadActual  87: 6400 op, 124903400.00 ns, 19.5162 us/op
WorkloadActual  88: 6400 op, 130287500.00 ns, 20.3574 us/op
WorkloadActual  89: 6400 op, 125158200.00 ns, 19.5560 us/op
WorkloadActual  90: 6400 op, 127674900.00 ns, 19.9492 us/op
WorkloadActual  91: 6400 op, 129222300.00 ns, 20.1910 us/op
WorkloadActual  92: 6400 op, 146274300.00 ns, 22.8554 us/op
WorkloadActual  93: 6400 op, 130342100.00 ns, 20.3660 us/op
WorkloadActual  94: 6400 op, 143569100.00 ns, 22.4327 us/op
WorkloadActual  95: 6400 op, 126147100.00 ns, 19.7105 us/op
WorkloadActual  96: 6400 op, 134478900.00 ns, 21.0123 us/op
WorkloadActual  97: 6400 op, 147019600.00 ns, 22.9718 us/op
WorkloadActual  98: 6400 op, 129428000.00 ns, 20.2231 us/op
WorkloadActual  99: 6400 op, 133390500.00 ns, 20.8423 us/op
WorkloadActual  100: 6400 op, 126234100.00 ns, 19.7241 us/op

// AfterActualRun
WorkloadResult   1: 6400 op, 201704450.00 ns, 31.5163 us/op
WorkloadResult   2: 6400 op, 215427750.00 ns, 33.6606 us/op
WorkloadResult   3: 6400 op, 222218250.00 ns, 34.7216 us/op
WorkloadResult   4: 6400 op, 174999450.00 ns, 27.3437 us/op
WorkloadResult   5: 6400 op, 215675850.00 ns, 33.6994 us/op
WorkloadResult   6: 6400 op, 217104250.00 ns, 33.9225 us/op
WorkloadResult   7: 6400 op, 214352650.00 ns, 33.4926 us/op
WorkloadResult   8: 6400 op, 208873950.00 ns, 32.6366 us/op
WorkloadResult   9: 6400 op, 213642650.00 ns, 33.3817 us/op
WorkloadResult  10: 6400 op, 211189250.00 ns, 32.9983 us/op
WorkloadResult  11: 6400 op, 210481950.00 ns, 32.8878 us/op
WorkloadResult  12: 6400 op, 187782950.00 ns, 29.3411 us/op
WorkloadResult  13: 6400 op, 207674850.00 ns, 32.4492 us/op
WorkloadResult  14: 6400 op, 206292450.00 ns, 32.2332 us/op
WorkloadResult  15: 6400 op, 183214050.00 ns, 28.6272 us/op
WorkloadResult  16: 6400 op, 203492950.00 ns, 31.7958 us/op
WorkloadResult  17: 6400 op, 204075050.00 ns, 31.8867 us/op
WorkloadResult  18: 6400 op, 203124650.00 ns, 31.7382 us/op
WorkloadResult  19: 6400 op, 202051550.00 ns, 31.5706 us/op
WorkloadResult  20: 6400 op, 201654750.00 ns, 31.5086 us/op
WorkloadResult  21: 6400 op, 197734350.00 ns, 30.8960 us/op
WorkloadResult  22: 6400 op, 199231250.00 ns, 31.1299 us/op
WorkloadResult  23: 6400 op, 178415450.00 ns, 27.8774 us/op
WorkloadResult  24: 6400 op, 198545450.00 ns, 31.0227 us/op
WorkloadResult  25: 6400 op, 195814950.00 ns, 30.5961 us/op
WorkloadResult  26: 6400 op, 197190550.00 ns, 30.8110 us/op
WorkloadResult  27: 6400 op, 196870850.00 ns, 30.7611 us/op
WorkloadResult  28: 6400 op, 156223150.00 ns, 24.4099 us/op
WorkloadResult  29: 6400 op, 125490250.00 ns, 19.6079 us/op
WorkloadResult  30: 6400 op, 135515350.00 ns, 21.1743 us/op
WorkloadResult  31: 6400 op, 133521450.00 ns, 20.8627 us/op
WorkloadResult  32: 6400 op, 126995750.00 ns, 19.8431 us/op
WorkloadResult  33: 6400 op, 130806250.00 ns, 20.4385 us/op
WorkloadResult  34: 6400 op, 126069850.00 ns, 19.6984 us/op
WorkloadResult  35: 6400 op, 133351450.00 ns, 20.8362 us/op
WorkloadResult  36: 6400 op, 128330250.00 ns, 20.0516 us/op
WorkloadResult  37: 6400 op, 126242450.00 ns, 19.7254 us/op
WorkloadResult  38: 6400 op, 138833550.00 ns, 21.6927 us/op
WorkloadResult  39: 6400 op, 132737050.00 ns, 20.7402 us/op
WorkloadResult  40: 6400 op, 125394550.00 ns, 19.5929 us/op
WorkloadResult  41: 6400 op, 126177250.00 ns, 19.7152 us/op
WorkloadResult  42: 6400 op, 128554050.00 ns, 20.0866 us/op
WorkloadResult  43: 6400 op, 133107150.00 ns, 20.7980 us/op
WorkloadResult  44: 6400 op, 126634050.00 ns, 19.7866 us/op
WorkloadResult  45: 6400 op, 125325250.00 ns, 19.5821 us/op
WorkloadResult  46: 6400 op, 130370750.00 ns, 20.3704 us/op
WorkloadResult  47: 6400 op, 127116850.00 ns, 19.8620 us/op
WorkloadResult  48: 6400 op, 125376750.00 ns, 19.5901 us/op
WorkloadResult  49: 6400 op, 128016650.00 ns, 20.0026 us/op
WorkloadResult  50: 6400 op, 129257150.00 ns, 20.1964 us/op
WorkloadResult  51: 6400 op, 145378850.00 ns, 22.7154 us/op
WorkloadResult  52: 6400 op, 126003150.00 ns, 19.6880 us/op
WorkloadResult  53: 6400 op, 124850050.00 ns, 19.5078 us/op
WorkloadResult  54: 6400 op, 136818150.00 ns, 21.3778 us/op
WorkloadResult  55: 6400 op, 146350650.00 ns, 22.8673 us/op
WorkloadResult  56: 6400 op, 127159950.00 ns, 19.8687 us/op
WorkloadResult  57: 6400 op, 126285650.00 ns, 19.7321 us/op
WorkloadResult  58: 6400 op, 134171750.00 ns, 20.9643 us/op
WorkloadResult  59: 6400 op, 135744950.00 ns, 21.2101 us/op
WorkloadResult  60: 6400 op, 129723350.00 ns, 20.2693 us/op
WorkloadResult  61: 6400 op, 136502250.00 ns, 21.3285 us/op
WorkloadResult  62: 6400 op, 126264850.00 ns, 19.7289 us/op
WorkloadResult  63: 6400 op, 130712250.00 ns, 20.4238 us/op
WorkloadResult  64: 6400 op, 133217450.00 ns, 20.8152 us/op
WorkloadResult  65: 6400 op, 126131350.00 ns, 19.7080 us/op
WorkloadResult  66: 6400 op, 130655850.00 ns, 20.4150 us/op
WorkloadResult  67: 6400 op, 126355250.00 ns, 19.7430 us/op
WorkloadResult  68: 6400 op, 135173350.00 ns, 21.1208 us/op
WorkloadResult  69: 6400 op, 140598250.00 ns, 21.9685 us/op
WorkloadResult  70: 6400 op, 127051150.00 ns, 19.8517 us/op
WorkloadResult  71: 6400 op, 125972050.00 ns, 19.6831 us/op
WorkloadResult  72: 6400 op, 129602350.00 ns, 20.2504 us/op
WorkloadResult  73: 6400 op, 147161450.00 ns, 22.9940 us/op
WorkloadResult  74: 6400 op, 126660150.00 ns, 19.7906 us/op
WorkloadResult  75: 6400 op, 124149450.00 ns, 19.3984 us/op
WorkloadResult  76: 6400 op, 131058350.00 ns, 20.4779 us/op
WorkloadResult  77: 6400 op, 125206550.00 ns, 19.5635 us/op
WorkloadResult  78: 6400 op, 126013850.00 ns, 19.6897 us/op
WorkloadResult  79: 6400 op, 127345550.00 ns, 19.8977 us/op
WorkloadResult  80: 6400 op, 137407650.00 ns, 21.4699 us/op
WorkloadResult  81: 6400 op, 149893350.00 ns, 23.4208 us/op
WorkloadResult  82: 6400 op, 127172450.00 ns, 19.8707 us/op
WorkloadResult  83: 6400 op, 125032850.00 ns, 19.5364 us/op
WorkloadResult  84: 6400 op, 142851750.00 ns, 22.3206 us/op
WorkloadResult  85: 6400 op, 133616250.00 ns, 20.8775 us/op
WorkloadResult  86: 6400 op, 130183950.00 ns, 20.3412 us/op
WorkloadResult  87: 6400 op, 124903250.00 ns, 19.5161 us/op
WorkloadResult  88: 6400 op, 130287350.00 ns, 20.3574 us/op
WorkloadResult  89: 6400 op, 125158050.00 ns, 19.5559 us/op
WorkloadResult  90: 6400 op, 127674750.00 ns, 19.9492 us/op
WorkloadResult  91: 6400 op, 129222150.00 ns, 20.1910 us/op
WorkloadResult  92: 6400 op, 146274150.00 ns, 22.8553 us/op
WorkloadResult  93: 6400 op, 130341950.00 ns, 20.3659 us/op
WorkloadResult  94: 6400 op, 143568950.00 ns, 22.4326 us/op
WorkloadResult  95: 6400 op, 126146950.00 ns, 19.7105 us/op
WorkloadResult  96: 6400 op, 134478750.00 ns, 21.0123 us/op
WorkloadResult  97: 6400 op, 147019450.00 ns, 22.9718 us/op
WorkloadResult  98: 6400 op, 129427850.00 ns, 20.2231 us/op
WorkloadResult  99: 6400 op, 133390350.00 ns, 20.8422 us/op
WorkloadResult  100: 6400 op, 126233950.00 ns, 19.7241 us/op
// GC:  5 0 0 300767872 6400
// Threading:  0 0 6400
// Exceptions:  1.82

// AfterAll
// Benchmark Process 55480 has exited with code 0.

Mean = 23.558 us, StdErr = 0.512 us (2.17%), N = 100, StdDev = 5.121 us
Min = 19.398 us, Q1 = 19.850 us, Median = 20.826 us, Q3 = 28.065 us, Max = 34.722 us
IQR = 8.215 us, LowerFence = 7.527 us, UpperFence = 40.388 us
ConfidenceInterval = [21.821 us; 25.294 us] (CI 99.9%), Margin = 1.737 us (7.37% of Mean)
Skewness = 1.02, Kurtosis = 2.27, MValue = 2.6

// ** Remained 8 (38.1%) benchmark(s) to run. Estimated finish 2026-09-21 11:58 (0h 2m from now) **
Setup power plan (GUID: 8c5e7fda-e8bf-4a96-9a85-a6e23a8c635c FriendlyName: High performance)
// **************************
// Benchmark: ScriptDomBenchmarks.'Grammar walked': DefaultJob [Size=medium]
// *** Execute ***
// Launch: 1 / 1
// Execute: dotnet DotGram.Benchmarks-DefaultJob-1.dll --anonymousPipes 3672 3688 --benchmarkName "DotGram.Benchmarks.ScriptDomBenchmarks.GrammarWalked(Size: \"medium\")" --job Default --benchmarkId 13 in P:\dotgram.WorkTrees\sql\benchmarks\DotGram.Benchmarks\bin\Release\net10.0\DotGram.Benchmarks-DefaultJob-1\bin\Release\net10.0
// BeforeAnythingElse

// Benchmark Process Environment Information:
// BenchmarkDotNet v0.15.8
// Runtime=.NET 10.0.12 (10.0.12, 10.0.1226.42308), X64 RyuJIT x86-64-v4
// GC=Concurrent Workstation
// HardwareIntrinsics=AVX512 BITALG+VBMI2+VNNI+VPOPCNTDQ,AVX512 IFMA+VBMI,AVX512 F+BW+CD+DQ+VL,AVX2+BMI1+BMI2+F16C+FMA+LZCNT+MOVBE,AVX,SSE3+SSSE3+SSE4.1+SSE4.2+POPCNT,X86Base+SSE+SSE2,AES+PCLMUL,AvxVnni VectorSize=256
// Job: DefaultJob

ScriptDom 18.0.102.0+9d1d1c1d.9d1d1c1d062bd900ad9cac5e4e05bdf950d5a229, quoted identifiers on, 7716 statements both parsers read, 5348 short, 2116 medium, 252 long
statement length: p50 71, p75 113, p90 179, p95 251, p99 651, max 4200
OverheadJitting  1: 200 op, 135600.00 ns, 678.0000 ns/op
WorkloadJitting  1: 200 op, 9672700.00 ns, 48.3635 us/op

OverheadJitting  2: 3200 op, 231700.00 ns, 72.4063 ns/op
WorkloadJitting  2: 3200 op, 41400300.00 ns, 12.9376 us/op

WorkloadPilot    1: 3200 op, 39516200.00 ns, 12.3488 us/op
WorkloadPilot    2: 6400 op, 77576300.00 ns, 12.1213 us/op
WorkloadPilot    3: 12800 op, 177889200.00 ns, 13.8976 us/op
WorkloadPilot    4: 25600 op, 348961800.00 ns, 13.6313 us/op
WorkloadPilot    5: 51200 op, 427896300.00 ns, 8.3573 us/op
WorkloadPilot    6: 102400 op, 711375300.00 ns, 6.9470 us/op

OverheadWarmup   1: 102400 op, 2100.00 ns, 0.0205 ns/op
OverheadWarmup   2: 102400 op, 1400.00 ns, 0.0137 ns/op
OverheadWarmup   3: 102400 op, 1100.00 ns, 0.0107 ns/op
OverheadWarmup   4: 102400 op, 1200.00 ns, 0.0117 ns/op
OverheadWarmup   5: 102400 op, 1300.00 ns, 0.0127 ns/op
OverheadWarmup   6: 102400 op, 1300.00 ns, 0.0127 ns/op
OverheadWarmup   7: 102400 op, 1300.00 ns, 0.0127 ns/op
OverheadWarmup   8: 102400 op, 1100.00 ns, 0.0107 ns/op

OverheadActual   1: 102400 op, 1300.00 ns, 0.0127 ns/op
OverheadActual   2: 102400 op, 1300.00 ns, 0.0127 ns/op
OverheadActual   3: 102400 op, 1300.00 ns, 0.0127 ns/op
OverheadActual   4: 102400 op, 1100.00 ns, 0.0107 ns/op
OverheadActual   5: 102400 op, 1200.00 ns, 0.0117 ns/op
OverheadActual   6: 102400 op, 1100.00 ns, 0.0107 ns/op
OverheadActual   7: 102400 op, 1000.00 ns, 0.0098 ns/op
OverheadActual   8: 102400 op, 1000.00 ns, 0.0098 ns/op
OverheadActual   9: 102400 op, 1000.00 ns, 0.0098 ns/op
OverheadActual  10: 102400 op, 1100.00 ns, 0.0107 ns/op
OverheadActual  11: 102400 op, 1100.00 ns, 0.0107 ns/op
OverheadActual  12: 102400 op, 1000.00 ns, 0.0098 ns/op
OverheadActual  13: 102400 op, 1100.00 ns, 0.0107 ns/op
OverheadActual  14: 102400 op, 1300.00 ns, 0.0127 ns/op
OverheadActual  15: 102400 op, 1100.00 ns, 0.0107 ns/op
OverheadActual  16: 102400 op, 1000.00 ns, 0.0098 ns/op
OverheadActual  17: 102400 op, 1000.00 ns, 0.0098 ns/op
OverheadActual  18: 102400 op, 1200.00 ns, 0.0117 ns/op
OverheadActual  19: 102400 op, 1100.00 ns, 0.0107 ns/op
OverheadActual  20: 102400 op, 1000.00 ns, 0.0098 ns/op

WorkloadWarmup   1: 102400 op, 519311900.00 ns, 5.0714 us/op
WorkloadWarmup   2: 102400 op, 669211600.00 ns, 6.5353 us/op
WorkloadWarmup   3: 102400 op, 646525500.00 ns, 6.3137 us/op
WorkloadWarmup   4: 102400 op, 512751600.00 ns, 5.0073 us/op
WorkloadWarmup   5: 102400 op, 385354600.00 ns, 3.7632 us/op
WorkloadWarmup   6: 102400 op, 389047900.00 ns, 3.7993 us/op
WorkloadWarmup   7: 102400 op, 390061400.00 ns, 3.8092 us/op
WorkloadWarmup   8: 102400 op, 430138600.00 ns, 4.2006 us/op
WorkloadWarmup   9: 102400 op, 386447000.00 ns, 3.7739 us/op

// BeforeActualRun
WorkloadActual   1: 102400 op, 400308600.00 ns, 3.9093 us/op
WorkloadActual   2: 102400 op, 393793600.00 ns, 3.8456 us/op
WorkloadActual   3: 102400 op, 412069100.00 ns, 4.0241 us/op
WorkloadActual   4: 102400 op, 391804800.00 ns, 3.8262 us/op
WorkloadActual   5: 102400 op, 387925900.00 ns, 3.7883 us/op
WorkloadActual   6: 102400 op, 391501500.00 ns, 3.8233 us/op
WorkloadActual   7: 102400 op, 396258100.00 ns, 3.8697 us/op
WorkloadActual   8: 102400 op, 401615000.00 ns, 3.9220 us/op
WorkloadActual   9: 102400 op, 401346100.00 ns, 3.9194 us/op
WorkloadActual  10: 102400 op, 406780600.00 ns, 3.9725 us/op
WorkloadActual  11: 102400 op, 390388300.00 ns, 3.8124 us/op
WorkloadActual  12: 102400 op, 398504400.00 ns, 3.8916 us/op
WorkloadActual  13: 102400 op, 392797700.00 ns, 3.8359 us/op
WorkloadActual  14: 102400 op, 395464100.00 ns, 3.8620 us/op
WorkloadActual  15: 102400 op, 413153200.00 ns, 4.0347 us/op
WorkloadActual  16: 102400 op, 396056500.00 ns, 3.8677 us/op

// AfterActualRun
WorkloadResult   1: 102400 op, 400307500.00 ns, 3.9093 us/op
WorkloadResult   2: 102400 op, 393792500.00 ns, 3.8456 us/op
WorkloadResult   3: 102400 op, 412068000.00 ns, 4.0241 us/op
WorkloadResult   4: 102400 op, 391803700.00 ns, 3.8262 us/op
WorkloadResult   5: 102400 op, 387924800.00 ns, 3.7883 us/op
WorkloadResult   6: 102400 op, 391500400.00 ns, 3.8232 us/op
WorkloadResult   7: 102400 op, 396257000.00 ns, 3.8697 us/op
WorkloadResult   8: 102400 op, 401613900.00 ns, 3.9220 us/op
WorkloadResult   9: 102400 op, 401345000.00 ns, 3.9194 us/op
WorkloadResult  10: 102400 op, 406779500.00 ns, 3.9725 us/op
WorkloadResult  11: 102400 op, 390387200.00 ns, 3.8124 us/op
WorkloadResult  12: 102400 op, 398503300.00 ns, 3.8916 us/op
WorkloadResult  13: 102400 op, 392796600.00 ns, 3.8359 us/op
WorkloadResult  14: 102400 op, 395463000.00 ns, 3.8619 us/op
WorkloadResult  15: 102400 op, 413152100.00 ns, 4.0347 us/op
WorkloadResult  16: 102400 op, 396055400.00 ns, 3.8677 us/op
// GC:  4 0 0 219869184 102400
// Threading:  0 0 102400

// AfterAll
// Benchmark Process 57960 has exited with code 0.

Mean = 3.888 us, StdErr = 0.018 us (0.47%), N = 16, StdDev = 0.073 us
Min = 3.788 us, Q1 = 3.833 us, Median = 3.869 us, Q3 = 3.920 us, Max = 4.035 us
IQR = 0.087 us, LowerFence = 3.704 us, UpperFence = 4.050 us
ConfidenceInterval = [3.814 us; 3.962 us] (CI 99.9%), Margin = 0.074 us (1.91% of Mean)
Skewness = 0.69, Kurtosis = 2.32, MValue = 2

// ** Remained 7 (33.3%) benchmark(s) to run. Estimated finish 2026-09-21 11:58 (0h 1m from now) **
Setup power plan (GUID: 8c5e7fda-e8bf-4a96-9a85-a6e23a8c635c FriendlyName: High performance)
// **************************
// Benchmark: ScriptDomBenchmarks.Tokens: DefaultJob [Size=short]
// *** Execute ***
// Launch: 1 / 1
// Execute: dotnet DotGram.Benchmarks-DefaultJob-1.dll --anonymousPipes 3660 3720 --benchmarkName "DotGram.Benchmarks.ScriptDomBenchmarks.Tokens(Size: \"short\")" --job Default --benchmarkId 14 in P:\dotgram.WorkTrees\sql\benchmarks\DotGram.Benchmarks\bin\Release\net10.0\DotGram.Benchmarks-DefaultJob-1\bin\Release\net10.0
// BeforeAnythingElse

// Benchmark Process Environment Information:
// BenchmarkDotNet v0.15.8
// Runtime=.NET 10.0.12 (10.0.12, 10.0.1226.42308), X64 RyuJIT x86-64-v4
// GC=Concurrent Workstation
// HardwareIntrinsics=AVX512 BITALG+VBMI2+VNNI+VPOPCNTDQ,AVX512 IFMA+VBMI,AVX512 F+BW+CD+DQ+VL,AVX2+BMI1+BMI2+F16C+FMA+LZCNT+MOVBE,AVX,SSE3+SSSE3+SSE4.1+SSE4.2+POPCNT,X86Base+SSE+SSE2,AES+PCLMUL,AvxVnni VectorSize=256
// Job: DefaultJob

ScriptDom 18.0.102.0+9d1d1c1d.9d1d1c1d062bd900ad9cac5e4e05bdf950d5a229, quoted identifiers on, 7716 statements both parsers read, 5348 short, 2116 medium, 252 long
statement length: p50 71, p75 113, p90 179, p95 251, p99 651, max 4200
OverheadJitting  1: 200 op, 133200.00 ns, 666.0000 ns/op
WorkloadJitting  1: 200 op, 4061400.00 ns, 20.3070 us/op

OverheadJitting  2: 3200 op, 459600.00 ns, 143.6250 ns/op
WorkloadJitting  2: 3200 op, 60771100.00 ns, 18.9910 us/op

WorkloadPilot    1: 3200 op, 59542700.00 ns, 18.6071 us/op
WorkloadPilot    2: 6400 op, 116620700.00 ns, 18.2220 us/op
WorkloadPilot    3: 12800 op, 259079700.00 ns, 20.2406 us/op
WorkloadPilot    4: 25600 op, 356621700.00 ns, 13.9305 us/op
WorkloadPilot    5: 51200 op, 322187900.00 ns, 6.2927 us/op
WorkloadPilot    6: 102400 op, 658318400.00 ns, 6.4289 us/op

OverheadWarmup   1: 102400 op, 1800.00 ns, 0.0176 ns/op
OverheadWarmup   2: 102400 op, 1000.00 ns, 0.0098 ns/op
OverheadWarmup   3: 102400 op, 800.00 ns, 0.0078 ns/op
OverheadWarmup   4: 102400 op, 800.00 ns, 0.0078 ns/op
OverheadWarmup   5: 102400 op, 1100.00 ns, 0.0107 ns/op
OverheadWarmup   6: 102400 op, 900.00 ns, 0.0088 ns/op
OverheadWarmup   7: 102400 op, 1300.00 ns, 0.0127 ns/op

OverheadActual   1: 102400 op, 1300.00 ns, 0.0127 ns/op
OverheadActual   2: 102400 op, 1200.00 ns, 0.0117 ns/op
OverheadActual   3: 102400 op, 1300.00 ns, 0.0127 ns/op
OverheadActual   4: 102400 op, 1100.00 ns, 0.0107 ns/op
OverheadActual   5: 102400 op, 1300.00 ns, 0.0127 ns/op
OverheadActual   6: 102400 op, 1000.00 ns, 0.0098 ns/op
OverheadActual   7: 102400 op, 1000.00 ns, 0.0098 ns/op
OverheadActual   8: 102400 op, 900.00 ns, 0.0088 ns/op
OverheadActual   9: 102400 op, 1100.00 ns, 0.0107 ns/op
OverheadActual  10: 102400 op, 1100.00 ns, 0.0107 ns/op
OverheadActual  11: 102400 op, 900.00 ns, 0.0088 ns/op
OverheadActual  12: 102400 op, 1000.00 ns, 0.0098 ns/op
OverheadActual  13: 102400 op, 1200.00 ns, 0.0117 ns/op
OverheadActual  14: 102400 op, 900.00 ns, 0.0088 ns/op
OverheadActual  15: 102400 op, 1000.00 ns, 0.0098 ns/op
OverheadActual  16: 102400 op, 1000.00 ns, 0.0098 ns/op
OverheadActual  17: 102400 op, 1100.00 ns, 0.0107 ns/op
OverheadActual  18: 102400 op, 1200.00 ns, 0.0117 ns/op
OverheadActual  19: 102400 op, 1500.00 ns, 0.0146 ns/op
OverheadActual  20: 102400 op, 1500.00 ns, 0.0146 ns/op

WorkloadWarmup   1: 102400 op, 743822500.00 ns, 7.2639 us/op
WorkloadWarmup   2: 102400 op, 701770700.00 ns, 6.8532 us/op
WorkloadWarmup   3: 102400 op, 687043700.00 ns, 6.7094 us/op
WorkloadWarmup   4: 102400 op, 676525500.00 ns, 6.6067 us/op
WorkloadWarmup   5: 102400 op, 678608500.00 ns, 6.6270 us/op
WorkloadWarmup   6: 102400 op, 689440400.00 ns, 6.7328 us/op
WorkloadWarmup   7: 102400 op, 688186100.00 ns, 6.7206 us/op
WorkloadWarmup   8: 102400 op, 704078500.00 ns, 6.8758 us/op
WorkloadWarmup   9: 102400 op, 698416500.00 ns, 6.8205 us/op

// BeforeActualRun
WorkloadActual   1: 102400 op, 684460400.00 ns, 6.6842 us/op
WorkloadActual   2: 102400 op, 680144200.00 ns, 6.6420 us/op
WorkloadActual   3: 102400 op, 711306700.00 ns, 6.9464 us/op
WorkloadActual   4: 102400 op, 671723900.00 ns, 6.5598 us/op
WorkloadActual   5: 102400 op, 677912400.00 ns, 6.6202 us/op
WorkloadActual   6: 102400 op, 687635500.00 ns, 6.7152 us/op
WorkloadActual   7: 102400 op, 698021700.00 ns, 6.8166 us/op
WorkloadActual   8: 102400 op, 682799300.00 ns, 6.6680 us/op
WorkloadActual   9: 102400 op, 695647500.00 ns, 6.7934 us/op
WorkloadActual  10: 102400 op, 674277900.00 ns, 6.5847 us/op
WorkloadActual  11: 102400 op, 675530400.00 ns, 6.5970 us/op
WorkloadActual  12: 102400 op, 675261700.00 ns, 6.5944 us/op
WorkloadActual  13: 102400 op, 681567200.00 ns, 6.6559 us/op
WorkloadActual  14: 102400 op, 694325300.00 ns, 6.7805 us/op
WorkloadActual  15: 102400 op, 705515100.00 ns, 6.8898 us/op

// AfterActualRun
WorkloadResult   1: 102400 op, 684459300.00 ns, 6.6842 us/op
WorkloadResult   2: 102400 op, 680143100.00 ns, 6.6420 us/op
WorkloadResult   3: 102400 op, 711305600.00 ns, 6.9463 us/op
WorkloadResult   4: 102400 op, 671722800.00 ns, 6.5598 us/op
WorkloadResult   5: 102400 op, 677911300.00 ns, 6.6202 us/op
WorkloadResult   6: 102400 op, 687634400.00 ns, 6.7152 us/op
WorkloadResult   7: 102400 op, 698020600.00 ns, 6.8166 us/op
WorkloadResult   8: 102400 op, 682798200.00 ns, 6.6680 us/op
WorkloadResult   9: 102400 op, 695646400.00 ns, 6.7934 us/op
WorkloadResult  10: 102400 op, 674276800.00 ns, 6.5847 us/op
WorkloadResult  11: 102400 op, 675529300.00 ns, 6.5970 us/op
WorkloadResult  12: 102400 op, 675260600.00 ns, 6.5943 us/op
WorkloadResult  13: 102400 op, 681566100.00 ns, 6.6559 us/op
WorkloadResult  14: 102400 op, 694324200.00 ns, 6.7805 us/op
WorkloadResult  15: 102400 op, 705514000.00 ns, 6.8898 us/op
// GC:  74 6 0 3727212544 102400
// Threading:  0 0 102400
// Exceptions:  0.765

// AfterAll
// Benchmark Process 43768 has exited with code 0.

Mean = 6.703 us, StdErr = 0.030 us (0.45%), N = 15, StdDev = 0.117 us
Min = 6.560 us, Q1 = 6.609 us, Median = 6.668 us, Q3 = 6.787 us, Max = 6.946 us
IQR = 0.178 us, LowerFence = 6.341 us, UpperFence = 7.055 us
ConfidenceInterval = [6.578 us; 6.829 us] (CI 99.9%), Margin = 0.126 us (1.87% of Mean)
Skewness = 0.64, Kurtosis = 2.07, MValue = 2

// ** Remained 6 (28.6%) benchmark(s) to run. Estimated finish 2026-09-21 11:58 (0h 1m from now) **
Setup power plan (GUID: 8c5e7fda-e8bf-4a96-9a85-a6e23a8c635c FriendlyName: High performance)
// **************************
// Benchmark: ScriptDomBenchmarks.Tree: DefaultJob [Size=short]
// *** Execute ***
// Launch: 1 / 1
// Execute: dotnet DotGram.Benchmarks-DefaultJob-1.dll --anonymousPipes 3820 3704 --benchmarkName "DotGram.Benchmarks.ScriptDomBenchmarks.Tree(Size: \"short\")" --job Default --benchmarkId 15 in P:\dotgram.WorkTrees\sql\benchmarks\DotGram.Benchmarks\bin\Release\net10.0\DotGram.Benchmarks-DefaultJob-1\bin\Release\net10.0
// BeforeAnythingElse

// Benchmark Process Environment Information:
// BenchmarkDotNet v0.15.8
// Runtime=.NET 10.0.12 (10.0.12, 10.0.1226.42308), X64 RyuJIT x86-64-v4
// GC=Concurrent Workstation
// HardwareIntrinsics=AVX512 BITALG+VBMI2+VNNI+VPOPCNTDQ,AVX512 IFMA+VBMI,AVX512 F+BW+CD+DQ+VL,AVX2+BMI1+BMI2+F16C+FMA+LZCNT+MOVBE,AVX,SSE3+SSSE3+SSE4.1+SSE4.2+POPCNT,X86Base+SSE+SSE2,AES+PCLMUL,AvxVnni VectorSize=256
// Job: DefaultJob

ScriptDom 18.0.102.0+9d1d1c1d.9d1d1c1d062bd900ad9cac5e4e05bdf950d5a229, quoted identifiers on, 7716 statements both parsers read, 5348 short, 2116 medium, 252 long
statement length: p50 71, p75 113, p90 179, p95 251, p99 651, max 4200
OverheadJitting  1: 200 op, 131800.00 ns, 659.0000 ns/op
WorkloadJitting  1: 200 op, 6243200.00 ns, 31.2160 us/op

OverheadJitting  2: 3200 op, 238200.00 ns, 74.4375 ns/op
WorkloadJitting  2: 3200 op, 94725400.00 ns, 29.6017 us/op

WorkloadPilot    1: 3200 op, 92164000.00 ns, 28.8013 us/op
WorkloadPilot    2: 6400 op, 182095200.00 ns, 28.4524 us/op
WorkloadPilot    3: 12800 op, 554689000.00 ns, 43.3351 us/op

OverheadWarmup   1: 12800 op, 1400.00 ns, 0.1094 ns/op
OverheadWarmup   2: 12800 op, 200.00 ns, 0.0156 ns/op
OverheadWarmup   3: 12800 op, 100.00 ns, 0.0078 ns/op
OverheadWarmup   4: 12800 op, 200.00 ns, 0.0156 ns/op
OverheadWarmup   5: 12800 op, 200.00 ns, 0.0156 ns/op
OverheadWarmup   6: 12800 op, 100.00 ns, 0.0078 ns/op
OverheadWarmup   7: 12800 op, 100.00 ns, 0.0078 ns/op

OverheadActual   1: 12800 op, 400.00 ns, 0.0313 ns/op
OverheadActual   2: 12800 op, 400.00 ns, 0.0313 ns/op
OverheadActual   3: 12800 op, 400.00 ns, 0.0313 ns/op
OverheadActual   4: 12800 op, 200.00 ns, 0.0156 ns/op
OverheadActual   5: 12800 op, 400.00 ns, 0.0313 ns/op
OverheadActual   6: 12800 op, 200.00 ns, 0.0156 ns/op
OverheadActual   7: 12800 op, 200.00 ns, 0.0156 ns/op
OverheadActual   8: 12800 op, 100.00 ns, 0.0078 ns/op
OverheadActual   9: 12800 op, 200.00 ns, 0.0156 ns/op
OverheadActual  10: 12800 op, 100.00 ns, 0.0078 ns/op
OverheadActual  11: 12800 op, 100.00 ns, 0.0078 ns/op
OverheadActual  12: 12800 op, 400.00 ns, 0.0313 ns/op
OverheadActual  13: 12800 op, 200.00 ns, 0.0156 ns/op
OverheadActual  14: 12800 op, 200.00 ns, 0.0156 ns/op
OverheadActual  15: 12800 op, 200.00 ns, 0.0156 ns/op
OverheadActual  16: 12800 op, 200.00 ns, 0.0156 ns/op
OverheadActual  17: 12800 op, 100.00 ns, 0.0078 ns/op
OverheadActual  18: 12800 op, 400.00 ns, 0.0313 ns/op
OverheadActual  19: 12800 op, 200.00 ns, 0.0156 ns/op
OverheadActual  20: 12800 op, 900.00 ns, 0.0703 ns/op

WorkloadWarmup   1: 12800 op, 502559300.00 ns, 39.2624 us/op
WorkloadWarmup   2: 12800 op, 416504600.00 ns, 32.5394 us/op
WorkloadWarmup   3: 12800 op, 276884800.00 ns, 21.6316 us/op
WorkloadWarmup   4: 12800 op, 220222900.00 ns, 17.2049 us/op
WorkloadWarmup   5: 12800 op, 234790800.00 ns, 18.3430 us/op
WorkloadWarmup   6: 12800 op, 263895400.00 ns, 20.6168 us/op
WorkloadWarmup   7: 12800 op, 265268900.00 ns, 20.7241 us/op
WorkloadWarmup   8: 12800 op, 241421800.00 ns, 18.8611 us/op
WorkloadWarmup   9: 12800 op, 236910700.00 ns, 18.5086 us/op
WorkloadWarmup  10: 12800 op, 247485500.00 ns, 19.3348 us/op
WorkloadWarmup  11: 12800 op, 233327300.00 ns, 18.2287 us/op

// BeforeActualRun
WorkloadActual   1: 12800 op, 194338900.00 ns, 15.1827 us/op
WorkloadActual   2: 12800 op, 207531500.00 ns, 16.2134 us/op
WorkloadActual   3: 12800 op, 200711900.00 ns, 15.6806 us/op
WorkloadActual   4: 12800 op, 236407300.00 ns, 18.4693 us/op
WorkloadActual   5: 12800 op, 232406600.00 ns, 18.1568 us/op
WorkloadActual   6: 12800 op, 230649400.00 ns, 18.0195 us/op
WorkloadActual   7: 12800 op, 230347300.00 ns, 17.9959 us/op
WorkloadActual   8: 12800 op, 225331000.00 ns, 17.6040 us/op
WorkloadActual   9: 12800 op, 225637400.00 ns, 17.6279 us/op
WorkloadActual  10: 12800 op, 224474700.00 ns, 17.5371 us/op
WorkloadActual  11: 12800 op, 225277400.00 ns, 17.5998 us/op
WorkloadActual  12: 12800 op, 185372800.00 ns, 14.4823 us/op
WorkloadActual  13: 12800 op, 223345000.00 ns, 17.4488 us/op
WorkloadActual  14: 12800 op, 222615700.00 ns, 17.3919 us/op
WorkloadActual  15: 12800 op, 206172200.00 ns, 16.1072 us/op
WorkloadActual  16: 12800 op, 150615500.00 ns, 11.7668 us/op
WorkloadActual  17: 12800 op, 140450600.00 ns, 10.9727 us/op
WorkloadActual  18: 12800 op, 137399600.00 ns, 10.7343 us/op
WorkloadActual  19: 12800 op, 140099400.00 ns, 10.9453 us/op
WorkloadActual  20: 12800 op, 141797600.00 ns, 11.0779 us/op
WorkloadActual  21: 12800 op, 155377900.00 ns, 12.1389 us/op
WorkloadActual  22: 12800 op, 145296700.00 ns, 11.3513 us/op
WorkloadActual  23: 12800 op, 149071100.00 ns, 11.6462 us/op
WorkloadActual  24: 12800 op, 138679500.00 ns, 10.8343 us/op
WorkloadActual  25: 12800 op, 139112500.00 ns, 10.8682 us/op
WorkloadActual  26: 12800 op, 144501300.00 ns, 11.2892 us/op
WorkloadActual  27: 12800 op, 140913200.00 ns, 11.0088 us/op
WorkloadActual  28: 12800 op, 141115100.00 ns, 11.0246 us/op
WorkloadActual  29: 12800 op, 140020400.00 ns, 10.9391 us/op
WorkloadActual  30: 12800 op, 142918100.00 ns, 11.1655 us/op
WorkloadActual  31: 12800 op, 141719400.00 ns, 11.0718 us/op
WorkloadActual  32: 12800 op, 137822600.00 ns, 10.7674 us/op
WorkloadActual  33: 12800 op, 147599200.00 ns, 11.5312 us/op
WorkloadActual  34: 12800 op, 148442000.00 ns, 11.5970 us/op
WorkloadActual  35: 12800 op, 142357800.00 ns, 11.1217 us/op
WorkloadActual  36: 12800 op, 145391900.00 ns, 11.3587 us/op
WorkloadActual  37: 12800 op, 157510000.00 ns, 12.3055 us/op
WorkloadActual  38: 12800 op, 138655900.00 ns, 10.8325 us/op
WorkloadActual  39: 12800 op, 141687100.00 ns, 11.0693 us/op
WorkloadActual  40: 12800 op, 143887300.00 ns, 11.2412 us/op
WorkloadActual  41: 12800 op, 140583600.00 ns, 10.9831 us/op
WorkloadActual  42: 12800 op, 142155200.00 ns, 11.1059 us/op
WorkloadActual  43: 12800 op, 141500800.00 ns, 11.0548 us/op
WorkloadActual  44: 12800 op, 137289700.00 ns, 10.7258 us/op
WorkloadActual  45: 12800 op, 149211500.00 ns, 11.6571 us/op
WorkloadActual  46: 12800 op, 140522800.00 ns, 10.9783 us/op
WorkloadActual  47: 12800 op, 140229800.00 ns, 10.9555 us/op
WorkloadActual  48: 12800 op, 141127300.00 ns, 11.0256 us/op
WorkloadActual  49: 12800 op, 138302000.00 ns, 10.8048 us/op
WorkloadActual  50: 12800 op, 139385200.00 ns, 10.8895 us/op
WorkloadActual  51: 12800 op, 141285200.00 ns, 11.0379 us/op
WorkloadActual  52: 12800 op, 148869800.00 ns, 11.6305 us/op
WorkloadActual  53: 12800 op, 138644300.00 ns, 10.8316 us/op
WorkloadActual  54: 12800 op, 138946900.00 ns, 10.8552 us/op
WorkloadActual  55: 12800 op, 139774700.00 ns, 10.9199 us/op
WorkloadActual  56: 12800 op, 138700700.00 ns, 10.8360 us/op
WorkloadActual  57: 12800 op, 139797800.00 ns, 10.9217 us/op
WorkloadActual  58: 12800 op, 139965300.00 ns, 10.9348 us/op
WorkloadActual  59: 12800 op, 141716100.00 ns, 11.0716 us/op
WorkloadActual  60: 12800 op, 140460200.00 ns, 10.9735 us/op
WorkloadActual  61: 12800 op, 148979200.00 ns, 11.6390 us/op

// AfterActualRun
WorkloadResult   1: 12800 op, 150615300.00 ns, 11.7668 us/op
WorkloadResult   2: 12800 op, 140450400.00 ns, 10.9727 us/op
WorkloadResult   3: 12800 op, 137399400.00 ns, 10.7343 us/op
WorkloadResult   4: 12800 op, 140099200.00 ns, 10.9453 us/op
WorkloadResult   5: 12800 op, 141797400.00 ns, 11.0779 us/op
WorkloadResult   6: 12800 op, 155377700.00 ns, 12.1389 us/op
WorkloadResult   7: 12800 op, 145296500.00 ns, 11.3513 us/op
WorkloadResult   8: 12800 op, 149070900.00 ns, 11.6462 us/op
WorkloadResult   9: 12800 op, 138679300.00 ns, 10.8343 us/op
WorkloadResult  10: 12800 op, 139112300.00 ns, 10.8681 us/op
WorkloadResult  11: 12800 op, 144501100.00 ns, 11.2891 us/op
WorkloadResult  12: 12800 op, 140913000.00 ns, 11.0088 us/op
WorkloadResult  13: 12800 op, 141114900.00 ns, 11.0246 us/op
WorkloadResult  14: 12800 op, 140020200.00 ns, 10.9391 us/op
WorkloadResult  15: 12800 op, 142917900.00 ns, 11.1655 us/op
WorkloadResult  16: 12800 op, 141719200.00 ns, 11.0718 us/op
WorkloadResult  17: 12800 op, 137822400.00 ns, 10.7674 us/op
WorkloadResult  18: 12800 op, 147599000.00 ns, 11.5312 us/op
WorkloadResult  19: 12800 op, 148441800.00 ns, 11.5970 us/op
WorkloadResult  20: 12800 op, 142357600.00 ns, 11.1217 us/op
WorkloadResult  21: 12800 op, 145391700.00 ns, 11.3587 us/op
WorkloadResult  22: 12800 op, 157509800.00 ns, 12.3055 us/op
WorkloadResult  23: 12800 op, 138655700.00 ns, 10.8325 us/op
WorkloadResult  24: 12800 op, 141686900.00 ns, 11.0693 us/op
WorkloadResult  25: 12800 op, 143887100.00 ns, 11.2412 us/op
WorkloadResult  26: 12800 op, 140583400.00 ns, 10.9831 us/op
WorkloadResult  27: 12800 op, 142155000.00 ns, 11.1059 us/op
WorkloadResult  28: 12800 op, 141500600.00 ns, 11.0547 us/op
WorkloadResult  29: 12800 op, 137289500.00 ns, 10.7257 us/op
WorkloadResult  30: 12800 op, 149211300.00 ns, 11.6571 us/op
WorkloadResult  31: 12800 op, 140522600.00 ns, 10.9783 us/op
WorkloadResult  32: 12800 op, 140229600.00 ns, 10.9554 us/op
WorkloadResult  33: 12800 op, 141127100.00 ns, 11.0256 us/op
WorkloadResult  34: 12800 op, 138301800.00 ns, 10.8048 us/op
WorkloadResult  35: 12800 op, 139385000.00 ns, 10.8895 us/op
WorkloadResult  36: 12800 op, 141285000.00 ns, 11.0379 us/op
WorkloadResult  37: 12800 op, 148869600.00 ns, 11.6304 us/op
WorkloadResult  38: 12800 op, 138644100.00 ns, 10.8316 us/op
WorkloadResult  39: 12800 op, 138946700.00 ns, 10.8552 us/op
WorkloadResult  40: 12800 op, 139774500.00 ns, 10.9199 us/op
WorkloadResult  41: 12800 op, 138700500.00 ns, 10.8360 us/op
WorkloadResult  42: 12800 op, 139797600.00 ns, 10.9217 us/op
WorkloadResult  43: 12800 op, 139965100.00 ns, 10.9348 us/op
WorkloadResult  44: 12800 op, 141715900.00 ns, 11.0716 us/op
WorkloadResult  45: 12800 op, 140460000.00 ns, 10.9734 us/op
WorkloadResult  46: 12800 op, 148979000.00 ns, 11.6390 us/op
// GC:  9 0 0 495103040 12800
// Threading:  0 0 12800
// Exceptions:  1.155

// AfterAll
// Benchmark Process 49968 has exited with code 0.

Mean = 11.141 us, StdErr = 0.053 us (0.48%), N = 46, StdDev = 0.361 us
Min = 10.726 us, Q1 = 10.920 us, Median = 11.025 us, Q3 = 11.277 us, Max = 12.305 us
IQR = 0.357 us, LowerFence = 10.385 us, UpperFence = 11.812 us
ConfidenceInterval = [10.954 us; 11.329 us] (CI 99.9%), Margin = 0.187 us (1.68% of Mean)
Skewness = 1.39, Kurtosis = 4.43, MValue = 2.13

// ** Remained 5 (23.8%) benchmark(s) to run. Estimated finish 2026-09-21 11:58 (0h 1m from now) **
Setup power plan (GUID: 8c5e7fda-e8bf-4a96-9a85-a6e23a8c635c FriendlyName: High performance)
// **************************
// Benchmark: ScriptDomBenchmarks.'Tree again (A/A)': DefaultJob [Size=short]
// *** Execute ***
// Launch: 1 / 1
// Execute: dotnet DotGram.Benchmarks-DefaultJob-1.dll --anonymousPipes 3708 3840 --benchmarkName "DotGram.Benchmarks.ScriptDomBenchmarks.TreeAgain(Size: \"short\")" --job Default --benchmarkId 16 in P:\dotgram.WorkTrees\sql\benchmarks\DotGram.Benchmarks\bin\Release\net10.0\DotGram.Benchmarks-DefaultJob-1\bin\Release\net10.0
// BeforeAnythingElse

// Benchmark Process Environment Information:
// BenchmarkDotNet v0.15.8
// Runtime=.NET 10.0.12 (10.0.12, 10.0.1226.42308), X64 RyuJIT x86-64-v4
// GC=Concurrent Workstation
// HardwareIntrinsics=AVX512 BITALG+VBMI2+VNNI+VPOPCNTDQ,AVX512 IFMA+VBMI,AVX512 F+BW+CD+DQ+VL,AVX2+BMI1+BMI2+F16C+FMA+LZCNT+MOVBE,AVX,SSE3+SSSE3+SSE4.1+SSE4.2+POPCNT,X86Base+SSE+SSE2,AES+PCLMUL,AvxVnni VectorSize=256
// Job: DefaultJob

ScriptDom 18.0.102.0+9d1d1c1d.9d1d1c1d062bd900ad9cac5e4e05bdf950d5a229, quoted identifiers on, 7716 statements both parsers read, 5348 short, 2116 medium, 252 long
statement length: p50 71, p75 113, p90 179, p95 251, p99 651, max 4200
OverheadJitting  1: 200 op, 132700.00 ns, 663.5000 ns/op
WorkloadJitting  1: 200 op, 6346200.00 ns, 31.7310 us/op

OverheadJitting  2: 3200 op, 227600.00 ns, 71.1250 ns/op
WorkloadJitting  2: 3200 op, 94197900.00 ns, 29.4368 us/op

WorkloadPilot    1: 3200 op, 93339900.00 ns, 29.1687 us/op
WorkloadPilot    2: 6400 op, 181914500.00 ns, 28.4241 us/op
WorkloadPilot    3: 12800 op, 516806900.00 ns, 40.3755 us/op

OverheadWarmup   1: 12800 op, 1400.00 ns, 0.1094 ns/op
OverheadWarmup   2: 12800 op, 400.00 ns, 0.0313 ns/op
OverheadWarmup   3: 12800 op, 200.00 ns, 0.0156 ns/op
OverheadWarmup   4: 12800 op, 500.00 ns, 0.0391 ns/op
OverheadWarmup   5: 12800 op, 200.00 ns, 0.0156 ns/op
OverheadWarmup   6: 12800 op, 200.00 ns, 0.0156 ns/op
OverheadWarmup   7: 12800 op, 200.00 ns, 0.0156 ns/op

OverheadActual   1: 12800 op, 100.00 ns, 0.0078 ns/op
OverheadActual   2: 12800 op, 400.00 ns, 0.0313 ns/op
OverheadActual   3: 12800 op, 500.00 ns, 0.0391 ns/op
OverheadActual   4: 12800 op, 400.00 ns, 0.0313 ns/op
OverheadActual   5: 12800 op, 400.00 ns, 0.0313 ns/op
OverheadActual   6: 12800 op, 200.00 ns, 0.0156 ns/op
OverheadActual   7: 12800 op, 200.00 ns, 0.0156 ns/op
OverheadActual   8: 12800 op, 200.00 ns, 0.0156 ns/op
OverheadActual   9: 12800 op, 300.00 ns, 0.0234 ns/op
OverheadActual  10: 12800 op, 100.00 ns, 0.0078 ns/op
OverheadActual  11: 12800 op, 100.00 ns, 0.0078 ns/op
OverheadActual  12: 12800 op, 100.00 ns, 0.0078 ns/op
OverheadActual  13: 12800 op, 200.00 ns, 0.0156 ns/op
OverheadActual  14: 12800 op, 100.00 ns, 0.0078 ns/op
OverheadActual  15: 12800 op, 100.00 ns, 0.0078 ns/op
OverheadActual  16: 12800 op, 100.00 ns, 0.0078 ns/op
OverheadActual  17: 12800 op, 300.00 ns, 0.0234 ns/op
OverheadActual  18: 12800 op, 500.00 ns, 0.0391 ns/op
OverheadActual  19: 12800 op, 900.00 ns, 0.0703 ns/op
OverheadActual  20: 12800 op, 200.00 ns, 0.0156 ns/op

WorkloadWarmup   1: 12800 op, 693814600.00 ns, 54.2043 us/op
WorkloadWarmup   2: 12800 op, 330492800.00 ns, 25.8198 us/op
WorkloadWarmup   3: 12800 op, 207622600.00 ns, 16.2205 us/op
WorkloadWarmup   4: 12800 op, 266609800.00 ns, 20.8289 us/op
WorkloadWarmup   5: 12800 op, 233243700.00 ns, 18.2222 us/op
WorkloadWarmup   6: 12800 op, 243279300.00 ns, 19.0062 us/op
WorkloadWarmup   7: 12800 op, 260287600.00 ns, 20.3350 us/op
WorkloadWarmup   8: 12800 op, 256685300.00 ns, 20.0535 us/op

// BeforeActualRun
WorkloadActual   1: 12800 op, 204800200.00 ns, 16.0000 us/op
WorkloadActual   2: 12800 op, 250674000.00 ns, 19.5839 us/op
WorkloadActual   3: 12800 op, 249166900.00 ns, 19.4662 us/op
WorkloadActual   4: 12800 op, 236079000.00 ns, 18.4437 us/op
WorkloadActual   5: 12800 op, 240383900.00 ns, 18.7800 us/op
WorkloadActual   6: 12800 op, 231673100.00 ns, 18.0995 us/op
WorkloadActual   7: 12800 op, 197533200.00 ns, 15.4323 us/op
WorkloadActual   8: 12800 op, 235023800.00 ns, 18.3612 us/op
WorkloadActual   9: 12800 op, 233112900.00 ns, 18.2119 us/op
WorkloadActual  10: 12800 op, 231259600.00 ns, 18.0672 us/op
WorkloadActual  11: 12800 op, 227284800.00 ns, 17.7566 us/op
WorkloadActual  12: 12800 op, 229031700.00 ns, 17.8931 us/op
WorkloadActual  13: 12800 op, 219267900.00 ns, 17.1303 us/op
WorkloadActual  14: 12800 op, 221317300.00 ns, 17.2904 us/op
WorkloadActual  15: 12800 op, 223666900.00 ns, 17.4740 us/op
WorkloadActual  16: 12800 op, 222472700.00 ns, 17.3807 us/op
WorkloadActual  17: 12800 op, 179278300.00 ns, 14.0061 us/op
WorkloadActual  18: 12800 op, 141573200.00 ns, 11.0604 us/op
WorkloadActual  19: 12800 op, 141241000.00 ns, 11.0345 us/op
WorkloadActual  20: 12800 op, 141648300.00 ns, 11.0663 us/op
WorkloadActual  21: 12800 op, 165814600.00 ns, 12.9543 us/op
WorkloadActual  22: 12800 op, 154302200.00 ns, 12.0549 us/op
WorkloadActual  23: 12800 op, 146582900.00 ns, 11.4518 us/op
WorkloadActual  24: 12800 op, 143009300.00 ns, 11.1726 us/op
WorkloadActual  25: 12800 op, 146135700.00 ns, 11.4169 us/op
WorkloadActual  26: 12800 op, 150415100.00 ns, 11.7512 us/op
WorkloadActual  27: 12800 op, 142311300.00 ns, 11.1181 us/op
WorkloadActual  28: 12800 op, 141649200.00 ns, 11.0663 us/op
WorkloadActual  29: 12800 op, 140636700.00 ns, 10.9872 us/op
WorkloadActual  30: 12800 op, 139411300.00 ns, 10.8915 us/op
WorkloadActual  31: 12800 op, 142634400.00 ns, 11.1433 us/op
WorkloadActual  32: 12800 op, 143877100.00 ns, 11.2404 us/op
WorkloadActual  33: 12800 op, 143802400.00 ns, 11.2346 us/op
WorkloadActual  34: 12800 op, 139650900.00 ns, 10.9102 us/op
WorkloadActual  35: 12800 op, 140111600.00 ns, 10.9462 us/op
WorkloadActual  36: 12800 op, 145283600.00 ns, 11.3503 us/op
WorkloadActual  37: 12800 op, 147012700.00 ns, 11.4854 us/op
WorkloadActual  38: 12800 op, 141013100.00 ns, 11.0166 us/op
WorkloadActual  39: 12800 op, 141447500.00 ns, 11.0506 us/op
WorkloadActual  40: 12800 op, 139384600.00 ns, 10.8894 us/op
WorkloadActual  41: 12800 op, 142660200.00 ns, 11.1453 us/op
WorkloadActual  42: 12800 op, 142544400.00 ns, 11.1363 us/op
WorkloadActual  43: 12800 op, 143025500.00 ns, 11.1739 us/op
WorkloadActual  44: 12800 op, 140324100.00 ns, 10.9628 us/op
WorkloadActual  45: 12800 op, 138843600.00 ns, 10.8472 us/op
WorkloadActual  46: 12800 op, 160382100.00 ns, 12.5299 us/op
WorkloadActual  47: 12800 op, 170554400.00 ns, 13.3246 us/op
WorkloadActual  48: 12800 op, 141352200.00 ns, 11.0431 us/op
WorkloadActual  49: 12800 op, 143500900.00 ns, 11.2110 us/op
WorkloadActual  50: 12800 op, 139972100.00 ns, 10.9353 us/op
WorkloadActual  51: 12800 op, 139636900.00 ns, 10.9091 us/op
WorkloadActual  52: 12800 op, 141501600.00 ns, 11.0548 us/op
WorkloadActual  53: 12800 op, 141715900.00 ns, 11.0716 us/op
WorkloadActual  54: 12800 op, 146788900.00 ns, 11.4679 us/op
WorkloadActual  55: 12800 op, 156483500.00 ns, 12.2253 us/op
WorkloadActual  56: 12800 op, 139791800.00 ns, 10.9212 us/op
WorkloadActual  57: 12800 op, 140068500.00 ns, 10.9429 us/op
WorkloadActual  58: 12800 op, 141372900.00 ns, 11.0448 us/op
WorkloadActual  59: 12800 op, 139154900.00 ns, 10.8715 us/op
WorkloadActual  60: 12800 op, 141517900.00 ns, 11.0561 us/op
WorkloadActual  61: 12800 op, 143080400.00 ns, 11.1782 us/op
WorkloadActual  62: 12800 op, 145992600.00 ns, 11.4057 us/op
WorkloadActual  63: 12800 op, 139651600.00 ns, 10.9103 us/op
WorkloadActual  64: 12800 op, 156262800.00 ns, 12.2080 us/op
WorkloadActual  65: 12800 op, 144425500.00 ns, 11.2832 us/op
WorkloadActual  66: 12800 op, 142511700.00 ns, 11.1337 us/op
WorkloadActual  67: 12800 op, 141135900.00 ns, 11.0262 us/op
WorkloadActual  68: 12800 op, 142815600.00 ns, 11.1575 us/op
WorkloadActual  69: 12800 op, 141544800.00 ns, 11.0582 us/op
WorkloadActual  70: 12800 op, 141664400.00 ns, 11.0675 us/op
WorkloadActual  71: 12800 op, 153697600.00 ns, 12.0076 us/op
WorkloadActual  72: 12800 op, 140837000.00 ns, 11.0029 us/op
WorkloadActual  73: 12800 op, 142067400.00 ns, 11.0990 us/op
WorkloadActual  74: 12800 op, 142166900.00 ns, 11.1068 us/op
WorkloadActual  75: 12800 op, 138225900.00 ns, 10.7989 us/op
WorkloadActual  76: 12800 op, 138539500.00 ns, 10.8234 us/op
WorkloadActual  77: 12800 op, 142788400.00 ns, 11.1553 us/op
WorkloadActual  78: 12800 op, 141103800.00 ns, 11.0237 us/op
WorkloadActual  79: 12800 op, 142543900.00 ns, 11.1362 us/op
WorkloadActual  80: 12800 op, 138990000.00 ns, 10.8586 us/op
WorkloadActual  81: 12800 op, 141868700.00 ns, 11.0835 us/op
WorkloadActual  82: 12800 op, 143328700.00 ns, 11.1976 us/op
WorkloadActual  83: 12800 op, 141113300.00 ns, 11.0245 us/op

// AfterActualRun
WorkloadResult   1: 12800 op, 141573000.00 ns, 11.0604 us/op
WorkloadResult   2: 12800 op, 141240800.00 ns, 11.0344 us/op
WorkloadResult   3: 12800 op, 141648100.00 ns, 11.0663 us/op
WorkloadResult   4: 12800 op, 165814400.00 ns, 12.9543 us/op
WorkloadResult   5: 12800 op, 154302000.00 ns, 12.0548 us/op
WorkloadResult   6: 12800 op, 146582700.00 ns, 11.4518 us/op
WorkloadResult   7: 12800 op, 143009100.00 ns, 11.1726 us/op
WorkloadResult   8: 12800 op, 146135500.00 ns, 11.4168 us/op
WorkloadResult   9: 12800 op, 150414900.00 ns, 11.7512 us/op
WorkloadResult  10: 12800 op, 142311100.00 ns, 11.1181 us/op
WorkloadResult  11: 12800 op, 141649000.00 ns, 11.0663 us/op
WorkloadResult  12: 12800 op, 140636500.00 ns, 10.9872 us/op
WorkloadResult  13: 12800 op, 139411100.00 ns, 10.8915 us/op
WorkloadResult  14: 12800 op, 142634200.00 ns, 11.1433 us/op
WorkloadResult  15: 12800 op, 143876900.00 ns, 11.2404 us/op
WorkloadResult  16: 12800 op, 143802200.00 ns, 11.2345 us/op
WorkloadResult  17: 12800 op, 139650700.00 ns, 10.9102 us/op
WorkloadResult  18: 12800 op, 140111400.00 ns, 10.9462 us/op
WorkloadResult  19: 12800 op, 145283400.00 ns, 11.3503 us/op
WorkloadResult  20: 12800 op, 147012500.00 ns, 11.4854 us/op
WorkloadResult  21: 12800 op, 141012900.00 ns, 11.0166 us/op
WorkloadResult  22: 12800 op, 141447300.00 ns, 11.0506 us/op
WorkloadResult  23: 12800 op, 139384400.00 ns, 10.8894 us/op
WorkloadResult  24: 12800 op, 142660000.00 ns, 11.1453 us/op
WorkloadResult  25: 12800 op, 142544200.00 ns, 11.1363 us/op
WorkloadResult  26: 12800 op, 143025300.00 ns, 11.1739 us/op
WorkloadResult  27: 12800 op, 140323900.00 ns, 10.9628 us/op
WorkloadResult  28: 12800 op, 138843400.00 ns, 10.8471 us/op
WorkloadResult  29: 12800 op, 160381900.00 ns, 12.5298 us/op
WorkloadResult  30: 12800 op, 170554200.00 ns, 13.3245 us/op
WorkloadResult  31: 12800 op, 141352000.00 ns, 11.0431 us/op
WorkloadResult  32: 12800 op, 143500700.00 ns, 11.2110 us/op
WorkloadResult  33: 12800 op, 139971900.00 ns, 10.9353 us/op
WorkloadResult  34: 12800 op, 139636700.00 ns, 10.9091 us/op
WorkloadResult  35: 12800 op, 141501400.00 ns, 11.0548 us/op
WorkloadResult  36: 12800 op, 141715700.00 ns, 11.0715 us/op
WorkloadResult  37: 12800 op, 146788700.00 ns, 11.4679 us/op
WorkloadResult  38: 12800 op, 156483300.00 ns, 12.2253 us/op
WorkloadResult  39: 12800 op, 139791600.00 ns, 10.9212 us/op
WorkloadResult  40: 12800 op, 140068300.00 ns, 10.9428 us/op
WorkloadResult  41: 12800 op, 141372700.00 ns, 11.0447 us/op
WorkloadResult  42: 12800 op, 139154700.00 ns, 10.8715 us/op
WorkloadResult  43: 12800 op, 141517700.00 ns, 11.0561 us/op
WorkloadResult  44: 12800 op, 143080200.00 ns, 11.1781 us/op
WorkloadResult  45: 12800 op, 145992400.00 ns, 11.4057 us/op
WorkloadResult  46: 12800 op, 139651400.00 ns, 10.9103 us/op
WorkloadResult  47: 12800 op, 156262600.00 ns, 12.2080 us/op
WorkloadResult  48: 12800 op, 144425300.00 ns, 11.2832 us/op
WorkloadResult  49: 12800 op, 142511500.00 ns, 11.1337 us/op
WorkloadResult  50: 12800 op, 141135700.00 ns, 11.0262 us/op
WorkloadResult  51: 12800 op, 142815400.00 ns, 11.1575 us/op
WorkloadResult  52: 12800 op, 141544600.00 ns, 11.0582 us/op
WorkloadResult  53: 12800 op, 141664200.00 ns, 11.0675 us/op
WorkloadResult  54: 12800 op, 153697400.00 ns, 12.0076 us/op
WorkloadResult  55: 12800 op, 140836800.00 ns, 11.0029 us/op
WorkloadResult  56: 12800 op, 142067200.00 ns, 11.0990 us/op
WorkloadResult  57: 12800 op, 142166700.00 ns, 11.1068 us/op
WorkloadResult  58: 12800 op, 138225700.00 ns, 10.7989 us/op
WorkloadResult  59: 12800 op, 138539300.00 ns, 10.8234 us/op
WorkloadResult  60: 12800 op, 142788200.00 ns, 11.1553 us/op
WorkloadResult  61: 12800 op, 141103600.00 ns, 11.0237 us/op
WorkloadResult  62: 12800 op, 142543700.00 ns, 11.1362 us/op
WorkloadResult  63: 12800 op, 138989800.00 ns, 10.8586 us/op
WorkloadResult  64: 12800 op, 141868500.00 ns, 11.0835 us/op
WorkloadResult  65: 12800 op, 143328500.00 ns, 11.1975 us/op
WorkloadResult  66: 12800 op, 141113100.00 ns, 11.0245 us/op
// GC:  9 0 0 495103040 12800
// Threading:  0 0 12800
// Exceptions:  1.155

// AfterAll
// Benchmark Process 59520 has exited with code 0.

Mean = 11.241 us, StdErr = 0.060 us (0.53%), N = 66, StdDev = 0.485 us
Min = 10.799 us, Q1 = 11.006 us, Median = 11.078 us, Q3 = 11.229 us, Max = 13.325 us
IQR = 0.222 us, LowerFence = 10.673 us, UpperFence = 11.562 us
ConfidenceInterval = [11.035 us; 11.447 us] (CI 99.9%), Margin = 0.206 us (1.83% of Mean)
Skewness = 2.44, Kurtosis = 9.08, MValue = 2

// ** Remained 4 (19.0%) benchmark(s) to run. Estimated finish 2026-09-21 11:58 (0h 1m from now) **
Setup power plan (GUID: 8c5e7fda-e8bf-4a96-9a85-a6e23a8c635c FriendlyName: High performance)
// **************************
// Benchmark: ScriptDomBenchmarks.Located: DefaultJob [Size=short]
// *** Execute ***
// Launch: 1 / 1
// Execute: dotnet DotGram.Benchmarks-DefaultJob-1.dll --anonymousPipes 3616 3820 --benchmarkName "DotGram.Benchmarks.ScriptDomBenchmarks.Located(Size: \"short\")" --job Default --benchmarkId 17 in P:\dotgram.WorkTrees\sql\benchmarks\DotGram.Benchmarks\bin\Release\net10.0\DotGram.Benchmarks-DefaultJob-1\bin\Release\net10.0
// BeforeAnythingElse

// Benchmark Process Environment Information:
// BenchmarkDotNet v0.15.8
// Runtime=.NET 10.0.12 (10.0.12, 10.0.1226.42308), X64 RyuJIT x86-64-v4
// GC=Concurrent Workstation
// HardwareIntrinsics=AVX512 BITALG+VBMI2+VNNI+VPOPCNTDQ,AVX512 IFMA+VBMI,AVX512 F+BW+CD+DQ+VL,AVX2+BMI1+BMI2+F16C+FMA+LZCNT+MOVBE,AVX,SSE3+SSSE3+SSE4.1+SSE4.2+POPCNT,X86Base+SSE+SSE2,AES+PCLMUL,AvxVnni VectorSize=256
// Job: DefaultJob

ScriptDom 18.0.102.0+9d1d1c1d.9d1d1c1d062bd900ad9cac5e4e05bdf950d5a229, quoted identifiers on, 7716 statements both parsers read, 5348 short, 2116 medium, 252 long
statement length: p50 71, p75 113, p90 179, p95 251, p99 651, max 4200
OverheadJitting  1: 200 op, 146300.00 ns, 731.5000 ns/op
WorkloadJitting  1: 200 op, 181274000.00 ns, 906.3700 us/op

WorkloadPilot    1: 400 op, 2628800.00 ns, 6.5720 us/op
WorkloadPilot    2: 600 op, 3871400.00 ns, 6.4523 us/op
WorkloadPilot    3: 800 op, 5007200.00 ns, 6.2590 us/op
WorkloadPilot    4: 1000 op, 6350400.00 ns, 6.3504 us/op
WorkloadPilot    5: 1200 op, 7042400.00 ns, 5.8687 us/op
WorkloadPilot    6: 1400 op, 8255100.00 ns, 5.8965 us/op
WorkloadPilot    7: 1600 op, 9011100.00 ns, 5.6319 us/op
WorkloadPilot    8: 1800 op, 10259600.00 ns, 5.6998 us/op
WorkloadPilot    9: 2000 op, 11860100.00 ns, 5.9301 us/op
WorkloadPilot   10: 2200 op, 13074800.00 ns, 5.9431 us/op
WorkloadPilot   11: 2400 op, 13820400.00 ns, 5.7585 us/op
WorkloadPilot   12: 2600 op, 24982200.00 ns, 9.6085 us/op
WorkloadPilot   13: 2800 op, 21428400.00 ns, 7.6530 us/op
WorkloadPilot   14: 3000 op, 20832500.00 ns, 6.9442 us/op
WorkloadPilot   15: 3200 op, 20615600.00 ns, 6.4424 us/op
WorkloadPilot   16: 6400 op, 41929300.00 ns, 6.5515 us/op
WorkloadPilot   17: 12800 op, 79854200.00 ns, 6.2386 us/op
WorkloadPilot   18: 25600 op, 124492300.00 ns, 4.8630 us/op
WorkloadPilot   19: 51200 op, 179615800.00 ns, 3.5081 us/op
WorkloadPilot   20: 102400 op, 301517200.00 ns, 2.9445 us/op
WorkloadPilot   21: 204800 op, 679644500.00 ns, 3.3186 us/op

WorkloadWarmup   1: 204800 op, 641703400.00 ns, 3.1333 us/op
WorkloadWarmup   2: 204800 op, 452888600.00 ns, 2.2114 us/op
WorkloadWarmup   3: 204800 op, 579111300.00 ns, 2.8277 us/op
WorkloadWarmup   4: 204800 op, 328568000.00 ns, 1.6043 us/op
WorkloadWarmup   5: 204800 op, 304338700.00 ns, 1.4860 us/op
WorkloadWarmup   6: 204800 op, 334110500.00 ns, 1.6314 us/op
WorkloadWarmup   7: 204800 op, 302505600.00 ns, 1.4771 us/op

// BeforeActualRun
WorkloadActual   1: 204800 op, 310959000.00 ns, 1.5184 us/op
WorkloadActual   2: 204800 op, 300218500.00 ns, 1.4659 us/op
WorkloadActual   3: 204800 op, 295909700.00 ns, 1.4449 us/op
WorkloadActual   4: 204800 op, 296309800.00 ns, 1.4468 us/op
WorkloadActual   5: 204800 op, 297508800.00 ns, 1.4527 us/op
WorkloadActual   6: 204800 op, 315533800.00 ns, 1.5407 us/op
WorkloadActual   7: 204800 op, 323364400.00 ns, 1.5789 us/op
WorkloadActual   8: 204800 op, 303839600.00 ns, 1.4836 us/op
WorkloadActual   9: 204800 op, 299489000.00 ns, 1.4623 us/op
WorkloadActual  10: 204800 op, 303639800.00 ns, 1.4826 us/op
WorkloadActual  11: 204800 op, 330134900.00 ns, 1.6120 us/op
WorkloadActual  12: 204800 op, 308684700.00 ns, 1.5072 us/op
WorkloadActual  13: 204800 op, 307103500.00 ns, 1.4995 us/op
WorkloadActual  14: 204800 op, 322669500.00 ns, 1.5755 us/op
WorkloadActual  15: 204800 op, 296340500.00 ns, 1.4470 us/op
WorkloadActual  16: 204800 op, 296034600.00 ns, 1.4455 us/op
WorkloadActual  17: 204800 op, 297351000.00 ns, 1.4519 us/op
WorkloadActual  18: 204800 op, 300163800.00 ns, 1.4656 us/op
WorkloadActual  19: 204800 op, 308439700.00 ns, 1.5061 us/op
WorkloadActual  20: 204800 op, 301692300.00 ns, 1.4731 us/op
WorkloadActual  21: 204800 op, 303360700.00 ns, 1.4813 us/op
WorkloadActual  22: 204800 op, 298220900.00 ns, 1.4562 us/op
WorkloadActual  23: 204800 op, 294809600.00 ns, 1.4395 us/op
WorkloadActual  24: 204800 op, 293895600.00 ns, 1.4350 us/op
WorkloadActual  25: 204800 op, 297812800.00 ns, 1.4542 us/op
WorkloadActual  26: 204800 op, 295233800.00 ns, 1.4416 us/op
WorkloadActual  27: 204800 op, 299526300.00 ns, 1.4625 us/op

// AfterActualRun
WorkloadResult   1: 204800 op, 310959000.00 ns, 1.5184 us/op
WorkloadResult   2: 204800 op, 300218500.00 ns, 1.4659 us/op
WorkloadResult   3: 204800 op, 295909700.00 ns, 1.4449 us/op
WorkloadResult   4: 204800 op, 296309800.00 ns, 1.4468 us/op
WorkloadResult   5: 204800 op, 297508800.00 ns, 1.4527 us/op
WorkloadResult   6: 204800 op, 315533800.00 ns, 1.5407 us/op
WorkloadResult   7: 204800 op, 323364400.00 ns, 1.5789 us/op
WorkloadResult   8: 204800 op, 303839600.00 ns, 1.4836 us/op
WorkloadResult   9: 204800 op, 299489000.00 ns, 1.4623 us/op
WorkloadResult  10: 204800 op, 303639800.00 ns, 1.4826 us/op
WorkloadResult  11: 204800 op, 308684700.00 ns, 1.5072 us/op
WorkloadResult  12: 204800 op, 307103500.00 ns, 1.4995 us/op
WorkloadResult  13: 204800 op, 322669500.00 ns, 1.5755 us/op
WorkloadResult  14: 204800 op, 296340500.00 ns, 1.4470 us/op
WorkloadResult  15: 204800 op, 296034600.00 ns, 1.4455 us/op
WorkloadResult  16: 204800 op, 297351000.00 ns, 1.4519 us/op
WorkloadResult  17: 204800 op, 300163800.00 ns, 1.4656 us/op
WorkloadResult  18: 204800 op, 308439700.00 ns, 1.5061 us/op
WorkloadResult  19: 204800 op, 301692300.00 ns, 1.4731 us/op
WorkloadResult  20: 204800 op, 303360700.00 ns, 1.4813 us/op
WorkloadResult  21: 204800 op, 298220900.00 ns, 1.4562 us/op
WorkloadResult  22: 204800 op, 294809600.00 ns, 1.4395 us/op
WorkloadResult  23: 204800 op, 293895600.00 ns, 1.4350 us/op
WorkloadResult  24: 204800 op, 297812800.00 ns, 1.4542 us/op
WorkloadResult  25: 204800 op, 295233800.00 ns, 1.4416 us/op
WorkloadResult  26: 204800 op, 299526300.00 ns, 1.4625 us/op
// GC:  2 0 0 147030016 204800
// Threading:  0 0 204800

// AfterAll
// Benchmark Process 44188 has exited with code 0.

Mean = 1.478 us, StdErr = 0.008 us (0.53%), N = 26, StdDev = 0.040 us
Min = 1.435 us, Q1 = 1.448 us, Median = 1.464 us, Q3 = 1.496 us, Max = 1.579 us
IQR = 0.047 us, LowerFence = 1.377 us, UpperFence = 1.567 us
ConfidenceInterval = [1.449 us; 1.507 us] (CI 99.9%), Margin = 0.029 us (1.96% of Mean)
Skewness = 1.22, Kurtosis = 3.57, MValue = 2

// ** Remained 3 (14.3%) benchmark(s) to run. Estimated finish 2026-09-21 11:58 (0h 0m from now) **
Setup power plan (GUID: 8c5e7fda-e8bf-4a96-9a85-a6e23a8c635c FriendlyName: High performance)
// **************************
// Benchmark: ScriptDomBenchmarks.Grammar: DefaultJob [Size=short]
// *** Execute ***
// Launch: 1 / 1
// Execute: dotnet DotGram.Benchmarks-DefaultJob-1.dll --anonymousPipes 3596 3600 --benchmarkName "DotGram.Benchmarks.ScriptDomBenchmarks.Grammar(Size: \"short\")" --job Default --benchmarkId 18 in P:\dotgram.WorkTrees\sql\benchmarks\DotGram.Benchmarks\bin\Release\net10.0\DotGram.Benchmarks-DefaultJob-1\bin\Release\net10.0
// BeforeAnythingElse

// Benchmark Process Environment Information:
// BenchmarkDotNet v0.15.8
// Runtime=.NET 10.0.12 (10.0.12, 10.0.1226.42308), X64 RyuJIT x86-64-v4
// GC=Concurrent Workstation
// HardwareIntrinsics=AVX512 BITALG+VBMI2+VNNI+VPOPCNTDQ,AVX512 IFMA+VBMI,AVX512 F+BW+CD+DQ+VL,AVX2+BMI1+BMI2+F16C+FMA+LZCNT+MOVBE,AVX,SSE3+SSSE3+SSE4.1+SSE4.2+POPCNT,X86Base+SSE+SSE2,AES+PCLMUL,AvxVnni VectorSize=256
// Job: DefaultJob

ScriptDom 18.0.102.0+9d1d1c1d.9d1d1c1d062bd900ad9cac5e4e05bdf950d5a229, quoted identifiers on, 7716 statements both parsers read, 5348 short, 2116 medium, 252 long
statement length: p50 71, p75 113, p90 179, p95 251, p99 651, max 4200
OverheadJitting  1: 200 op, 147100.00 ns, 735.5000 ns/op
WorkloadJitting  1: 200 op, 1544600.00 ns, 7.7230 us/op

OverheadJitting  2: 3200 op, 235800.00 ns, 73.6875 ns/op
WorkloadJitting  2: 3200 op, 16296700.00 ns, 5.0927 us/op

WorkloadPilot    1: 3200 op, 15878700.00 ns, 4.9621 us/op
WorkloadPilot    2: 6400 op, 31002600.00 ns, 4.8442 us/op
WorkloadPilot    3: 12800 op, 60841100.00 ns, 4.7532 us/op
WorkloadPilot    4: 25600 op, 146104000.00 ns, 5.7072 us/op
WorkloadPilot    5: 51200 op, 236187300.00 ns, 4.6130 us/op
WorkloadPilot    6: 102400 op, 277295300.00 ns, 2.7080 us/op
WorkloadPilot    7: 204800 op, 387882900.00 ns, 1.8940 us/op
WorkloadPilot    8: 409600 op, 1100080000.00 ns, 2.6857 us/op

OverheadWarmup   1: 409600 op, 5200.00 ns, 0.0127 ns/op
OverheadWarmup   2: 409600 op, 3900.00 ns, 0.0095 ns/op
OverheadWarmup   3: 409600 op, 3800.00 ns, 0.0093 ns/op
OverheadWarmup   4: 409600 op, 6000.00 ns, 0.0146 ns/op
OverheadWarmup   5: 409600 op, 3900.00 ns, 0.0095 ns/op
OverheadWarmup   6: 409600 op, 3900.00 ns, 0.0095 ns/op
OverheadWarmup   7: 409600 op, 2900.00 ns, 0.0071 ns/op

OverheadActual   1: 409600 op, 4100.00 ns, 0.0100 ns/op
OverheadActual   2: 409600 op, 4500.00 ns, 0.0110 ns/op
OverheadActual   3: 409600 op, 3800.00 ns, 0.0093 ns/op
OverheadActual   4: 409600 op, 4300.00 ns, 0.0105 ns/op
OverheadActual   5: 409600 op, 3900.00 ns, 0.0095 ns/op
OverheadActual   6: 409600 op, 4600.00 ns, 0.0112 ns/op
OverheadActual   7: 409600 op, 3900.00 ns, 0.0095 ns/op
OverheadActual   8: 409600 op, 3700.00 ns, 0.0090 ns/op
OverheadActual   9: 409600 op, 8300.00 ns, 0.0203 ns/op
OverheadActual  10: 409600 op, 3600.00 ns, 0.0088 ns/op
OverheadActual  11: 409600 op, 3700.00 ns, 0.0090 ns/op
OverheadActual  12: 409600 op, 3600.00 ns, 0.0088 ns/op
OverheadActual  13: 409600 op, 3500.00 ns, 0.0085 ns/op
OverheadActual  14: 409600 op, 3600.00 ns, 0.0088 ns/op
OverheadActual  15: 409600 op, 3600.00 ns, 0.0088 ns/op
OverheadActual  16: 409600 op, 3600.00 ns, 0.0088 ns/op
OverheadActual  17: 409600 op, 3600.00 ns, 0.0088 ns/op
OverheadActual  18: 409600 op, 4000.00 ns, 0.0098 ns/op
OverheadActual  19: 409600 op, 3700.00 ns, 0.0090 ns/op
OverheadActual  20: 409600 op, 3700.00 ns, 0.0090 ns/op

WorkloadWarmup   1: 409600 op, 625251100.00 ns, 1.5265 us/op
WorkloadWarmup   2: 409600 op, 516856700.00 ns, 1.2619 us/op
WorkloadWarmup   3: 409600 op, 502376800.00 ns, 1.2265 us/op
WorkloadWarmup   4: 409600 op, 515068100.00 ns, 1.2575 us/op
WorkloadWarmup   5: 409600 op, 506715500.00 ns, 1.2371 us/op
WorkloadWarmup   6: 409600 op, 509097500.00 ns, 1.2429 us/op
WorkloadWarmup   7: 409600 op, 510337700.00 ns, 1.2459 us/op
WorkloadWarmup   8: 409600 op, 496741800.00 ns, 1.2127 us/op

// BeforeActualRun
WorkloadActual   1: 409600 op, 499055100.00 ns, 1.2184 us/op
WorkloadActual   2: 409600 op, 507333300.00 ns, 1.2386 us/op
WorkloadActual   3: 409600 op, 514355100.00 ns, 1.2557 us/op
WorkloadActual   4: 409600 op, 499285700.00 ns, 1.2190 us/op
WorkloadActual   5: 409600 op, 508514900.00 ns, 1.2415 us/op
WorkloadActual   6: 409600 op, 505170100.00 ns, 1.2333 us/op
WorkloadActual   7: 409600 op, 501828600.00 ns, 1.2252 us/op
WorkloadActual   8: 409600 op, 513568800.00 ns, 1.2538 us/op
WorkloadActual   9: 409600 op, 501246200.00 ns, 1.2237 us/op
WorkloadActual  10: 409600 op, 499087300.00 ns, 1.2185 us/op
WorkloadActual  11: 409600 op, 493945200.00 ns, 1.2059 us/op
WorkloadActual  12: 409600 op, 502920500.00 ns, 1.2278 us/op
WorkloadActual  13: 409600 op, 496206700.00 ns, 1.2114 us/op
WorkloadActual  14: 409600 op, 504321300.00 ns, 1.2313 us/op
WorkloadActual  15: 409600 op, 509576700.00 ns, 1.2441 us/op

// AfterActualRun
WorkloadResult   1: 409600 op, 499051400.00 ns, 1.2184 us/op
WorkloadResult   2: 409600 op, 507329600.00 ns, 1.2386 us/op
WorkloadResult   3: 409600 op, 514351400.00 ns, 1.2557 us/op
WorkloadResult   4: 409600 op, 499282000.00 ns, 1.2190 us/op
WorkloadResult   5: 409600 op, 508511200.00 ns, 1.2415 us/op
WorkloadResult   6: 409600 op, 505166400.00 ns, 1.2333 us/op
WorkloadResult   7: 409600 op, 501824900.00 ns, 1.2252 us/op
WorkloadResult   8: 409600 op, 513565100.00 ns, 1.2538 us/op
WorkloadResult   9: 409600 op, 501242500.00 ns, 1.2237 us/op
WorkloadResult  10: 409600 op, 499083600.00 ns, 1.2185 us/op
WorkloadResult  11: 409600 op, 493941500.00 ns, 1.2059 us/op
WorkloadResult  12: 409600 op, 502916800.00 ns, 1.2278 us/op
WorkloadResult  13: 409600 op, 496203000.00 ns, 1.2114 us/op
WorkloadResult  14: 409600 op, 504317600.00 ns, 1.2312 us/op
WorkloadResult  15: 409600 op, 509573000.00 ns, 1.2441 us/op
// GC:  5 0 0 294060032 409600
// Threading:  0 0 409600

// AfterAll
// Benchmark Process 54116 has exited with code 0.

Mean = 1.230 us, StdErr = 0.004 us (0.31%), N = 15, StdDev = 0.015 us
Min = 1.206 us, Q1 = 1.219 us, Median = 1.228 us, Q3 = 1.240 us, Max = 1.256 us
IQR = 0.021 us, LowerFence = 1.187 us, UpperFence = 1.272 us
ConfidenceInterval = [1.214 us; 1.246 us] (CI 99.9%), Margin = 0.016 us (1.28% of Mean)
Skewness = 0.24, Kurtosis = 1.9, MValue = 2

// ** Remained 2 (9.5%) benchmark(s) to run. Estimated finish 2026-09-21 11:58 (0h 0m from now) **
Setup power plan (GUID: 8c5e7fda-e8bf-4a96-9a85-a6e23a8c635c FriendlyName: High performance)
// **************************
// Benchmark: ScriptDomBenchmarks.'Tree walked': DefaultJob [Size=short]
// *** Execute ***
// Launch: 1 / 1
// Execute: dotnet DotGram.Benchmarks-DefaultJob-1.dll --anonymousPipes 3580 3624 --benchmarkName "DotGram.Benchmarks.ScriptDomBenchmarks.TreeWalked(Size: \"short\")" --job Default --benchmarkId 19 in P:\dotgram.WorkTrees\sql\benchmarks\DotGram.Benchmarks\bin\Release\net10.0\DotGram.Benchmarks-DefaultJob-1\bin\Release\net10.0
// BeforeAnythingElse

// Benchmark Process Environment Information:
// BenchmarkDotNet v0.15.8
// Runtime=.NET 10.0.12 (10.0.12, 10.0.1226.42308), X64 RyuJIT x86-64-v4
// GC=Concurrent Workstation
// HardwareIntrinsics=AVX512 BITALG+VBMI2+VNNI+VPOPCNTDQ,AVX512 IFMA+VBMI,AVX512 F+BW+CD+DQ+VL,AVX2+BMI1+BMI2+F16C+FMA+LZCNT+MOVBE,AVX,SSE3+SSSE3+SSE4.1+SSE4.2+POPCNT,X86Base+SSE+SSE2,AES+PCLMUL,AvxVnni VectorSize=256
// Job: DefaultJob

ScriptDom 18.0.102.0+9d1d1c1d.9d1d1c1d062bd900ad9cac5e4e05bdf950d5a229, quoted identifiers on, 7716 statements both parsers read, 5348 short, 2116 medium, 252 long
statement length: p50 71, p75 113, p90 179, p95 251, p99 651, max 4200
OverheadJitting  1: 200 op, 143500.00 ns, 717.5000 ns/op
WorkloadJitting  1: 200 op, 12698200.00 ns, 63.4910 us/op

OverheadJitting  2: 3200 op, 236500.00 ns, 73.9063 ns/op
WorkloadJitting  2: 3200 op, 96415100.00 ns, 30.1297 us/op

WorkloadPilot    1: 3200 op, 94426300.00 ns, 29.5082 us/op
WorkloadPilot    2: 6400 op, 189309200.00 ns, 29.5796 us/op
WorkloadPilot    3: 12800 op, 553455400.00 ns, 43.2387 us/op

OverheadWarmup   1: 12800 op, 1600.00 ns, 0.1250 ns/op
OverheadWarmup   2: 12800 op, 800.00 ns, 0.0625 ns/op
OverheadWarmup   3: 12800 op, 400.00 ns, 0.0313 ns/op
OverheadWarmup   4: 12800 op, 200.00 ns, 0.0156 ns/op
OverheadWarmup   5: 12800 op, 200.00 ns, 0.0156 ns/op
OverheadWarmup   6: 12800 op, 100.00 ns, 0.0078 ns/op
OverheadWarmup   7: 12800 op, 100.00 ns, 0.0078 ns/op
OverheadWarmup   8: 12800 op, 100.00 ns, 0.0078 ns/op

OverheadActual   1: 12800 op, 400.00 ns, 0.0313 ns/op
OverheadActual   2: 12800 op, 400.00 ns, 0.0313 ns/op
OverheadActual   3: 12800 op, 500.00 ns, 0.0391 ns/op
OverheadActual   4: 12800 op, 100.00 ns, 0.0078 ns/op
OverheadActual   5: 12800 op, 400.00 ns, 0.0313 ns/op
OverheadActual   6: 12800 op, 100.00 ns, 0.0078 ns/op
OverheadActual   7: 12800 op, 500.00 ns, 0.0391 ns/op
OverheadActual   8: 12800 op, 200.00 ns, 0.0156 ns/op
OverheadActual   9: 12800 op, 200.00 ns, 0.0156 ns/op
OverheadActual  10: 12800 op, 100.00 ns, 0.0078 ns/op
OverheadActual  11: 12800 op, 200.00 ns, 0.0156 ns/op
OverheadActual  12: 12800 op, 200.00 ns, 0.0156 ns/op
OverheadActual  13: 12800 op, 200.00 ns, 0.0156 ns/op
OverheadActual  14: 12800 op, 100.00 ns, 0.0078 ns/op
OverheadActual  15: 12800 op, 100.00 ns, 0.0078 ns/op
OverheadActual  16: 12800 op, 300.00 ns, 0.0234 ns/op
OverheadActual  17: 12800 op, 200.00 ns, 0.0156 ns/op
OverheadActual  18: 12800 op, 400.00 ns, 0.0313 ns/op
OverheadActual  19: 12800 op, 400.00 ns, 0.0313 ns/op
OverheadActual  20: 12800 op, 200.00 ns, 0.0156 ns/op

WorkloadWarmup   1: 12800 op, 626094600.00 ns, 48.9136 us/op
WorkloadWarmup   2: 12800 op, 338553700.00 ns, 26.4495 us/op
WorkloadWarmup   3: 12800 op, 290311000.00 ns, 22.6805 us/op
WorkloadWarmup   4: 12800 op, 208680700.00 ns, 16.3032 us/op
WorkloadWarmup   5: 12800 op, 273849000.00 ns, 21.3945 us/op
WorkloadWarmup   6: 12800 op, 229074800.00 ns, 17.8965 us/op
WorkloadWarmup   7: 12800 op, 272206000.00 ns, 21.2661 us/op
WorkloadWarmup   8: 12800 op, 238382600.00 ns, 18.6236 us/op

// BeforeActualRun
WorkloadActual   1: 12800 op, 236446400.00 ns, 18.4724 us/op
WorkloadActual   2: 12800 op, 252910300.00 ns, 19.7586 us/op
WorkloadActual   3: 12800 op, 245458900.00 ns, 19.1765 us/op
WorkloadActual   4: 12800 op, 240228100.00 ns, 18.7678 us/op
WorkloadActual   5: 12800 op, 245989800.00 ns, 19.2180 us/op
WorkloadActual   6: 12800 op, 242765900.00 ns, 18.9661 us/op
WorkloadActual   7: 12800 op, 239101700.00 ns, 18.6798 us/op
WorkloadActual   8: 12800 op, 173489800.00 ns, 13.5539 us/op
WorkloadActual   9: 12800 op, 236208400.00 ns, 18.4538 us/op
WorkloadActual  10: 12800 op, 211855600.00 ns, 16.5512 us/op
WorkloadActual  11: 12800 op, 234299600.00 ns, 18.3047 us/op
WorkloadActual  12: 12800 op, 232627100.00 ns, 18.1740 us/op
WorkloadActual  13: 12800 op, 227314700.00 ns, 17.7590 us/op
WorkloadActual  14: 12800 op, 217224000.00 ns, 16.9706 us/op
WorkloadActual  15: 12800 op, 226601400.00 ns, 17.7032 us/op
WorkloadActual  16: 12800 op, 224828000.00 ns, 17.5647 us/op
WorkloadActual  17: 12800 op, 223228100.00 ns, 17.4397 us/op
WorkloadActual  18: 12800 op, 202705700.00 ns, 15.8364 us/op
WorkloadActual  19: 12800 op, 144857700.00 ns, 11.3170 us/op
WorkloadActual  20: 12800 op, 142878400.00 ns, 11.1624 us/op
WorkloadActual  21: 12800 op, 151247200.00 ns, 11.8162 us/op
WorkloadActual  22: 12800 op, 143301200.00 ns, 11.1954 us/op
WorkloadActual  23: 12800 op, 147968900.00 ns, 11.5601 us/op
WorkloadActual  24: 12800 op, 146420800.00 ns, 11.4391 us/op
WorkloadActual  25: 12800 op, 143150700.00 ns, 11.1836 us/op
WorkloadActual  26: 12800 op, 143277100.00 ns, 11.1935 us/op
WorkloadActual  27: 12800 op, 150733700.00 ns, 11.7761 us/op
WorkloadActual  28: 12800 op, 148728000.00 ns, 11.6194 us/op
WorkloadActual  29: 12800 op, 147926000.00 ns, 11.5567 us/op
WorkloadActual  30: 12800 op, 141160300.00 ns, 11.0281 us/op
WorkloadActual  31: 12800 op, 142321200.00 ns, 11.1188 us/op
WorkloadActual  32: 12800 op, 162557200.00 ns, 12.6998 us/op
WorkloadActual  33: 12800 op, 147696500.00 ns, 11.5388 us/op
WorkloadActual  34: 12800 op, 145453600.00 ns, 11.3636 us/op
WorkloadActual  35: 12800 op, 163996400.00 ns, 12.8122 us/op
WorkloadActual  36: 12800 op, 146333600.00 ns, 11.4323 us/op
WorkloadActual  37: 12800 op, 173437700.00 ns, 13.5498 us/op
WorkloadActual  38: 12800 op, 149996500.00 ns, 11.7185 us/op
WorkloadActual  39: 12800 op, 145215300.00 ns, 11.3449 us/op
WorkloadActual  40: 12800 op, 144971100.00 ns, 11.3259 us/op
WorkloadActual  41: 12800 op, 141696400.00 ns, 11.0700 us/op
WorkloadActual  42: 12800 op, 147057400.00 ns, 11.4889 us/op
WorkloadActual  43: 12800 op, 145941700.00 ns, 11.4017 us/op
WorkloadActual  44: 12800 op, 157239500.00 ns, 12.2843 us/op
WorkloadActual  45: 12800 op, 142644300.00 ns, 11.1441 us/op
WorkloadActual  46: 12800 op, 145253200.00 ns, 11.3479 us/op
WorkloadActual  47: 12800 op, 146383500.00 ns, 11.4362 us/op
WorkloadActual  48: 12800 op, 142194800.00 ns, 11.1090 us/op
WorkloadActual  49: 12800 op, 146594100.00 ns, 11.4527 us/op
WorkloadActual  50: 12800 op, 148009600.00 ns, 11.5633 us/op
WorkloadActual  51: 12800 op, 147139700.00 ns, 11.4953 us/op
WorkloadActual  52: 12800 op, 147061100.00 ns, 11.4891 us/op
WorkloadActual  53: 12800 op, 144276200.00 ns, 11.2716 us/op
WorkloadActual  54: 12800 op, 141166200.00 ns, 11.0286 us/op
WorkloadActual  55: 12800 op, 145263700.00 ns, 11.3487 us/op
WorkloadActual  56: 12800 op, 142955900.00 ns, 11.1684 us/op
WorkloadActual  57: 12800 op, 146698900.00 ns, 11.4609 us/op
WorkloadActual  58: 12800 op, 143602700.00 ns, 11.2190 us/op
WorkloadActual  59: 12800 op, 157912600.00 ns, 12.3369 us/op
WorkloadActual  60: 12800 op, 145637600.00 ns, 11.3779 us/op
WorkloadActual  61: 12800 op, 169997700.00 ns, 13.2811 us/op
WorkloadActual  62: 12800 op, 142910700.00 ns, 11.1649 us/op
WorkloadActual  63: 12800 op, 143364700.00 ns, 11.2004 us/op
WorkloadActual  64: 12800 op, 146006700.00 ns, 11.4068 us/op
WorkloadActual  65: 12800 op, 162591000.00 ns, 12.7024 us/op
WorkloadActual  66: 12800 op, 141742000.00 ns, 11.0736 us/op
WorkloadActual  67: 12800 op, 146479300.00 ns, 11.4437 us/op
WorkloadActual  68: 12800 op, 147170100.00 ns, 11.4977 us/op
WorkloadActual  69: 12800 op, 154588900.00 ns, 12.0773 us/op
WorkloadActual  70: 12800 op, 142084100.00 ns, 11.1003 us/op
WorkloadActual  71: 12800 op, 144214100.00 ns, 11.2667 us/op
WorkloadActual  72: 12800 op, 143036600.00 ns, 11.1747 us/op
WorkloadActual  73: 12800 op, 141431600.00 ns, 11.0493 us/op
WorkloadActual  74: 12800 op, 153614900.00 ns, 12.0012 us/op
WorkloadActual  75: 12800 op, 147249800.00 ns, 11.5039 us/op
WorkloadActual  76: 12800 op, 146684900.00 ns, 11.4598 us/op
WorkloadActual  77: 12800 op, 141551300.00 ns, 11.0587 us/op
WorkloadActual  78: 12800 op, 140843400.00 ns, 11.0034 us/op
WorkloadActual  79: 12800 op, 147429400.00 ns, 11.5179 us/op
WorkloadActual  80: 12800 op, 140958300.00 ns, 11.0124 us/op
WorkloadActual  81: 12800 op, 148575500.00 ns, 11.6075 us/op
WorkloadActual  82: 12800 op, 145103200.00 ns, 11.3362 us/op
WorkloadActual  83: 12800 op, 142936800.00 ns, 11.1669 us/op
WorkloadActual  84: 12800 op, 147390700.00 ns, 11.5149 us/op
WorkloadActual  85: 12800 op, 146432200.00 ns, 11.4400 us/op
WorkloadActual  86: 12800 op, 143312000.00 ns, 11.1963 us/op
WorkloadActual  87: 12800 op, 161962600.00 ns, 12.6533 us/op
WorkloadActual  88: 12800 op, 164225800.00 ns, 12.8301 us/op
WorkloadActual  89: 12800 op, 160033700.00 ns, 12.5026 us/op
WorkloadActual  90: 12800 op, 157163500.00 ns, 12.2784 us/op
WorkloadActual  91: 12800 op, 146057600.00 ns, 11.4108 us/op
WorkloadActual  92: 12800 op, 142082300.00 ns, 11.1002 us/op
WorkloadActual  93: 12800 op, 148569900.00 ns, 11.6070 us/op
WorkloadActual  94: 12800 op, 144108300.00 ns, 11.2585 us/op

// AfterActualRun
WorkloadResult   1: 12800 op, 173489600.00 ns, 13.5539 us/op
WorkloadResult   2: 12800 op, 144857500.00 ns, 11.3170 us/op
WorkloadResult   3: 12800 op, 142878200.00 ns, 11.1624 us/op
WorkloadResult   4: 12800 op, 151247000.00 ns, 11.8162 us/op
WorkloadResult   5: 12800 op, 143301000.00 ns, 11.1954 us/op
WorkloadResult   6: 12800 op, 147968700.00 ns, 11.5601 us/op
WorkloadResult   7: 12800 op, 146420600.00 ns, 11.4391 us/op
WorkloadResult   8: 12800 op, 143150500.00 ns, 11.1836 us/op
WorkloadResult   9: 12800 op, 143276900.00 ns, 11.1935 us/op
WorkloadResult  10: 12800 op, 150733500.00 ns, 11.7761 us/op
WorkloadResult  11: 12800 op, 148727800.00 ns, 11.6194 us/op
WorkloadResult  12: 12800 op, 147925800.00 ns, 11.5567 us/op
WorkloadResult  13: 12800 op, 141160100.00 ns, 11.0281 us/op
WorkloadResult  14: 12800 op, 142321000.00 ns, 11.1188 us/op
WorkloadResult  15: 12800 op, 162557000.00 ns, 12.6998 us/op
WorkloadResult  16: 12800 op, 147696300.00 ns, 11.5388 us/op
WorkloadResult  17: 12800 op, 145453400.00 ns, 11.3635 us/op
WorkloadResult  18: 12800 op, 163996200.00 ns, 12.8122 us/op
WorkloadResult  19: 12800 op, 146333400.00 ns, 11.4323 us/op
WorkloadResult  20: 12800 op, 173437500.00 ns, 13.5498 us/op
WorkloadResult  21: 12800 op, 149996300.00 ns, 11.7185 us/op
WorkloadResult  22: 12800 op, 145215100.00 ns, 11.3449 us/op
WorkloadResult  23: 12800 op, 144970900.00 ns, 11.3259 us/op
WorkloadResult  24: 12800 op, 141696200.00 ns, 11.0700 us/op
WorkloadResult  25: 12800 op, 147057200.00 ns, 11.4888 us/op
WorkloadResult  26: 12800 op, 145941500.00 ns, 11.4017 us/op
WorkloadResult  27: 12800 op, 157239300.00 ns, 12.2843 us/op
WorkloadResult  28: 12800 op, 142644100.00 ns, 11.1441 us/op
WorkloadResult  29: 12800 op, 145253000.00 ns, 11.3479 us/op
WorkloadResult  30: 12800 op, 146383300.00 ns, 11.4362 us/op
WorkloadResult  31: 12800 op, 142194600.00 ns, 11.1090 us/op
WorkloadResult  32: 12800 op, 146593900.00 ns, 11.4526 us/op
WorkloadResult  33: 12800 op, 148009400.00 ns, 11.5632 us/op
WorkloadResult  34: 12800 op, 147139500.00 ns, 11.4953 us/op
WorkloadResult  35: 12800 op, 147060900.00 ns, 11.4891 us/op
WorkloadResult  36: 12800 op, 144276000.00 ns, 11.2716 us/op
WorkloadResult  37: 12800 op, 141166000.00 ns, 11.0286 us/op
WorkloadResult  38: 12800 op, 145263500.00 ns, 11.3487 us/op
WorkloadResult  39: 12800 op, 142955700.00 ns, 11.1684 us/op
WorkloadResult  40: 12800 op, 146698700.00 ns, 11.4608 us/op
WorkloadResult  41: 12800 op, 143602500.00 ns, 11.2189 us/op
WorkloadResult  42: 12800 op, 157912400.00 ns, 12.3369 us/op
WorkloadResult  43: 12800 op, 145637400.00 ns, 11.3779 us/op
WorkloadResult  44: 12800 op, 169997500.00 ns, 13.2811 us/op
WorkloadResult  45: 12800 op, 142910500.00 ns, 11.1649 us/op
WorkloadResult  46: 12800 op, 143364500.00 ns, 11.2004 us/op
WorkloadResult  47: 12800 op, 146006500.00 ns, 11.4068 us/op
WorkloadResult  48: 12800 op, 162590800.00 ns, 12.7024 us/op
WorkloadResult  49: 12800 op, 141741800.00 ns, 11.0736 us/op
WorkloadResult  50: 12800 op, 146479100.00 ns, 11.4437 us/op
WorkloadResult  51: 12800 op, 147169900.00 ns, 11.4976 us/op
WorkloadResult  52: 12800 op, 154588700.00 ns, 12.0772 us/op
WorkloadResult  53: 12800 op, 142083900.00 ns, 11.1003 us/op
WorkloadResult  54: 12800 op, 144213900.00 ns, 11.2667 us/op
WorkloadResult  55: 12800 op, 143036400.00 ns, 11.1747 us/op
WorkloadResult  56: 12800 op, 141431400.00 ns, 11.0493 us/op
WorkloadResult  57: 12800 op, 153614700.00 ns, 12.0011 us/op
WorkloadResult  58: 12800 op, 147249600.00 ns, 11.5039 us/op
WorkloadResult  59: 12800 op, 146684700.00 ns, 11.4597 us/op
WorkloadResult  60: 12800 op, 141551100.00 ns, 11.0587 us/op
WorkloadResult  61: 12800 op, 140843200.00 ns, 11.0034 us/op
WorkloadResult  62: 12800 op, 147429200.00 ns, 11.5179 us/op
WorkloadResult  63: 12800 op, 140958100.00 ns, 11.0124 us/op
WorkloadResult  64: 12800 op, 148575300.00 ns, 11.6074 us/op
WorkloadResult  65: 12800 op, 145103000.00 ns, 11.3362 us/op
WorkloadResult  66: 12800 op, 142936600.00 ns, 11.1669 us/op
WorkloadResult  67: 12800 op, 147390500.00 ns, 11.5149 us/op
WorkloadResult  68: 12800 op, 146432000.00 ns, 11.4400 us/op
WorkloadResult  69: 12800 op, 143311800.00 ns, 11.1962 us/op
WorkloadResult  70: 12800 op, 161962400.00 ns, 12.6533 us/op
WorkloadResult  71: 12800 op, 164225600.00 ns, 12.8301 us/op
WorkloadResult  72: 12800 op, 160033500.00 ns, 12.5026 us/op
WorkloadResult  73: 12800 op, 157163300.00 ns, 12.2784 us/op
WorkloadResult  74: 12800 op, 146057400.00 ns, 11.4107 us/op
WorkloadResult  75: 12800 op, 142082100.00 ns, 11.1002 us/op
WorkloadResult  76: 12800 op, 148569700.00 ns, 11.6070 us/op
WorkloadResult  77: 12800 op, 144108100.00 ns, 11.2584 us/op
// GC:  9 0 0 495104576 12800
// Threading:  0 0 12800
// Exceptions:  1.155

// AfterAll
// Benchmark Process 3276 has exited with code 0.

Mean = 11.580 us, StdErr = 0.067 us (0.58%), N = 77, StdDev = 0.591 us
Min = 11.003 us, Q1 = 11.194 us, Median = 11.432 us, Q3 = 11.607 us, Max = 13.554 us
IQR = 0.413 us, LowerFence = 10.573 us, UpperFence = 12.227 us
ConfidenceInterval = [11.350 us; 11.811 us] (CI 99.9%), Margin = 0.231 us (1.99% of Mean)
Skewness = 1.73, Kurtosis = 5.4, MValue = 2

// ** Remained 1 (4.8%) benchmark(s) to run. Estimated finish 2026-09-21 11:58 (0h 0m from now) **
Setup power plan (GUID: 8c5e7fda-e8bf-4a96-9a85-a6e23a8c635c FriendlyName: High performance)
// **************************
// Benchmark: ScriptDomBenchmarks.'Grammar walked': DefaultJob [Size=short]
// *** Execute ***
// Launch: 1 / 1
// Execute: dotnet DotGram.Benchmarks-DefaultJob-1.dll --anonymousPipes 3804 1468 --benchmarkName "DotGram.Benchmarks.ScriptDomBenchmarks.GrammarWalked(Size: \"short\")" --job Default --benchmarkId 20 in P:\dotgram.WorkTrees\sql\benchmarks\DotGram.Benchmarks\bin\Release\net10.0\DotGram.Benchmarks-DefaultJob-1\bin\Release\net10.0
// BeforeAnythingElse

// Benchmark Process Environment Information:
// BenchmarkDotNet v0.15.8
// Runtime=.NET 10.0.12 (10.0.12, 10.0.1226.42308), X64 RyuJIT x86-64-v4
// GC=Concurrent Workstation
// HardwareIntrinsics=AVX512 BITALG+VBMI2+VNNI+VPOPCNTDQ,AVX512 IFMA+VBMI,AVX512 F+BW+CD+DQ+VL,AVX2+BMI1+BMI2+F16C+FMA+LZCNT+MOVBE,AVX,SSE3+SSSE3+SSE4.1+SSE4.2+POPCNT,X86Base+SSE+SSE2,AES+PCLMUL,AvxVnni VectorSize=256
// Job: DefaultJob

ScriptDom 18.0.102.0+9d1d1c1d.9d1d1c1d062bd900ad9cac5e4e05bdf950d5a229, quoted identifiers on, 7716 statements both parsers read, 5348 short, 2116 medium, 252 long
statement length: p50 71, p75 113, p90 179, p95 251, p99 651, max 4200
OverheadJitting  1: 200 op, 131500.00 ns, 657.5000 ns/op
WorkloadJitting  1: 200 op, 7494700.00 ns, 37.4735 us/op

OverheadJitting  2: 3200 op, 240100.00 ns, 75.0313 ns/op
WorkloadJitting  2: 3200 op, 21217300.00 ns, 6.6304 us/op

WorkloadPilot    1: 3200 op, 19834900.00 ns, 6.1984 us/op
WorkloadPilot    2: 6400 op, 39043000.00 ns, 6.1005 us/op
WorkloadPilot    3: 12800 op, 76377300.00 ns, 5.9670 us/op
WorkloadPilot    4: 25600 op, 203855800.00 ns, 7.9631 us/op
WorkloadPilot    5: 51200 op, 268996300.00 ns, 5.2538 us/op
WorkloadPilot    6: 102400 op, 306669600.00 ns, 2.9948 us/op
WorkloadPilot    7: 204800 op, 603019400.00 ns, 2.9444 us/op

OverheadWarmup   1: 204800 op, 3700.00 ns, 0.0181 ns/op
OverheadWarmup   2: 204800 op, 2200.00 ns, 0.0107 ns/op
OverheadWarmup   3: 204800 op, 2200.00 ns, 0.0107 ns/op
OverheadWarmup   4: 204800 op, 2000.00 ns, 0.0098 ns/op
OverheadWarmup   5: 204800 op, 2100.00 ns, 0.0103 ns/op
OverheadWarmup   6: 204800 op, 1900.00 ns, 0.0093 ns/op

OverheadActual   1: 204800 op, 2000.00 ns, 0.0098 ns/op
OverheadActual   2: 204800 op, 2100.00 ns, 0.0103 ns/op
OverheadActual   3: 204800 op, 2100.00 ns, 0.0103 ns/op
OverheadActual   4: 204800 op, 2200.00 ns, 0.0107 ns/op
OverheadActual   5: 204800 op, 2000.00 ns, 0.0098 ns/op
OverheadActual   6: 204800 op, 1900.00 ns, 0.0093 ns/op
OverheadActual   7: 204800 op, 1900.00 ns, 0.0093 ns/op
OverheadActual   8: 204800 op, 1800.00 ns, 0.0088 ns/op
OverheadActual   9: 204800 op, 1800.00 ns, 0.0088 ns/op
OverheadActual  10: 204800 op, 1900.00 ns, 0.0093 ns/op
OverheadActual  11: 204800 op, 2100.00 ns, 0.0103 ns/op
OverheadActual  12: 204800 op, 2000.00 ns, 0.0098 ns/op
OverheadActual  13: 204800 op, 1800.00 ns, 0.0088 ns/op
OverheadActual  14: 204800 op, 1900.00 ns, 0.0093 ns/op
OverheadActual  15: 204800 op, 2100.00 ns, 0.0103 ns/op
OverheadActual  16: 204800 op, 1900.00 ns, 0.0093 ns/op
OverheadActual  17: 204800 op, 2000.00 ns, 0.0098 ns/op
OverheadActual  18: 204800 op, 2100.00 ns, 0.0103 ns/op
OverheadActual  19: 204800 op, 2100.00 ns, 0.0103 ns/op
OverheadActual  20: 204800 op, 2100.00 ns, 0.0103 ns/op

WorkloadWarmup   1: 204800 op, 586939600.00 ns, 2.8659 us/op
WorkloadWarmup   2: 204800 op, 599014000.00 ns, 2.9249 us/op
WorkloadWarmup   3: 204800 op, 415703700.00 ns, 2.0298 us/op
WorkloadWarmup   4: 204800 op, 330240000.00 ns, 1.6125 us/op
WorkloadWarmup   5: 204800 op, 335403900.00 ns, 1.6377 us/op
WorkloadWarmup   6: 204800 op, 339606300.00 ns, 1.6582 us/op
WorkloadWarmup   7: 204800 op, 333802800.00 ns, 1.6299 us/op

// BeforeActualRun
WorkloadActual   1: 204800 op, 339661600.00 ns, 1.6585 us/op
WorkloadActual   2: 204800 op, 345518500.00 ns, 1.6871 us/op
WorkloadActual   3: 204800 op, 337711700.00 ns, 1.6490 us/op
WorkloadActual   4: 204800 op, 334731000.00 ns, 1.6344 us/op
WorkloadActual   5: 204800 op, 333992500.00 ns, 1.6308 us/op
WorkloadActual   6: 204800 op, 345358600.00 ns, 1.6863 us/op
WorkloadActual   7: 204800 op, 339409400.00 ns, 1.6573 us/op
WorkloadActual   8: 204800 op, 333412100.00 ns, 1.6280 us/op
WorkloadActual   9: 204800 op, 343969200.00 ns, 1.6795 us/op
WorkloadActual  10: 204800 op, 339820000.00 ns, 1.6593 us/op
WorkloadActual  11: 204800 op, 345560600.00 ns, 1.6873 us/op
WorkloadActual  12: 204800 op, 330918900.00 ns, 1.6158 us/op
WorkloadActual  13: 204800 op, 352691900.00 ns, 1.7221 us/op
WorkloadActual  14: 204800 op, 336099200.00 ns, 1.6411 us/op
WorkloadActual  15: 204800 op, 351001500.00 ns, 1.7139 us/op
WorkloadActual  16: 204800 op, 335428400.00 ns, 1.6378 us/op

// AfterActualRun
WorkloadResult   1: 204800 op, 339659600.00 ns, 1.6585 us/op
WorkloadResult   2: 204800 op, 345516500.00 ns, 1.6871 us/op
WorkloadResult   3: 204800 op, 337709700.00 ns, 1.6490 us/op
WorkloadResult   4: 204800 op, 334729000.00 ns, 1.6344 us/op
WorkloadResult   5: 204800 op, 333990500.00 ns, 1.6308 us/op
WorkloadResult   6: 204800 op, 345356600.00 ns, 1.6863 us/op
WorkloadResult   7: 204800 op, 339407400.00 ns, 1.6573 us/op
WorkloadResult   8: 204800 op, 333410100.00 ns, 1.6280 us/op
WorkloadResult   9: 204800 op, 343967200.00 ns, 1.6795 us/op
WorkloadResult  10: 204800 op, 339818000.00 ns, 1.6593 us/op
WorkloadResult  11: 204800 op, 345558600.00 ns, 1.6873 us/op
WorkloadResult  12: 204800 op, 330916900.00 ns, 1.6158 us/op
WorkloadResult  13: 204800 op, 352689900.00 ns, 1.7221 us/op
WorkloadResult  14: 204800 op, 336097200.00 ns, 1.6411 us/op
WorkloadResult  15: 204800 op, 350999500.00 ns, 1.7139 us/op
WorkloadResult  16: 204800 op, 335426400.00 ns, 1.6378 us/op
// GC:  4 0 0 201179136 204800
// Threading:  0 0 204800

// AfterAll
// Benchmark Process 15640 has exited with code 0.

Mean = 1.662 us, StdErr = 0.008 us (0.47%), N = 16, StdDev = 0.031 us
Min = 1.616 us, Q1 = 1.637 us, Median = 1.658 us, Q3 = 1.687 us, Max = 1.722 us
IQR = 0.050 us, LowerFence = 1.563 us, UpperFence = 1.761 us
ConfidenceInterval = [1.630 us; 1.694 us] (CI 99.9%), Margin = 0.032 us (1.92% of Mean)
Skewness = 0.41, Kurtosis = 1.93, MValue = 2

// ** Remained 0 (0.0%) benchmark(s) to run. Estimated finish 2026-09-21 11:58 (0h 0m from now) **
Successfully reverted power plan (GUID: 8c5e7fda-e8bf-4a96-9a85-a6e23a8c635c FriendlyName: High performance)
// ***** BenchmarkRunner: Finish  *****

// * Export *
  T:\TEMP\dotgram-bdn\sql-scriptdom-20260921-115111\results\DotGram.Benchmarks.ScriptDomBenchmarks-report.csv
  T:\TEMP\dotgram-bdn\sql-scriptdom-20260921-115111\results\DotGram.Benchmarks.ScriptDomBenchmarks-report-github.md
  T:\TEMP\dotgram-bdn\sql-scriptdom-20260921-115111\results\DotGram.Benchmarks.ScriptDomBenchmarks-report.html

// * Detailed results *
ScriptDomBenchmarks.Tokens: DefaultJob [Size=long]
Runtime = .NET 10.0.12 (10.0.12, 10.0.1226.42308), X64 RyuJIT x86-64-v4; GC = Concurrent Workstation
Mean = 34.302 us, StdErr = 0.175 us (0.51%), N = 23, StdDev = 0.840 us
Min = 33.174 us, Q1 = 33.747 us, Median = 34.147 us, Q3 = 34.691 us, Max = 36.053 us
IQR = 0.944 us, LowerFence = 32.332 us, UpperFence = 36.107 us
ConfidenceInterval = [33.638 us; 34.966 us] (CI 99.9%), Margin = 0.664 us (1.94% of Mean)
Skewness = 0.67, Kurtosis = 2.27, MValue = 2.5
-------------------- Histogram --------------------
[32.787 us ; 33.686 us) | @@@@
[33.686 us ; 34.461 us) | @@@@@@@@@@@@
[34.461 us ; 35.317 us) | @@
[35.317 us ; 36.092 us) | @@@@@
---------------------------------------------------

ScriptDomBenchmarks.Tree: DefaultJob [Size=long]
Runtime = .NET 10.0.12 (10.0.12, 10.0.1226.42308), X64 RyuJIT x86-64-v4; GC = Concurrent Workstation
Mean = 51.156 us, StdErr = 0.262 us (0.51%), N = 22, StdDev = 1.228 us
Min = 49.355 us, Q1 = 50.485 us, Median = 50.793 us, Q3 = 51.080 us, Max = 53.656 us
IQR = 0.595 us, LowerFence = 49.593 us, UpperFence = 51.973 us
ConfidenceInterval = [50.156 us; 52.155 us] (CI 99.9%), Margin = 1.000 us (1.95% of Mean)
Skewness = 0.88, Kurtosis = 2.39, MValue = 2
-------------------- Histogram --------------------
[48.780 us ; 49.971 us) | @@
[49.971 us ; 51.121 us) | @@@@@@@@@@@@@@@
[51.121 us ; 52.271 us) | 
[52.271 us ; 53.892 us) | @@@@@
---------------------------------------------------

ScriptDomBenchmarks.'Tree again (A/A)': DefaultJob [Size=long]
Runtime = .NET 10.0.12 (10.0.12, 10.0.1226.42308), X64 RyuJIT x86-64-v4; GC = Concurrent Workstation
Mean = 50.770 us, StdErr = 0.207 us (0.41%), N = 17, StdDev = 0.853 us
Min = 49.893 us, Q1 = 50.259 us, Median = 50.434 us, Q3 = 50.890 us, Max = 53.358 us
IQR = 0.631 us, LowerFence = 49.312 us, UpperFence = 51.837 us
ConfidenceInterval = [49.940 us; 51.600 us] (CI 99.9%), Margin = 0.830 us (1.64% of Mean)
Skewness = 1.64, Kurtosis = 5.3, MValue = 2
-------------------- Histogram --------------------
[49.457 us ; 50.997 us) | @@@@@@@@@@@@@
[50.997 us ; 52.131 us) | @@@
[52.131 us ; 53.793 us) | @
---------------------------------------------------

ScriptDomBenchmarks.Located: DefaultJob [Size=long]
Runtime = .NET 10.0.12 (10.0.12, 10.0.1226.42308), X64 RyuJIT x86-64-v4; GC = Concurrent Workstation
Mean = 8.851 us, StdErr = 0.035 us (0.39%), N = 15, StdDev = 0.134 us
Min = 8.637 us, Q1 = 8.754 us, Median = 8.841 us, Q3 = 8.956 us, Max = 9.043 us
IQR = 0.202 us, LowerFence = 8.451 us, UpperFence = 9.259 us
ConfidenceInterval = [8.708 us; 8.994 us] (CI 99.9%), Margin = 0.143 us (1.62% of Mean)
Skewness = -0.11, Kurtosis = 1.5, MValue = 2
-------------------- Histogram --------------------
[8.566 us ; 9.071 us) | @@@@@@@@@@@@@@@
---------------------------------------------------

ScriptDomBenchmarks.Grammar: DefaultJob [Size=long]
Runtime = .NET 10.0.12 (10.0.12, 10.0.1226.42308), X64 RyuJIT x86-64-v4; GC = Concurrent Workstation
Mean = 7.858 us, StdErr = 0.024 us (0.31%), N = 15, StdDev = 0.094 us
Min = 7.707 us, Q1 = 7.806 us, Median = 7.852 us, Q3 = 7.910 us, Max = 8.051 us
IQR = 0.104 us, LowerFence = 7.650 us, UpperFence = 8.066 us
ConfidenceInterval = [7.757 us; 7.958 us] (CI 99.9%), Margin = 0.101 us (1.28% of Mean)
Skewness = 0.33, Kurtosis = 2.34, MValue = 2
-------------------- Histogram --------------------
[7.657 us ; 8.101 us) | @@@@@@@@@@@@@@@
---------------------------------------------------

ScriptDomBenchmarks.'Tree walked': DefaultJob [Size=long]
Runtime = .NET 10.0.12 (10.0.12, 10.0.1226.42308), X64 RyuJIT x86-64-v4; GC = Concurrent Workstation
Mean = 51.571 us, StdErr = 0.217 us (0.42%), N = 25, StdDev = 1.087 us
Min = 50.133 us, Q1 = 50.816 us, Median = 51.368 us, Q3 = 51.981 us, Max = 53.587 us
IQR = 1.166 us, LowerFence = 49.067 us, UpperFence = 53.730 us
ConfidenceInterval = [50.756 us; 52.385 us] (CI 99.9%), Margin = 0.814 us (1.58% of Mean)
Skewness = 0.69, Kurtosis = 2.23, MValue = 2
-------------------- Histogram --------------------
[49.645 us ; 50.717 us) | @@@@@
[50.717 us ; 53.784 us) | @@@@@@@@@@@@@@@@@@@@
---------------------------------------------------

ScriptDomBenchmarks.'Grammar walked': DefaultJob [Size=long]
Runtime = .NET 10.0.12 (10.0.12, 10.0.1226.42308), X64 RyuJIT x86-64-v4; GC = Concurrent Workstation
Mean = 9.546 us, StdErr = 0.051 us (0.53%), N = 27, StdDev = 0.265 us
Min = 9.156 us, Q1 = 9.352 us, Median = 9.449 us, Q3 = 9.715 us, Max = 10.064 us
IQR = 0.364 us, LowerFence = 8.806 us, UpperFence = 10.261 us
ConfidenceInterval = [9.357 us; 9.736 us] (CI 99.9%), Margin = 0.189 us (1.98% of Mean)
Skewness = 0.72, Kurtosis = 2.21, MValue = 2
-------------------- Histogram --------------------
[9.040 us ;  9.282 us) | @@
[9.282 us ;  9.562 us) | @@@@@@@@@@@@@@@
[9.562 us ;  9.795 us) | @@@@@
[9.795 us ; 10.075 us) | @@@@@
---------------------------------------------------

ScriptDomBenchmarks.Tokens: DefaultJob [Size=medium]
Runtime = .NET 10.0.12 (10.0.12, 10.0.1226.42308), X64 RyuJIT x86-64-v4; GC = Concurrent Workstation
Mean = 12.211 us, StdErr = 0.033 us (0.27%), N = 14, StdDev = 0.122 us
Min = 11.958 us, Q1 = 12.133 us, Median = 12.206 us, Q3 = 12.316 us, Max = 12.383 us
IQR = 0.183 us, LowerFence = 11.858 us, UpperFence = 12.591 us
ConfidenceInterval = [12.073 us; 12.349 us] (CI 99.9%), Margin = 0.138 us (1.13% of Mean)
Skewness = -0.3, Kurtosis = 2.14, MValue = 2
-------------------- Histogram --------------------
[11.891 us ; 12.449 us) | @@@@@@@@@@@@@@
---------------------------------------------------

ScriptDomBenchmarks.Tree: DefaultJob [Size=medium]
Runtime = .NET 10.0.12 (10.0.12, 10.0.1226.42308), X64 RyuJIT x86-64-v4; GC = Concurrent Workstation
Mean = 22.073 us, StdErr = 0.489 us (2.22%), N = 100, StdDev = 4.893 us
Min = 18.290 us, Q1 = 18.661 us, Median = 19.301 us, Q3 = 26.501 us, Max = 32.742 us
IQR = 7.840 us, LowerFence = 6.901 us, UpperFence = 38.260 us
ConfidenceInterval = [20.414 us; 23.733 us] (CI 99.9%), Margin = 1.660 us (7.52% of Mean)
Skewness = 1.03, Kurtosis = 2.27, MValue = 2.61
-------------------- Histogram --------------------
[18.236 us ; 21.004 us) | @@@@@@@@@@@@@@@@@@@@@@@@@@@@@@@@@@@@@@@@@@@@@@@@@@@@@@@@@@@@@@@@@@@@@
[21.004 us ; 24.149 us) | @@@
[24.149 us ; 26.917 us) | @@@
[26.917 us ; 28.607 us) | @
[28.607 us ; 31.374 us) | @@@@@@@@@@@@@@@@@@@
[31.374 us ; 34.126 us) | @@@@@
---------------------------------------------------

ScriptDomBenchmarks.'Tree again (A/A)': DefaultJob [Size=medium]
Runtime = .NET 10.0.12 (10.0.12, 10.0.1226.42308), X64 RyuJIT x86-64-v4; GC = Concurrent Workstation
Mean = 23.256 us, StdErr = 0.509 us (2.19%), N = 100, StdDev = 5.086 us
Min = 19.080 us, Q1 = 19.586 us, Median = 20.231 us, Q3 = 27.789 us, Max = 34.719 us
IQR = 8.203 us, LowerFence = 7.281 us, UpperFence = 40.094 us
ConfidenceInterval = [21.531 us; 24.981 us] (CI 99.9%), Margin = 1.725 us (7.42% of Mean)
Skewness = 1, Kurtosis = 2.3, MValue = 2.66
-------------------- Histogram --------------------
[18.733 us ; 21.610 us) | @@@@@@@@@@@@@@@@@@@@@@@@@@@@@@@@@@@@@@@@@@@@@@@@@@@@@@@@@@@@@
[21.610 us ; 24.313 us) | @@@@@@@@@@@
[24.313 us ; 26.229 us) | @
[26.229 us ; 29.105 us) | @@@@
[29.105 us ; 30.161 us) | @
[30.161 us ; 33.037 us) | @@@@@@@@@@@@@@@@@@
[33.037 us ; 36.157 us) | @@@@
---------------------------------------------------

ScriptDomBenchmarks.Located: DefaultJob [Size=medium]
Runtime = .NET 10.0.12 (10.0.12, 10.0.1226.42308), X64 RyuJIT x86-64-v4; GC = Concurrent Workstation
Mean = 3.354 us, StdErr = 0.012 us (0.36%), N = 14, StdDev = 0.045 us
Min = 3.280 us, Q1 = 3.326 us, Median = 3.345 us, Q3 = 3.383 us, Max = 3.458 us
IQR = 0.057 us, LowerFence = 3.241 us, UpperFence = 3.468 us
ConfidenceInterval = [3.303 us; 3.405 us] (CI 99.9%), Margin = 0.051 us (1.53% of Mean)
Skewness = 0.49, Kurtosis = 2.73, MValue = 2
-------------------- Histogram --------------------
[3.256 us ; 3.377 us) | @@@@@@@@@
[3.377 us ; 3.483 us) | @@@@@
---------------------------------------------------

ScriptDomBenchmarks.Grammar: DefaultJob [Size=medium]
Runtime = .NET 10.0.12 (10.0.12, 10.0.1226.42308), X64 RyuJIT x86-64-v4; GC = Concurrent Workstation
Mean = 3.052 us, StdErr = 0.014 us (0.45%), N = 15, StdDev = 0.054 us
Min = 2.943 us, Q1 = 3.023 us, Median = 3.054 us, Q3 = 3.083 us, Max = 3.147 us
IQR = 0.060 us, LowerFence = 2.932 us, UpperFence = 3.173 us
ConfidenceInterval = [2.995 us; 3.109 us] (CI 99.9%), Margin = 0.057 us (1.88% of Mean)
Skewness = -0.15, Kurtosis = 2.43, MValue = 2
-------------------- Histogram --------------------
[2.914 us ; 2.978 us) | @
[2.978 us ; 3.098 us) | @@@@@@@@@@@@
[3.098 us ; 3.176 us) | @@
---------------------------------------------------

ScriptDomBenchmarks.'Tree walked': DefaultJob [Size=medium]
Runtime = .NET 10.0.12 (10.0.12, 10.0.1226.42308), X64 RyuJIT x86-64-v4; GC = Concurrent Workstation
Mean = 23.558 us, StdErr = 0.512 us (2.17%), N = 100, StdDev = 5.121 us
Min = 19.398 us, Q1 = 19.850 us, Median = 20.826 us, Q3 = 28.065 us, Max = 34.722 us
IQR = 8.215 us, LowerFence = 7.527 us, UpperFence = 40.388 us
ConfidenceInterval = [21.821 us; 25.294 us] (CI 99.9%), Margin = 1.737 us (7.37% of Mean)
Skewness = 1.02, Kurtosis = 2.27, MValue = 2.6
-------------------- Histogram --------------------
[19.235 us ; 22.131 us) | @@@@@@@@@@@@@@@@@@@@@@@@@@@@@@@@@@@@@@@@@@@@@@@@@@@@@@@@@@@@@@@@
[22.131 us ; 24.813 us) | @@@@@@@@@
[24.813 us ; 27.871 us) | @
[27.871 us ; 30.807 us) | @@@@@
[30.807 us ; 33.703 us) | @@@@@@@@@@@@@@@@@@@
[33.703 us ; 36.170 us) | @@
---------------------------------------------------

ScriptDomBenchmarks.'Grammar walked': DefaultJob [Size=medium]
Runtime = .NET 10.0.12 (10.0.12, 10.0.1226.42308), X64 RyuJIT x86-64-v4; GC = Concurrent Workstation
Mean = 3.888 us, StdErr = 0.018 us (0.47%), N = 16, StdDev = 0.073 us
Min = 3.788 us, Q1 = 3.833 us, Median = 3.869 us, Q3 = 3.920 us, Max = 4.035 us
IQR = 0.087 us, LowerFence = 3.704 us, UpperFence = 4.050 us
ConfidenceInterval = [3.814 us; 3.962 us] (CI 99.9%), Margin = 0.074 us (1.91% of Mean)
Skewness = 0.69, Kurtosis = 2.32, MValue = 2
-------------------- Histogram --------------------
[3.750 us ; 3.879 us) | @@@@@@@@@
[3.879 us ; 4.044 us) | @@@@@@@
---------------------------------------------------

ScriptDomBenchmarks.Tokens: DefaultJob [Size=short]
Runtime = .NET 10.0.12 (10.0.12, 10.0.1226.42308), X64 RyuJIT x86-64-v4; GC = Concurrent Workstation
Mean = 6.703 us, StdErr = 0.030 us (0.45%), N = 15, StdDev = 0.117 us
Min = 6.560 us, Q1 = 6.609 us, Median = 6.668 us, Q3 = 6.787 us, Max = 6.946 us
IQR = 0.178 us, LowerFence = 6.341 us, UpperFence = 7.055 us
ConfidenceInterval = [6.578 us; 6.829 us] (CI 99.9%), Margin = 0.126 us (1.87% of Mean)
Skewness = 0.64, Kurtosis = 2.07, MValue = 2
-------------------- Histogram --------------------
[6.556 us ; 6.834 us) | @@@@@@@@@@@@@
[6.834 us ; 6.987 us) | @@
---------------------------------------------------

ScriptDomBenchmarks.Tree: DefaultJob [Size=short]
Runtime = .NET 10.0.12 (10.0.12, 10.0.1226.42308), X64 RyuJIT x86-64-v4; GC = Concurrent Workstation
Mean = 11.141 us, StdErr = 0.053 us (0.48%), N = 46, StdDev = 0.361 us
Min = 10.726 us, Q1 = 10.920 us, Median = 11.025 us, Q3 = 11.277 us, Max = 12.305 us
IQR = 0.357 us, LowerFence = 10.385 us, UpperFence = 11.812 us
ConfidenceInterval = [10.954 us; 11.329 us] (CI 99.9%), Margin = 0.187 us (1.68% of Mean)
Skewness = 1.39, Kurtosis = 4.43, MValue = 2.13
-------------------- Histogram --------------------
[10.593 us ; 10.822 us) | @@@@
[10.822 us ; 11.087 us) | @@@@@@@@@@@@@@@@@@@@@@@@@@
[11.087 us ; 11.365 us) | @@@@@@@
[11.365 us ; 11.781 us) | @@@@@@@
[11.781 us ; 12.090 us) | 
[12.090 us ; 12.354 us) | @@
---------------------------------------------------

ScriptDomBenchmarks.'Tree again (A/A)': DefaultJob [Size=short]
Runtime = .NET 10.0.12 (10.0.12, 10.0.1226.42308), X64 RyuJIT x86-64-v4; GC = Concurrent Workstation
Mean = 11.241 us, StdErr = 0.060 us (0.53%), N = 66, StdDev = 0.485 us
Min = 10.799 us, Q1 = 11.006 us, Median = 11.078 us, Q3 = 11.229 us, Max = 13.325 us
IQR = 0.222 us, LowerFence = 10.673 us, UpperFence = 11.562 us
ConfidenceInterval = [11.035 us; 11.447 us] (CI 99.9%), Margin = 0.206 us (1.83% of Mean)
Skewness = 2.44, Kurtosis = 9.08, MValue = 2
-------------------- Histogram --------------------
[10.641 us ; 10.867 us) | @@@@
[10.867 us ; 11.182 us) | @@@@@@@@@@@@@@@@@@@@@@@@@@@@@@@@@@@@@@@@@@@
[11.182 us ; 11.594 us) | @@@@@@@@@@@
[11.594 us ; 11.959 us) | @
[11.959 us ; 12.274 us) | @@@@
[12.274 us ; 12.687 us) | @
[12.687 us ; 13.112 us) | @
[13.112 us ; 13.482 us) | @
---------------------------------------------------

ScriptDomBenchmarks.Located: DefaultJob [Size=short]
Runtime = .NET 10.0.12 (10.0.12, 10.0.1226.42308), X64 RyuJIT x86-64-v4; GC = Concurrent Workstation
Mean = 1.478 us, StdErr = 0.008 us (0.53%), N = 26, StdDev = 0.040 us
Min = 1.435 us, Q1 = 1.448 us, Median = 1.464 us, Q3 = 1.496 us, Max = 1.579 us
IQR = 0.047 us, LowerFence = 1.377 us, UpperFence = 1.567 us
ConfidenceInterval = [1.449 us; 1.507 us] (CI 99.9%), Margin = 0.029 us (1.96% of Mean)
Skewness = 1.22, Kurtosis = 3.57, MValue = 2
-------------------- Histogram --------------------
[1.433 us ; 1.468 us) | @@@@@@@@@@@@@@@
[1.468 us ; 1.508 us) | @@@@@@@
[1.508 us ; 1.547 us) | @@
[1.547 us ; 1.597 us) | @@
---------------------------------------------------

ScriptDomBenchmarks.Grammar: DefaultJob [Size=short]
Runtime = .NET 10.0.12 (10.0.12, 10.0.1226.42308), X64 RyuJIT x86-64-v4; GC = Concurrent Workstation
Mean = 1.230 us, StdErr = 0.004 us (0.31%), N = 15, StdDev = 0.015 us
Min = 1.206 us, Q1 = 1.219 us, Median = 1.228 us, Q3 = 1.240 us, Max = 1.256 us
IQR = 0.021 us, LowerFence = 1.187 us, UpperFence = 1.272 us
ConfidenceInterval = [1.214 us; 1.246 us] (CI 99.9%), Margin = 0.016 us (1.28% of Mean)
Skewness = 0.24, Kurtosis = 1.9, MValue = 2
-------------------- Histogram --------------------
[1.198 us ; 1.261 us) | @@@@@@@@@@@@@@@
---------------------------------------------------

ScriptDomBenchmarks.'Tree walked': DefaultJob [Size=short]
Runtime = .NET 10.0.12 (10.0.12, 10.0.1226.42308), X64 RyuJIT x86-64-v4; GC = Concurrent Workstation
Mean = 11.580 us, StdErr = 0.067 us (0.58%), N = 77, StdDev = 0.591 us
Min = 11.003 us, Q1 = 11.194 us, Median = 11.432 us, Q3 = 11.607 us, Max = 13.554 us
IQR = 0.413 us, LowerFence = 10.573 us, UpperFence = 12.227 us
ConfidenceInterval = [11.350 us; 11.811 us] (CI 99.9%), Margin = 0.231 us (1.99% of Mean)
Skewness = 1.73, Kurtosis = 5.4, MValue = 2
-------------------- Histogram --------------------
[10.821 us ; 11.158 us) | @@@@@@@@@@@@@
[11.158 us ; 11.522 us) | @@@@@@@@@@@@@@@@@@@@@@@@@@@@@@@@@@@@@@@@
[11.522 us ; 11.987 us) | @@@@@@@@@@
[11.987 us ; 12.351 us) | @@@@@
[12.351 us ; 12.849 us) | @@@@@@
[12.849 us ; 13.235 us) | 
[13.235 us ; 13.600 us) | @@@
---------------------------------------------------

ScriptDomBenchmarks.'Grammar walked': DefaultJob [Size=short]
Runtime = .NET 10.0.12 (10.0.12, 10.0.1226.42308), X64 RyuJIT x86-64-v4; GC = Concurrent Workstation
Mean = 1.662 us, StdErr = 0.008 us (0.47%), N = 16, StdDev = 0.031 us
Min = 1.616 us, Q1 = 1.637 us, Median = 1.658 us, Q3 = 1.687 us, Max = 1.722 us
IQR = 0.050 us, LowerFence = 1.563 us, UpperFence = 1.761 us
ConfidenceInterval = [1.630 us; 1.694 us] (CI 99.9%), Margin = 0.032 us (1.92% of Mean)
Skewness = 0.41, Kurtosis = 1.93, MValue = 2
-------------------- Histogram --------------------
[1.599 us ; 1.660 us) | @@@@@@@@@@
[1.660 us ; 1.700 us) | @@@@
[1.700 us ; 1.738 us) | @@
---------------------------------------------------

// * Summary *

BenchmarkDotNet v0.15.8, Windows 11 (10.0.26200.9445/25H2/2025Update/HudsonValley2)
AMD Ryzen 9 9950X3D 4.30GHz, 1 CPU, 32 logical and 16 physical cores
.NET SDK 10.0.401
  [Host]     : .NET 10.0.12 (10.0.12, 10.0.1226.42308), X64 RyuJIT x86-64-v4
  DefaultJob : .NET 10.0.12 (10.0.12, 10.0.1226.42308), X64 RyuJIT x86-64-v4


| Method             | Size   | Mean      | Error     | StdDev    | Median    | Ratio | RatioSD | Gen0   | Gen1   | Allocated | Alloc Ratio |
|------------------- |------- |----------:|----------:|----------:|----------:|------:|--------:|-------:|-------:|----------:|------------:|
| Tokens             | long   | 34.302 us | 0.6644 us | 0.8402 us | 34.147 us |  0.67 |    0.02 | 1.3281 | 0.1563 |   69261 B |        0.83 |
| Tree               | long   | 51.156 us | 0.9996 us | 1.2276 us | 50.793 us |  1.00 |    0.03 | 1.5625 | 0.1563 |   83440 B |        1.00 |
| 'Tree again (A/A)' | long   | 50.770 us | 0.8302 us | 0.8525 us | 50.434 us |  0.99 |    0.03 | 1.5625 | 0.1563 |   83440 B |        1.00 |
| Located            | long   |  8.851 us | 0.1433 us | 0.1340 us |  8.841 us |  0.17 |    0.00 | 0.1367 |      - |    7277 B |        0.09 |
| Grammar            | long   |  7.858 us | 0.1005 us | 0.0940 us |  7.852 us |  0.15 |    0.00 | 0.1367 |      - |    7277 B |        0.09 |
| 'Tree walked'      | long   | 51.571 us | 0.8142 us | 1.0869 us | 51.368 us |  1.01 |    0.03 | 1.5625 | 0.1563 |   83440 B |        1.00 |
| 'Grammar walked'   | long   |  9.546 us | 0.1893 us | 0.2653 us |  9.449 us |  0.19 |    0.01 | 0.1563 |      - |    8464 B |        0.10 |
|                    |        |           |           |           |           |       |         |        |        |           |             |
| Tokens             | medium | 12.211 us | 0.1377 us | 0.1220 us | 12.206 us |  0.58 |    0.10 | 0.8398 | 0.0781 |   42633 B |        0.91 |
| Tree               | medium | 22.073 us | 1.6596 us | 4.8935 us | 19.301 us |  1.04 |    0.30 | 0.7813 |      - |   46995 B |        1.00 |
| 'Tree again (A/A)' | medium | 23.256 us | 1.7250 us | 5.0863 us | 20.231 us |  1.10 |    0.31 | 0.7813 |      - |   46995 B |        1.00 |
| Located            | medium |  3.354 us | 0.0512 us | 0.0454 us |  3.345 us |  0.16 |    0.03 | 0.0293 |      - |    1764 B |        0.04 |
| Grammar            | medium |  3.052 us | 0.0573 us | 0.0536 us |  3.054 us |  0.14 |    0.03 | 0.0293 |      - |    1764 B |        0.04 |
| 'Tree walked'      | medium | 23.558 us | 1.7367 us | 5.1206 us | 20.826 us |  1.11 |    0.32 | 0.7813 |      - |   46995 B |        1.00 |
| 'Grammar walked'   | medium |  3.888 us | 0.0741 us | 0.0727 us |  3.869 us |  0.18 |    0.03 | 0.0391 |      - |    2147 B |        0.05 |
|                    |        |           |           |           |           |       |         |        |        |           |             |
| Tokens             | short  |  6.703 us | 0.1256 us | 0.1175 us |  6.668 us |  0.60 |    0.02 | 0.7227 | 0.0586 |   36399 B |        0.94 |
| Tree               | short  | 11.141 us | 0.1874 us | 0.3611 us | 11.025 us |  1.00 |    0.04 | 0.7031 |      - |   38680 B |        1.00 |
| 'Tree again (A/A)' | short  | 11.241 us | 0.2058 us | 0.4851 us | 11.078 us |  1.01 |    0.05 | 0.7031 |      - |   38680 B |        1.00 |
| Located            | short  |  1.478 us | 0.0290 us | 0.0397 us |  1.464 us |  0.13 |    0.01 | 0.0098 |      - |     718 B |        0.02 |
| Grammar            | short  |  1.230 us | 0.0157 us | 0.0147 us |  1.228 us |  0.11 |    0.00 | 0.0122 |      - |     718 B |        0.02 |
| 'Tree walked'      | short  | 11.580 us | 0.2305 us | 0.5909 us | 11.432 us |  1.04 |    0.06 | 0.7031 |      - |   38680 B |        1.00 |
| 'Grammar walked'   | short  |  1.662 us | 0.0319 us | 0.0313 us |  1.658 us |  0.15 |    0.01 | 0.0195 |      - |     982 B |        0.03 |

// * Hints *
Outliers
  ScriptDomBenchmarks.Tokens: Default             -> 1 outlier  was  removed (37.46 us)
  ScriptDomBenchmarks.Tree: Default               -> 1 outlier  was  removed (54.87 us)
  ScriptDomBenchmarks.'Tree again (A/A)': Default -> 4 outliers were removed (55.17 us..57.08 us)
  ScriptDomBenchmarks.'Tree walked': Default      -> 2 outliers were removed (55.28 us, 55.85 us)
  ScriptDomBenchmarks.Tokens: Default             -> 1 outlier  was  removed (12.84 us)
  ScriptDomBenchmarks.Located: Default            -> 1 outlier  was  removed (3.48 us)
  ScriptDomBenchmarks.Grammar: Default            -> 1 outlier  was  removed (3.18 us)
  ScriptDomBenchmarks.Tree: Default               -> 15 outliers were removed (14.48 us..18.47 us)
  ScriptDomBenchmarks.'Tree again (A/A)': Default -> 17 outliers were removed (14.01 us..19.58 us)
  ScriptDomBenchmarks.Located: Default            -> 1 outlier  was  removed (1.61 us)
  ScriptDomBenchmarks.'Tree walked': Default      -> 17 outliers were removed (15.84 us..19.76 us)

// * Legends *
  Size        : Value of the 'Size' parameter
  Mean        : Arithmetic mean of all measurements
  Error       : Half of 99.9% confidence interval
  StdDev      : Standard deviation of all measurements
  Median      : Value separating the higher half of all measurements (50th percentile)
  Ratio       : Mean of the ratio distribution ([Current]/[Baseline])
  RatioSD     : Standard deviation of the ratio distribution ([Current]/[Baseline])
  Gen0        : GC Generation 0 collects per 1000 operations
  Gen1        : GC Generation 1 collects per 1000 operations
  Allocated   : Allocated memory per single operation (managed only, inclusive, 1KB = 1024B)
  Alloc Ratio : Allocated memory ratio distribution ([Current]/[Baseline])
  1 us        : 1 Microsecond (0.000001 sec)

// * Diagnostic Output - MemoryDiagnoser *


// ***** BenchmarkRunner: End *****
Run time: 00:05:59 (359.33 sec), executed benchmarks: 21

Global total time: 00:07:02 (422.2 sec), executed benchmarks: 21
// * Artifacts cleanup *
Artifacts cleanup is finished
