=== run 1 of 5, 21:15:02
74 rows, every reading agreeing. Timing 8 rounds.
fix/Orders128.text     hand    85387.5 ns before    74855.5 ns after    79412.9 ns  before/hand 0.88x  after/hand 0.93x
fix/Orders128.bytes    hand    85171.9 ns before    85966.4 ns after    88557.0 ns  before/hand 1.01x  after/hand 1.04x
fix/Orders128.stream   hand   127263.5 ns before    95809.2 ns after    98680.4 ns  before/hand 0.75x  after/hand 0.78x
fixmsg/Order.parse     control     1368.3 ns before     2177.6 ns after     2144.4 ns  before/control 1.59x  after/control 1.57x
fixmsg/Order.build     control     1627.0 ns before     2561.8 ns after     2695.4 ns  before/control 1.57x  after/control 1.66x
  fix/orders400.text: 1 round(s) redone after a gen1/gen2 collection
fix/orders400.text     hand   266281.4 ns before   223431.6 ns after   228610.0 ns  before/hand 0.84x  after/hand 0.86x
tsql/script100.bool    scriptdom   670793.8 ns before   126953.1 ns after   126825.0 ns  before/scriptdom 0.19x  after/scriptdom 0.19x
tsql/script100.boolboth scriptdom   676302.3 ns before   125635.2 ns after   126225.0 ns  before/scriptdom 0.19x  after/scriptdom 0.19x
tsql/script100         scriptdom   679646.1 ns before   126843.0 ns after   125321.1 ns  before/scriptdom 0.19x  after/scriptdom 0.18x
tsql/columns1000       scriptdom  1801373.4 ns before   208103.1 ns after   199882.8 ns  before/scriptdom 0.12x  after/scriptdom 0.11x
  web/json.array10000: 144 round(s) redone after a gen1/gen2 collection
web/json.array10000    hand   180883.6 ns before   203570.7 ns after   203622.9 ns  before/hand 1.13x  after/hand 1.13x
  web/json.object10000: 142 round(s) redone after a gen1/gen2 collection
web/json.object10000   hand   810856.2 ns before  1437097.7 ns after  1286956.2 ns  before/hand 1.77x  after/hand 1.59x
web/url.path1000       hand     9476.1 ns before    11197.7 ns after    11314.3 ns  before/hand 1.18x  after/hand 1.19x
web/media-type.params1000 control    48721.5 ns before    45977.3 ns after    46882.5 ns  before/control 0.94x  after/control 0.96x
web/sf.list10000       control  1166792.2 ns before  1229214.1 ns after  1222826.6 ns  before/control 1.05x  after/control 1.05x
sql/select20.at        hand     7178.3 ns before    17780.2 ns after    17915.7 ns  before/hand 2.48x  after/hand 2.50x
sql/select20.window    hand     6969.2 ns before    18296.4 ns after    18443.7 ns  before/hand 2.63x  after/hand 2.65x
sql/select20.scan      control      381.7 ns before      385.9 ns after      385.4 ns  before/control 1.01x  after/control 1.01x
tsql/select20.scan     control      388.8 ns before      385.5 ns after      388.7 ns  before/control 0.99x  after/control 1.00x
el/ladder.scan         control      144.0 ns before      140.8 ns after      140.2 ns  before/control 0.98x  after/control 0.97x
fixmsg/Order.parse-stream control     1967.5 ns before     2185.0 ns after     2205.2 ns  before/control 1.11x  after/control 1.12x
fixmsg/Order.parse-reader control     1955.6 ns before     2137.4 ns after     2145.9 ns  before/control 1.09x  after/control 1.10x
fixmsg/Order.parse-span control     1984.0 ns before     1835.2 ns after     1866.2 ns  before/control 0.93x  after/control 0.94x
fixmsg/Order.read-stream100 control   204646.7 ns before   202291.4 ns after   207571.5 ns  before/control 0.99x  after/control 1.01x
  fixmsg/Order.read-reader100: 4 round(s) redone after a gen1/gen2 collection
fixmsg/Order.read-reader100 control   204870.7 ns before   190733.6 ns after   195144.5 ns  before/control 0.93x  after/control 0.95x
  fix/Orders128.log-text: 4 round(s) redone after a gen1/gen2 collection
fix/Orders128.log-text hand    94269.1 ns before    72188.1 ns after    72296.3 ns  before/hand 0.77x  after/hand 0.77x
  fix/Orders128.log-bytes: 8 round(s) redone after a gen1/gen2 collection
fix/Orders128.log-bytes hand    93944.8 ns before    96652.4 ns after    95034.8 ns  before/hand 1.03x  after/hand 1.01x
  fix/Orders128.log-stream: 2 round(s) redone after a gen1/gen2 collection
fix/Orders128.log-stream hand    93943.9 ns before   102889.8 ns after   103496.4 ns  before/hand 1.10x  after/hand 1.10x
el/ladder.bool         hand     1005.4 ns before     1732.5 ns after     1764.4 ns  before/hand 1.72x  after/hand 1.75x
sql/refused-late.bool  hand     2635.4 ns before    11994.5 ns after     5818.8 ns  before/hand 4.55x  after/hand 2.21x
  sql/select20.bool: 3 round(s) redone after a gen1/gen2 collection
sql/select20.bool      hand     6968.5 ns before    18000.3 ns after    18169.9 ns  before/hand 2.58x  after/hand 2.61x
sql/refused-cliff-case-1391 control  4562881.2 ns before  4833525.0 ns after  4724587.5 ns  before/control 1.06x  after/control 1.04x
  sql/refused-cliff-case-1738: 139 round(s) redone after a gen1/gen2 collection
sql/refused-cliff-case-1738 control 17846825.0 ns before 25106500.0 ns after 29922650.0 ns  before/control 1.41x  after/control 1.68x
  sql/refused-cliff-joins-891: 26 round(s) redone after a gen1/gen2 collection
sql/refused-cliff-joins-891 control  2603687.5 ns before  2579921.9 ns after  2593775.0 ns  before/control 0.99x  after/control 1.00x
  sql/refused-cliff-joins-1113: 144 round(s) redone after a gen1/gen2 collection
sql/refused-cliff-joins-1113 control  5985625.0 ns before  5971537.5 ns after  5801456.2 ns  before/control 1.00x  after/control 0.97x
  sql/refused-cliff-joins-1738: 144 round(s) redone after a gen1/gen2 collection
sql/refused-cliff-joins-1738 control 10990062.5 ns before 10718112.5 ns after 11162693.8 ns  before/control 0.98x  after/control 1.02x
  sql/refused-cliff-joins-2172: 144 round(s) redone after a gen1/gen2 collection
sql/refused-cliff-joins-2172 control 31717425.0 ns before 31967150.0 ns after 30538550.0 ns  before/control 1.01x  after/control 0.96x
  sql/refused-cliff-paren-2715: 6 round(s) redone after a gen1/gen2 collection
sql/refused-cliff-paren-2715 control  7450262.5 ns before  6924887.5 ns after  7140325.0 ns  before/control 0.93x  after/control 0.96x
  sql/refused-cliff-and-2715: 55 round(s) redone after a gen1/gen2 collection
sql/refused-cliff-and-2715 control  7188206.2 ns before  6895568.8 ns after  6691175.0 ns  before/control 0.96x  after/control 0.93x
  sql/refused-cliff-paren-3393: 141 round(s) redone after a gen1/gen2 collection
sql/refused-cliff-paren-3393 control 33598575.0 ns before 31541725.0 ns after 31005725.0 ns  before/control 0.94x  after/control 0.92x
  sql/refused-cliff-and-3393: 75 round(s) redone after a gen1/gen2 collection
sql/refused-cliff-and-3393 control 16442200.0 ns before 16673100.0 ns after 15318500.0 ns  before/control 1.01x  after/control 0.93x
fix/Orders128.yield-reader hand   140559.7 ns before    92630.7 ns after    95340.6 ns  before/hand 0.66x  after/hand 0.68x
fix/Orders128.yield-string hand    85056.9 ns before   286005.7 ns after   269509.0 ns  before/hand 3.36x  after/hand 3.17x
fix/Orders128.yield-memory hand    84403.8 ns before    87205.4 ns after    87714.2 ns  before/hand 1.03x  after/hand 1.04x
fix/Orders128.whole-stream hand   118529.8 ns before    83713.5 ns after    82092.6 ns  before/hand 0.71x  after/hand 0.69x
fix/Orders128.whole-reader hand   118897.9 ns before    85865.1 ns after    86148.7 ns  before/hand 0.72x  after/hand 0.72x
  feeds/stock-count.good.text: 43 round(s) redone after a gen1/gen2 collection
feeds/stock-count.good.text hand    38885.1 ns before    31042.2 ns after    30892.2 ns  before/hand 0.80x  after/hand 0.79x
  feeds/stock-count.good.reader: 90 round(s) redone after a gen1/gen2 collection
feeds/stock-count.good.reader hand    47644.5 ns before    38393.9 ns after    38568.8 ns  before/hand 0.81x  after/hand 0.81x
  feeds/stock-count.good.reader64: 45 round(s) redone after a gen1/gen2 collection
feeds/stock-count.good.reader64 hand    46840.8 ns before    42250.4 ns after    42361.1 ns  before/hand 0.90x  after/hand 0.90x
web/url.plain          hand       98.4 ns before      235.6 ns after      231.5 ns  before/hand 2.39x  after/hand 2.35x
web/url.full           hand      169.3 ns before      314.1 ns after      303.0 ns  before/hand 1.86x  after/hand 1.79x
web/url.ipv4           hand      111.9 ns before      247.5 ns after      236.4 ns  before/hand 2.21x  after/hand 2.11x
web/url.long-path      hand      179.3 ns before      435.3 ns after      428.9 ns  before/hand 2.43x  after/hand 2.39x
web/url.refused        hand       68.1 ns before      199.6 ns after      198.0 ns  before/hand 2.93x  after/hand 2.91x
  web/url.relative: 1 round(s) redone after a gen1/gen2 collection
web/url.relative       hand       76.9 ns before      200.4 ns after      202.8 ns  before/hand 2.60x  after/hand 2.64x
web/url.relative-dot-colon hand       64.3 ns before      172.6 ns after      179.3 ns  before/hand 2.68x  after/hand 2.79x
  web/url.relative-letters: 1 round(s) redone after a gen1/gen2 collection
web/url.relative-letters hand      105.5 ns before      235.3 ns after      243.0 ns  before/hand 2.23x  after/hand 2.30x
web/json.object        hand      605.6 ns before      943.4 ns after      967.3 ns  before/hand 1.56x  after/hand 1.60x
  web/json.array: 1 round(s) redone after a gen1/gen2 collection
web/json.array         hand      598.1 ns before      761.2 ns after      740.7 ns  before/hand 1.27x  after/hand 1.24x
web/media-type.plain   control      169.7 ns before      207.8 ns after      218.9 ns  before/control 1.22x  after/control 1.29x
web/media-type.quoted  control      258.4 ns before      304.3 ns after      331.3 ns  before/control 1.18x  after/control 1.28x
  web/media-type.refused: 1 round(s) redone after a gen1/gen2 collection
web/media-type.refused control       46.1 ns before       83.0 ns after       82.1 ns  before/control 1.80x  after/control 1.78x
web/addr-spec.plain    control       89.3 ns before      121.8 ns after      124.6 ns  before/control 1.36x  after/control 1.40x
  web/addr-spec.refused: 1 round(s) redone after a gen1/gen2 collection
web/addr-spec.refused  control       25.1 ns before       60.8 ns after       60.3 ns  before/control 2.43x  after/control 2.41x
  web/json-patch.full: 1 round(s) redone after a gen1/gen2 collection
web/json-patch.full    control     1372.5 ns before     1445.0 ns after     1426.1 ns  before/control 1.05x  after/control 1.04x
web/link.full          control     1308.1 ns before     1419.1 ns after     1500.2 ns  before/control 1.08x  after/control 1.15x
web/link.refused       control       20.4 ns before       55.0 ns after       55.6 ns  before/control 2.70x  after/control 2.72x
  web/sf.item: 1 round(s) redone after a gen1/gen2 collection
web/sf.item            control      283.9 ns before      355.7 ns after      333.0 ns  before/control 1.25x  after/control 1.17x
web/sf.list            control     1201.8 ns before     1359.5 ns after     1323.7 ns  before/control 1.13x  after/control 1.10x
web/sf.dictionary      control     1270.1 ns before     1343.8 ns after     1316.2 ns  before/control 1.06x  after/control 1.04x
  el/ladder: 1 round(s) redone after a gen1/gen2 collection
el/ladder              hand     1031.0 ns before     1778.1 ns after     1781.4 ns before-immediate     1231.0 ns after-immediate     1210.7 ns  before/hand 1.72x  after/hand 1.73x  before-immediate/hand 1.19x  after-immediate/hand 1.17x
  el/terms1000: 12 round(s) redone after a gen1/gen2 collection
el/terms1000           hand   115529.1 ns before   162898.1 ns after   155729.5 ns before-immediate   129285.1 ns after-immediate   130977.4 ns  before/hand 1.41x  after/hand 1.35x  before-immediate/hand 1.12x  after-immediate/hand 1.13x
sql/select20           hand     7969.2 ns before    20250.4 ns after    20692.2 ns  before/hand 2.54x  after/hand 2.60x
  sql/refused-late: 1 round(s) redone after a gen1/gen2 collection
sql/refused-late       hand     2744.7 ns before    12240.5 ns after    12341.5 ns  before/hand 4.46x  after/hand 4.50x

# Paired stand, 2026-09-20 21:22

IGOR-DESKTOP, pinned to 0-15, high priority, control 31.7 ns.

This binary, and the libraries it holds as the control, was built from 0c0b75ff. JIT: DOTNET_TieredCompilation unset, DOTNET_TieredPGO unset, DOTNET_TC_QuickJitForLoops unset, DOTNET_ReadyToRun unset (unset is the runtime's default: tiered compilation on, dynamic PGO on; a row is warmed to a stable reading before it is timed).

Sides: before (commit d28533cb, framework net10.0, no properties, emitted b60541f92d7b864c); after (commit 5ed9682b, framework net10.0, no properties, emitted 3afa74326eaf0055). (The check that the two emitted different code applies to two sides of one commit given different properties; its silence says nothing about two commits.)

**The rows named `.bool` compare two APIs, not two commits: `before` is the Match form of the before side and `after` the bool form of the after side (`StandBool.cs`), so their difference is the price of the Match form against the bool form. It is there in an A/A of one build and in a pair of commits that have nothing to do with it, and it is not an effect of the commit under test.**

The base of a row is what every ratio is over, and its name says what it is: `hand` is a hand-written parser (`DotGram.Handwritten`), `scriptdom` is Microsoft's parser, and `control` is this process's own build of the same generated parser, held constant so that the two sides are compared and nothing is claimed against a hand-written one.

The last two columns are what a reader a month later cannot get from a message: **the base's spread between the runs** (how much the machine's speed varied from one run to the next; a row with a large one had a disturbed run, and its medians are read with the range beside them) and the **change of each run** (the smallest and the largest, and how many of the runs were positive).

| row | reading | base | base ns | before ns | before/base | after ns | after/base | change | before B | after B | base spread | change over the runs |
| --- | --- | --- | ---: | ---: | ---: | ---: | ---: | ---: | ---: | ---: | ---: | --- |
| fix/Orders128.text | generated | hand | 85387.5 | 74855.5 | 0.88x | 79412.9 | 0.93x | +6.1% | 129112 | 129112 | 26 % |  |
| fix/Orders128.bytes | generated | hand | 85171.9 | 85966.4 | 1.01x | 88557.0 | 1.04x | +3.0% | 129168 | 129168 | 87 % |  |
| fix/Orders128.stream | generated | hand | 127263.5 | 95809.2 | 0.75x | 98680.4 | 0.78x | +3.0% | 118552 | 118552 | 45 % |  |
| fixmsg/Order.parse | generated | control | 1368.3 | 2177.6 | 1.59x | 2144.4 | 1.57x | -1.5% | 3400 | 3400 | 69 % |  |
| fixmsg/Order.build | generated | control | 1627.0 | 2561.8 | 1.57x | 2695.4 | 1.66x | +5.2% | 3592 | 3592 | 43 % |  |
| fix/orders400.text | generated | hand | 266281.4 | 223431.6 | 0.84x | 228610.0 | 0.86x | +2.3% | 403288 | 403288 | 16 % |  |
| tsql/script100.bool | generated | scriptdom | 670793.8 | 126953.1 | 0.19x | 126825.0 | 0.19x | -0.1% | 113600 | 105603 | 5 % |  |
| tsql/script100.boolboth | generated | scriptdom | 676302.3 | 125635.2 | 0.19x | 126225.0 | 0.19x | +0.5% | 105600 | 105600 | 16 % |  |
| tsql/script100 | generated | scriptdom | 679646.1 | 126843.0 | 0.19x | 125321.1 | 0.18x | -1.2% | 113600 | 113600 | 4 % |  |
| tsql/columns1000 | generated | scriptdom | 1801373.4 | 208103.1 | 0.12x | 199882.8 | 0.11x | -4.0% | 200464 | 200464 | 3 % |  |
| web/json.array10000 | generated | hand | 180883.6 | 203570.7 | 1.13x | 203622.9 | 1.13x | 0.0% | 720048 | 720048 | 57 % |  |
| web/json.object10000 | generated | hand | 810856.2 | 1437097.7 | 1.77x | 1286956.2 | 1.59x | -10.4% | 1599240 | 1599240 | 83 % |  |
| web/url.path1000 | generated | hand | 9476.1 | 11197.7 | 1.18x | 11314.3 | 1.19x | +1.0% | 8384 | 8384 | 3 % |  |
| web/media-type.params1000 | generated | control | 48721.5 | 45977.3 | 0.94x | 46882.5 | 0.96x | +2.0% | 151472 | 151472 | 5 % |  |
| web/sf.list10000 | generated | control | 1166792.2 | 1229214.1 | 1.05x | 1222826.6 | 1.05x | -0.5% | 2720056 | 2720056 | 13 % |  |
| sql/select20.at | generated | hand | 7178.3 | 17780.2 | 2.48x | 17915.7 | 2.50x | +0.8% | 21416 | 21416 | 21 % |  |
| sql/select20.window | generated | hand | 6969.2 | 18296.4 | 2.63x | 18443.7 | 2.65x | +0.8% | 21416 | 21440 | 62 % |  |
| sql/select20.scan | generated | control | 381.7 | 385.9 | 1.01x | 385.4 | 1.01x | -0.1% | 0 | 0 | 7 % |  |
| tsql/select20.scan | generated | control | 388.8 | 385.5 | 0.99x | 388.7 | 1.00x | +0.8% | 0 | 0 | 8 % |  |
| el/ladder.scan | generated | control | 144.0 | 140.8 | 0.98x | 140.2 | 0.97x | -0.4% | 0 | 0 | 13 % |  |
| fixmsg/Order.parse-stream | generated | control | 1967.5 | 2185.0 | 1.11x | 2205.2 | 1.12x | +0.9% | 8224 | 8224 | 13 % |  |
| fixmsg/Order.parse-reader | generated | control | 1955.6 | 2137.4 | 1.09x | 2145.9 | 1.10x | +0.4% | 12112 | 12112 | 2 % |  |
| fixmsg/Order.parse-span | generated | control | 1984.0 | 1835.2 | 0.93x | 1866.2 | 0.94x | +1.7% | 3672 | 3672 | 9 % |  |
| fixmsg/Order.read-stream100 | generated | control | 204646.7 | 202291.4 | 0.99x | 207571.5 | 1.01x | +2.6% | 389248 | 389248 | 11 % |  |
| fixmsg/Order.read-reader100 | generated | control | 204870.7 | 190733.6 | 0.93x | 195144.5 | 0.95x | +2.3% | 375712 | 375712 | 16 % |  |
| fix/Orders128.log-text | generated | hand | 94269.1 | 72188.1 | 0.77x | 72296.3 | 0.77x | +0.1% | 129112 | 129112 | 9 % |  |
| fix/Orders128.log-bytes | generated | hand | 93944.8 | 96652.4 | 1.03x | 95034.8 | 1.01x | -1.7% | 129168 | 129168 | 5 % |  |
| fix/Orders128.log-stream | generated | hand | 93943.9 | 102889.8 | 1.10x | 103496.4 | 1.10x | +0.6% | 118552 | 118552 | 10 % |  |
| el/ladder.bool | generated | hand | 1005.4 | 1732.5 | 1.72x | 1764.4 | 1.75x | +1.8% | 1776 | 1720 | 60 % |  |
| sql/refused-late.bool | generated | hand | 2635.4 | 11994.5 | 4.55x | 5818.8 | 2.21x | -51.5% | 13552 | 6616 | 3 % |  |
| sql/select20.bool | generated | hand | 6968.5 | 18000.3 | 2.58x | 18169.9 | 2.61x | +0.9% | 21448 | 21392 | 14 % |  |
| sql/refused-cliff-case-1391 | generated | control | 4562881.2 | 4833525.0 | 1.06x | 4724587.5 | 1.04x | -2.3% | 6276684 | 6276684 | 4 % |  |
| sql/refused-cliff-case-1738 | generated | control | 17846825.0 | 25106500.0 | 1.41x | 29922650.0 | 1.68x | +19.2% | 74363524 | 74363883 | 125 % |  |
| sql/refused-cliff-joins-891 | generated | control | 2603687.5 | 2579921.9 | 0.99x | 2593775.0 | 1.00x | +0.5% | 2994166 | 2994166 | 5 % |  |
| sql/refused-cliff-joins-1113 | generated | control | 5985625.0 | 5971537.5 | 1.00x | 5801456.2 | 0.97x | -2.8% | 12948795 | 12948779 | 31 % |  |
| sql/refused-cliff-joins-1738 | generated | control | 10990062.5 | 10718112.5 | 0.98x | 11162693.8 | 1.02x | +4.1% | 21144108 | 21144067 | 29 % |  |
| sql/refused-cliff-joins-2172 | generated | control | 31717425.0 | 31967150.0 | 1.01x | 30538550.0 | 0.96x | -4.5% | 94726414 | 94726513 | 56 % |  |
| sql/refused-cliff-paren-2715 | generated | control | 7450262.5 | 6924887.5 | 0.93x | 7140325.0 | 0.96x | +3.1% | 8778600 | 8778600 | 33 % |  |
| sql/refused-cliff-and-2715 | generated | control | 7188206.2 | 6895568.8 | 0.96x | 6691175.0 | 0.93x | -3.0% | 8775443 | 8775404 | 6 % |  |
| sql/refused-cliff-paren-3393 | generated | control | 33598575.0 | 31541725.0 | 0.94x | 31005725.0 | 0.92x | -1.7% | 94864206 | 94859716 | 33 % |  |
| sql/refused-cliff-and-3393 | generated | control | 16442200.0 | 16673100.0 | 1.01x | 15318500.0 | 0.93x | -8.1% | 94857394 | 94857746 | 229 % |  |
| fix/Orders128.yield-reader | generated | hand | 140559.7 | 92630.7 | 0.66x | 95340.6 | 0.68x | +2.9% | 118520 | 118520 | 8 % |  |
| fix/Orders128.yield-string | generated | hand | 85056.9 | 286005.7 | 3.36x | 269509.0 | 3.17x | -5.8% | 117936 | 117936 | 12 % |  |
| fix/Orders128.yield-memory | generated | hand | 84403.8 | 87205.4 | 1.03x | 87714.2 | 1.04x | +0.6% | 118016 | 118016 | 4 % |  |
| fix/Orders128.whole-stream | generated | hand | 118529.8 | 83713.5 | 0.71x | 82092.6 | 0.69x | -1.9% | 129368 | 129368 | 6 % |  |
| fix/Orders128.whole-reader | generated | hand | 118897.9 | 85865.1 | 0.72x | 86148.7 | 0.72x | +0.3% | 129336 | 129336 | 9 % |  |
| feeds/stock-count.good.text | generated | hand | 38885.1 | 31042.2 | 0.80x | 30892.2 | 0.79x | -0.5% | 111312 | 111403 | 13 % |  |
| feeds/stock-count.good.reader | generated | hand | 47644.5 | 38393.9 | 0.81x | 38568.8 | 0.81x | +0.5% | 111488 | 111579 | 15 % |  |
| feeds/stock-count.good.reader64 | generated | hand | 46840.8 | 42250.4 | 0.90x | 42361.1 | 0.90x | +0.3% | 111536 | 111627 | 5 % |  |
| web/url.plain | generated | hand | 98.4 | 235.6 | 2.39x | 231.5 | 2.35x | -1.7% | 360 | 360 | 7 % |  |
| web/url.full | generated | hand | 169.3 | 314.1 | 1.86x | 303.0 | 1.79x | -3.5% | 536 | 536 | 11 % |  |
| web/url.ipv4 | generated | hand | 111.9 | 247.5 | 2.21x | 236.4 | 2.11x | -4.5% | 384 | 384 | 7 % |  |
| web/url.long-path | generated | hand | 179.3 | 435.3 | 2.43x | 428.9 | 2.39x | -1.5% | 512 | 512 | 13 % |  |
| web/url.refused | generated | hand | 68.1 | 199.6 | 2.93x | 198.0 | 2.91x | -0.8% | 64 | 64 | 4 % |  |
| web/url.relative | generated | hand | 76.9 | 200.4 | 2.60x | 202.8 | 2.64x | +1.2% | 312 | 312 | 10 % |  |
| web/url.relative-dot-colon | generated | hand | 64.3 | 172.6 | 2.68x | 179.3 | 2.79x | +3.9% | 280 | 280 | 13 % |  |
| web/url.relative-letters | generated | hand | 105.5 | 235.3 | 2.23x | 243.0 | 2.30x | +3.3% | 312 | 312 | 11 % |  |
| web/json.object | generated | hand | 605.6 | 943.4 | 1.56x | 967.3 | 1.60x | +2.5% | 2584 | 2584 | 12 % |  |
| web/json.array | generated | hand | 598.1 | 761.2 | 1.27x | 740.7 | 1.24x | -2.7% | 2400 | 2400 | 2 % |  |
| web/media-type.plain | generated | control | 169.7 | 207.8 | 1.22x | 218.9 | 1.29x | +5.3% | 448 | 448 | 6 % |  |
| web/media-type.quoted | generated | control | 258.4 | 304.3 | 1.18x | 331.3 | 1.28x | +8.9% | 816 | 816 | 33 % |  |
| web/media-type.refused | generated | control | 46.1 | 83.0 | 1.80x | 82.1 | 1.78x | -1.1% | 64 | 64 | 12 % |  |
| web/addr-spec.plain | generated | control | 89.3 | 121.8 | 1.36x | 124.6 | 1.40x | +2.3% | 176 | 176 | 5 % |  |
| web/addr-spec.refused | generated | control | 25.1 | 60.8 | 2.43x | 60.3 | 2.41x | -0.8% | 64 | 64 | 23 % |  |
| web/json-patch.full | generated | control | 1372.5 | 1445.0 | 1.05x | 1426.1 | 1.04x | -1.3% | 4552 | 4552 | 3 % |  |
| web/link.full | generated | control | 1308.1 | 1419.1 | 1.08x | 1500.2 | 1.15x | +5.7% | 2968 | 2968 | 24 % |  |
| web/link.refused | generated | control | 20.4 | 55.0 | 2.70x | 55.6 | 2.72x | +0.9% | 64 | 64 | 12 % |  |
| web/sf.item | generated | control | 283.9 | 355.7 | 1.25x | 333.0 | 1.17x | -6.4% | 800 | 800 | 42 % |  |
| web/sf.list | generated | control | 1201.8 | 1359.5 | 1.13x | 1323.7 | 1.10x | -2.6% | 3064 | 3064 | 24 % |  |
| web/sf.dictionary | generated | control | 1270.1 | 1343.8 | 1.06x | 1316.2 | 1.04x | -2.1% | 3280 | 3280 | 23 % |  |
| el/ladder | generated | hand | 1031.0 | 1778.1 | 1.72x | 1781.4 | 1.73x | +0.2% | 1776 | 1776 | 27 % |  |
| el/ladder | immediate | hand | 1031.0 | 1231.0 | 1.19x | 1210.7 | 1.17x | -1.7% | 1784 | 1784 | 27 % |  |
| el/terms1000 | generated | hand | 115529.1 | 162898.1 | 1.41x | 155729.5 | 1.35x | -4.4% | 169104 | 169104 | 18 % |  |
| el/terms1000 | immediate | hand | 115529.1 | 129285.1 | 1.12x | 130977.4 | 1.13x | +1.3% | 177120 | 177123 | 18 % |  |
| sql/select20 | generated | hand | 7969.2 | 20250.4 | 2.54x | 20692.2 | 2.60x | +2.2% | 21448 | 21448 | 28 % |  |
| sql/refused-late | generated | hand | 2744.7 | 12240.5 | 4.46x | 12341.5 | 4.50x | +0.8% | 13552 | 13552 | 31 % |  |

Written to T:\TEMP\dotgram-stand\wc2\pair\run-1
74 rows, every reading agreeing. Timing 8 rounds.
  fix/Orders128.text: 7 round(s) redone after a gen1/gen2 collection
fix/Orders128.text     hand    81513.7 ns before    71838.7 ns after    71991.0 ns  before/hand 0.88x  after/hand 0.88x
  fix/Orders128.bytes: 3 round(s) redone after a gen1/gen2 collection
fix/Orders128.bytes    hand    79910.2 ns before    80920.3 ns after    81572.7 ns  before/hand 1.01x  after/hand 1.02x
  fix/Orders128.stream: 45 round(s) redone after a gen1/gen2 collection
fix/Orders128.stream   hand   116746.6 ns before    90624.2 ns after    90450.5 ns  before/hand 0.78x  after/hand 0.77x
  fixmsg/Order.parse: 14 round(s) redone after a gen1/gen2 collection
fixmsg/Order.parse     control     1236.1 ns before     1825.4 ns after     1828.6 ns  before/control 1.48x  after/control 1.48x
  fixmsg/Order.build: 144 round(s) redone after a gen1/gen2 collection
fixmsg/Order.build     control     1554.7 ns before     2319.8 ns after     2324.4 ns  before/control 1.49x  after/control 1.50x
  fix/orders400.text: 71 round(s) redone after a gen1/gen2 collection
fix/orders400.text     hand   267628.3 ns before   226702.9 ns after   232689.3 ns  before/hand 0.85x  after/hand 0.87x
tsql/script100.bool    scriptdom   662034.4 ns before   125450.0 ns after   126331.2 ns  before/scriptdom 0.19x  after/scriptdom 0.19x
  tsql/script100.boolboth: 5 round(s) redone after a gen1/gen2 collection
tsql/script100.boolboth scriptdom   673135.2 ns before   127776.6 ns after   126329.7 ns  before/scriptdom 0.19x  after/scriptdom 0.19x
  tsql/script100: 6 round(s) redone after a gen1/gen2 collection
tsql/script100         scriptdom   681375.0 ns before   127705.5 ns after   126311.7 ns  before/scriptdom 0.19x  after/scriptdom 0.19x
  tsql/columns1000: 7 round(s) redone after a gen1/gen2 collection
tsql/columns1000       scriptdom  1779381.2 ns before   192945.3 ns after   193420.3 ns  before/scriptdom 0.11x  after/scriptdom 0.11x
  web/json.array10000: 144 round(s) redone after a gen1/gen2 collection
web/json.array10000    hand   173520.3 ns before   200466.4 ns after   202533.6 ns  before/hand 1.16x  after/hand 1.17x
  web/json.object10000: 137 round(s) redone after a gen1/gen2 collection
web/json.object10000   hand   649531.2 ns before  1142240.6 ns after  1429358.6 ns  before/hand 1.76x  after/hand 2.20x
web/url.path1000       hand     9393.1 ns before    10995.0 ns after    10956.2 ns  before/hand 1.17x  after/hand 1.17x
web/media-type.params1000 control    48405.3 ns before    45571.5 ns after    46188.9 ns  before/control 0.94x  after/control 0.95x
web/sf.list10000       control  1196890.6 ns before  1231060.9 ns after  1208606.2 ns  before/control 1.03x  after/control 1.01x
sql/select20.at        hand     7047.1 ns before    18165.7 ns after    17467.6 ns  before/hand 2.58x  after/hand 2.48x
sql/select20.window    hand     6985.7 ns before    18291.4 ns after    18044.1 ns  before/hand 2.62x  after/hand 2.58x
sql/select20.scan      control      379.5 ns before      387.3 ns after      392.9 ns  before/control 1.02x  after/control 1.04x
tsql/select20.scan     control      389.1 ns before      397.8 ns after      395.9 ns  before/control 1.02x  after/control 1.02x
el/ladder.scan         control      142.4 ns before      141.4 ns after      142.5 ns  before/control 0.99x  after/control 1.00x
fixmsg/Order.parse-stream control     1986.6 ns before     2230.5 ns after     2237.1 ns  before/control 1.12x  after/control 1.13x
fixmsg/Order.parse-reader control     2011.8 ns before     2182.7 ns after     2211.4 ns  before/control 1.08x  after/control 1.10x
  fixmsg/Order.parse-span: 1 round(s) redone after a gen1/gen2 collection
fixmsg/Order.parse-span control     2001.9 ns before     1884.2 ns after     1909.8 ns  before/control 0.94x  after/control 0.95x
fixmsg/Order.read-stream100 control   213068.9 ns before   208686.9 ns after   210528.7 ns  before/control 0.98x  after/control 0.99x
  fixmsg/Order.read-reader100: 4 round(s) redone after a gen1/gen2 collection
fixmsg/Order.read-reader100 control   210973.2 ns before   197273.8 ns after   197634.0 ns  before/control 0.94x  after/control 0.94x
  fix/Orders128.log-text: 9 round(s) redone after a gen1/gen2 collection
fix/Orders128.log-text hand    95945.9 ns before    75029.1 ns after    78782.1 ns  before/hand 0.78x  after/hand 0.82x
  fix/Orders128.log-bytes: 8 round(s) redone after a gen1/gen2 collection
fix/Orders128.log-bytes hand    96479.6 ns before    97834.5 ns after    99760.2 ns  before/hand 1.01x  after/hand 1.03x
  fix/Orders128.log-stream: 1 round(s) redone after a gen1/gen2 collection
fix/Orders128.log-stream hand    97551.9 ns before   105991.2 ns after   108994.0 ns  before/hand 1.09x  after/hand 1.12x
el/ladder.bool         hand     1031.9 ns before     1765.3 ns after     1839.2 ns  before/hand 1.71x  after/hand 1.78x
sql/refused-late.bool  hand     2779.5 ns before    12631.0 ns after     6054.0 ns  before/hand 4.54x  after/hand 2.18x
  sql/select20.bool: 3 round(s) redone after a gen1/gen2 collection
sql/select20.bool      hand     7142.5 ns before    19014.7 ns after    19073.7 ns  before/hand 2.66x  after/hand 2.67x
  sql/refused-cliff-case-1391: 15 round(s) redone after a gen1/gen2 collection
sql/refused-cliff-case-1391 control  4829125.0 ns before  5195962.5 ns after  4843900.0 ns  before/control 1.08x  after/control 1.00x
  sql/refused-cliff-case-1738: 144 round(s) redone after a gen1/gen2 collection
sql/refused-cliff-case-1738 control 22530075.0 ns before 22899300.0 ns after 24802250.0 ns  before/control 1.02x  after/control 1.10x
  sql/refused-cliff-joins-891: 12 round(s) redone after a gen1/gen2 collection
sql/refused-cliff-joins-891 control  2649331.2 ns before  2754937.5 ns after  2692250.0 ns  before/control 1.04x  after/control 1.02x
  sql/refused-cliff-joins-1113: 144 round(s) redone after a gen1/gen2 collection
sql/refused-cliff-joins-1113 control  6097806.2 ns before  6069368.8 ns after  6352228.1 ns  before/control 1.00x  after/control 1.04x
  sql/refused-cliff-joins-1738: 134 round(s) redone after a gen1/gen2 collection
sql/refused-cliff-joins-1738 control  9326625.0 ns before  9172262.5 ns after 10353462.5 ns  before/control 0.98x  after/control 1.11x
  sql/refused-cliff-joins-2172: 144 round(s) redone after a gen1/gen2 collection
sql/refused-cliff-joins-2172 control 31548125.0 ns before 30847775.0 ns after 28750850.0 ns  before/control 0.98x  after/control 0.91x
sql/refused-cliff-paren-2715 control  7046825.0 ns before  7203256.2 ns after  7258131.2 ns  before/control 1.02x  after/control 1.03x
sql/refused-cliff-and-2715 control  6934887.5 ns before  6942718.8 ns after  7155800.0 ns  before/control 1.00x  after/control 1.03x
  sql/refused-cliff-paren-3393: 141 round(s) redone after a gen1/gen2 collection
sql/refused-cliff-paren-3393 control 35099300.0 ns before 30282950.0 ns after 28801825.0 ns  before/control 0.86x  after/control 0.82x
  sql/refused-cliff-and-3393: 142 round(s) redone after a gen1/gen2 collection
sql/refused-cliff-and-3393 control 27889475.0 ns before 26311875.0 ns after 33859850.0 ns  before/control 0.94x  after/control 1.21x
fix/Orders128.yield-reader hand   141020.5 ns before    94892.8 ns after    95872.7 ns  before/hand 0.67x  after/hand 0.68x
fix/Orders128.yield-string hand    84615.7 ns before   264444.3 ns after   259279.8 ns  before/hand 3.13x  after/hand 3.06x
  fix/Orders128.yield-memory: 1 round(s) redone after a gen1/gen2 collection
fix/Orders128.yield-memory hand    81869.8 ns before    88151.1 ns after    86337.8 ns  before/hand 1.08x  after/hand 1.05x
fix/Orders128.whole-stream hand   117317.4 ns before    81771.5 ns after    84182.2 ns  before/hand 0.70x  after/hand 0.72x
fix/Orders128.whole-reader hand   117583.1 ns before    85661.9 ns after    88303.1 ns  before/hand 0.73x  after/hand 0.75x
  feeds/stock-count.good.text: 34 round(s) redone after a gen1/gen2 collection
feeds/stock-count.good.text hand    37764.5 ns before    30460.0 ns after    29620.1 ns  before/hand 0.81x  after/hand 0.78x
  feeds/stock-count.good.reader: 55 round(s) redone after a gen1/gen2 collection
feeds/stock-count.good.reader hand    45804.3 ns before    38417.5 ns after    37729.0 ns  before/hand 0.84x  after/hand 0.82x
  feeds/stock-count.good.reader64: 44 round(s) redone after a gen1/gen2 collection
feeds/stock-count.good.reader64 hand    47948.3 ns before    42868.3 ns after    42766.2 ns  before/hand 0.89x  after/hand 0.89x
web/url.plain          hand       96.3 ns before      226.1 ns after      224.7 ns  before/hand 2.35x  after/hand 2.33x
web/url.full           hand      168.1 ns before      301.0 ns after      298.1 ns  before/hand 1.79x  after/hand 1.77x
  web/url.ipv4: 1 round(s) redone after a gen1/gen2 collection
web/url.ipv4           hand      115.5 ns before      243.9 ns after      240.2 ns  before/hand 2.11x  after/hand 2.08x
web/url.long-path      hand      181.2 ns before      431.2 ns after      437.9 ns  before/hand 2.38x  after/hand 2.42x
web/url.refused        hand       69.3 ns before      201.5 ns after      197.5 ns  before/hand 2.91x  after/hand 2.85x
  web/url.relative: 1 round(s) redone after a gen1/gen2 collection
web/url.relative       hand       76.9 ns before      206.7 ns after      204.7 ns  before/hand 2.69x  after/hand 2.66x
web/url.relative-dot-colon hand       65.9 ns before      185.8 ns after      185.3 ns  before/hand 2.82x  after/hand 2.81x
web/url.relative-letters hand      106.2 ns before      248.5 ns after      243.7 ns  before/hand 2.34x  after/hand 2.30x
  web/json.object: 1 round(s) redone after a gen1/gen2 collection
web/json.object        hand      597.2 ns before      938.9 ns after      956.3 ns  before/hand 1.57x  after/hand 1.60x
  web/json.array: 2 round(s) redone after a gen1/gen2 collection
web/json.array         hand      605.4 ns before      754.6 ns after      750.9 ns  before/hand 1.25x  after/hand 1.24x
web/media-type.plain   control      158.7 ns before      205.5 ns after      208.2 ns  before/control 1.29x  after/control 1.31x
  web/media-type.quoted: 1 round(s) redone after a gen1/gen2 collection
web/media-type.quoted  control      258.2 ns before      303.6 ns after      301.2 ns  before/control 1.18x  after/control 1.17x
web/media-type.refused control       46.3 ns before       82.0 ns after       82.2 ns  before/control 1.77x  after/control 1.77x
web/addr-spec.plain    control       92.3 ns before      125.5 ns after      122.0 ns  before/control 1.36x  after/control 1.32x
  web/addr-spec.refused: 1 round(s) redone after a gen1/gen2 collection
web/addr-spec.refused  control       25.6 ns before       60.4 ns after       60.3 ns  before/control 2.36x  after/control 2.35x
web/json-patch.full    control     1379.1 ns before     1447.9 ns after     1436.7 ns  before/control 1.05x  after/control 1.04x
web/link.full          control     1321.6 ns before     1390.7 ns after     1374.9 ns  before/control 1.05x  after/control 1.04x
web/link.refused       control       20.7 ns before       54.2 ns after       53.7 ns  before/control 2.62x  after/control 2.59x
web/sf.item            control      258.3 ns before      315.4 ns after      306.8 ns  before/control 1.22x  after/control 1.19x
  web/sf.list: 1 round(s) redone after a gen1/gen2 collection
web/sf.list            control     1175.2 ns before     1262.0 ns after     1258.2 ns  before/control 1.07x  after/control 1.07x
  web/sf.dictionary: 1 round(s) redone after a gen1/gen2 collection
web/sf.dictionary      control     1260.7 ns before     1332.4 ns after     1327.8 ns  before/control 1.06x  after/control 1.05x
el/ladder              hand      996.7 ns before     1719.4 ns after     1756.3 ns before-immediate     1206.4 ns after-immediate     1168.8 ns  before/hand 1.72x  after/hand 1.76x  before-immediate/hand 1.21x  after-immediate/hand 1.17x
  el/terms1000: 14 round(s) redone after a gen1/gen2 collection
el/terms1000           hand   111187.4 ns before   153422.9 ns after   153093.9 ns before-immediate   124980.9 ns after-immediate   123406.6 ns  before/hand 1.38x  after/hand 1.38x  before-immediate/hand 1.12x  after-immediate/hand 1.11x
sql/select20           hand     6852.1 ns before    18483.3 ns after    17997.8 ns  before/hand 2.70x  after/hand 2.63x
  sql/refused-late: 1 round(s) redone after a gen1/gen2 collection
sql/refused-late       hand     2606.9 ns before    12131.1 ns after    11869.8 ns  before/hand 4.65x  after/hand 4.55x

# Paired stand, 2026-09-20 21:29

IGOR-DESKTOP, pinned to 0-15, high priority, control 31.7 ns.

This binary, and the libraries it holds as the control, was built from 0c0b75ff. JIT: DOTNET_TieredCompilation unset, DOTNET_TieredPGO unset, DOTNET_TC_QuickJitForLoops unset, DOTNET_ReadyToRun unset (unset is the runtime's default: tiered compilation on, dynamic PGO on; a row is warmed to a stable reading before it is timed).

Sides: before (commit d28533cb, framework net10.0, no properties, emitted b60541f92d7b864c); after (commit d28533cb, framework net10.0, no properties, emitted b60541f92d7b864c). (The check that the two emitted different code applies to two sides of one commit given different properties; its silence says nothing about two commits.)

**The rows named `.bool` compare two APIs, not two commits: `before` is the Match form of the before side and `after` the bool form of the after side (`StandBool.cs`), so their difference is the price of the Match form against the bool form. It is there in an A/A of one build and in a pair of commits that have nothing to do with it, and it is not an effect of the commit under test.**

The base of a row is what every ratio is over, and its name says what it is: `hand` is a hand-written parser (`DotGram.Handwritten`), `scriptdom` is Microsoft's parser, and `control` is this process's own build of the same generated parser, held constant so that the two sides are compared and nothing is claimed against a hand-written one.

The last two columns are what a reader a month later cannot get from a message: **the base's spread between the runs** (how much the machine's speed varied from one run to the next; a row with a large one had a disturbed run, and its medians are read with the range beside them) and the **change of each run** (the smallest and the largest, and how many of the runs were positive).

| row | reading | base | base ns | before ns | before/base | after ns | after/base | change | before B | after B | base spread | change over the runs |
| --- | --- | --- | ---: | ---: | ---: | ---: | ---: | ---: | ---: | ---: | ---: | --- |
| fix/Orders128.text | generated | hand | 81513.7 | 71838.7 | 0.88x | 71991.0 | 0.88x | +0.2% | 129112 | 129112 | 33 % |  |
| fix/Orders128.bytes | generated | hand | 79910.2 | 80920.3 | 1.01x | 81572.7 | 1.02x | +0.8% | 129168 | 129168 | 12 % |  |
| fix/Orders128.stream | generated | hand | 116746.6 | 90624.2 | 0.78x | 90450.5 | 0.77x | -0.2% | 118552 | 118552 | 3 % |  |
| fixmsg/Order.parse | generated | control | 1236.1 | 1825.4 | 1.48x | 1828.6 | 1.48x | +0.2% | 3400 | 3400 | 5 % |  |
| fixmsg/Order.build | generated | control | 1554.7 | 2319.8 | 1.49x | 2324.4 | 1.50x | +0.2% | 3592 | 3592 | 3 % |  |
| fix/orders400.text | generated | hand | 267628.3 | 226702.9 | 0.85x | 232689.3 | 0.87x | +2.6% | 403288 | 403288 | 21 % |  |
| tsql/script100.bool | generated | scriptdom | 662034.4 | 125450.0 | 0.19x | 126331.2 | 0.19x | +0.7% | 113600 | 105600 | 5 % |  |
| tsql/script100.boolboth | generated | scriptdom | 673135.2 | 127776.6 | 0.19x | 126329.7 | 0.19x | -1.1% | 105600 | 105603 | 18 % |  |
| tsql/script100 | generated | scriptdom | 681375.0 | 127705.5 | 0.19x | 126311.7 | 0.19x | -1.1% | 113600 | 113600 | 8 % |  |
| tsql/columns1000 | generated | scriptdom | 1779381.2 | 192945.3 | 0.11x | 193420.3 | 0.11x | +0.2% | 200464 | 200464 | 4 % |  |
| web/json.array10000 | generated | hand | 173520.3 | 200466.4 | 1.16x | 202533.6 | 1.17x | +1.0% | 720048 | 720048 | 7 % |  |
| web/json.object10000 | generated | hand | 649531.2 | 1142240.6 | 1.76x | 1429358.6 | 2.20x | +25.1% | 1599240 | 1599240 | 104 % |  |
| web/url.path1000 | generated | hand | 9393.1 | 10995.0 | 1.17x | 10956.2 | 1.17x | -0.4% | 8384 | 8384 | 2 % |  |
| web/media-type.params1000 | generated | control | 48405.3 | 45571.5 | 0.94x | 46188.9 | 0.95x | +1.4% | 151472 | 151472 | 8 % |  |
| web/sf.list10000 | generated | control | 1196890.6 | 1231060.9 | 1.03x | 1208606.2 | 1.01x | -1.8% | 2720056 | 2720056 | 12 % |  |
| sql/select20.at | generated | hand | 7047.1 | 18165.7 | 2.58x | 17467.6 | 2.48x | -3.8% | 21416 | 21440 | 28 % |  |
| sql/select20.window | generated | hand | 6985.7 | 18291.4 | 2.62x | 18044.1 | 2.58x | -1.4% | 21416 | 21440 | 12 % |  |
| sql/select20.scan | generated | control | 379.5 | 387.3 | 1.02x | 392.9 | 1.04x | +1.5% | 0 | 0 | 13 % |  |
| tsql/select20.scan | generated | control | 389.1 | 397.8 | 1.02x | 395.9 | 1.02x | -0.5% | 0 | 0 | 15 % |  |
| el/ladder.scan | generated | control | 142.4 | 141.4 | 0.99x | 142.5 | 1.00x | +0.8% | 0 | 0 | 10 % |  |
| fixmsg/Order.parse-stream | generated | control | 1986.6 | 2230.5 | 1.12x | 2237.1 | 1.13x | +0.3% | 8224 | 8224 | 10 % |  |
| fixmsg/Order.parse-reader | generated | control | 2011.8 | 2182.7 | 1.08x | 2211.4 | 1.10x | +1.3% | 12112 | 12112 | 31 % |  |
| fixmsg/Order.parse-span | generated | control | 2001.9 | 1884.2 | 0.94x | 1909.8 | 0.95x | +1.4% | 3672 | 3672 | 11 % |  |
| fixmsg/Order.read-stream100 | generated | control | 213068.9 | 208686.9 | 0.98x | 210528.7 | 0.99x | +0.9% | 389248 | 389248 | 15 % |  |
| fixmsg/Order.read-reader100 | generated | control | 210973.2 | 197273.8 | 0.94x | 197634.0 | 0.94x | +0.2% | 375712 | 375712 | 9 % |  |
| fix/Orders128.log-text | generated | hand | 95945.9 | 75029.1 | 0.78x | 78782.1 | 0.82x | +5.0% | 129112 | 129112 | 16 % |  |
| fix/Orders128.log-bytes | generated | hand | 96479.6 | 97834.5 | 1.01x | 99760.2 | 1.03x | +2.0% | 129168 | 129168 | 21 % |  |
| fix/Orders128.log-stream | generated | hand | 97551.9 | 105991.2 | 1.09x | 108994.0 | 1.12x | +2.8% | 118552 | 118552 | 19 % |  |
| el/ladder.bool | generated | hand | 1031.9 | 1765.3 | 1.71x | 1839.2 | 1.78x | +4.2% | 1776 | 1720 | 39 % |  |
| sql/refused-late.bool | generated | hand | 2779.5 | 12631.0 | 4.54x | 6054.0 | 2.18x | -52.1% | 13552 | 6616 | 6 % |  |
| sql/select20.bool | generated | hand | 7142.5 | 19014.7 | 2.66x | 19073.7 | 2.67x | +0.3% | 21448 | 21392 | 3 % |  |
| sql/refused-cliff-case-1391 | generated | control | 4829125.0 | 5195962.5 | 1.08x | 4843900.0 | 1.00x | -6.8% | 6276684 | 6276684 | 9 % |  |
| sql/refused-cliff-case-1738 | generated | control | 22530075.0 | 22899300.0 | 1.02x | 24802250.0 | 1.10x | +8.3% | 74363532 | 74363650 | 66 % |  |
| sql/refused-cliff-joins-891 | generated | control | 2649331.2 | 2754937.5 | 1.04x | 2692250.0 | 1.02x | -2.3% | 2994123 | 2994123 | 12 % |  |
| sql/refused-cliff-joins-1113 | generated | control | 6097806.2 | 6069368.8 | 1.00x | 6352228.1 | 1.04x | +4.7% | 12948942 | 12948856 | 13 % |  |
| sql/refused-cliff-joins-1738 | generated | control | 9326625.0 | 9172262.5 | 0.98x | 10353462.5 | 1.11x | +12.9% | 21144106 | 21144075 | 77 % |  |
| sql/refused-cliff-joins-2172 | generated | control | 31548125.0 | 30847775.0 | 0.98x | 28750850.0 | 0.91x | -6.8% | 94726495 | 94726954 | 86 % |  |
| sql/refused-cliff-paren-2715 | generated | control | 7046825.0 | 7203256.2 | 1.02x | 7258131.2 | 1.03x | +0.8% | 8778600 | 8778600 | 25 % |  |
| sql/refused-cliff-and-2715 | generated | control | 6934887.5 | 6942718.8 | 1.00x | 7155800.0 | 1.03x | +3.1% | 8775467 | 8775404 | 58 % |  |
| sql/refused-cliff-paren-3393 | generated | control | 35099300.0 | 30282950.0 | 0.86x | 28801825.0 | 0.82x | -4.9% | 94861028 | 94861103 | 58 % |  |
| sql/refused-cliff-and-3393 | generated | control | 27889475.0 | 26311875.0 | 0.94x | 33859850.0 | 1.21x | +28.7% | 94858371 | 94857953 | 85 % |  |
| fix/Orders128.yield-reader | generated | hand | 141020.5 | 94892.8 | 0.67x | 95872.7 | 0.68x | +1.0% | 118520 | 118520 | 13 % |  |
| fix/Orders128.yield-string | generated | hand | 84615.7 | 264444.3 | 3.13x | 259279.8 | 3.06x | -2.0% | 117936 | 117936 | 9 % |  |
| fix/Orders128.yield-memory | generated | hand | 81869.8 | 88151.1 | 1.08x | 86337.8 | 1.05x | -2.1% | 118016 | 118016 | 5 % |  |
| fix/Orders128.whole-stream | generated | hand | 117317.4 | 81771.5 | 0.70x | 84182.2 | 0.72x | +2.9% | 129368 | 129368 | 15 % |  |
| fix/Orders128.whole-reader | generated | hand | 117583.1 | 85661.9 | 0.73x | 88303.1 | 0.75x | +3.1% | 129336 | 129336 | 3 % |  |
| feeds/stock-count.good.text | generated | hand | 37764.5 | 30460.0 | 0.81x | 29620.1 | 0.78x | -2.8% | 111403 | 111403 | 44 % |  |
| feeds/stock-count.good.reader | generated | hand | 45804.3 | 38417.5 | 0.84x | 37729.0 | 0.82x | -1.8% | 111488 | 111579 | 23 % |  |
| feeds/stock-count.good.reader64 | generated | hand | 47948.3 | 42868.3 | 0.89x | 42766.2 | 0.89x | -0.2% | 111536 | 111627 | 9 % |  |
| web/url.plain | generated | hand | 96.3 | 226.1 | 2.35x | 224.7 | 2.33x | -0.6% | 360 | 360 | 11 % |  |
| web/url.full | generated | hand | 168.1 | 301.0 | 1.79x | 298.1 | 1.77x | -1.0% | 536 | 536 | 3 % |  |
| web/url.ipv4 | generated | hand | 115.5 | 243.9 | 2.11x | 240.2 | 2.08x | -1.5% | 384 | 384 | 11 % |  |
| web/url.long-path | generated | hand | 181.2 | 431.2 | 2.38x | 437.9 | 2.42x | +1.5% | 512 | 512 | 36 % |  |
| web/url.refused | generated | hand | 69.3 | 201.5 | 2.91x | 197.5 | 2.85x | -2.0% | 64 | 64 | 8 % |  |
| web/url.relative | generated | hand | 76.9 | 206.7 | 2.69x | 204.7 | 2.66x | -1.0% | 312 | 312 | 6 % |  |
| web/url.relative-dot-colon | generated | hand | 65.9 | 185.8 | 2.82x | 185.3 | 2.81x | -0.2% | 280 | 280 | 17 % |  |
| web/url.relative-letters | generated | hand | 106.2 | 248.5 | 2.34x | 243.7 | 2.30x | -1.9% | 312 | 312 | 11 % |  |
| web/json.object | generated | hand | 597.2 | 938.9 | 1.57x | 956.3 | 1.60x | +1.9% | 2584 | 2584 | 3 % |  |
| web/json.array | generated | hand | 605.4 | 754.6 | 1.25x | 750.9 | 1.24x | -0.5% | 2400 | 2400 | 11 % |  |
| web/media-type.plain | generated | control | 158.7 | 205.5 | 1.29x | 208.2 | 1.31x | +1.3% | 448 | 448 | 27 % |  |
| web/media-type.quoted | generated | control | 258.2 | 303.6 | 1.18x | 301.2 | 1.17x | -0.8% | 816 | 816 | 3 % |  |
| web/media-type.refused | generated | control | 46.3 | 82.0 | 1.77x | 82.2 | 1.77x | +0.1% | 64 | 64 | 5 % |  |
| web/addr-spec.plain | generated | control | 92.3 | 125.5 | 1.36x | 122.0 | 1.32x | -2.7% | 176 | 176 | 4 % |  |
| web/addr-spec.refused | generated | control | 25.6 | 60.4 | 2.36x | 60.3 | 2.35x | -0.2% | 64 | 64 | 3 % |  |
| web/json-patch.full | generated | control | 1379.1 | 1447.9 | 1.05x | 1436.7 | 1.04x | -0.8% | 4552 | 4552 | 5 % |  |
| web/link.full | generated | control | 1321.6 | 1390.7 | 1.05x | 1374.9 | 1.04x | -1.1% | 2968 | 2968 | 7 % |  |
| web/link.refused | generated | control | 20.7 | 54.2 | 2.62x | 53.7 | 2.59x | -0.9% | 64 | 64 | 11 % |  |
| web/sf.item | generated | control | 258.3 | 315.4 | 1.22x | 306.8 | 1.19x | -2.7% | 800 | 800 | 2 % |  |
| web/sf.list | generated | control | 1175.2 | 1262.0 | 1.07x | 1258.2 | 1.07x | -0.3% | 3064 | 3064 | 3 % |  |
| web/sf.dictionary | generated | control | 1260.7 | 1332.4 | 1.06x | 1327.8 | 1.05x | -0.3% | 3280 | 3280 | 6 % |  |
| el/ladder | generated | hand | 996.7 | 1719.4 | 1.72x | 1756.3 | 1.76x | +2.1% | 1776 | 1776 | 3 % |  |
| el/ladder | immediate | hand | 996.7 | 1206.4 | 1.21x | 1168.8 | 1.17x | -3.1% | 1784 | 1784 | 3 % |  |
| el/terms1000 | generated | hand | 111187.4 | 153422.9 | 1.38x | 153093.9 | 1.38x | -0.2% | 169104 | 169128 | 23 % |  |
| el/terms1000 | immediate | hand | 111187.4 | 124980.9 | 1.12x | 123406.6 | 1.11x | -1.3% | 177123 | 177120 | 23 % |  |
| sql/select20 | generated | hand | 6852.1 | 18483.3 | 2.70x | 17997.8 | 2.63x | -2.6% | 21448 | 21448 | 16 % |  |
| sql/refused-late | generated | hand | 2606.9 | 12131.1 | 4.65x | 11869.8 | 4.55x | -2.2% | 13552 | 13552 | 15 % |  |

Written to T:\TEMP\dotgram-stand\wc2\pair\aa-run-1
=== run 2 of 5, 21:29:44
74 rows, every reading agreeing. Timing 8 rounds.
fix/Orders128.text     hand    83977.7 ns before    72881.6 ns after    71799.6 ns  before/hand 0.87x  after/hand 0.85x
fix/Orders128.bytes    hand    80840.6 ns before    82220.7 ns after    82314.1 ns  before/hand 1.02x  after/hand 1.02x
fix/Orders128.stream   hand   116558.6 ns before    90728.5 ns after    96077.1 ns  before/hand 0.78x  after/hand 0.82x
fixmsg/Order.parse     control     1204.5 ns before     1857.2 ns after     1853.2 ns  before/control 1.54x  after/control 1.54x
fixmsg/Order.build     control     1478.6 ns before     2324.1 ns after     2357.7 ns  before/control 1.57x  after/control 1.59x
fix/orders400.text     hand   247696.5 ns before   222741.4 ns after   218571.1 ns  before/hand 0.90x  after/hand 0.88x
tsql/script100.bool    scriptdom   660543.8 ns before   122990.6 ns after   123475.0 ns  before/scriptdom 0.19x  after/scriptdom 0.19x
  tsql/script100.boolboth: 5 round(s) redone after a gen1/gen2 collection
tsql/script100.boolboth scriptdom   666768.0 ns before   125903.9 ns after   124564.8 ns  before/scriptdom 0.19x  after/scriptdom 0.19x
  tsql/script100: 5 round(s) redone after a gen1/gen2 collection
tsql/script100         scriptdom   659147.7 ns before   123909.4 ns after   122101.6 ns  before/scriptdom 0.19x  after/scriptdom 0.19x
  tsql/columns1000: 9 round(s) redone after a gen1/gen2 collection
tsql/columns1000       scriptdom  1732140.6 ns before   188287.5 ns after   189345.3 ns  before/scriptdom 0.11x  after/scriptdom 0.11x
  web/json.array10000: 144 round(s) redone after a gen1/gen2 collection
web/json.array10000    hand   170176.8 ns before   193383.4 ns after   194738.3 ns  before/hand 1.14x  after/hand 1.14x
  web/json.object10000: 144 round(s) redone after a gen1/gen2 collection
web/json.object10000   hand   654956.2 ns before  1172372.7 ns after  1410133.6 ns  before/hand 1.79x  after/hand 2.15x
web/url.path1000       hand     9356.4 ns before    10941.7 ns after    10968.2 ns  before/hand 1.17x  after/hand 1.17x
web/media-type.params1000 control    48333.3 ns before    44500.5 ns after    44650.7 ns  before/control 0.92x  after/control 0.92x
  web/sf.list10000: 33 round(s) redone after a gen1/gen2 collection
web/sf.list10000       control  1121978.1 ns before  1162692.2 ns after  1258142.2 ns  before/control 1.04x  after/control 1.12x
sql/select20.at        hand     6779.3 ns before    17233.0 ns after    17299.2 ns  before/hand 2.54x  after/hand 2.55x
  sql/select20.window: 3 round(s) redone after a gen1/gen2 collection
sql/select20.window    hand     7289.3 ns before    18437.3 ns after    18717.5 ns  before/hand 2.53x  after/hand 2.57x
sql/select20.scan      control      420.3 ns before      380.7 ns after      381.3 ns  before/control 0.91x  after/control 0.91x
tsql/select20.scan     control      383.7 ns before      388.3 ns after      385.9 ns  before/control 1.01x  after/control 1.01x
el/ladder.scan         control      138.6 ns before      137.5 ns after      137.8 ns  before/control 0.99x  after/control 0.99x
  fixmsg/Order.parse-stream: 1 round(s) redone after a gen1/gen2 collection
fixmsg/Order.parse-stream control     1889.3 ns before     2149.4 ns after     2183.2 ns  before/control 1.14x  after/control 1.16x
  fixmsg/Order.parse-reader: 1 round(s) redone after a gen1/gen2 collection
fixmsg/Order.parse-reader control     1900.4 ns before     2100.3 ns after     2102.0 ns  before/control 1.11x  after/control 1.11x
  fixmsg/Order.parse-span: 1 round(s) redone after a gen1/gen2 collection
fixmsg/Order.parse-span control     1894.9 ns before     1838.4 ns after     1844.7 ns  before/control 0.97x  after/control 0.97x
  fixmsg/Order.read-stream100: 4 round(s) redone after a gen1/gen2 collection
fixmsg/Order.read-stream100 control   199931.4 ns before   200192.8 ns after   202464.8 ns  before/control 1.00x  after/control 1.01x
  fixmsg/Order.read-reader100: 4 round(s) redone after a gen1/gen2 collection
fixmsg/Order.read-reader100 control   201649.4 ns before   194568.9 ns after   195986.1 ns  before/control 0.96x  after/control 0.97x
  fix/Orders128.log-text: 8 round(s) redone after a gen1/gen2 collection
fix/Orders128.log-text hand    89745.5 ns before    71478.7 ns after    70990.9 ns  before/hand 0.80x  after/hand 0.79x
  fix/Orders128.log-bytes: 8 round(s) redone after a gen1/gen2 collection
fix/Orders128.log-bytes hand    89886.5 ns before    92999.6 ns after    93989.2 ns  before/hand 1.03x  after/hand 1.05x
  fix/Orders128.log-stream: 2 round(s) redone after a gen1/gen2 collection
fix/Orders128.log-stream hand    90145.9 ns before   101895.1 ns after   108025.9 ns  before/hand 1.13x  after/hand 1.20x
el/ladder.bool         hand      991.9 ns before     1715.2 ns after     1707.9 ns  before/hand 1.73x  after/hand 1.72x
  sql/refused-late.bool: 1 round(s) redone after a gen1/gen2 collection
sql/refused-late.bool  hand     2563.3 ns before    12001.2 ns after     5788.7 ns  before/hand 4.68x  after/hand 2.26x
  sql/select20.bool: 3 round(s) redone after a gen1/gen2 collection
sql/select20.bool      hand     6814.0 ns before    18030.0 ns after    18102.8 ns  before/hand 2.65x  after/hand 2.66x
sql/refused-cliff-case-1391 control  4536268.8 ns before  4572993.8 ns after  4572025.0 ns  before/control 1.01x  after/control 1.01x
  sql/refused-cliff-case-1738: 143 round(s) redone after a gen1/gen2 collection
sql/refused-cliff-case-1738 control 22233525.0 ns before 26995900.0 ns after 29862400.0 ns  before/control 1.21x  after/control 1.34x
  sql/refused-cliff-joins-891: 26 round(s) redone after a gen1/gen2 collection
sql/refused-cliff-joins-891 control  2556596.9 ns before  2538434.4 ns after  2633878.1 ns  before/control 0.99x  after/control 1.03x
  sql/refused-cliff-joins-1113: 144 round(s) redone after a gen1/gen2 collection
sql/refused-cliff-joins-1113 control  5821087.5 ns before  5690493.8 ns after  5751800.0 ns  before/control 0.98x  after/control 0.99x
  sql/refused-cliff-joins-1738: 144 round(s) redone after a gen1/gen2 collection
sql/refused-cliff-joins-1738 control 10917706.2 ns before 10338025.0 ns after 10471093.8 ns  before/control 0.95x  after/control 0.96x
  sql/refused-cliff-joins-2172: 144 round(s) redone after a gen1/gen2 collection
sql/refused-cliff-joins-2172 control 31197325.0 ns before 31230575.0 ns after 31121100.0 ns  before/control 1.00x  after/control 1.00x
  sql/refused-cliff-paren-2715: 16 round(s) redone after a gen1/gen2 collection
sql/refused-cliff-paren-2715 control  6686912.5 ns before  6812875.0 ns after  6725275.0 ns  before/control 1.02x  after/control 1.01x
  sql/refused-cliff-and-2715: 57 round(s) redone after a gen1/gen2 collection
sql/refused-cliff-and-2715 control  6469900.0 ns before  6761456.2 ns after  6614356.2 ns  before/control 1.05x  after/control 1.02x
  sql/refused-cliff-paren-3393: 144 round(s) redone after a gen1/gen2 collection
sql/refused-cliff-paren-3393 control 28495975.0 ns before 26989350.0 ns after 26007875.0 ns  before/control 0.95x  after/control 0.91x
  sql/refused-cliff-and-3393: 139 round(s) redone after a gen1/gen2 collection
sql/refused-cliff-and-3393 control 26501625.0 ns before 24696225.0 ns after 29738100.0 ns  before/control 0.93x  after/control 1.12x
fix/Orders128.yield-reader hand   140983.6 ns before    95063.1 ns after    94531.3 ns  before/hand 0.67x  after/hand 0.67x
fix/Orders128.yield-string hand    81470.3 ns before   260652.7 ns after   265932.9 ns  before/hand 3.20x  after/hand 3.26x
fix/Orders128.yield-memory hand   114531.8 ns before   121459.7 ns after   128035.9 ns  before/hand 1.06x  after/hand 1.12x
  fix/Orders128.whole-stream: 1 round(s) redone after a gen1/gen2 collection
fix/Orders128.whole-stream hand   173438.2 ns before   112816.1 ns after   142481.4 ns  before/hand 0.65x  after/hand 0.82x
  fix/Orders128.whole-reader: 3 round(s) redone after a gen1/gen2 collection
fix/Orders128.whole-reader hand   116202.1 ns before    85195.3 ns after    85084.0 ns  before/hand 0.73x  after/hand 0.73x
  feeds/stock-count.good.text: 38 round(s) redone after a gen1/gen2 collection
feeds/stock-count.good.text hand    40217.2 ns before    28532.8 ns after    28910.5 ns  before/hand 0.71x  after/hand 0.72x
  feeds/stock-count.good.reader: 50 round(s) redone after a gen1/gen2 collection
feeds/stock-count.good.reader hand    44767.9 ns before    36996.6 ns after    36779.7 ns  before/hand 0.83x  after/hand 0.82x
  feeds/stock-count.good.reader64: 42 round(s) redone after a gen1/gen2 collection
feeds/stock-count.good.reader64 hand    45733.2 ns before    41374.4 ns after    41138.6 ns  before/hand 0.90x  after/hand 0.90x
web/url.plain          hand       95.7 ns before      219.7 ns after      222.0 ns  before/hand 2.29x  after/hand 2.32x
web/url.full           hand      166.2 ns before      281.4 ns after      302.5 ns  before/hand 1.69x  after/hand 1.82x
web/url.ipv4           hand      111.3 ns before      229.4 ns after      231.1 ns  before/hand 2.06x  after/hand 2.08x
web/url.long-path      hand      176.0 ns before      413.7 ns after      416.4 ns  before/hand 2.35x  after/hand 2.37x
  web/url.refused: 1 round(s) redone after a gen1/gen2 collection
web/url.refused        hand       68.1 ns before      193.4 ns after      202.8 ns  before/hand 2.84x  after/hand 2.98x
  web/url.relative: 1 round(s) redone after a gen1/gen2 collection
web/url.relative       hand       76.6 ns before      190.4 ns after      192.6 ns  before/hand 2.49x  after/hand 2.51x
web/url.relative-dot-colon hand       63.3 ns before      168.7 ns after      168.1 ns  before/hand 2.67x  after/hand 2.66x
  web/url.relative-letters: 1 round(s) redone after a gen1/gen2 collection
web/url.relative-letters hand      105.3 ns before      232.2 ns after      228.7 ns  before/hand 2.21x  after/hand 2.17x
  web/json.object: 1 round(s) redone after a gen1/gen2 collection
web/json.object        hand      587.4 ns before      942.3 ns after      933.6 ns  before/hand 1.60x  after/hand 1.59x
  web/json.array: 2 round(s) redone after a gen1/gen2 collection
web/json.array         hand      595.2 ns before      755.8 ns after      739.6 ns  before/hand 1.27x  after/hand 1.24x
web/media-type.plain   control      158.2 ns before      197.6 ns after      201.2 ns  before/control 1.25x  after/control 1.27x
web/media-type.quoted  control      267.7 ns before      284.6 ns after      306.8 ns  before/control 1.06x  after/control 1.15x
  web/media-type.refused: 1 round(s) redone after a gen1/gen2 collection
web/media-type.refused control       45.9 ns before       81.6 ns after       82.0 ns  before/control 1.78x  after/control 1.78x
web/addr-spec.plain    control       89.2 ns before      121.6 ns after      121.0 ns  before/control 1.36x  after/control 1.36x
  web/addr-spec.refused: 1 round(s) redone after a gen1/gen2 collection
web/addr-spec.refused  control       25.3 ns before       59.8 ns after       60.0 ns  before/control 2.36x  after/control 2.37x
web/json-patch.full    control     1378.4 ns before     1432.2 ns after     1421.5 ns  before/control 1.04x  after/control 1.03x
web/link.full          control     1297.6 ns before     1419.0 ns after     1396.7 ns  before/control 1.09x  after/control 1.08x
  web/link.refused: 1 round(s) redone after a gen1/gen2 collection
web/link.refused       control       20.6 ns before       53.4 ns after       53.7 ns  before/control 2.60x  after/control 2.61x
web/sf.item            control      272.9 ns before      311.5 ns after      310.0 ns  before/control 1.14x  after/control 1.14x
web/sf.list            control     1185.7 ns before     1253.9 ns after     1265.3 ns  before/control 1.06x  after/control 1.07x
web/sf.dictionary      control     1235.9 ns before     1248.6 ns after     1271.3 ns  before/control 1.01x  after/control 1.03x
  el/ladder: 1 round(s) redone after a gen1/gen2 collection
el/ladder              hand     1002.0 ns before     1723.0 ns after     1736.1 ns before-immediate     1192.3 ns after-immediate     1179.8 ns  before/hand 1.72x  after/hand 1.73x  before-immediate/hand 1.19x  after-immediate/hand 1.18x
  el/terms1000: 13 round(s) redone after a gen1/gen2 collection
el/terms1000           hand   112284.6 ns before   153692.0 ns after   156244.8 ns before-immediate   126460.9 ns after-immediate   128918.9 ns  before/hand 1.37x  after/hand 1.39x  before-immediate/hand 1.13x  after-immediate/hand 1.15x
sql/select20           hand     6827.8 ns before    18046.3 ns after    18023.6 ns  before/hand 2.64x  after/hand 2.64x
  sql/refused-late: 1 round(s) redone after a gen1/gen2 collection
sql/refused-late       hand     2590.6 ns before    12066.8 ns after    12065.8 ns  before/hand 4.66x  after/hand 4.66x

# Paired stand, 2026-09-20 21:36

IGOR-DESKTOP, pinned to 0-15, high priority, control 31.3 ns.

This binary, and the libraries it holds as the control, was built from 0c0b75ff. JIT: DOTNET_TieredCompilation unset, DOTNET_TieredPGO unset, DOTNET_TC_QuickJitForLoops unset, DOTNET_ReadyToRun unset (unset is the runtime's default: tiered compilation on, dynamic PGO on; a row is warmed to a stable reading before it is timed).

Sides: before (commit d28533cb, framework net10.0, no properties, emitted b60541f92d7b864c); after (commit 5ed9682b, framework net10.0, no properties, emitted 3afa74326eaf0055). (The check that the two emitted different code applies to two sides of one commit given different properties; its silence says nothing about two commits.)

**The rows named `.bool` compare two APIs, not two commits: `before` is the Match form of the before side and `after` the bool form of the after side (`StandBool.cs`), so their difference is the price of the Match form against the bool form. It is there in an A/A of one build and in a pair of commits that have nothing to do with it, and it is not an effect of the commit under test.**

The base of a row is what every ratio is over, and its name says what it is: `hand` is a hand-written parser (`DotGram.Handwritten`), `scriptdom` is Microsoft's parser, and `control` is this process's own build of the same generated parser, held constant so that the two sides are compared and nothing is claimed against a hand-written one.

The last two columns are what a reader a month later cannot get from a message: **the base's spread between the runs** (how much the machine's speed varied from one run to the next; a row with a large one had a disturbed run, and its medians are read with the range beside them) and the **change of each run** (the smallest and the largest, and how many of the runs were positive).

| row | reading | base | base ns | before ns | before/base | after ns | after/base | change | before B | after B | base spread | change over the runs |
| --- | --- | --- | ---: | ---: | ---: | ---: | ---: | ---: | ---: | ---: | ---: | --- |
| fix/Orders128.text | generated | hand | 83977.7 | 72881.6 | 0.87x | 71799.6 | 0.85x | -1.5% | 129112 | 129112 | 31 % |  |
| fix/Orders128.bytes | generated | hand | 80840.6 | 82220.7 | 1.02x | 82314.1 | 1.02x | +0.1% | 129168 | 129168 | 10 % |  |
| fix/Orders128.stream | generated | hand | 116558.6 | 90728.5 | 0.78x | 96077.1 | 0.82x | +5.9% | 118552 | 118552 | 2 % |  |
| fixmsg/Order.parse | generated | control | 1204.5 | 1857.2 | 1.54x | 1853.2 | 1.54x | -0.2% | 3400 | 3400 | 5 % |  |
| fixmsg/Order.build | generated | control | 1478.6 | 2324.1 | 1.57x | 2357.7 | 1.59x | +1.4% | 3592 | 3592 | 2 % |  |
| fix/orders400.text | generated | hand | 247696.5 | 222741.4 | 0.90x | 218571.1 | 0.88x | -1.9% | 403288 | 403288 | 3 % |  |
| tsql/script100.bool | generated | scriptdom | 660543.8 | 122990.6 | 0.19x | 123475.0 | 0.19x | +0.4% | 113600 | 105600 | 19 % |  |
| tsql/script100.boolboth | generated | scriptdom | 666768.0 | 125903.9 | 0.19x | 124564.8 | 0.19x | -1.1% | 105600 | 105600 | 15 % |  |
| tsql/script100 | generated | scriptdom | 659147.7 | 123909.4 | 0.19x | 122101.6 | 0.19x | -1.5% | 113600 | 113600 | 4 % |  |
| tsql/columns1000 | generated | scriptdom | 1732140.6 | 188287.5 | 0.11x | 189345.3 | 0.11x | +0.6% | 200464 | 200464 | 14 % |  |
| web/json.array10000 | generated | hand | 170176.8 | 193383.4 | 1.14x | 194738.3 | 1.14x | +0.7% | 720048 | 720048 | 23 % |  |
| web/json.object10000 | generated | hand | 654956.2 | 1172372.7 | 1.79x | 1410133.6 | 2.15x | +20.3% | 1599240 | 1599240 | 80 % |  |
| web/url.path1000 | generated | hand | 9356.4 | 10941.7 | 1.17x | 10968.2 | 1.17x | +0.2% | 8384 | 8384 | 4 % |  |
| web/media-type.params1000 | generated | control | 48333.3 | 44500.5 | 0.92x | 44650.7 | 0.92x | +0.3% | 151472 | 151472 | 4 % |  |
| web/sf.list10000 | generated | control | 1121978.1 | 1162692.2 | 1.04x | 1258142.2 | 1.12x | +8.2% | 2720056 | 2720056 | 24 % |  |
| sql/select20.at | generated | hand | 6779.3 | 17233.0 | 2.54x | 17299.2 | 2.55x | +0.4% | 21416 | 21416 | 19 % |  |
| sql/select20.window | generated | hand | 7289.3 | 18437.3 | 2.53x | 18717.5 | 2.57x | +1.5% | 21416 | 21416 | 47 % |  |
| sql/select20.scan | generated | control | 420.3 | 380.7 | 0.91x | 381.3 | 0.91x | +0.2% | 0 | 0 | 85 % |  |
| tsql/select20.scan | generated | control | 383.7 | 388.3 | 1.01x | 385.9 | 1.01x | -0.6% | 0 | 0 | 73 % |  |
| el/ladder.scan | generated | control | 138.6 | 137.5 | 0.99x | 137.8 | 0.99x | +0.2% | 0 | 0 | 2 % |  |
| fixmsg/Order.parse-stream | generated | control | 1889.3 | 2149.4 | 1.14x | 2183.2 | 1.16x | +1.6% | 8224 | 8224 | 5 % |  |
| fixmsg/Order.parse-reader | generated | control | 1900.4 | 2100.3 | 1.11x | 2102.0 | 1.11x | +0.1% | 12112 | 12112 | 15 % |  |
| fixmsg/Order.parse-span | generated | control | 1894.9 | 1838.4 | 0.97x | 1844.7 | 0.97x | +0.3% | 3672 | 3672 | 8 % |  |
| fixmsg/Order.read-stream100 | generated | control | 199931.4 | 200192.8 | 1.00x | 202464.8 | 1.01x | +1.1% | 389248 | 389248 | 10 % |  |
| fixmsg/Order.read-reader100 | generated | control | 201649.4 | 194568.9 | 0.96x | 195986.1 | 0.97x | +0.7% | 375712 | 375712 | 16 % |  |
| fix/Orders128.log-text | generated | hand | 89745.5 | 71478.7 | 0.80x | 70990.9 | 0.79x | -0.7% | 129112 | 129112 | 8 % |  |
| fix/Orders128.log-bytes | generated | hand | 89886.5 | 92999.6 | 1.03x | 93989.2 | 1.05x | +1.1% | 129168 | 129168 | 9 % |  |
| fix/Orders128.log-stream | generated | hand | 90145.9 | 101895.1 | 1.13x | 108025.9 | 1.20x | +6.0% | 118552 | 118552 | 2 % |  |
| el/ladder.bool | generated | hand | 991.9 | 1715.2 | 1.73x | 1707.9 | 1.72x | -0.4% | 1776 | 1720 | 17 % |  |
| sql/refused-late.bool | generated | hand | 2563.3 | 12001.2 | 4.68x | 5788.7 | 2.26x | -51.8% | 13552 | 6616 | 15 % |  |
| sql/select20.bool | generated | hand | 6814.0 | 18030.0 | 2.65x | 18102.8 | 2.66x | +0.4% | 21448 | 21392 | 7 % |  |
| sql/refused-cliff-case-1391 | generated | control | 4536268.8 | 4572993.8 | 1.01x | 4572025.0 | 1.01x | 0.0% | 6276488 | 6276684 | 7 % |  |
| sql/refused-cliff-case-1738 | generated | control | 22233525.0 | 26995900.0 | 1.21x | 29862400.0 | 1.34x | +10.6% | 74363488 | 74363657 | 124 % |  |
| sql/refused-cliff-joins-891 | generated | control | 2556596.9 | 2538434.4 | 0.99x | 2633878.1 | 1.03x | +3.8% | 2994123 | 2994166 | 13 % |  |
| sql/refused-cliff-joins-1113 | generated | control | 5821087.5 | 5690493.8 | 0.98x | 5751800.0 | 0.99x | +1.1% | 12948798 | 12948780 | 63 % |  |
| sql/refused-cliff-joins-1738 | generated | control | 10917706.2 | 10338025.0 | 0.95x | 10471093.8 | 0.96x | +1.3% | 21144137 | 21144220 | 28 % |  |
| sql/refused-cliff-joins-2172 | generated | control | 31197325.0 | 31230575.0 | 1.00x | 31121100.0 | 1.00x | -0.4% | 94726733 | 94726332 | 91 % |  |
| sql/refused-cliff-paren-2715 | generated | control | 6686912.5 | 6812875.0 | 1.02x | 6725275.0 | 1.01x | -1.3% | 8778600 | 8778600 | 10 % |  |
| sql/refused-cliff-and-2715 | generated | control | 6469900.0 | 6761456.2 | 1.05x | 6614356.2 | 1.02x | -2.2% | 8775448 | 8775448 | 15 % |  |
| sql/refused-cliff-paren-3393 | generated | control | 28495975.0 | 26989350.0 | 0.95x | 26007875.0 | 0.91x | -3.6% | 94860575 | 94859949 | 94 % |  |
| sql/refused-cliff-and-3393 | generated | control | 26501625.0 | 24696225.0 | 0.93x | 29738100.0 | 1.12x | +20.4% | 94857775 | 94857944 | 78 % |  |
| fix/Orders128.yield-reader | generated | hand | 140983.6 | 95063.1 | 0.67x | 94531.3 | 0.67x | -0.6% | 118520 | 118520 | 7 % |  |
| fix/Orders128.yield-string | generated | hand | 81470.3 | 260652.7 | 3.20x | 265932.9 | 3.26x | +2.0% | 117936 | 117936 | 5 % |  |
| fix/Orders128.yield-memory | generated | hand | 114531.8 | 121459.7 | 1.06x | 128035.9 | 1.12x | +5.4% | 118016 | 118016 | 46 % |  |
| fix/Orders128.whole-stream | generated | hand | 173438.2 | 112816.1 | 0.65x | 142481.4 | 0.82x | +26.3% | 129368 | 129368 | 44 % |  |
| fix/Orders128.whole-reader | generated | hand | 116202.1 | 85195.3 | 0.73x | 85084.0 | 0.73x | -0.1% | 129336 | 129336 | 21 % |  |
| feeds/stock-count.good.text | generated | hand | 40217.2 | 28532.8 | 0.71x | 28910.5 | 0.72x | +1.3% | 111312 | 111403 | 5 % |  |
| feeds/stock-count.good.reader | generated | hand | 44767.9 | 36996.6 | 0.83x | 36779.7 | 0.82x | -0.6% | 111488 | 111579 | 11 % |  |
| feeds/stock-count.good.reader64 | generated | hand | 45733.2 | 41374.4 | 0.90x | 41138.6 | 0.90x | -0.6% | 111536 | 111627 | 12 % |  |
| web/url.plain | generated | hand | 95.7 | 219.7 | 2.29x | 222.0 | 2.32x | +1.1% | 360 | 360 | 24 % |  |
| web/url.full | generated | hand | 166.2 | 281.4 | 1.69x | 302.5 | 1.82x | +7.5% | 536 | 536 | 15 % |  |
| web/url.ipv4 | generated | hand | 111.3 | 229.4 | 2.06x | 231.1 | 2.08x | +0.7% | 384 | 384 | 3 % |  |
| web/url.long-path | generated | hand | 176.0 | 413.7 | 2.35x | 416.4 | 2.37x | +0.7% | 512 | 512 | 8 % |  |
| web/url.refused | generated | hand | 68.1 | 193.4 | 2.84x | 202.8 | 2.98x | +4.9% | 64 | 64 | 3 % |  |
| web/url.relative | generated | hand | 76.6 | 190.4 | 2.49x | 192.6 | 2.51x | +1.1% | 312 | 312 | 21 % |  |
| web/url.relative-dot-colon | generated | hand | 63.3 | 168.7 | 2.67x | 168.1 | 2.66x | -0.4% | 280 | 280 | 19 % |  |
| web/url.relative-letters | generated | hand | 105.3 | 232.2 | 2.21x | 228.7 | 2.17x | -1.5% | 312 | 312 | 2 % |  |
| web/json.object | generated | hand | 587.4 | 942.3 | 1.60x | 933.6 | 1.59x | -0.9% | 2584 | 2584 | 6 % |  |
| web/json.array | generated | hand | 595.2 | 755.8 | 1.27x | 739.6 | 1.24x | -2.2% | 2400 | 2400 | 5 % |  |
| web/media-type.plain | generated | control | 158.2 | 197.6 | 1.25x | 201.2 | 1.27x | +1.8% | 448 | 448 | 35 % |  |
| web/media-type.quoted | generated | control | 267.7 | 284.6 | 1.06x | 306.8 | 1.15x | +7.8% | 816 | 816 | 10 % |  |
| web/media-type.refused | generated | control | 45.9 | 81.6 | 1.78x | 82.0 | 1.78x | +0.4% | 64 | 64 | 8 % |  |
| web/addr-spec.plain | generated | control | 89.2 | 121.6 | 1.36x | 121.0 | 1.36x | -0.4% | 176 | 176 | 5 % |  |
| web/addr-spec.refused | generated | control | 25.3 | 59.8 | 2.36x | 60.0 | 2.37x | +0.3% | 64 | 64 | 15 % |  |
| web/json-patch.full | generated | control | 1378.4 | 1432.2 | 1.04x | 1421.5 | 1.03x | -0.7% | 4552 | 4552 | 3 % |  |
| web/link.full | generated | control | 1297.6 | 1419.0 | 1.09x | 1396.7 | 1.08x | -1.6% | 2968 | 2968 | 5 % |  |
| web/link.refused | generated | control | 20.6 | 53.4 | 2.60x | 53.7 | 2.61x | +0.7% | 64 | 64 | 12 % |  |
| web/sf.item | generated | control | 272.9 | 311.5 | 1.14x | 310.0 | 1.14x | -0.5% | 800 | 800 | 5 % |  |
| web/sf.list | generated | control | 1185.7 | 1253.9 | 1.06x | 1265.3 | 1.07x | +0.9% | 3064 | 3064 | 4 % |  |
| web/sf.dictionary | generated | control | 1235.9 | 1248.6 | 1.01x | 1271.3 | 1.03x | +1.8% | 3280 | 3280 | 2 % |  |
| el/ladder | generated | hand | 1002.0 | 1723.0 | 1.72x | 1736.1 | 1.73x | +0.8% | 1776 | 1776 | 7 % |  |
| el/ladder | immediate | hand | 1002.0 | 1192.3 | 1.19x | 1179.8 | 1.18x | -1.1% | 1784 | 1784 | 7 % |  |
| el/terms1000 | generated | hand | 112284.6 | 153692.0 | 1.37x | 156244.8 | 1.39x | +1.7% | 169107 | 169104 | 15 % |  |
| el/terms1000 | immediate | hand | 112284.6 | 126460.9 | 1.13x | 128918.9 | 1.15x | +1.9% | 177120 | 177120 | 15 % |  |
| sql/select20 | generated | hand | 6827.8 | 18046.3 | 2.64x | 18023.6 | 2.64x | -0.1% | 21448 | 21448 | 18 % |  |
| sql/refused-late | generated | hand | 2590.6 | 12066.8 | 4.66x | 12065.8 | 4.66x | 0.0% | 13552 | 13552 | 3 % |  |

Written to T:\TEMP\dotgram-stand\wc2\pair\run-2
74 rows, every reading agreeing. Timing 8 rounds.
fix/Orders128.text     hand    81955.1 ns before    72132.4 ns after    69886.3 ns  before/hand 0.88x  after/hand 0.85x
fix/Orders128.bytes    hand    81320.7 ns before    82651.2 ns after    81437.1 ns  before/hand 1.02x  after/hand 1.00x
fix/Orders128.stream   hand   117211.3 ns before    91118.7 ns after    91185.1 ns  before/hand 0.78x  after/hand 0.78x
fixmsg/Order.parse     control     1197.8 ns before     1862.0 ns after     1869.4 ns  before/control 1.55x  after/control 1.56x
fixmsg/Order.build     control     1514.6 ns before     2353.2 ns after     2369.0 ns  before/control 1.55x  after/control 1.56x
fix/orders400.text     hand   252057.6 ns before   226219.3 ns after   218657.4 ns  before/hand 0.90x  after/hand 0.87x
tsql/script100.bool    scriptdom   669875.0 ns before   123925.0 ns after   126656.2 ns  before/scriptdom 0.18x  after/scriptdom 0.19x
  tsql/script100.boolboth: 6 round(s) redone after a gen1/gen2 collection
tsql/script100.boolboth scriptdom   667461.7 ns before   123537.5 ns after   123000.0 ns  before/scriptdom 0.19x  after/scriptdom 0.18x
  tsql/script100: 5 round(s) redone after a gen1/gen2 collection
tsql/script100         scriptdom   668105.5 ns before   123870.3 ns after   125218.0 ns  before/scriptdom 0.19x  after/scriptdom 0.19x
  tsql/columns1000: 10 round(s) redone after a gen1/gen2 collection
tsql/columns1000       scriptdom  1749868.8 ns before   190695.3 ns after   194095.3 ns  before/scriptdom 0.11x  after/scriptdom 0.11x
  web/json.array10000: 144 round(s) redone after a gen1/gen2 collection
web/json.array10000    hand   171909.0 ns before   198767.0 ns after   189454.1 ns  before/hand 1.16x  after/hand 1.10x
  web/json.object10000: 141 round(s) redone after a gen1/gen2 collection
web/json.object10000   hand   784990.6 ns before  1306850.8 ns after  1373993.8 ns  before/hand 1.66x  after/hand 1.75x
web/url.path1000       hand     9670.8 ns before    11444.5 ns after    11198.5 ns  before/hand 1.18x  after/hand 1.16x
web/media-type.params1000 control    47434.3 ns before    44742.7 ns after    44952.2 ns  before/control 0.94x  after/control 0.95x
  web/sf.list10000: 1 round(s) redone after a gen1/gen2 collection
web/sf.list10000       control  1185989.1 ns before  1262200.0 ns after  1276510.9 ns  before/control 1.06x  after/control 1.08x
sql/select20.at        hand     6988.5 ns before    18029.6 ns after    17750.8 ns  before/hand 2.58x  after/hand 2.54x
  sql/select20.window: 1 round(s) redone after a gen1/gen2 collection
sql/select20.window    hand     6868.4 ns before    18594.8 ns after    18225.0 ns  before/hand 2.71x  after/hand 2.65x
sql/select20.scan      control      391.5 ns before      397.0 ns after      385.7 ns  before/control 1.01x  after/control 0.99x
tsql/select20.scan     control      402.2 ns before      383.6 ns after      386.0 ns  before/control 0.95x  after/control 0.96x
el/ladder.scan         control      140.4 ns before      139.3 ns after      137.9 ns  before/control 0.99x  after/control 0.98x
fixmsg/Order.parse-stream control     1966.8 ns before     2188.4 ns after     2204.8 ns  before/control 1.11x  after/control 1.12x
fixmsg/Order.parse-reader control     1940.3 ns before     2147.4 ns after     2129.2 ns  before/control 1.11x  after/control 1.10x
fixmsg/Order.parse-span control     1954.9 ns before     1876.8 ns after     1888.8 ns  before/control 0.96x  after/control 0.97x
fixmsg/Order.read-stream100 control   203552.7 ns before   201940.8 ns after   203081.1 ns  before/control 0.99x  after/control 1.00x
  fixmsg/Order.read-reader100: 4 round(s) redone after a gen1/gen2 collection
fixmsg/Order.read-reader100 control   204573.4 ns before   198670.9 ns after   198894.1 ns  before/control 0.97x  after/control 0.97x
  fix/Orders128.log-text: 8 round(s) redone after a gen1/gen2 collection
fix/Orders128.log-text hand    92062.8 ns before    75132.1 ns after    72585.4 ns  before/hand 0.82x  after/hand 0.79x
  fix/Orders128.log-bytes: 7 round(s) redone after a gen1/gen2 collection
fix/Orders128.log-bytes hand    92828.5 ns before    97228.7 ns after    97204.1 ns  before/hand 1.05x  after/hand 1.05x
  fix/Orders128.log-stream: 1 round(s) redone after a gen1/gen2 collection
fix/Orders128.log-stream hand    92581.4 ns before   104219.1 ns after   104072.6 ns  before/hand 1.13x  after/hand 1.12x
el/ladder.bool         hand     1020.3 ns before     1746.5 ns after     1850.2 ns  before/hand 1.71x  after/hand 1.81x
sql/refused-late.bool  hand     2639.9 ns before    12608.2 ns after     5901.4 ns  before/hand 4.78x  after/hand 2.24x
  sql/select20.bool: 3 round(s) redone after a gen1/gen2 collection
sql/select20.bool      hand     7064.6 ns before    18943.9 ns after    18543.3 ns  before/hand 2.68x  after/hand 2.62x
sql/refused-cliff-case-1391 control  4407268.8 ns before  4629646.9 ns after  4584250.0 ns  before/control 1.05x  after/control 1.04x
  sql/refused-cliff-case-1738: 137 round(s) redone after a gen1/gen2 collection
sql/refused-cliff-case-1738 control 21140900.0 ns before 24840200.0 ns after 22842150.0 ns  before/control 1.17x  after/control 1.08x
sql/refused-cliff-joins-891 control  2598096.9 ns before  2689000.0 ns after  2525471.9 ns  before/control 1.03x  after/control 0.97x
  sql/refused-cliff-joins-1113: 144 round(s) redone after a gen1/gen2 collection
sql/refused-cliff-joins-1113 control  6435487.5 ns before  6483337.5 ns after  6534900.0 ns  before/control 1.01x  after/control 1.02x
  sql/refused-cliff-joins-1738: 144 round(s) redone after a gen1/gen2 collection
sql/refused-cliff-joins-1738 control 10071837.5 ns before 10493743.8 ns after  9763193.8 ns  before/control 1.04x  after/control 0.97x
  sql/refused-cliff-joins-2172: 144 round(s) redone after a gen1/gen2 collection
sql/refused-cliff-joins-2172 control 29709950.0 ns before 30643100.0 ns after 30569425.0 ns  before/control 1.03x  after/control 1.03x
  sql/refused-cliff-paren-2715: 16 round(s) redone after a gen1/gen2 collection
sql/refused-cliff-paren-2715 control  6812887.5 ns before  6971350.0 ns after  6711662.5 ns  before/control 1.02x  after/control 0.99x
  sql/refused-cliff-and-2715: 56 round(s) redone after a gen1/gen2 collection
sql/refused-cliff-and-2715 control  6674506.2 ns before  6647575.0 ns after  6639943.8 ns  before/control 1.00x  after/control 0.99x
  sql/refused-cliff-paren-3393: 143 round(s) redone after a gen1/gen2 collection
sql/refused-cliff-paren-3393 control 23757975.0 ns before 29065600.0 ns after 29509675.0 ns  before/control 1.22x  after/control 1.24x
  sql/refused-cliff-and-3393: 143 round(s) redone after a gen1/gen2 collection
sql/refused-cliff-and-3393 control 27993200.0 ns before 28209375.0 ns after 24603375.0 ns  before/control 1.01x  after/control 0.88x
fix/Orders128.yield-reader hand   149895.3 ns before    99689.1 ns after   100819.1 ns  before/hand 0.67x  after/hand 0.67x
fix/Orders128.yield-string hand    81301.4 ns before   260512.1 ns after   270000.7 ns  before/hand 3.20x  after/hand 3.32x
fix/Orders128.yield-memory hand    80188.4 ns before    85122.9 ns after    85704.8 ns  before/hand 1.06x  after/hand 1.07x
fix/Orders128.whole-stream hand   117889.6 ns before    82709.8 ns after    83255.3 ns  before/hand 0.70x  after/hand 0.71x
fix/Orders128.whole-reader hand   118091.3 ns before    87976.7 ns after    87925.4 ns  before/hand 0.74x  after/hand 0.74x
  feeds/stock-count.good.text: 15 round(s) redone after a gen1/gen2 collection
feeds/stock-count.good.text hand    37786.5 ns before    29540.5 ns after    29441.8 ns  before/hand 0.78x  after/hand 0.78x
  feeds/stock-count.good.reader: 95 round(s) redone after a gen1/gen2 collection
feeds/stock-count.good.reader hand    44969.7 ns before    37191.7 ns after    37142.0 ns  before/hand 0.83x  after/hand 0.83x
  feeds/stock-count.good.reader64: 43 round(s) redone after a gen1/gen2 collection
feeds/stock-count.good.reader64 hand    45793.1 ns before    41489.2 ns after    42371.3 ns  before/hand 0.91x  after/hand 0.93x
web/url.plain          hand       97.0 ns before      224.6 ns after      225.5 ns  before/hand 2.32x  after/hand 2.32x
web/url.full           hand      173.4 ns before      304.7 ns after      295.5 ns  before/hand 1.76x  after/hand 1.70x
web/url.ipv4           hand      112.1 ns before      233.6 ns after      233.8 ns  before/hand 2.08x  after/hand 2.09x
web/url.long-path      hand      176.4 ns before      421.2 ns after      417.3 ns  before/hand 2.39x  after/hand 2.37x
web/url.refused        hand       67.8 ns before      200.0 ns after      197.5 ns  before/hand 2.95x  after/hand 2.91x
  web/url.relative: 1 round(s) redone after a gen1/gen2 collection
web/url.relative       hand       76.6 ns before      193.1 ns after      195.4 ns  before/hand 2.52x  after/hand 2.55x
web/url.relative-dot-colon hand       64.4 ns before      170.6 ns after      171.9 ns  before/hand 2.65x  after/hand 2.67x
  web/url.relative-letters: 1 round(s) redone after a gen1/gen2 collection
web/url.relative-letters hand      106.0 ns before      232.8 ns after      238.3 ns  before/hand 2.20x  after/hand 2.25x
  web/json.object: 1 round(s) redone after a gen1/gen2 collection
web/json.object        hand      595.4 ns before      929.9 ns after      936.4 ns  before/hand 1.56x  after/hand 1.57x
  web/json.array: 2 round(s) redone after a gen1/gen2 collection
web/json.array         hand      599.6 ns before      734.6 ns after      758.3 ns  before/hand 1.23x  after/hand 1.26x
web/media-type.plain   control      162.7 ns before      200.2 ns after      228.8 ns  before/control 1.23x  after/control 1.41x
web/media-type.quoted  control      253.2 ns before      310.4 ns after      327.1 ns  before/control 1.23x  after/control 1.29x
  web/media-type.refused: 1 round(s) redone after a gen1/gen2 collection
web/media-type.refused control       45.4 ns before       80.7 ns after       81.2 ns  before/control 1.78x  after/control 1.79x
web/addr-spec.plain    control       87.9 ns before      120.0 ns after      121.7 ns  before/control 1.37x  after/control 1.38x
web/addr-spec.refused  control       25.2 ns before       62.8 ns after       64.8 ns  before/control 2.49x  after/control 2.57x
  web/json-patch.full: 1 round(s) redone after a gen1/gen2 collection
web/json-patch.full    control     1409.8 ns before     1457.4 ns after     1525.6 ns  before/control 1.03x  after/control 1.08x
web/link.full          control     1549.3 ns before     1548.5 ns after     1577.2 ns  before/control 1.00x  after/control 1.02x
web/link.refused       control       21.0 ns before       54.6 ns after       55.4 ns  before/control 2.60x  after/control 2.64x
web/sf.item            control      260.9 ns before      317.1 ns after      299.3 ns  before/control 1.22x  after/control 1.15x
web/sf.list            control     1216.0 ns before     1301.7 ns after     1326.1 ns  before/control 1.07x  after/control 1.09x
web/sf.dictionary      control     1220.5 ns before     1254.7 ns after     1257.9 ns  before/control 1.03x  after/control 1.03x
  el/ladder: 1 round(s) redone after a gen1/gen2 collection
el/ladder              hand     1002.0 ns before     1763.6 ns after     1878.1 ns before-immediate     1179.7 ns after-immediate     1168.9 ns  before/hand 1.76x  after/hand 1.87x  before-immediate/hand 1.18x  after-immediate/hand 1.17x
  el/terms1000: 14 round(s) redone after a gen1/gen2 collection
el/terms1000           hand   110251.8 ns before   153388.1 ns after   152055.2 ns before-immediate   127979.2 ns after-immediate   126711.9 ns  before/hand 1.39x  after/hand 1.38x  before-immediate/hand 1.16x  after-immediate/hand 1.15x
sql/select20           hand     6926.3 ns before    18532.6 ns after    18321.0 ns  before/hand 2.68x  after/hand 2.65x
  sql/refused-late: 1 round(s) redone after a gen1/gen2 collection
sql/refused-late       hand     2580.4 ns before    12290.0 ns after    12002.6 ns  before/hand 4.76x  after/hand 4.65x

# Paired stand, 2026-09-20 21:44

IGOR-DESKTOP, pinned to 0-15, high priority, control 31.5 ns.

This binary, and the libraries it holds as the control, was built from 0c0b75ff. JIT: DOTNET_TieredCompilation unset, DOTNET_TieredPGO unset, DOTNET_TC_QuickJitForLoops unset, DOTNET_ReadyToRun unset (unset is the runtime's default: tiered compilation on, dynamic PGO on; a row is warmed to a stable reading before it is timed).

Sides: before (commit d28533cb, framework net10.0, no properties, emitted b60541f92d7b864c); after (commit d28533cb, framework net10.0, no properties, emitted b60541f92d7b864c). (The check that the two emitted different code applies to two sides of one commit given different properties; its silence says nothing about two commits.)

**The rows named `.bool` compare two APIs, not two commits: `before` is the Match form of the before side and `after` the bool form of the after side (`StandBool.cs`), so their difference is the price of the Match form against the bool form. It is there in an A/A of one build and in a pair of commits that have nothing to do with it, and it is not an effect of the commit under test.**

The base of a row is what every ratio is over, and its name says what it is: `hand` is a hand-written parser (`DotGram.Handwritten`), `scriptdom` is Microsoft's parser, and `control` is this process's own build of the same generated parser, held constant so that the two sides are compared and nothing is claimed against a hand-written one.

The last two columns are what a reader a month later cannot get from a message: **the base's spread between the runs** (how much the machine's speed varied from one run to the next; a row with a large one had a disturbed run, and its medians are read with the range beside them) and the **change of each run** (the smallest and the largest, and how many of the runs were positive).

| row | reading | base | base ns | before ns | before/base | after ns | after/base | change | before B | after B | base spread | change over the runs |
| --- | --- | --- | ---: | ---: | ---: | ---: | ---: | ---: | ---: | ---: | ---: | --- |
| fix/Orders128.text | generated | hand | 81955.1 | 72132.4 | 0.88x | 69886.3 | 0.85x | -3.1% | 129112 | 129112 | 35 % |  |
| fix/Orders128.bytes | generated | hand | 81320.7 | 82651.2 | 1.02x | 81437.1 | 1.00x | -1.5% | 129168 | 129168 | 4 % |  |
| fix/Orders128.stream | generated | hand | 117211.3 | 91118.7 | 0.78x | 91185.1 | 0.78x | +0.1% | 118552 | 118552 | 6 % |  |
| fixmsg/Order.parse | generated | control | 1197.8 | 1862.0 | 1.55x | 1869.4 | 1.56x | +0.4% | 3400 | 3400 | 6 % |  |
| fixmsg/Order.build | generated | control | 1514.6 | 2353.2 | 1.55x | 2369.0 | 1.56x | +0.7% | 3592 | 3592 | 4 % |  |
| fix/orders400.text | generated | hand | 252057.6 | 226219.3 | 0.90x | 218657.4 | 0.87x | -3.3% | 403288 | 403288 | 2 % |  |
| tsql/script100.bool | generated | scriptdom | 669875.0 | 123925.0 | 0.18x | 126656.2 | 0.19x | +2.2% | 113600 | 105600 | 21 % |  |
| tsql/script100.boolboth | generated | scriptdom | 667461.7 | 123537.5 | 0.19x | 123000.0 | 0.18x | -0.4% | 105600 | 105600 | 16 % |  |
| tsql/script100 | generated | scriptdom | 668105.5 | 123870.3 | 0.19x | 125218.0 | 0.19x | +1.1% | 113600 | 113600 | 3 % |  |
| tsql/columns1000 | generated | scriptdom | 1749868.8 | 190695.3 | 0.11x | 194095.3 | 0.11x | +1.8% | 200464 | 200464 | 25 % |  |
| web/json.array10000 | generated | hand | 171909.0 | 198767.0 | 1.16x | 189454.1 | 1.10x | -4.7% | 720048 | 720048 | 6 % |  |
| web/json.object10000 | generated | hand | 784990.6 | 1306850.8 | 1.66x | 1373993.8 | 1.75x | +5.1% | 1599240 | 1599240 | 150 % |  |
| web/url.path1000 | generated | hand | 9670.8 | 11444.5 | 1.18x | 11198.5 | 1.16x | -2.1% | 8384 | 8384 | 10 % |  |
| web/media-type.params1000 | generated | control | 47434.3 | 44742.7 | 0.94x | 44952.2 | 0.95x | +0.5% | 151472 | 151472 | 7 % |  |
| web/sf.list10000 | generated | control | 1185989.1 | 1262200.0 | 1.06x | 1276510.9 | 1.08x | +1.1% | 2720056 | 2720056 | 22 % |  |
| sql/select20.at | generated | hand | 6988.5 | 18029.6 | 2.58x | 17750.8 | 2.54x | -1.5% | 21416 | 21440 | 10 % |  |
| sql/select20.window | generated | hand | 6868.4 | 18594.8 | 2.71x | 18225.0 | 2.65x | -2.0% | 21416 | 21416 | 7 % |  |
| sql/select20.scan | generated | control | 391.5 | 397.0 | 1.01x | 385.7 | 0.99x | -2.8% | 0 | 0 | 8 % |  |
| tsql/select20.scan | generated | control | 402.2 | 383.6 | 0.95x | 386.0 | 0.96x | +0.7% | 0 | 0 | 15 % |  |
| el/ladder.scan | generated | control | 140.4 | 139.3 | 0.99x | 137.9 | 0.98x | -1.0% | 0 | 0 | 77 % |  |
| fixmsg/Order.parse-stream | generated | control | 1966.8 | 2188.4 | 1.11x | 2204.8 | 1.12x | +0.8% | 8224 | 8224 | 4 % |  |
| fixmsg/Order.parse-reader | generated | control | 1940.3 | 2147.4 | 1.11x | 2129.2 | 1.10x | -0.8% | 12112 | 12112 | 3 % |  |
| fixmsg/Order.parse-span | generated | control | 1954.9 | 1876.8 | 0.96x | 1888.8 | 0.97x | +0.6% | 3672 | 3672 | 4 % |  |
| fixmsg/Order.read-stream100 | generated | control | 203552.7 | 201940.8 | 0.99x | 203081.1 | 1.00x | +0.6% | 389248 | 389248 | 6 % |  |
| fixmsg/Order.read-reader100 | generated | control | 204573.4 | 198670.9 | 0.97x | 198894.1 | 0.97x | +0.1% | 375712 | 375712 | 16 % |  |
| fix/Orders128.log-text | generated | hand | 92062.8 | 75132.1 | 0.82x | 72585.4 | 0.79x | -3.4% | 129112 | 129112 | 7 % |  |
| fix/Orders128.log-bytes | generated | hand | 92828.5 | 97228.7 | 1.05x | 97204.1 | 1.05x | 0.0% | 129168 | 129168 | 10 % |  |
| fix/Orders128.log-stream | generated | hand | 92581.4 | 104219.1 | 1.13x | 104072.6 | 1.12x | -0.1% | 118552 | 118552 | 4 % |  |
| el/ladder.bool | generated | hand | 1020.3 | 1746.5 | 1.71x | 1850.2 | 1.81x | +5.9% | 1776 | 1720 | 16 % |  |
| sql/refused-late.bool | generated | hand | 2639.9 | 12608.2 | 4.78x | 5901.4 | 2.24x | -53.2% | 13552 | 6616 | 13 % |  |
| sql/select20.bool | generated | hand | 7064.6 | 18943.9 | 2.68x | 18543.3 | 2.62x | -2.1% | 21448 | 21392 | 60 % |  |
| sql/refused-cliff-case-1391 | generated | control | 4407268.8 | 4629646.9 | 1.05x | 4584250.0 | 1.04x | -1.0% | 6276488 | 6276684 | 5 % |  |
| sql/refused-cliff-case-1738 | generated | control | 21140900.0 | 24840200.0 | 1.17x | 22842150.0 | 1.08x | -8.0% | 74363543 | 74363469 | 130 % |  |
| sql/refused-cliff-joins-891 | generated | control | 2598096.9 | 2689000.0 | 1.03x | 2525471.9 | 0.97x | -6.1% | 2994056 | 2994056 | 22 % |  |
| sql/refused-cliff-joins-1113 | generated | control | 6435487.5 | 6483337.5 | 1.01x | 6534900.0 | 1.02x | +0.8% | 12948785 | 12948794 | 32 % |  |
| sql/refused-cliff-joins-1738 | generated | control | 10071837.5 | 10493743.8 | 1.04x | 9763193.8 | 0.97x | -7.0% | 21144054 | 21144119 | 40 % |  |
| sql/refused-cliff-joins-2172 | generated | control | 29709950.0 | 30643100.0 | 1.03x | 30569425.0 | 1.03x | -0.2% | 94726298 | 94726279 | 55 % |  |
| sql/refused-cliff-paren-2715 | generated | control | 6812887.5 | 6971350.0 | 1.02x | 6711662.5 | 0.99x | -3.7% | 8778576 | 8778600 | 13 % |  |
| sql/refused-cliff-and-2715 | generated | control | 6674506.2 | 6647575.0 | 1.00x | 6639943.8 | 0.99x | -0.1% | 8775448 | 8775448 | 11 % |  |
| sql/refused-cliff-paren-3393 | generated | control | 23757975.0 | 29065600.0 | 1.22x | 29509675.0 | 1.24x | +1.5% | 94860398 | 94860424 | 107 % |  |
| sql/refused-cliff-and-3393 | generated | control | 27993200.0 | 28209375.0 | 1.01x | 24603375.0 | 0.88x | -12.8% | 94857362 | 94857776 | 102 % |  |
| fix/Orders128.yield-reader | generated | hand | 149895.3 | 99689.1 | 0.67x | 100819.1 | 0.67x | +1.1% | 118520 | 118520 | 20 % |  |
| fix/Orders128.yield-string | generated | hand | 81301.4 | 260512.1 | 3.20x | 270000.7 | 3.32x | +3.6% | 117936 | 117936 | 13 % |  |
| fix/Orders128.yield-memory | generated | hand | 80188.4 | 85122.9 | 1.06x | 85704.8 | 1.07x | +0.7% | 118016 | 118016 | 6 % |  |
| fix/Orders128.whole-stream | generated | hand | 117889.6 | 82709.8 | 0.70x | 83255.3 | 0.71x | +0.7% | 129368 | 129368 | 8 % |  |
| fix/Orders128.whole-reader | generated | hand | 118091.3 | 87976.7 | 0.74x | 87925.4 | 0.74x | -0.1% | 129336 | 129336 | 13 % |  |
| feeds/stock-count.good.text | generated | hand | 37786.5 | 29540.5 | 0.78x | 29441.8 | 0.78x | -0.3% | 111403 | 111403 | 14 % |  |
| feeds/stock-count.good.reader | generated | hand | 44969.7 | 37191.7 | 0.83x | 37142.0 | 0.83x | -0.1% | 111488 | 111579 | 4 % |  |
| feeds/stock-count.good.reader64 | generated | hand | 45793.1 | 41489.2 | 0.91x | 42371.3 | 0.93x | +2.1% | 111536 | 111627 | 29 % |  |
| web/url.plain | generated | hand | 97.0 | 224.6 | 2.32x | 225.5 | 2.32x | +0.4% | 360 | 360 | 14 % |  |
| web/url.full | generated | hand | 173.4 | 304.7 | 1.76x | 295.5 | 1.70x | -3.0% | 536 | 536 | 13 % |  |
| web/url.ipv4 | generated | hand | 112.1 | 233.6 | 2.08x | 233.8 | 2.09x | +0.1% | 384 | 384 | 4 % |  |
| web/url.long-path | generated | hand | 176.4 | 421.2 | 2.39x | 417.3 | 2.37x | -0.9% | 512 | 512 | 7 % |  |
| web/url.refused | generated | hand | 67.8 | 200.0 | 2.95x | 197.5 | 2.91x | -1.3% | 64 | 64 | 7 % |  |
| web/url.relative | generated | hand | 76.6 | 193.1 | 2.52x | 195.4 | 2.55x | +1.2% | 312 | 312 | 18 % |  |
| web/url.relative-dot-colon | generated | hand | 64.4 | 170.6 | 2.65x | 171.9 | 2.67x | +0.8% | 280 | 280 | 8 % |  |
| web/url.relative-letters | generated | hand | 106.0 | 232.8 | 2.20x | 238.3 | 2.25x | +2.3% | 312 | 312 | 5 % |  |
| web/json.object | generated | hand | 595.4 | 929.9 | 1.56x | 936.4 | 1.57x | +0.7% | 2584 | 2584 | 4 % |  |
| web/json.array | generated | hand | 599.6 | 734.6 | 1.23x | 758.3 | 1.26x | +3.2% | 2400 | 2400 | 10 % |  |
| web/media-type.plain | generated | control | 162.7 | 200.2 | 1.23x | 228.8 | 1.41x | +14.3% | 448 | 448 | 18 % |  |
| web/media-type.quoted | generated | control | 253.2 | 310.4 | 1.23x | 327.1 | 1.29x | +5.4% | 816 | 816 | 15 % |  |
| web/media-type.refused | generated | control | 45.4 | 80.7 | 1.78x | 81.2 | 1.79x | +0.6% | 64 | 64 | 22 % |  |
| web/addr-spec.plain | generated | control | 87.9 | 120.0 | 1.37x | 121.7 | 1.38x | +1.4% | 176 | 176 | 14 % |  |
| web/addr-spec.refused | generated | control | 25.2 | 62.8 | 2.49x | 64.8 | 2.57x | +3.1% | 64 | 64 | 20 % |  |
| web/json-patch.full | generated | control | 1409.8 | 1457.4 | 1.03x | 1525.6 | 1.08x | +4.7% | 4552 | 4552 | 27 % |  |
| web/link.full | generated | control | 1549.3 | 1548.5 | 1.00x | 1577.2 | 1.02x | +1.9% | 2968 | 2968 | 24 % |  |
| web/link.refused | generated | control | 21.0 | 54.6 | 2.60x | 55.4 | 2.64x | +1.5% | 64 | 64 | 21 % |  |
| web/sf.item | generated | control | 260.9 | 317.1 | 1.22x | 299.3 | 1.15x | -5.6% | 800 | 800 | 18 % |  |
| web/sf.list | generated | control | 1216.0 | 1301.7 | 1.07x | 1326.1 | 1.09x | +1.9% | 3064 | 3064 | 15 % |  |
| web/sf.dictionary | generated | control | 1220.5 | 1254.7 | 1.03x | 1257.9 | 1.03x | +0.2% | 3280 | 3280 | 3 % |  |
| el/ladder | generated | hand | 1002.0 | 1763.6 | 1.76x | 1878.1 | 1.87x | +6.5% | 1776 | 1776 | 8 % |  |
| el/ladder | immediate | hand | 1002.0 | 1179.7 | 1.18x | 1168.9 | 1.17x | -0.9% | 1784 | 1784 | 8 % |  |
| el/terms1000 | generated | hand | 110251.8 | 153388.1 | 1.39x | 152055.2 | 1.38x | -0.9% | 169107 | 169104 | 10 % |  |
| el/terms1000 | immediate | hand | 110251.8 | 127979.2 | 1.16x | 126711.9 | 1.15x | -1.0% | 177120 | 177120 | 10 % |  |
| sql/select20 | generated | hand | 6926.3 | 18532.6 | 2.68x | 18321.0 | 2.65x | -1.1% | 21448 | 21448 | 13 % |  |
| sql/refused-late | generated | hand | 2580.4 | 12290.0 | 4.76x | 12002.6 | 4.65x | -2.3% | 13552 | 13552 | 23 % |  |

Written to T:\TEMP\dotgram-stand\wc2\pair\aa-run-2
=== run 3 of 5, 21:44:04
74 rows, every reading agreeing. Timing 8 rounds.
fix/Orders128.text     hand    81169.1 ns before    72109.4 ns after    69832.4 ns  before/hand 0.89x  after/hand 0.86x
fix/Orders128.bytes    hand    80139.5 ns before    82059.4 ns after    81913.3 ns  before/hand 1.02x  after/hand 1.02x
fix/Orders128.stream   hand   117974.4 ns before    91060.3 ns after    91211.0 ns  before/hand 0.77x  after/hand 0.77x
fixmsg/Order.parse     control     1252.4 ns before     1917.7 ns after     1890.0 ns  before/control 1.53x  after/control 1.51x
fixmsg/Order.build     control     1574.7 ns before     2373.7 ns after     2366.0 ns  before/control 1.51x  after/control 1.50x
fix/orders400.text     hand   256938.3 ns before   224520.3 ns after   216715.4 ns  before/hand 0.87x  after/hand 0.84x
tsql/script100.bool    scriptdom   663221.9 ns before   119518.8 ns after   124928.1 ns  before/scriptdom 0.18x  after/scriptdom 0.19x
  tsql/script100.boolboth: 7 round(s) redone after a gen1/gen2 collection
tsql/script100.boolboth scriptdom   669114.1 ns before   121305.5 ns after   124007.0 ns  before/scriptdom 0.18x  after/scriptdom 0.19x
  tsql/script100: 5 round(s) redone after a gen1/gen2 collection
tsql/script100         scriptdom   665734.4 ns before   120514.8 ns after   124645.3 ns  before/scriptdom 0.18x  after/scriptdom 0.19x
  tsql/columns1000: 11 round(s) redone after a gen1/gen2 collection
tsql/columns1000       scriptdom  1762923.4 ns before   191689.1 ns after   188560.9 ns  before/scriptdom 0.11x  after/scriptdom 0.11x
  web/json.array10000: 144 round(s) redone after a gen1/gen2 collection
web/json.array10000    hand   170228.7 ns before   193280.3 ns after   198002.9 ns  before/hand 1.14x  after/hand 1.16x
  web/json.object10000: 143 round(s) redone after a gen1/gen2 collection
web/json.object10000   hand   808028.9 ns before  1167931.2 ns after  1232761.7 ns  before/hand 1.45x  after/hand 1.53x
web/url.path1000       hand     9454.5 ns before    10929.2 ns after    10923.6 ns  before/hand 1.16x  after/hand 1.16x
web/media-type.params1000 control    46557.5 ns before    47465.1 ns after    44082.7 ns  before/control 1.02x  after/control 0.95x
web/sf.list10000       control  1218709.4 ns before  1182953.1 ns after  1165806.2 ns  before/control 0.97x  after/control 0.96x
sql/select20.at        hand     6843.2 ns before    17319.0 ns after    17449.7 ns  before/hand 2.53x  after/hand 2.55x
  sql/select20.window: 1 round(s) redone after a gen1/gen2 collection
sql/select20.window    hand     6826.0 ns before    17993.7 ns after    18154.9 ns  before/hand 2.64x  after/hand 2.66x
sql/select20.scan      control      375.6 ns before      391.0 ns after      408.0 ns  before/control 1.04x  after/control 1.09x
tsql/select20.scan     control      377.2 ns before      392.3 ns after      383.9 ns  before/control 1.04x  after/control 1.02x
el/ladder.scan         control      137.4 ns before      147.3 ns after      141.5 ns  before/control 1.07x  after/control 1.03x
  fixmsg/Order.parse-stream: 1 round(s) redone after a gen1/gen2 collection
fixmsg/Order.parse-stream control     1967.5 ns before     2160.2 ns after     2156.8 ns  before/control 1.10x  after/control 1.10x
  fixmsg/Order.parse-reader: 1 round(s) redone after a gen1/gen2 collection
fixmsg/Order.parse-reader control     1966.9 ns before     2148.2 ns after     2103.2 ns  before/control 1.09x  after/control 1.07x
  fixmsg/Order.parse-span: 1 round(s) redone after a gen1/gen2 collection
fixmsg/Order.parse-span control     2000.1 ns before     1862.8 ns after     1866.7 ns  before/control 0.93x  after/control 0.93x
  fixmsg/Order.read-stream100: 3 round(s) redone after a gen1/gen2 collection
fixmsg/Order.read-stream100 control   207409.0 ns before   204690.6 ns after   201479.3 ns  before/control 0.99x  after/control 0.97x
  fixmsg/Order.read-reader100: 4 round(s) redone after a gen1/gen2 collection
fixmsg/Order.read-reader100 control   205481.1 ns before   195839.5 ns after   193151.6 ns  before/control 0.95x  after/control 0.94x
  fix/Orders128.log-text: 8 round(s) redone after a gen1/gen2 collection
fix/Orders128.log-text hand    92762.5 ns before    72853.4 ns after    70680.1 ns  before/hand 0.79x  after/hand 0.76x
  fix/Orders128.log-bytes: 9 round(s) redone after a gen1/gen2 collection
fix/Orders128.log-bytes hand    91348.9 ns before    94376.4 ns after   100589.3 ns  before/hand 1.03x  after/hand 1.10x
  fix/Orders128.log-stream: 1 round(s) redone after a gen1/gen2 collection
fix/Orders128.log-stream hand    91317.0 ns before   101978.3 ns after   102313.4 ns  before/hand 1.12x  after/hand 1.12x
el/ladder.bool         hand      976.8 ns before     1673.7 ns after     1705.0 ns  before/hand 1.71x  after/hand 1.75x
sql/refused-late.bool  hand     2570.0 ns before    11727.3 ns after     5727.2 ns  before/hand 4.56x  after/hand 2.23x
  sql/select20.bool: 3 round(s) redone after a gen1/gen2 collection
sql/select20.bool      hand     6964.6 ns before    17865.6 ns after    18167.6 ns  before/hand 2.57x  after/hand 2.61x
sql/refused-cliff-case-1391 control  4519493.8 ns before  4574775.0 ns after  4614350.0 ns  before/control 1.01x  after/control 1.02x
  sql/refused-cliff-case-1738: 125 round(s) redone after a gen1/gen2 collection
sql/refused-cliff-case-1738 control 16031975.0 ns before 23786675.0 ns after 28201175.0 ns  before/control 1.48x  after/control 1.76x
sql/refused-cliff-joins-891 control  2616550.0 ns before  2539518.8 ns after  2617950.0 ns  before/control 0.97x  after/control 1.00x
  sql/refused-cliff-joins-1113: 144 round(s) redone after a gen1/gen2 collection
sql/refused-cliff-joins-1113 control  6445556.2 ns before  6455125.0 ns after  6589928.1 ns  before/control 1.00x  after/control 1.02x
  sql/refused-cliff-joins-1738: 135 round(s) redone after a gen1/gen2 collection
sql/refused-cliff-joins-1738 control  9822900.0 ns before  9757137.5 ns after  8427987.5 ns  before/control 0.99x  after/control 0.86x
  sql/refused-cliff-joins-2172: 144 round(s) redone after a gen1/gen2 collection
sql/refused-cliff-joins-2172 control 30540150.0 ns before 31036275.0 ns after 30770700.0 ns  before/control 1.02x  after/control 1.01x
sql/refused-cliff-paren-2715 control  6610625.0 ns before  6684087.5 ns after  6846925.0 ns  before/control 1.01x  after/control 1.04x
sql/refused-cliff-and-2715 control  6737306.2 ns before  6801337.5 ns after  6623662.5 ns  before/control 1.01x  after/control 0.98x
  sql/refused-cliff-paren-3393: 136 round(s) redone after a gen1/gen2 collection
sql/refused-cliff-paren-3393 control 31191950.0 ns before 30237425.0 ns after 29033925.0 ns  before/control 0.97x  after/control 0.93x
  sql/refused-cliff-and-3393: 144 round(s) redone after a gen1/gen2 collection
sql/refused-cliff-and-3393 control 28839275.0 ns before 26118875.0 ns after 29146325.0 ns  before/control 0.91x  after/control 1.01x
fix/Orders128.yield-reader hand   138700.4 ns before    94530.3 ns after    92509.6 ns  before/hand 0.68x  after/hand 0.67x
fix/Orders128.yield-string hand    82928.1 ns before   268473.9 ns after   292185.6 ns  before/hand 3.24x  after/hand 3.52x
  fix/Orders128.yield-memory: 1 round(s) redone after a gen1/gen2 collection
fix/Orders128.yield-memory hand    82207.0 ns before    86083.1 ns after    86827.4 ns  before/hand 1.05x  after/hand 1.06x
fix/Orders128.whole-stream hand   118827.6 ns before    83514.5 ns after    82208.1 ns  before/hand 0.70x  after/hand 0.69x
fix/Orders128.whole-reader hand   118342.0 ns before    87935.1 ns after    86210.0 ns  before/hand 0.74x  after/hand 0.73x
  feeds/stock-count.good.text: 99 round(s) redone after a gen1/gen2 collection
feeds/stock-count.good.text hand    36742.9 ns before    32517.8 ns after    29696.4 ns  before/hand 0.89x  after/hand 0.81x
  feeds/stock-count.good.reader: 95 round(s) redone after a gen1/gen2 collection
feeds/stock-count.good.reader hand    44712.2 ns before    41115.9 ns after    37978.4 ns  before/hand 0.92x  after/hand 0.85x
  feeds/stock-count.good.reader64: 42 round(s) redone after a gen1/gen2 collection
feeds/stock-count.good.reader64 hand    46629.0 ns before    45247.0 ns after    42044.1 ns  before/hand 0.97x  after/hand 0.90x
web/url.plain          hand       96.4 ns before      223.1 ns after      231.4 ns  before/hand 2.31x  after/hand 2.40x
web/url.full           hand      166.6 ns before      300.8 ns after      299.1 ns  before/hand 1.81x  after/hand 1.80x
web/url.ipv4           hand      112.6 ns before      231.4 ns after      236.1 ns  before/hand 2.06x  after/hand 2.10x
web/url.long-path      hand      178.1 ns before      420.8 ns after      427.4 ns  before/hand 2.36x  after/hand 2.40x
web/url.refused        hand       68.1 ns before      194.8 ns after      199.5 ns  before/hand 2.86x  after/hand 2.93x
  web/url.relative: 1 round(s) redone after a gen1/gen2 collection
web/url.relative       hand       76.0 ns before      202.7 ns after      195.0 ns  before/hand 2.67x  after/hand 2.56x
  web/url.relative-dot-colon: 1 round(s) redone after a gen1/gen2 collection
web/url.relative-dot-colon hand       64.2 ns before      178.5 ns after      171.3 ns  before/hand 2.78x  after/hand 2.67x
web/url.relative-letters hand      105.2 ns before      242.5 ns after      238.8 ns  before/hand 2.30x  after/hand 2.27x
  web/json.object: 1 round(s) redone after a gen1/gen2 collection
web/json.object        hand      595.5 ns before      946.5 ns after      963.1 ns  before/hand 1.59x  after/hand 1.62x
  web/json.array: 1 round(s) redone after a gen1/gen2 collection
web/json.array         hand      600.9 ns before      741.3 ns after      739.1 ns  before/hand 1.23x  after/hand 1.23x
web/media-type.plain   control      156.8 ns before      205.4 ns after      206.5 ns  before/control 1.31x  after/control 1.32x
  web/media-type.quoted: 1 round(s) redone after a gen1/gen2 collection
web/media-type.quoted  control      254.1 ns before      299.8 ns after      303.9 ns  before/control 1.18x  after/control 1.20x
web/media-type.refused control       45.5 ns before       81.5 ns after       81.9 ns  before/control 1.79x  after/control 1.80x
web/addr-spec.plain    control       87.9 ns before      123.2 ns after      122.0 ns  before/control 1.40x  after/control 1.39x
web/addr-spec.refused  control       24.9 ns before       61.8 ns after       60.6 ns  before/control 2.48x  after/control 2.43x
web/json-patch.full    control     1354.1 ns before     1412.3 ns after     1423.1 ns  before/control 1.04x  after/control 1.05x
web/link.full          control     1316.9 ns before     1418.1 ns after     1435.4 ns  before/control 1.08x  after/control 1.09x
  web/link.refused: 1 round(s) redone after a gen1/gen2 collection
web/link.refused       control       20.8 ns before       53.9 ns after       53.7 ns  before/control 2.59x  after/control 2.58x
web/sf.item            control      273.6 ns before      305.3 ns after      304.5 ns  before/control 1.12x  after/control 1.11x
  web/sf.list: 1 round(s) redone after a gen1/gen2 collection
web/sf.list            control     1223.8 ns before     1246.0 ns after     1271.9 ns  before/control 1.02x  after/control 1.04x
web/sf.dictionary      control     1214.9 ns before     1243.5 ns after     1258.8 ns  before/control 1.02x  after/control 1.04x
el/ladder              hand      980.4 ns before     1684.4 ns after     1771.2 ns before-immediate     1152.7 ns after-immediate     1154.7 ns  before/hand 1.72x  after/hand 1.81x  before-immediate/hand 1.18x  after-immediate/hand 1.18x
  el/terms1000: 12 round(s) redone after a gen1/gen2 collection
el/terms1000           hand   111956.4 ns before   152461.2 ns after   150916.7 ns before-immediate   123662.3 ns after-immediate   124030.2 ns  before/hand 1.36x  after/hand 1.35x  before-immediate/hand 1.10x  after-immediate/hand 1.11x
sql/select20           hand     6806.4 ns before    17844.7 ns after    18209.2 ns  before/hand 2.62x  after/hand 2.68x
  sql/refused-late: 1 round(s) redone after a gen1/gen2 collection
sql/refused-late       hand     2571.3 ns before    11858.2 ns after    11965.6 ns  before/hand 4.61x  after/hand 4.65x

# Paired stand, 2026-09-20 21:51

IGOR-DESKTOP, pinned to 0-15, high priority, control 31.5 ns.

This binary, and the libraries it holds as the control, was built from 0c0b75ff. JIT: DOTNET_TieredCompilation unset, DOTNET_TieredPGO unset, DOTNET_TC_QuickJitForLoops unset, DOTNET_ReadyToRun unset (unset is the runtime's default: tiered compilation on, dynamic PGO on; a row is warmed to a stable reading before it is timed).

Sides: before (commit d28533cb, framework net10.0, no properties, emitted b60541f92d7b864c); after (commit 5ed9682b, framework net10.0, no properties, emitted 3afa74326eaf0055). (The check that the two emitted different code applies to two sides of one commit given different properties; its silence says nothing about two commits.)

**The rows named `.bool` compare two APIs, not two commits: `before` is the Match form of the before side and `after` the bool form of the after side (`StandBool.cs`), so their difference is the price of the Match form against the bool form. It is there in an A/A of one build and in a pair of commits that have nothing to do with it, and it is not an effect of the commit under test.**

The base of a row is what every ratio is over, and its name says what it is: `hand` is a hand-written parser (`DotGram.Handwritten`), `scriptdom` is Microsoft's parser, and `control` is this process's own build of the same generated parser, held constant so that the two sides are compared and nothing is claimed against a hand-written one.

The last two columns are what a reader a month later cannot get from a message: **the base's spread between the runs** (how much the machine's speed varied from one run to the next; a row with a large one had a disturbed run, and its medians are read with the range beside them) and the **change of each run** (the smallest and the largest, and how many of the runs were positive).

| row | reading | base | base ns | before ns | before/base | after ns | after/base | change | before B | after B | base spread | change over the runs |
| --- | --- | --- | ---: | ---: | ---: | ---: | ---: | ---: | ---: | ---: | ---: | --- |
| fix/Orders128.text | generated | hand | 81169.1 | 72109.4 | 0.89x | 69832.4 | 0.86x | -3.2% | 129112 | 129112 | 44 % |  |
| fix/Orders128.bytes | generated | hand | 80139.5 | 82059.4 | 1.02x | 81913.3 | 1.02x | -0.2% | 129168 | 129168 | 7 % |  |
| fix/Orders128.stream | generated | hand | 117974.4 | 91060.3 | 0.77x | 91211.0 | 0.77x | +0.2% | 118552 | 118552 | 3 % |  |
| fixmsg/Order.parse | generated | control | 1252.4 | 1917.7 | 1.53x | 1890.0 | 1.51x | -1.4% | 3400 | 3400 | 4 % |  |
| fixmsg/Order.build | generated | control | 1574.7 | 2373.7 | 1.51x | 2366.0 | 1.50x | -0.3% | 3592 | 3592 | 26 % |  |
| fix/orders400.text | generated | hand | 256938.3 | 224520.3 | 0.87x | 216715.4 | 0.84x | -3.5% | 403288 | 403288 | 10 % |  |
| tsql/script100.bool | generated | scriptdom | 663221.9 | 119518.8 | 0.18x | 124928.1 | 0.19x | +4.5% | 113600 | 105600 | 13 % |  |
| tsql/script100.boolboth | generated | scriptdom | 669114.1 | 121305.5 | 0.18x | 124007.0 | 0.19x | +2.2% | 105600 | 105600 | 5 % |  |
| tsql/script100 | generated | scriptdom | 665734.4 | 120514.8 | 0.18x | 124645.3 | 0.19x | +3.4% | 113600 | 113600 | 8 % |  |
| tsql/columns1000 | generated | scriptdom | 1762923.4 | 191689.1 | 0.11x | 188560.9 | 0.11x | -1.6% | 200464 | 200464 | 5 % |  |
| web/json.array10000 | generated | hand | 170228.7 | 193280.3 | 1.14x | 198002.9 | 1.16x | +2.4% | 720048 | 720048 | 6 % |  |
| web/json.object10000 | generated | hand | 808028.9 | 1167931.2 | 1.45x | 1232761.7 | 1.53x | +5.6% | 1599240 | 1599240 | 76 % |  |
| web/url.path1000 | generated | hand | 9454.5 | 10929.2 | 1.16x | 10923.6 | 1.16x | -0.1% | 8384 | 8384 | 3 % |  |
| web/media-type.params1000 | generated | control | 46557.5 | 47465.1 | 1.02x | 44082.7 | 0.95x | -7.1% | 151472 | 151472 | 10 % |  |
| web/sf.list10000 | generated | control | 1218709.4 | 1182953.1 | 0.97x | 1165806.2 | 0.96x | -1.4% | 2720056 | 2720056 | 30 % |  |
| sql/select20.at | generated | hand | 6843.2 | 17319.0 | 2.53x | 17449.7 | 2.55x | +0.8% | 21416 | 21416 | 5 % |  |
| sql/select20.window | generated | hand | 6826.0 | 17993.7 | 2.64x | 18154.9 | 2.66x | +0.9% | 21416 | 21416 | 3 % |  |
| sql/select20.scan | generated | control | 375.6 | 391.0 | 1.04x | 408.0 | 1.09x | +4.4% | 0 | 0 | 10 % |  |
| tsql/select20.scan | generated | control | 377.2 | 392.3 | 1.04x | 383.9 | 1.02x | -2.1% | 0 | 0 | 9 % |  |
| el/ladder.scan | generated | control | 137.4 | 147.3 | 1.07x | 141.5 | 1.03x | -3.9% | 0 | 0 | 8 % |  |
| fixmsg/Order.parse-stream | generated | control | 1967.5 | 2160.2 | 1.10x | 2156.8 | 1.10x | -0.2% | 8224 | 8224 | 14 % |  |
| fixmsg/Order.parse-reader | generated | control | 1966.9 | 2148.2 | 1.09x | 2103.2 | 1.07x | -2.1% | 12112 | 12112 | 3 % |  |
| fixmsg/Order.parse-span | generated | control | 2000.1 | 1862.8 | 0.93x | 1866.7 | 0.93x | +0.2% | 3672 | 3672 | 16 % |  |
| fixmsg/Order.read-stream100 | generated | control | 207409.0 | 204690.6 | 0.99x | 201479.3 | 0.97x | -1.6% | 389248 | 389248 | 3 % |  |
| fixmsg/Order.read-reader100 | generated | control | 205481.1 | 195839.5 | 0.95x | 193151.6 | 0.94x | -1.4% | 375712 | 375712 | 4 % |  |
| fix/Orders128.log-text | generated | hand | 92762.5 | 72853.4 | 0.79x | 70680.1 | 0.76x | -3.0% | 129112 | 129112 | 8 % |  |
| fix/Orders128.log-bytes | generated | hand | 91348.9 | 94376.4 | 1.03x | 100589.3 | 1.10x | +6.6% | 129168 | 129168 | 4 % |  |
| fix/Orders128.log-stream | generated | hand | 91317.0 | 101978.3 | 1.12x | 102313.4 | 1.12x | +0.3% | 118552 | 118552 | 15 % |  |
| el/ladder.bool | generated | hand | 976.8 | 1673.7 | 1.71x | 1705.0 | 1.75x | +1.9% | 1776 | 1720 | 12 % |  |
| sql/refused-late.bool | generated | hand | 2570.0 | 11727.3 | 4.56x | 5727.2 | 2.23x | -51.2% | 13552 | 6616 | 4 % |  |
| sql/select20.bool | generated | hand | 6964.6 | 17865.6 | 2.57x | 18167.6 | 2.61x | +1.7% | 21448 | 21392 | 7 % |  |
| sql/refused-cliff-case-1391 | generated | control | 4519493.8 | 4574775.0 | 1.01x | 4614350.0 | 1.02x | +0.9% | 6276488 | 6276660 | 14 % |  |
| sql/refused-cliff-case-1738 | generated | control | 16031975.0 | 23786675.0 | 1.48x | 28201175.0 | 1.76x | +18.6% | 74363264 | 74363478 | 143 % |  |
| sql/refused-cliff-joins-891 | generated | control | 2616550.0 | 2539518.8 | 0.97x | 2617950.0 | 1.00x | +3.1% | 2994056 | 2994056 | 14 % |  |
| sql/refused-cliff-joins-1113 | generated | control | 6445556.2 | 6455125.0 | 1.00x | 6589928.1 | 1.02x | +2.1% | 12948767 | 12948763 | 19 % |  |
| sql/refused-cliff-joins-1738 | generated | control | 9822900.0 | 9757137.5 | 0.99x | 8427987.5 | 0.86x | -13.6% | 21144103 | 21144138 | 71 % |  |
| sql/refused-cliff-joins-2172 | generated | control | 30540150.0 | 31036275.0 | 1.02x | 30770700.0 | 1.01x | -0.9% | 94726470 | 94726542 | 56 % |  |
| sql/refused-cliff-paren-2715 | generated | control | 6610625.0 | 6684087.5 | 1.01x | 6846925.0 | 1.04x | +2.4% | 8778600 | 8778600 | 24 % |  |
| sql/refused-cliff-and-2715 | generated | control | 6737306.2 | 6801337.5 | 1.01x | 6623662.5 | 0.98x | -2.6% | 8775448 | 8775467 | 19 % |  |
| sql/refused-cliff-paren-3393 | generated | control | 31191950.0 | 30237425.0 | 0.97x | 29033925.0 | 0.93x | -4.0% | 94863815 | 94863193 | 83 % |  |
| sql/refused-cliff-and-3393 | generated | control | 28839275.0 | 26118875.0 | 0.91x | 29146325.0 | 1.01x | +11.6% | 94857595 | 94857607 | 55 % |  |
| fix/Orders128.yield-reader | generated | hand | 138700.4 | 94530.3 | 0.68x | 92509.6 | 0.67x | -2.1% | 118520 | 118520 | 7 % |  |
| fix/Orders128.yield-string | generated | hand | 82928.1 | 268473.9 | 3.24x | 292185.6 | 3.52x | +8.8% | 117936 | 117936 | 3 % |  |
| fix/Orders128.yield-memory | generated | hand | 82207.0 | 86083.1 | 1.05x | 86827.4 | 1.06x | +0.9% | 118016 | 118016 | 10 % |  |
| fix/Orders128.whole-stream | generated | hand | 118827.6 | 83514.5 | 0.70x | 82208.1 | 0.69x | -1.6% | 129368 | 129368 | 9 % |  |
| fix/Orders128.whole-reader | generated | hand | 118342.0 | 87935.1 | 0.74x | 86210.0 | 0.73x | -2.0% | 129336 | 129336 | 18 % |  |
| feeds/stock-count.good.text | generated | hand | 36742.9 | 32517.8 | 0.89x | 29696.4 | 0.81x | -8.7% | 111464 | 111403 | 2 % |  |
| feeds/stock-count.good.reader | generated | hand | 44712.2 | 41115.9 | 0.92x | 37978.4 | 0.85x | -7.6% | 111488 | 111488 | 4 % |  |
| feeds/stock-count.good.reader64 | generated | hand | 46629.0 | 45247.0 | 0.97x | 42044.1 | 0.90x | -7.1% | 111536 | 111627 | 3 % |  |
| web/url.plain | generated | hand | 96.4 | 223.1 | 2.31x | 231.4 | 2.40x | +3.7% | 360 | 360 | 9 % |  |
| web/url.full | generated | hand | 166.6 | 300.8 | 1.81x | 299.1 | 1.80x | -0.6% | 536 | 536 | 3 % |  |
| web/url.ipv4 | generated | hand | 112.6 | 231.4 | 2.06x | 236.1 | 2.10x | +2.0% | 384 | 384 | 3 % |  |
| web/url.long-path | generated | hand | 178.1 | 420.8 | 2.36x | 427.4 | 2.40x | +1.6% | 512 | 512 | 20 % |  |
| web/url.refused | generated | hand | 68.1 | 194.8 | 2.86x | 199.5 | 2.93x | +2.4% | 64 | 64 | 10 % |  |
| web/url.relative | generated | hand | 76.0 | 202.7 | 2.67x | 195.0 | 2.56x | -3.8% | 312 | 312 | 6 % |  |
| web/url.relative-dot-colon | generated | hand | 64.2 | 178.5 | 2.78x | 171.3 | 2.67x | -4.0% | 280 | 280 | 18 % |  |
| web/url.relative-letters | generated | hand | 105.2 | 242.5 | 2.30x | 238.8 | 2.27x | -1.5% | 312 | 312 | 2 % |  |
| web/json.object | generated | hand | 595.5 | 946.5 | 1.59x | 963.1 | 1.62x | +1.8% | 2584 | 2584 | 4 % |  |
| web/json.array | generated | hand | 600.9 | 741.3 | 1.23x | 739.1 | 1.23x | -0.3% | 2400 | 2400 | 3 % |  |
| web/media-type.plain | generated | control | 156.8 | 205.4 | 1.31x | 206.5 | 1.32x | +0.5% | 448 | 448 | 22 % |  |
| web/media-type.quoted | generated | control | 254.1 | 299.8 | 1.18x | 303.9 | 1.20x | +1.4% | 816 | 816 | 6 % |  |
| web/media-type.refused | generated | control | 45.5 | 81.5 | 1.79x | 81.9 | 1.80x | +0.5% | 64 | 64 | 4 % |  |
| web/addr-spec.plain | generated | control | 87.9 | 123.2 | 1.40x | 122.0 | 1.39x | -1.0% | 176 | 176 | 6 % |  |
| web/addr-spec.refused | generated | control | 24.9 | 61.8 | 2.48x | 60.6 | 2.43x | -1.9% | 64 | 64 | 33 % |  |
| web/json-patch.full | generated | control | 1354.1 | 1412.3 | 1.04x | 1423.1 | 1.05x | +0.8% | 4552 | 4552 | 13 % |  |
| web/link.full | generated | control | 1316.9 | 1418.1 | 1.08x | 1435.4 | 1.09x | +1.2% | 2968 | 2968 | 5 % |  |
| web/link.refused | generated | control | 20.8 | 53.9 | 2.59x | 53.7 | 2.58x | -0.3% | 64 | 64 | 4 % |  |
| web/sf.item | generated | control | 273.6 | 305.3 | 1.12x | 304.5 | 1.11x | -0.3% | 800 | 800 | 11 % |  |
| web/sf.list | generated | control | 1223.8 | 1246.0 | 1.02x | 1271.9 | 1.04x | +2.1% | 3064 | 3064 | 7 % |  |
| web/sf.dictionary | generated | control | 1214.9 | 1243.5 | 1.02x | 1258.8 | 1.04x | +1.2% | 3280 | 3280 | 8 % |  |
| el/ladder | generated | hand | 980.4 | 1684.4 | 1.72x | 1771.2 | 1.81x | +5.1% | 1776 | 1776 | 3 % |  |
| el/ladder | immediate | hand | 980.4 | 1152.7 | 1.18x | 1154.7 | 1.18x | +0.2% | 1784 | 1784 | 3 % |  |
| el/terms1000 | generated | hand | 111956.4 | 152461.2 | 1.36x | 150916.7 | 1.35x | -1.0% | 169128 | 169128 | 4 % |  |
| el/terms1000 | immediate | hand | 111956.4 | 123662.3 | 1.10x | 124030.2 | 1.11x | +0.3% | 177120 | 177123 | 4 % |  |
| sql/select20 | generated | hand | 6806.4 | 17844.7 | 2.62x | 18209.2 | 2.68x | +2.0% | 21448 | 21448 | 12 % |  |
| sql/refused-late | generated | hand | 2571.3 | 11858.2 | 4.61x | 11965.6 | 4.65x | +0.9% | 13552 | 13552 | 5 % |  |

Written to T:\TEMP\dotgram-stand\wc2\pair\run-3
74 rows, every reading agreeing. Timing 8 rounds.
  fix/Orders128.text: 7 round(s) redone after a gen1/gen2 collection
fix/Orders128.text     hand    80211.7 ns before    69571.9 ns after    71352.0 ns  before/hand 0.87x  after/hand 0.89x
  fix/Orders128.bytes: 3 round(s) redone after a gen1/gen2 collection
fix/Orders128.bytes    hand    79143.0 ns before    79448.4 ns after    82238.3 ns  before/hand 1.00x  after/hand 1.04x
  fix/Orders128.stream: 45 round(s) redone after a gen1/gen2 collection
fix/Orders128.stream   hand   116674.5 ns before    89154.9 ns after    89979.9 ns  before/hand 0.76x  after/hand 0.77x
  fixmsg/Order.parse: 14 round(s) redone after a gen1/gen2 collection
fixmsg/Order.parse     control     1229.5 ns before     1857.2 ns after     1840.4 ns  before/control 1.51x  after/control 1.50x
  fixmsg/Order.build: 144 round(s) redone after a gen1/gen2 collection
fixmsg/Order.build     control     1546.6 ns before     2329.6 ns after     2329.0 ns  before/control 1.51x  after/control 1.51x
  fix/orders400.text: 75 round(s) redone after a gen1/gen2 collection
fix/orders400.text     hand   259061.9 ns before   219064.8 ns after   226762.3 ns  before/hand 0.85x  after/hand 0.88x
tsql/script100.bool    scriptdom   656887.5 ns before   124465.6 ns after   121337.5 ns  before/scriptdom 0.19x  after/scriptdom 0.18x
  tsql/script100.boolboth: 7 round(s) redone after a gen1/gen2 collection
tsql/script100.boolboth scriptdom   661410.9 ns before   126313.3 ns after   122512.5 ns  before/scriptdom 0.19x  after/scriptdom 0.19x
  tsql/script100: 4 round(s) redone after a gen1/gen2 collection
tsql/script100         scriptdom   658552.3 ns before   124834.4 ns after   121775.8 ns  before/scriptdom 0.19x  after/scriptdom 0.18x
  tsql/columns1000: 8 round(s) redone after a gen1/gen2 collection
tsql/columns1000       scriptdom  1743870.3 ns before   189509.4 ns after   192096.9 ns  before/scriptdom 0.11x  after/scriptdom 0.11x
  web/json.array10000: 144 round(s) redone after a gen1/gen2 collection
web/json.array10000    hand   170360.9 ns before   200643.4 ns after   207562.1 ns  before/hand 1.18x  after/hand 1.22x
  web/json.object10000: 131 round(s) redone after a gen1/gen2 collection
web/json.object10000   hand   800079.7 ns before  1231225.4 ns after  1113285.9 ns  before/hand 1.54x  after/hand 1.39x
web/url.path1000       hand     9358.2 ns before    10957.4 ns after    10936.5 ns  before/hand 1.17x  after/hand 1.17x
web/media-type.params1000 control    47798.6 ns before    48177.8 ns after    44336.1 ns  before/control 1.01x  after/control 0.93x
web/sf.list10000       control  1161681.2 ns before  1151443.8 ns after  1347912.5 ns  before/control 0.99x  after/control 1.16x
sql/select20.at        hand     6861.5 ns before    17674.7 ns after    17688.7 ns  before/hand 2.58x  after/hand 2.58x
sql/select20.window    hand     6793.1 ns before    18212.8 ns after    17903.2 ns  before/hand 2.68x  after/hand 2.64x
sql/select20.scan      control      387.9 ns before      383.9 ns after      380.4 ns  before/control 0.99x  after/control 0.98x
tsql/select20.scan     control      384.4 ns before      391.9 ns after      390.6 ns  before/control 1.02x  after/control 1.02x
el/ladder.scan         control      138.9 ns before      139.3 ns after      139.4 ns  before/control 1.00x  after/control 1.00x
fixmsg/Order.parse-stream control     1954.3 ns before     2169.9 ns after     2133.7 ns  before/control 1.11x  after/control 1.09x
fixmsg/Order.parse-reader control     1957.7 ns before     2114.7 ns after     2100.7 ns  before/control 1.08x  after/control 1.07x
fixmsg/Order.parse-span control     1955.8 ns before     1835.1 ns after     1804.4 ns  before/control 0.94x  after/control 0.92x
  fixmsg/Order.read-stream100: 3 round(s) redone after a gen1/gen2 collection
fixmsg/Order.read-stream100 control   206387.1 ns before   202462.5 ns after   199828.9 ns  before/control 0.98x  after/control 0.97x
  fixmsg/Order.read-reader100: 4 round(s) redone after a gen1/gen2 collection
fixmsg/Order.read-reader100 control   206296.9 ns before   193475.4 ns after   192393.8 ns  before/control 0.94x  after/control 0.93x
  fix/Orders128.log-text: 10 round(s) redone after a gen1/gen2 collection
fix/Orders128.log-text hand    92638.6 ns before    72469.8 ns after    73040.9 ns  before/hand 0.78x  after/hand 0.79x
  fix/Orders128.log-bytes: 8 round(s) redone after a gen1/gen2 collection
fix/Orders128.log-bytes hand    93135.4 ns before    93427.1 ns after    96628.1 ns  before/hand 1.00x  after/hand 1.04x
  fix/Orders128.log-stream: 2 round(s) redone after a gen1/gen2 collection
fix/Orders128.log-stream hand    92860.4 ns before   102463.3 ns after   102963.6 ns  before/hand 1.10x  after/hand 1.11x
el/ladder.bool         hand      982.9 ns before     1727.2 ns after     1694.3 ns  before/hand 1.76x  after/hand 1.72x
sql/refused-late.bool  hand     2605.6 ns before    11976.7 ns after     5869.1 ns  before/hand 4.60x  after/hand 2.25x
  sql/select20.bool: 3 round(s) redone after a gen1/gen2 collection
sql/select20.bool      hand     6822.5 ns before    18435.7 ns after    18101.8 ns  before/hand 2.70x  after/hand 2.65x
sql/refused-cliff-case-1391 control  4673053.1 ns before  4605050.0 ns after  4697062.5 ns  before/control 0.99x  after/control 1.01x
  sql/refused-cliff-case-1738: 138 round(s) redone after a gen1/gen2 collection
sql/refused-cliff-case-1738 control 26155625.0 ns before 27888600.0 ns after 22539225.0 ns  before/control 1.07x  after/control 0.86x
  sql/refused-cliff-joins-891: 26 round(s) redone after a gen1/gen2 collection
sql/refused-cliff-joins-891 control  2621012.5 ns before  2617106.2 ns after  2602540.6 ns  before/control 1.00x  after/control 0.99x
  sql/refused-cliff-joins-1113: 144 round(s) redone after a gen1/gen2 collection
sql/refused-cliff-joins-1113 control  6723237.5 ns before  6649812.5 ns after  6771450.0 ns  before/control 0.99x  after/control 1.01x
  sql/refused-cliff-joins-1738: 144 round(s) redone after a gen1/gen2 collection
sql/refused-cliff-joins-1738 control 10279418.8 ns before 10371050.0 ns after 10181356.2 ns  before/control 1.01x  after/control 0.99x
  sql/refused-cliff-joins-2172: 144 round(s) redone after a gen1/gen2 collection
sql/refused-cliff-joins-2172 control 30406950.0 ns before 30639925.0 ns after 30937675.0 ns  before/control 1.01x  after/control 1.02x
sql/refused-cliff-paren-2715 control  7086243.8 ns before  7082450.0 ns after  7049112.5 ns  before/control 1.00x  after/control 0.99x
sql/refused-cliff-and-2715 control  6992181.2 ns before  6932068.8 ns after  6990375.0 ns  before/control 0.99x  after/control 1.00x
  sql/refused-cliff-paren-3393: 144 round(s) redone after a gen1/gen2 collection
sql/refused-cliff-paren-3393 control 31151625.0 ns before 31594450.0 ns after 32225100.0 ns  before/control 1.01x  after/control 1.03x
  sql/refused-cliff-and-3393: 137 round(s) redone after a gen1/gen2 collection
sql/refused-cliff-and-3393 control 34256625.0 ns before 29176125.0 ns after 31031900.0 ns  before/control 0.85x  after/control 0.91x
fix/Orders128.yield-reader hand   141646.8 ns before    94068.6 ns after    94808.6 ns  before/hand 0.66x  after/hand 0.67x
fix/Orders128.yield-string hand    84911.9 ns before   276233.6 ns after   263344.8 ns  before/hand 3.25x  after/hand 3.10x
fix/Orders128.yield-memory hand    82612.2 ns before    85794.2 ns after    86234.5 ns  before/hand 1.04x  after/hand 1.04x
fix/Orders128.whole-stream hand   121744.9 ns before    85657.6 ns after    88369.8 ns  before/hand 0.70x  after/hand 0.73x
fix/Orders128.whole-reader hand   117214.6 ns before    84931.2 ns after    87116.8 ns  before/hand 0.72x  after/hand 0.74x
  feeds/stock-count.good.text: 92 round(s) redone after a gen1/gen2 collection
feeds/stock-count.good.text hand    38174.2 ns before    28751.9 ns after    29172.2 ns  before/hand 0.75x  after/hand 0.76x
  feeds/stock-count.good.reader: 93 round(s) redone after a gen1/gen2 collection
feeds/stock-count.good.reader hand    47949.9 ns before    37288.7 ns after    36954.4 ns  before/hand 0.78x  after/hand 0.77x
  feeds/stock-count.good.reader64: 43 round(s) redone after a gen1/gen2 collection
feeds/stock-count.good.reader64 hand    50192.9 ns before    41762.5 ns after    42431.4 ns  before/hand 0.83x  after/hand 0.85x
web/url.plain          hand       97.6 ns before      224.9 ns after      231.3 ns  before/hand 2.30x  after/hand 2.37x
web/url.full           hand      166.0 ns before      295.4 ns after      306.2 ns  before/hand 1.78x  after/hand 1.85x
web/url.ipv4           hand      114.8 ns before      237.3 ns after      262.6 ns  before/hand 2.07x  after/hand 2.29x
web/url.long-path      hand      182.2 ns before      432.9 ns after      437.3 ns  before/hand 2.38x  after/hand 2.40x
web/url.refused        hand       68.1 ns before      194.9 ns after      199.2 ns  before/hand 2.86x  after/hand 2.92x
  web/url.relative: 1 round(s) redone after a gen1/gen2 collection
web/url.relative       hand       76.6 ns before      197.5 ns after      201.2 ns  before/hand 2.58x  after/hand 2.63x
web/url.relative-dot-colon hand       63.5 ns before      173.1 ns after      177.1 ns  before/hand 2.73x  after/hand 2.79x
  web/url.relative-letters: 1 round(s) redone after a gen1/gen2 collection
web/url.relative-letters hand      106.6 ns before      238.2 ns after      243.0 ns  before/hand 2.23x  after/hand 2.28x
  web/json.object: 1 round(s) redone after a gen1/gen2 collection
web/json.object        hand      594.2 ns before      949.1 ns after      954.1 ns  before/hand 1.60x  after/hand 1.61x
  web/json.array: 3 round(s) redone after a gen1/gen2 collection
web/json.array         hand      593.3 ns before      756.3 ns after      757.8 ns  before/hand 1.27x  after/hand 1.28x
web/media-type.plain   control      168.1 ns before      233.9 ns after      200.7 ns  before/control 1.39x  after/control 1.19x
  web/media-type.quoted: 1 round(s) redone after a gen1/gen2 collection
web/media-type.quoted  control      267.0 ns before      329.9 ns after      296.4 ns  before/control 1.24x  after/control 1.11x
web/media-type.refused control       46.7 ns before       82.0 ns after       82.4 ns  before/control 1.76x  after/control 1.76x
web/addr-spec.plain    control       94.1 ns before      126.1 ns after      121.1 ns  before/control 1.34x  after/control 1.29x
web/addr-spec.refused  control       24.5 ns before       59.7 ns after       59.9 ns  before/control 2.44x  after/control 2.45x
web/json-patch.full    control     1381.3 ns before     1453.2 ns after     1441.8 ns  before/control 1.05x  after/control 1.04x
web/link.full          control     1318.9 ns before     1424.2 ns after     1454.7 ns  before/control 1.08x  after/control 1.10x
web/link.refused       control       20.3 ns before       54.3 ns after       54.4 ns  before/control 2.68x  after/control 2.69x
  web/sf.item: 1 round(s) redone after a gen1/gen2 collection
web/sf.item            control      275.7 ns before      324.5 ns after      311.3 ns  before/control 1.18x  after/control 1.13x
web/sf.list            control     1258.8 ns before     1287.2 ns after     1296.9 ns  before/control 1.02x  after/control 1.03x
  web/sf.dictionary: 1 round(s) redone after a gen1/gen2 collection
web/sf.dictionary      control     1263.9 ns before     1294.4 ns after     1289.7 ns  before/control 1.02x  after/control 1.02x
el/ladder              hand     1021.6 ns before     1749.1 ns after     1751.4 ns before-immediate     1220.5 ns after-immediate     1203.4 ns  before/hand 1.71x  after/hand 1.71x  before-immediate/hand 1.19x  after-immediate/hand 1.18x
  el/terms1000: 14 round(s) redone after a gen1/gen2 collection
el/terms1000           hand   112065.6 ns before   153638.8 ns after   154868.4 ns before-immediate   129483.2 ns after-immediate   127008.1 ns  before/hand 1.37x  after/hand 1.38x  before-immediate/hand 1.16x  after-immediate/hand 1.13x
sql/select20           hand     7106.4 ns before    18841.4 ns after    18466.4 ns  before/hand 2.65x  after/hand 2.60x
  sql/refused-late: 1 round(s) redone after a gen1/gen2 collection
sql/refused-late       hand     2690.1 ns before    12371.9 ns after    12173.9 ns  before/hand 4.60x  after/hand 4.53x

# Paired stand, 2026-09-20 21:59

IGOR-DESKTOP, pinned to 0-15, high priority, control 31.5 ns.

This binary, and the libraries it holds as the control, was built from 0c0b75ff. JIT: DOTNET_TieredCompilation unset, DOTNET_TieredPGO unset, DOTNET_TC_QuickJitForLoops unset, DOTNET_ReadyToRun unset (unset is the runtime's default: tiered compilation on, dynamic PGO on; a row is warmed to a stable reading before it is timed).

Sides: before (commit d28533cb, framework net10.0, no properties, emitted b60541f92d7b864c); after (commit d28533cb, framework net10.0, no properties, emitted b60541f92d7b864c). (The check that the two emitted different code applies to two sides of one commit given different properties; its silence says nothing about two commits.)

**The rows named `.bool` compare two APIs, not two commits: `before` is the Match form of the before side and `after` the bool form of the after side (`StandBool.cs`), so their difference is the price of the Match form against the bool form. It is there in an A/A of one build and in a pair of commits that have nothing to do with it, and it is not an effect of the commit under test.**

The base of a row is what every ratio is over, and its name says what it is: `hand` is a hand-written parser (`DotGram.Handwritten`), `scriptdom` is Microsoft's parser, and `control` is this process's own build of the same generated parser, held constant so that the two sides are compared and nothing is claimed against a hand-written one.

The last two columns are what a reader a month later cannot get from a message: **the base's spread between the runs** (how much the machine's speed varied from one run to the next; a row with a large one had a disturbed run, and its medians are read with the range beside them) and the **change of each run** (the smallest and the largest, and how many of the runs were positive).

| row | reading | base | base ns | before ns | before/base | after ns | after/base | change | before B | after B | base spread | change over the runs |
| --- | --- | --- | ---: | ---: | ---: | ---: | ---: | ---: | ---: | ---: | ---: | --- |
| fix/Orders128.text | generated | hand | 80211.7 | 69571.9 | 0.87x | 71352.0 | 0.89x | +2.6% | 129112 | 129112 | 37 % |  |
| fix/Orders128.bytes | generated | hand | 79143.0 | 79448.4 | 1.00x | 82238.3 | 1.04x | +3.5% | 129168 | 129168 | 9 % |  |
| fix/Orders128.stream | generated | hand | 116674.5 | 89154.9 | 0.76x | 89979.9 | 0.77x | +0.9% | 118552 | 118552 | 4 % |  |
| fixmsg/Order.parse | generated | control | 1229.5 | 1857.2 | 1.51x | 1840.4 | 1.50x | -0.9% | 3400 | 3400 | 7 % |  |
| fixmsg/Order.build | generated | control | 1546.6 | 2329.6 | 1.51x | 2329.0 | 1.51x | 0.0% | 3592 | 3592 | 7 % |  |
| fix/orders400.text | generated | hand | 259061.9 | 219064.8 | 0.85x | 226762.3 | 0.88x | +3.5% | 403288 | 403288 | 5 % |  |
| tsql/script100.bool | generated | scriptdom | 656887.5 | 124465.6 | 0.19x | 121337.5 | 0.18x | -2.5% | 113600 | 105600 | 5 % |  |
| tsql/script100.boolboth | generated | scriptdom | 661410.9 | 126313.3 | 0.19x | 122512.5 | 0.19x | -3.0% | 105600 | 105600 | 13 % |  |
| tsql/script100 | generated | scriptdom | 658552.3 | 124834.4 | 0.19x | 121775.8 | 0.18x | -2.5% | 113600 | 113600 | 14 % |  |
| tsql/columns1000 | generated | scriptdom | 1743870.3 | 189509.4 | 0.11x | 192096.9 | 0.11x | +1.4% | 200464 | 200464 | 7 % |  |
| web/json.array10000 | generated | hand | 170360.9 | 200643.4 | 1.18x | 207562.1 | 1.22x | +3.4% | 720048 | 720048 | 11 % |  |
| web/json.object10000 | generated | hand | 800079.7 | 1231225.4 | 1.54x | 1113285.9 | 1.39x | -9.6% | 1599240 | 1599240 | 37 % |  |
| web/url.path1000 | generated | hand | 9358.2 | 10957.4 | 1.17x | 10936.5 | 1.17x | -0.2% | 8384 | 8384 | 3 % |  |
| web/media-type.params1000 | generated | control | 47798.6 | 48177.8 | 1.01x | 44336.1 | 0.93x | -8.0% | 151472 | 151472 | 6 % |  |
| web/sf.list10000 | generated | control | 1161681.2 | 1151443.8 | 0.99x | 1347912.5 | 1.16x | +17.1% | 2720056 | 2720056 | 28 % |  |
| sql/select20.at | generated | hand | 6861.5 | 17674.7 | 2.58x | 17688.7 | 2.58x | +0.1% | 21416 | 21416 | 9 % |  |
| sql/select20.window | generated | hand | 6793.1 | 18212.8 | 2.68x | 17903.2 | 2.64x | -1.7% | 21416 | 21416 | 10 % |  |
| sql/select20.scan | generated | control | 387.9 | 383.9 | 0.99x | 380.4 | 0.98x | -0.9% | 0 | 0 | 19 % |  |
| tsql/select20.scan | generated | control | 384.4 | 391.9 | 1.02x | 390.6 | 1.02x | -0.3% | 0 | 0 | 3 % |  |
| el/ladder.scan | generated | control | 138.9 | 139.3 | 1.00x | 139.4 | 1.00x | +0.1% | 0 | 0 | 11 % |  |
| fixmsg/Order.parse-stream | generated | control | 1954.3 | 2169.9 | 1.11x | 2133.7 | 1.09x | -1.7% | 8224 | 8224 | 5 % |  |
| fixmsg/Order.parse-reader | generated | control | 1957.7 | 2114.7 | 1.08x | 2100.7 | 1.07x | -0.7% | 12112 | 12112 | 3 % |  |
| fixmsg/Order.parse-span | generated | control | 1955.8 | 1835.1 | 0.94x | 1804.4 | 0.92x | -1.7% | 3672 | 3672 | 3 % |  |
| fixmsg/Order.read-stream100 | generated | control | 206387.1 | 202462.5 | 0.98x | 199828.9 | 0.97x | -1.3% | 389248 | 389248 | 5 % |  |
| fixmsg/Order.read-reader100 | generated | control | 206296.9 | 193475.4 | 0.94x | 192393.8 | 0.93x | -0.6% | 375712 | 375712 | 5 % |  |
| fix/Orders128.log-text | generated | hand | 92638.6 | 72469.8 | 0.78x | 73040.9 | 0.79x | +0.8% | 129112 | 129112 | 11 % |  |
| fix/Orders128.log-bytes | generated | hand | 93135.4 | 93427.1 | 1.00x | 96628.1 | 1.04x | +3.4% | 129168 | 129168 | 16 % |  |
| fix/Orders128.log-stream | generated | hand | 92860.4 | 102463.3 | 1.10x | 102963.6 | 1.11x | +0.5% | 118552 | 118552 | 23 % |  |
| el/ladder.bool | generated | hand | 982.9 | 1727.2 | 1.76x | 1694.3 | 1.72x | -1.9% | 1776 | 1720 | 6 % |  |
| sql/refused-late.bool | generated | hand | 2605.6 | 11976.7 | 4.60x | 5869.1 | 2.25x | -51.0% | 13552 | 6616 | 28 % |  |
| sql/select20.bool | generated | hand | 6822.5 | 18435.7 | 2.70x | 18101.8 | 2.65x | -1.8% | 21448 | 21392 | 7 % |  |
| sql/refused-cliff-case-1391 | generated | control | 4673053.1 | 4605050.0 | 0.99x | 4697062.5 | 1.01x | +2.0% | 6276684 | 6276684 | 61 % |  |
| sql/refused-cliff-case-1738 | generated | control | 26155625.0 | 27888600.0 | 1.07x | 22539225.0 | 0.86x | -19.2% | 74363360 | 74363380 | 83 % |  |
| sql/refused-cliff-joins-891 | generated | control | 2621012.5 | 2617106.2 | 1.00x | 2602540.6 | 0.99x | -0.6% | 2994166 | 2994166 | 9 % |  |
| sql/refused-cliff-joins-1113 | generated | control | 6723237.5 | 6649812.5 | 0.99x | 6771450.0 | 1.01x | +1.8% | 12948846 | 12948836 | 57 % |  |
| sql/refused-cliff-joins-1738 | generated | control | 10279418.8 | 10371050.0 | 1.01x | 10181356.2 | 0.99x | -1.8% | 21144106 | 21144188 | 44 % |  |
| sql/refused-cliff-joins-2172 | generated | control | 30406950.0 | 30639925.0 | 1.01x | 30937675.0 | 1.02x | +1.0% | 94726782 | 94726242 | 50 % |  |
| sql/refused-cliff-paren-2715 | generated | control | 7086243.8 | 7082450.0 | 1.00x | 7049112.5 | 0.99x | -0.5% | 8778600 | 8778619 | 8 % |  |
| sql/refused-cliff-and-2715 | generated | control | 6992181.2 | 6932068.8 | 0.99x | 6990375.0 | 1.00x | +0.8% | 8775448 | 8775448 | 7 % |  |
| sql/refused-cliff-paren-3393 | generated | control | 31151625.0 | 31594450.0 | 1.01x | 32225100.0 | 1.03x | +2.0% | 94863474 | 94864002 | 68 % |  |
| sql/refused-cliff-and-3393 | generated | control | 34256625.0 | 29176125.0 | 0.85x | 31031900.0 | 0.91x | +6.4% | 94858822 | 94857908 | 125 % |  |
| fix/Orders128.yield-reader | generated | hand | 141646.8 | 94068.6 | 0.66x | 94808.6 | 0.67x | +0.8% | 118520 | 118520 | 14 % |  |
| fix/Orders128.yield-string | generated | hand | 84911.9 | 276233.6 | 3.25x | 263344.8 | 3.10x | -4.7% | 117936 | 117936 | 12 % |  |
| fix/Orders128.yield-memory | generated | hand | 82612.2 | 85794.2 | 1.04x | 86234.5 | 1.04x | +0.5% | 118016 | 118016 | 17 % |  |
| fix/Orders128.whole-stream | generated | hand | 121744.9 | 85657.6 | 0.70x | 88369.8 | 0.73x | +3.2% | 129368 | 129368 | 45 % |  |
| fix/Orders128.whole-reader | generated | hand | 117214.6 | 84931.2 | 0.72x | 87116.8 | 0.74x | +2.6% | 129336 | 129336 | 4 % |  |
| feeds/stock-count.good.text | generated | hand | 38174.2 | 28751.9 | 0.75x | 29172.2 | 0.76x | +1.5% | 111403 | 111403 | 3 % |  |
| feeds/stock-count.good.reader | generated | hand | 47949.9 | 37288.7 | 0.78x | 36954.4 | 0.77x | -0.9% | 111488 | 111488 | 5 % |  |
| feeds/stock-count.good.reader64 | generated | hand | 50192.9 | 41762.5 | 0.83x | 42431.4 | 0.85x | +1.6% | 111536 | 111627 | 4 % |  |
| web/url.plain | generated | hand | 97.6 | 224.9 | 2.30x | 231.3 | 2.37x | +2.9% | 360 | 360 | 9 % |  |
| web/url.full | generated | hand | 166.0 | 295.4 | 1.78x | 306.2 | 1.85x | +3.7% | 536 | 536 | 9 % |  |
| web/url.ipv4 | generated | hand | 114.8 | 237.3 | 2.07x | 262.6 | 2.29x | +10.7% | 384 | 384 | 17 % |  |
| web/url.long-path | generated | hand | 182.2 | 432.9 | 2.38x | 437.3 | 2.40x | +1.0% | 512 | 512 | 63 % |  |
| web/url.refused | generated | hand | 68.1 | 194.9 | 2.86x | 199.2 | 2.92x | +2.2% | 64 | 64 | 6 % |  |
| web/url.relative | generated | hand | 76.6 | 197.5 | 2.58x | 201.2 | 2.63x | +1.9% | 312 | 312 | 6 % |  |
| web/url.relative-dot-colon | generated | hand | 63.5 | 173.1 | 2.73x | 177.1 | 2.79x | +2.3% | 280 | 280 | 10 % |  |
| web/url.relative-letters | generated | hand | 106.6 | 238.2 | 2.23x | 243.0 | 2.28x | +2.0% | 312 | 312 | 13 % |  |
| web/json.object | generated | hand | 594.2 | 949.1 | 1.60x | 954.1 | 1.61x | +0.5% | 2584 | 2584 | 3 % |  |
| web/json.array | generated | hand | 593.3 | 756.3 | 1.27x | 757.8 | 1.28x | +0.2% | 2400 | 2400 | 11 % |  |
| web/media-type.plain | generated | control | 168.1 | 233.9 | 1.39x | 200.7 | 1.19x | -14.2% | 448 | 448 | 13 % |  |
| web/media-type.quoted | generated | control | 267.0 | 329.9 | 1.24x | 296.4 | 1.11x | -10.2% | 816 | 816 | 9 % |  |
| web/media-type.refused | generated | control | 46.7 | 82.0 | 1.76x | 82.4 | 1.76x | +0.4% | 64 | 64 | 19 % |  |
| web/addr-spec.plain | generated | control | 94.1 | 126.1 | 1.34x | 121.1 | 1.29x | -3.9% | 176 | 176 | 3 % |  |
| web/addr-spec.refused | generated | control | 24.5 | 59.7 | 2.44x | 59.9 | 2.45x | +0.3% | 64 | 64 | 3 % |  |
| web/json-patch.full | generated | control | 1381.3 | 1453.2 | 1.05x | 1441.8 | 1.04x | -0.8% | 4552 | 4552 | 7 % |  |
| web/link.full | generated | control | 1318.9 | 1424.2 | 1.08x | 1454.7 | 1.10x | +2.1% | 2968 | 2968 | 18 % |  |
| web/link.refused | generated | control | 20.3 | 54.3 | 2.68x | 54.4 | 2.69x | +0.3% | 64 | 64 | 46 % |  |
| web/sf.item | generated | control | 275.7 | 324.5 | 1.18x | 311.3 | 1.13x | -4.1% | 800 | 800 | 8 % |  |
| web/sf.list | generated | control | 1258.8 | 1287.2 | 1.02x | 1296.9 | 1.03x | +0.8% | 3064 | 3064 | 12 % |  |
| web/sf.dictionary | generated | control | 1263.9 | 1294.4 | 1.02x | 1289.7 | 1.02x | -0.4% | 3280 | 3280 | 7 % |  |
| el/ladder | generated | hand | 1021.6 | 1749.1 | 1.71x | 1751.4 | 1.71x | +0.1% | 1776 | 1776 | 4 % |  |
| el/ladder | immediate | hand | 1021.6 | 1220.5 | 1.19x | 1203.4 | 1.18x | -1.4% | 1784 | 1784 | 4 % |  |
| el/terms1000 | generated | hand | 112065.6 | 153638.8 | 1.37x | 154868.4 | 1.38x | +0.8% | 169104 | 169107 | 5 % |  |
| el/terms1000 | immediate | hand | 112065.6 | 129483.2 | 1.16x | 127008.1 | 1.13x | -1.9% | 177120 | 177120 | 5 % |  |
| sql/select20 | generated | hand | 7106.4 | 18841.4 | 2.65x | 18466.4 | 2.60x | -2.0% | 21448 | 21448 | 10 % |  |
| sql/refused-late | generated | hand | 2690.1 | 12371.9 | 4.60x | 12173.9 | 4.53x | -1.6% | 13552 | 13552 | 12 % |  |

Written to T:\TEMP\dotgram-stand\wc2\pair\aa-run-3
=== run 4 of 5, 21:59:02
74 rows, every reading agreeing. Timing 8 rounds.
fix/Orders128.text     hand    82583.2 ns before    68637.9 ns after    68945.7 ns  before/hand 0.83x  after/hand 0.83x
fix/Orders128.bytes    hand    80962.1 ns before    82557.8 ns after    82792.6 ns  before/hand 1.02x  after/hand 1.02x
fix/Orders128.stream   hand   118172.7 ns before    91975.4 ns after    90560.7 ns  before/hand 0.78x  after/hand 0.77x
fixmsg/Order.parse     control     1260.2 ns before     1823.6 ns after     1866.0 ns  before/control 1.45x  after/control 1.48x
fixmsg/Order.build     control     1587.0 ns before     2379.3 ns after     2358.3 ns  before/control 1.50x  after/control 1.49x
fix/orders400.text     hand   259468.2 ns before   217010.5 ns after   215194.1 ns  before/hand 0.84x  after/hand 0.83x
tsql/script100.bool    scriptdom   674009.4 ns before   126078.1 ns after   127859.4 ns  before/scriptdom 0.19x  after/scriptdom 0.19x
  tsql/script100.boolboth: 3 round(s) redone after a gen1/gen2 collection
tsql/script100.boolboth scriptdom   672004.7 ns before   125255.5 ns after   129348.4 ns  before/scriptdom 0.19x  after/scriptdom 0.19x
  tsql/script100: 5 round(s) redone after a gen1/gen2 collection
tsql/script100         scriptdom   673652.3 ns before   125239.1 ns after   131500.0 ns  before/scriptdom 0.19x  after/scriptdom 0.20x
  tsql/columns1000: 8 round(s) redone after a gen1/gen2 collection
tsql/columns1000       scriptdom  1758665.6 ns before   193420.3 ns after   192940.6 ns  before/scriptdom 0.11x  after/scriptdom 0.11x
  web/json.array10000: 144 round(s) redone after a gen1/gen2 collection
web/json.array10000    hand   172227.1 ns before   196458.0 ns after   202098.2 ns  before/hand 1.14x  after/hand 1.17x
  web/json.object10000: 144 round(s) redone after a gen1/gen2 collection
web/json.object10000   hand   646785.2 ns before  1259434.4 ns after  1184743.0 ns  before/hand 1.95x  after/hand 1.83x
web/url.path1000       hand     9420.7 ns before    11009.2 ns after    10921.6 ns  before/hand 1.17x  after/hand 1.16x
web/media-type.params1000 control    49318.0 ns before    44773.6 ns after    45409.3 ns  before/control 0.91x  after/control 0.92x
web/sf.list10000       control  1230103.1 ns before  1250042.2 ns after  1274754.7 ns  before/control 1.02x  after/control 1.04x
  sql/select20.at: 1 round(s) redone after a gen1/gen2 collection
sql/select20.at        hand     7045.1 ns before    18039.9 ns after    17918.7 ns  before/hand 2.56x  after/hand 2.54x
sql/select20.window    hand     6794.1 ns before    19027.2 ns after    18122.3 ns  before/hand 2.80x  after/hand 2.67x
sql/select20.scan      control      384.4 ns before      387.0 ns after      388.4 ns  before/control 1.01x  after/control 1.01x
tsql/select20.scan     control      375.2 ns before      390.1 ns after      385.1 ns  before/control 1.04x  after/control 1.03x
el/ladder.scan         control      138.9 ns before      142.1 ns after      143.5 ns  before/control 1.02x  after/control 1.03x
fixmsg/Order.parse-stream control     1977.0 ns before     2211.9 ns after     2194.2 ns  before/control 1.12x  after/control 1.11x
fixmsg/Order.parse-reader control     1954.8 ns before     2043.8 ns after     2076.4 ns  before/control 1.05x  after/control 1.06x
fixmsg/Order.parse-span control     1986.7 ns before     1858.1 ns after     1835.5 ns  before/control 0.94x  after/control 0.92x
  fixmsg/Order.read-stream100: 1 round(s) redone after a gen1/gen2 collection
fixmsg/Order.read-stream100 control   208098.8 ns before   202368.6 ns after   206095.3 ns  before/control 0.97x  after/control 0.99x
  fixmsg/Order.read-reader100: 3 round(s) redone after a gen1/gen2 collection
fixmsg/Order.read-reader100 control   206826.4 ns before   189857.6 ns after   193481.8 ns  before/control 0.92x  after/control 0.94x
  fix/Orders128.log-text: 7 round(s) redone after a gen1/gen2 collection
fix/Orders128.log-text hand    92595.1 ns before    71160.6 ns after    69492.9 ns  before/hand 0.77x  after/hand 0.75x
  fix/Orders128.log-bytes: 8 round(s) redone after a gen1/gen2 collection
fix/Orders128.log-bytes hand    93993.1 ns before    94824.8 ns after    95707.5 ns  before/hand 1.01x  after/hand 1.02x
  fix/Orders128.log-stream: 1 round(s) redone after a gen1/gen2 collection
fix/Orders128.log-stream hand    93030.1 ns before   103713.7 ns after   103395.4 ns  before/hand 1.11x  after/hand 1.11x
el/ladder.bool         hand     1019.9 ns before     1736.0 ns after     1779.8 ns  before/hand 1.70x  after/hand 1.75x
sql/refused-late.bool  hand     2573.2 ns before    12122.3 ns after     5809.7 ns  before/hand 4.71x  after/hand 2.26x
  sql/select20.bool: 3 round(s) redone after a gen1/gen2 collection
sql/select20.bool      hand     6876.8 ns before    18240.3 ns after    17845.6 ns  before/hand 2.65x  after/hand 2.60x
sql/refused-cliff-case-1391 control  4581887.5 ns before  4605025.0 ns after  4534893.8 ns  before/control 1.01x  after/control 0.99x
  sql/refused-cliff-case-1738: 139 round(s) redone after a gen1/gen2 collection
sql/refused-cliff-case-1738 control 23164975.0 ns before 31398250.0 ns after 30275700.0 ns  before/control 1.36x  after/control 1.31x
  sql/refused-cliff-joins-891: 27 round(s) redone after a gen1/gen2 collection
sql/refused-cliff-joins-891 control  2624953.1 ns before  2703578.1 ns after  2611337.5 ns  before/control 1.03x  after/control 0.99x
  sql/refused-cliff-joins-1113: 144 round(s) redone after a gen1/gen2 collection
sql/refused-cliff-joins-1113 control  5988543.8 ns before  5560268.8 ns after  5551800.0 ns  before/control 0.93x  after/control 0.93x
  sql/refused-cliff-joins-1738: 144 round(s) redone after a gen1/gen2 collection
sql/refused-cliff-joins-1738 control  9764900.0 ns before 11194312.5 ns after 10725000.0 ns  before/control 1.15x  after/control 1.10x
  sql/refused-cliff-joins-2172: 96 round(s) redone after a gen1/gen2 collection
sql/refused-cliff-joins-2172 control 19690650.0 ns before 29047350.0 ns after 23557900.0 ns  before/control 1.48x  after/control 1.20x
sql/refused-cliff-paren-2715 control  9144275.0 ns before 10379731.2 ns after  9666412.5 ns  before/control 1.14x  after/control 1.06x
  sql/refused-cliff-and-2715: 55 round(s) redone after a gen1/gen2 collection
sql/refused-cliff-and-2715 control  9917643.8 ns before 10247500.0 ns after  9710550.0 ns  before/control 1.03x  after/control 0.98x
  sql/refused-cliff-paren-3393: 136 round(s) redone after a gen1/gen2 collection
sql/refused-cliff-paren-3393 control 36617950.0 ns before 34439200.0 ns after 40702625.0 ns  before/control 0.94x  after/control 1.11x
  sql/refused-cliff-and-3393: 144 round(s) redone after a gen1/gen2 collection
sql/refused-cliff-and-3393 control 34059050.0 ns before 30981300.0 ns after 33515200.0 ns  before/control 0.91x  after/control 0.98x
fix/Orders128.yield-reader hand   143459.2 ns before    95435.0 ns after    93865.6 ns  before/hand 0.67x  after/hand 0.65x
fix/Orders128.yield-string hand    84797.1 ns before   274792.5 ns after   283967.7 ns  before/hand 3.24x  after/hand 3.35x
fix/Orders128.yield-memory hand    85572.5 ns before    89041.3 ns after    87293.8 ns  before/hand 1.04x  after/hand 1.02x
fix/Orders128.whole-stream hand   119538.3 ns before    85002.1 ns after    85845.0 ns  before/hand 0.71x  after/hand 0.72x
fix/Orders128.whole-reader hand   119621.9 ns before    85729.0 ns after    86271.9 ns  before/hand 0.72x  after/hand 0.72x
  feeds/stock-count.good.text: 110 round(s) redone after a gen1/gen2 collection
feeds/stock-count.good.text hand    36953.5 ns before    29986.0 ns after    29616.7 ns  before/hand 0.81x  after/hand 0.80x
  feeds/stock-count.good.reader: 85 round(s) redone after a gen1/gen2 collection
feeds/stock-count.good.reader hand    45180.1 ns before    38078.9 ns after    37925.1 ns  before/hand 0.84x  after/hand 0.84x
  feeds/stock-count.good.reader64: 41 round(s) redone after a gen1/gen2 collection
feeds/stock-count.good.reader64 hand    47932.6 ns before    43899.2 ns after    42989.5 ns  before/hand 0.92x  after/hand 0.90x
web/url.plain          hand       97.4 ns before      229.7 ns after      232.3 ns  before/hand 2.36x  after/hand 2.39x
web/url.full           hand      174.6 ns before      299.4 ns after      305.6 ns  before/hand 1.71x  after/hand 1.75x
web/url.ipv4           hand      112.6 ns before      243.4 ns after      243.6 ns  before/hand 2.16x  after/hand 2.16x
web/url.long-path      hand      185.2 ns before      444.8 ns after      461.7 ns  before/hand 2.40x  after/hand 2.49x
web/url.refused        hand       73.7 ns before      209.0 ns after      215.1 ns  before/hand 2.84x  after/hand 2.92x
web/url.relative       hand       85.8 ns before      235.7 ns after      208.7 ns  before/hand 2.75x  after/hand 2.43x
  web/url.relative-dot-colon: 1 round(s) redone after a gen1/gen2 collection
web/url.relative-dot-colon hand       66.4 ns before      208.9 ns after      194.7 ns  before/hand 3.14x  after/hand 2.93x
  web/url.relative-letters: 1 round(s) redone after a gen1/gen2 collection
web/url.relative-letters hand      134.9 ns before      308.0 ns after      302.1 ns  before/hand 2.28x  after/hand 2.24x
  web/json.object: 1 round(s) redone after a gen1/gen2 collection
web/json.object        hand      734.7 ns before     1271.1 ns after     1191.7 ns  before/hand 1.73x  after/hand 1.62x
  web/json.array: 1 round(s) redone after a gen1/gen2 collection
web/json.array         hand      715.3 ns before      971.7 ns after      938.9 ns  before/hand 1.36x  after/hand 1.31x
web/media-type.plain   control      187.8 ns before      267.1 ns after      244.2 ns  before/control 1.42x  after/control 1.30x
  web/media-type.quoted: 1 round(s) redone after a gen1/gen2 collection
web/media-type.quoted  control      318.4 ns before      372.8 ns after      379.9 ns  before/control 1.17x  after/control 1.19x
web/media-type.refused control       55.2 ns before       99.5 ns after       97.9 ns  before/control 1.80x  after/control 1.77x
  web/addr-spec.plain: 1 round(s) redone after a gen1/gen2 collection
web/addr-spec.plain    control      100.7 ns before      149.5 ns after      145.6 ns  before/control 1.48x  after/control 1.45x
web/addr-spec.refused  control       28.9 ns before       72.1 ns after       72.0 ns  before/control 2.50x  after/control 2.49x
web/json-patch.full    control     1722.3 ns before     1689.4 ns after     1700.9 ns  before/control 0.98x  after/control 0.99x
web/link.full          control     1512.4 ns before     1663.1 ns after     1658.6 ns  before/control 1.10x  after/control 1.10x
  web/link.refused: 1 round(s) redone after a gen1/gen2 collection
web/link.refused       control       23.5 ns before       61.8 ns after       63.2 ns  before/control 2.63x  after/control 2.69x
web/sf.item            control      310.4 ns before      354.5 ns after      369.2 ns  before/control 1.14x  after/control 1.19x
  web/sf.list: 1 round(s) redone after a gen1/gen2 collection
web/sf.list            control     1336.3 ns before     1428.2 ns after     1450.6 ns  before/control 1.07x  after/control 1.09x
web/sf.dictionary      control     1332.0 ns before     1417.6 ns after     1331.8 ns  before/control 1.06x  after/control 1.00x
el/ladder              hand     1039.5 ns before     1794.2 ns after     1801.8 ns before-immediate     1223.9 ns after-immediate     1260.2 ns  before/hand 1.73x  after/hand 1.73x  before-immediate/hand 1.18x  after-immediate/hand 1.21x
  el/terms1000: 13 round(s) redone after a gen1/gen2 collection
el/terms1000           hand   116370.5 ns before   160227.6 ns after   161051.1 ns before-immediate   132280.2 ns after-immediate   132107.0 ns  before/hand 1.38x  after/hand 1.38x  before-immediate/hand 1.14x  after-immediate/hand 1.14x
sql/select20           hand     7269.5 ns before    19192.5 ns after    18830.4 ns  before/hand 2.64x  after/hand 2.59x
  sql/refused-late: 1 round(s) redone after a gen1/gen2 collection
sql/refused-late       hand     2784.7 ns before    12762.9 ns after    12664.7 ns  before/hand 4.58x  after/hand 4.55x

# Paired stand, 2026-09-20 22:06

IGOR-DESKTOP, pinned to 0-15, high priority, control 32.0 ns.

This binary, and the libraries it holds as the control, was built from 0c0b75ff. JIT: DOTNET_TieredCompilation unset, DOTNET_TieredPGO unset, DOTNET_TC_QuickJitForLoops unset, DOTNET_ReadyToRun unset (unset is the runtime's default: tiered compilation on, dynamic PGO on; a row is warmed to a stable reading before it is timed).

Sides: before (commit d28533cb, framework net10.0, no properties, emitted b60541f92d7b864c); after (commit 5ed9682b, framework net10.0, no properties, emitted 3afa74326eaf0055). (The check that the two emitted different code applies to two sides of one commit given different properties; its silence says nothing about two commits.)

**The rows named `.bool` compare two APIs, not two commits: `before` is the Match form of the before side and `after` the bool form of the after side (`StandBool.cs`), so their difference is the price of the Match form against the bool form. It is there in an A/A of one build and in a pair of commits that have nothing to do with it, and it is not an effect of the commit under test.**

The base of a row is what every ratio is over, and its name says what it is: `hand` is a hand-written parser (`DotGram.Handwritten`), `scriptdom` is Microsoft's parser, and `control` is this process's own build of the same generated parser, held constant so that the two sides are compared and nothing is claimed against a hand-written one.

The last two columns are what a reader a month later cannot get from a message: **the base's spread between the runs** (how much the machine's speed varied from one run to the next; a row with a large one had a disturbed run, and its medians are read with the range beside them) and the **change of each run** (the smallest and the largest, and how many of the runs were positive).

| row | reading | base | base ns | before ns | before/base | after ns | after/base | change | before B | after B | base spread | change over the runs |
| --- | --- | --- | ---: | ---: | ---: | ---: | ---: | ---: | ---: | ---: | ---: | --- |
| fix/Orders128.text | generated | hand | 82583.2 | 68637.9 | 0.83x | 68945.7 | 0.83x | +0.4% | 129112 | 129112 | 43 % |  |
| fix/Orders128.bytes | generated | hand | 80962.1 | 82557.8 | 1.02x | 82792.6 | 1.02x | +0.3% | 129168 | 129168 | 35 % |  |
| fix/Orders128.stream | generated | hand | 118172.7 | 91975.4 | 0.78x | 90560.7 | 0.77x | -1.5% | 118552 | 118552 | 4 % |  |
| fixmsg/Order.parse | generated | control | 1260.2 | 1823.6 | 1.45x | 1866.0 | 1.48x | +2.3% | 3400 | 3400 | 8 % |  |
| fixmsg/Order.build | generated | control | 1587.0 | 2379.3 | 1.50x | 2358.3 | 1.49x | -0.9% | 3592 | 3592 | 7 % |  |
| fix/orders400.text | generated | hand | 259468.2 | 217010.5 | 0.84x | 215194.1 | 0.83x | -0.8% | 403288 | 403288 | 3 % |  |
| tsql/script100.bool | generated | scriptdom | 674009.4 | 126078.1 | 0.19x | 127859.4 | 0.19x | +1.4% | 113600 | 105600 | 17 % |  |
| tsql/script100.boolboth | generated | scriptdom | 672004.7 | 125255.5 | 0.19x | 129348.4 | 0.19x | +3.3% | 105600 | 105600 | 10 % |  |
| tsql/script100 | generated | scriptdom | 673652.3 | 125239.1 | 0.19x | 131500.0 | 0.20x | +5.0% | 113600 | 113600 | 11 % |  |
| tsql/columns1000 | generated | scriptdom | 1758665.6 | 193420.3 | 0.11x | 192940.6 | 0.11x | -0.2% | 200464 | 200464 | 6 % |  |
| web/json.array10000 | generated | hand | 172227.1 | 196458.0 | 1.14x | 202098.2 | 1.17x | +2.9% | 720048 | 720048 | 9 % |  |
| web/json.object10000 | generated | hand | 646785.2 | 1259434.4 | 1.95x | 1184743.0 | 1.83x | -5.9% | 1599240 | 1599240 | 91 % |  |
| web/url.path1000 | generated | hand | 9420.7 | 11009.2 | 1.17x | 10921.6 | 1.16x | -0.8% | 8384 | 8384 | 9 % |  |
| web/media-type.params1000 | generated | control | 49318.0 | 44773.6 | 0.91x | 45409.3 | 0.92x | +1.4% | 151472 | 151472 | 21 % |  |
| web/sf.list10000 | generated | control | 1230103.1 | 1250042.2 | 1.02x | 1274754.7 | 1.04x | +2.0% | 2720056 | 2720056 | 12 % |  |
| sql/select20.at | generated | hand | 7045.1 | 18039.9 | 2.56x | 17918.7 | 2.54x | -0.7% | 21416 | 21416 | 59 % |  |
| sql/select20.window | generated | hand | 6794.1 | 19027.2 | 2.80x | 18122.3 | 2.67x | -4.8% | 21416 | 21416 | 8 % |  |
| sql/select20.scan | generated | control | 384.4 | 387.0 | 1.01x | 388.4 | 1.01x | +0.4% | 0 | 0 | 6 % |  |
| tsql/select20.scan | generated | control | 375.2 | 390.1 | 1.04x | 385.1 | 1.03x | -1.3% | 0 | 0 | 7 % |  |
| el/ladder.scan | generated | control | 138.9 | 142.1 | 1.02x | 143.5 | 1.03x | +1.0% | 0 | 0 | 5 % |  |
| fixmsg/Order.parse-stream | generated | control | 1977.0 | 2211.9 | 1.12x | 2194.2 | 1.11x | -0.8% | 8224 | 8224 | 8 % |  |
| fixmsg/Order.parse-reader | generated | control | 1954.8 | 2043.8 | 1.05x | 2076.4 | 1.06x | +1.6% | 12112 | 12112 | 5 % |  |
| fixmsg/Order.parse-span | generated | control | 1986.7 | 1858.1 | 0.94x | 1835.5 | 0.92x | -1.2% | 3672 | 3672 | 12 % |  |
| fixmsg/Order.read-stream100 | generated | control | 208098.8 | 202368.6 | 0.97x | 206095.3 | 0.99x | +1.8% | 389248 | 389248 | 10 % |  |
| fixmsg/Order.read-reader100 | generated | control | 206826.4 | 189857.6 | 0.92x | 193481.8 | 0.94x | +1.9% | 375712 | 375712 | 13 % |  |
| fix/Orders128.log-text | generated | hand | 92595.1 | 71160.6 | 0.77x | 69492.9 | 0.75x | -2.3% | 129112 | 129112 | 9 % |  |
| fix/Orders128.log-bytes | generated | hand | 93993.1 | 94824.8 | 1.01x | 95707.5 | 1.02x | +0.9% | 129168 | 129168 | 5 % |  |
| fix/Orders128.log-stream | generated | hand | 93030.1 | 103713.7 | 1.11x | 103395.4 | 1.11x | -0.3% | 118552 | 118552 | 13 % |  |
| el/ladder.bool | generated | hand | 1019.9 | 1736.0 | 1.70x | 1779.8 | 1.75x | +2.5% | 1776 | 1720 | 29 % |  |
| sql/refused-late.bool | generated | hand | 2573.2 | 12122.3 | 4.71x | 5809.7 | 2.26x | -52.1% | 13552 | 6616 | 9 % |  |
| sql/select20.bool | generated | hand | 6876.8 | 18240.3 | 2.65x | 17845.6 | 2.60x | -2.2% | 21448 | 21392 | 11 % |  |
| sql/refused-cliff-case-1391 | generated | control | 4581887.5 | 4605025.0 | 1.01x | 4534893.8 | 0.99x | -1.5% | 6276488 | 6276488 | 18 % |  |
| sql/refused-cliff-case-1738 | generated | control | 23164975.0 | 31398250.0 | 1.36x | 30275700.0 | 1.31x | -3.6% | 74363492 | 74363294 | 93 % |  |
| sql/refused-cliff-joins-891 | generated | control | 2624953.1 | 2703578.1 | 1.03x | 2611337.5 | 0.99x | -3.4% | 2994166 | 2994142 | 15 % |  |
| sql/refused-cliff-joins-1113 | generated | control | 5988543.8 | 5560268.8 | 0.93x | 5551800.0 | 0.93x | -0.2% | 12948799 | 12948801 | 34 % |  |
| sql/refused-cliff-joins-1738 | generated | control | 9764900.0 | 11194312.5 | 1.15x | 10725000.0 | 1.10x | -4.2% | 21144081 | 21144164 | 32 % |  |
| sql/refused-cliff-joins-2172 | generated | control | 19690650.0 | 29047350.0 | 1.48x | 23557900.0 | 1.20x | -18.9% | 94726522 | 94726714 | 173 % |  |
| sql/refused-cliff-paren-2715 | generated | control | 9144275.0 | 10379731.2 | 1.14x | 9666412.5 | 1.06x | -6.9% | 8778600 | 8778600 | 43 % |  |
| sql/refused-cliff-and-2715 | generated | control | 9917643.8 | 10247500.0 | 1.03x | 9710550.0 | 0.98x | -5.2% | 8775448 | 8775404 | 68 % |  |
| sql/refused-cliff-paren-3393 | generated | control | 36617950.0 | 34439200.0 | 0.94x | 40702625.0 | 1.11x | +18.2% | 94860357 | 94861051 | 139 % |  |
| sql/refused-cliff-and-3393 | generated | control | 34059050.0 | 30981300.0 | 0.91x | 33515200.0 | 0.98x | +8.2% | 94857367 | 94857730 | 46 % |  |
| fix/Orders128.yield-reader | generated | hand | 143459.2 | 95435.0 | 0.67x | 93865.6 | 0.65x | -1.6% | 118520 | 118520 | 16 % |  |
| fix/Orders128.yield-string | generated | hand | 84797.1 | 274792.5 | 3.24x | 283967.7 | 3.35x | +3.3% | 117936 | 117936 | 5 % |  |
| fix/Orders128.yield-memory | generated | hand | 85572.5 | 89041.3 | 1.04x | 87293.8 | 1.02x | -2.0% | 118016 | 118016 | 26 % |  |
| fix/Orders128.whole-stream | generated | hand | 119538.3 | 85002.1 | 0.71x | 85845.0 | 0.72x | +1.0% | 129368 | 129368 | 25 % |  |
| fix/Orders128.whole-reader | generated | hand | 119621.9 | 85729.0 | 0.72x | 86271.9 | 0.72x | +0.6% | 129336 | 129336 | 9 % |  |
| feeds/stock-count.good.text | generated | hand | 36953.5 | 29986.0 | 0.81x | 29616.7 | 0.80x | -1.2% | 111312 | 111403 | 17 % |  |
| feeds/stock-count.good.reader | generated | hand | 45180.1 | 38078.9 | 0.84x | 37925.1 | 0.84x | -0.4% | 111488 | 111488 | 54 % |  |
| feeds/stock-count.good.reader64 | generated | hand | 47932.6 | 43899.2 | 0.92x | 42989.5 | 0.90x | -2.1% | 111536 | 111627 | 15 % |  |
| web/url.plain | generated | hand | 97.4 | 229.7 | 2.36x | 232.3 | 2.39x | +1.2% | 360 | 360 | 10 % |  |
| web/url.full | generated | hand | 174.6 | 299.4 | 1.71x | 305.6 | 1.75x | +2.1% | 536 | 536 | 24 % |  |
| web/url.ipv4 | generated | hand | 112.6 | 243.4 | 2.16x | 243.6 | 2.16x | +0.1% | 384 | 384 | 9 % |  |
| web/url.long-path | generated | hand | 185.2 | 444.8 | 2.40x | 461.7 | 2.49x | +3.8% | 512 | 512 | 43 % |  |
| web/url.refused | generated | hand | 73.7 | 209.0 | 2.84x | 215.1 | 2.92x | +2.9% | 64 | 64 | 18 % |  |
| web/url.relative | generated | hand | 85.8 | 235.7 | 2.75x | 208.7 | 2.43x | -11.5% | 312 | 312 | 50 % |  |
| web/url.relative-dot-colon | generated | hand | 66.4 | 208.9 | 3.14x | 194.7 | 2.93x | -6.8% | 280 | 280 | 22 % |  |
| web/url.relative-letters | generated | hand | 134.9 | 308.0 | 2.28x | 302.1 | 2.24x | -1.9% | 312 | 312 | 37 % |  |
| web/json.object | generated | hand | 734.7 | 1271.1 | 1.73x | 1191.7 | 1.62x | -6.2% | 2584 | 2584 | 27 % |  |
| web/json.array | generated | hand | 715.3 | 971.7 | 1.36x | 938.9 | 1.31x | -3.4% | 2400 | 2400 | 30 % |  |
| web/media-type.plain | generated | control | 187.8 | 267.1 | 1.42x | 244.2 | 1.30x | -8.6% | 448 | 448 | 47 % |  |
| web/media-type.quoted | generated | control | 318.4 | 372.8 | 1.17x | 379.9 | 1.19x | +1.9% | 816 | 816 | 26 % |  |
| web/media-type.refused | generated | control | 55.2 | 99.5 | 1.80x | 97.9 | 1.77x | -1.6% | 64 | 64 | 23 % |  |
| web/addr-spec.plain | generated | control | 100.7 | 149.5 | 1.48x | 145.6 | 1.45x | -2.6% | 176 | 176 | 34 % |  |
| web/addr-spec.refused | generated | control | 28.9 | 72.1 | 2.50x | 72.0 | 2.49x | -0.2% | 64 | 64 | 22 % |  |
| web/json-patch.full | generated | control | 1722.3 | 1689.4 | 0.98x | 1700.9 | 0.99x | +0.7% | 4552 | 4552 | 22 % |  |
| web/link.full | generated | control | 1512.4 | 1663.1 | 1.10x | 1658.6 | 1.10x | -0.3% | 2968 | 2968 | 35 % |  |
| web/link.refused | generated | control | 23.5 | 61.8 | 2.63x | 63.2 | 2.69x | +2.2% | 64 | 64 | 18 % |  |
| web/sf.item | generated | control | 310.4 | 354.5 | 1.14x | 369.2 | 1.19x | +4.2% | 800 | 800 | 35 % |  |
| web/sf.list | generated | control | 1336.3 | 1428.2 | 1.07x | 1450.6 | 1.09x | +1.6% | 3064 | 3064 | 9 % |  |
| web/sf.dictionary | generated | control | 1332.0 | 1417.6 | 1.06x | 1331.8 | 1.00x | -6.1% | 3280 | 3280 | 11 % |  |
| el/ladder | generated | hand | 1039.5 | 1794.2 | 1.73x | 1801.8 | 1.73x | +0.4% | 1776 | 1776 | 5 % |  |
| el/ladder | immediate | hand | 1039.5 | 1223.9 | 1.18x | 1260.2 | 1.21x | +3.0% | 1784 | 1784 | 5 % |  |
| el/terms1000 | generated | hand | 116370.5 | 160227.6 | 1.38x | 161051.1 | 1.38x | +0.5% | 169104 | 169104 | 18 % |  |
| el/terms1000 | immediate | hand | 116370.5 | 132280.2 | 1.14x | 132107.0 | 1.14x | -0.1% | 177120 | 177123 | 18 % |  |
| sql/select20 | generated | hand | 7269.5 | 19192.5 | 2.64x | 18830.4 | 2.59x | -1.9% | 21448 | 21448 | 10 % |  |
| sql/refused-late | generated | hand | 2784.7 | 12762.9 | 4.58x | 12664.7 | 4.55x | -0.8% | 13552 | 13552 | 24 % |  |

Written to T:\TEMP\dotgram-stand\wc2\pair\run-4
74 rows, every reading agreeing. Timing 8 rounds.
fix/Orders128.text     hand    86558.6 ns before    74757.0 ns after    74026.2 ns  before/hand 0.86x  after/hand 0.86x
fix/Orders128.bytes    hand    83799.6 ns before    87853.1 ns after    88626.2 ns  before/hand 1.05x  after/hand 1.06x
fix/Orders128.stream   hand   125556.3 ns before    98669.9 ns after    96520.7 ns  before/hand 0.79x  after/hand 0.77x
  fixmsg/Order.parse: 1 round(s) redone after a gen1/gen2 collection
fixmsg/Order.parse     control     1295.7 ns before     1907.1 ns after     1870.5 ns  before/control 1.47x  after/control 1.44x
fixmsg/Order.build     control     1656.7 ns before     2429.0 ns after     2449.3 ns  before/control 1.47x  after/control 1.48x
fix/orders400.text     hand   264703.5 ns before   238953.1 ns after   240623.8 ns  before/hand 0.90x  after/hand 0.91x
  tsql/script100.bool: 1 round(s) redone after a gen1/gen2 collection
tsql/script100.bool    scriptdom   680875.0 ns before   134296.9 ns after   125050.0 ns  before/scriptdom 0.20x  after/scriptdom 0.18x
  tsql/script100.boolboth: 5 round(s) redone after a gen1/gen2 collection
tsql/script100.boolboth scriptdom   705914.1 ns before   135614.1 ns after   124360.2 ns  before/scriptdom 0.19x  after/scriptdom 0.18x
  tsql/script100: 5 round(s) redone after a gen1/gen2 collection
tsql/script100         scriptdom   693310.9 ns before   134882.8 ns after   126214.8 ns  before/scriptdom 0.19x  after/scriptdom 0.18x
  tsql/columns1000: 8 round(s) redone after a gen1/gen2 collection
tsql/columns1000       scriptdom  1840875.0 ns before   195943.8 ns after   208634.4 ns  before/scriptdom 0.11x  after/scriptdom 0.11x
  web/json.array10000: 144 round(s) redone after a gen1/gen2 collection
web/json.array10000    hand   178551.2 ns before   210004.5 ns after   207876.4 ns  before/hand 1.18x  after/hand 1.16x
  web/json.object10000: 129 round(s) redone after a gen1/gen2 collection
web/json.object10000   hand   966546.9 ns before  1196464.1 ns after  1433299.2 ns  before/hand 1.24x  after/hand 1.48x
web/url.path1000       hand     9583.7 ns before    11331.7 ns after    11607.5 ns  before/hand 1.18x  after/hand 1.21x
web/media-type.params1000 control    49744.3 ns before    45624.5 ns after    45108.3 ns  before/control 0.92x  after/control 0.91x
web/sf.list10000       control  1221209.4 ns before  1206770.3 ns after  1208843.8 ns  before/control 0.99x  after/control 0.99x
sql/select20.at        hand     7102.8 ns before    18061.9 ns after    19689.4 ns  before/hand 2.54x  after/hand 2.77x
  sql/select20.window: 1 round(s) redone after a gen1/gen2 collection
sql/select20.window    hand     7016.3 ns before    18332.0 ns after    20177.1 ns  before/hand 2.61x  after/hand 2.88x
sql/select20.scan      control      384.9 ns before      396.8 ns after      388.2 ns  before/control 1.03x  after/control 1.01x
tsql/select20.scan     control      382.5 ns before      400.1 ns after      396.2 ns  before/control 1.05x  after/control 1.04x
el/ladder.scan         control      142.4 ns before      141.5 ns after      141.2 ns  before/control 0.99x  after/control 0.99x
fixmsg/Order.parse-stream control     1959.0 ns before     2239.4 ns after     2257.9 ns  before/control 1.14x  after/control 1.15x
fixmsg/Order.parse-reader control     1925.8 ns before     2059.9 ns after     2128.9 ns  before/control 1.07x  after/control 1.11x
  fixmsg/Order.parse-span: 1 round(s) redone after a gen1/gen2 collection
fixmsg/Order.parse-span control     1944.7 ns before     1794.0 ns after     1829.6 ns  before/control 0.92x  after/control 0.94x
fixmsg/Order.read-stream100 control   201513.1 ns before   201950.8 ns after   203603.7 ns  before/control 1.00x  after/control 1.01x
  fixmsg/Order.read-reader100: 4 round(s) redone after a gen1/gen2 collection
fixmsg/Order.read-reader100 control   203463.1 ns before   193762.1 ns after   195821.7 ns  before/control 0.95x  after/control 0.96x
  fix/Orders128.log-text: 8 round(s) redone after a gen1/gen2 collection
fix/Orders128.log-text hand    93149.4 ns before    73975.3 ns after    71628.1 ns  before/hand 0.79x  after/hand 0.77x
  fix/Orders128.log-bytes: 9 round(s) redone after a gen1/gen2 collection
fix/Orders128.log-bytes hand    95039.6 ns before    98366.9 ns after    96421.5 ns  before/hand 1.04x  after/hand 1.01x
  fix/Orders128.log-stream: 2 round(s) redone after a gen1/gen2 collection
fix/Orders128.log-stream hand    94323.7 ns before   106113.3 ns after   107047.4 ns  before/hand 1.12x  after/hand 1.13x
el/ladder.bool         hand     1054.8 ns before     1842.4 ns after     1765.5 ns  before/hand 1.75x  after/hand 1.67x
  sql/refused-late.bool: 1 round(s) redone after a gen1/gen2 collection
sql/refused-late.bool  hand     2655.3 ns before    12063.6 ns after     6211.7 ns  before/hand 4.54x  after/hand 2.34x
  sql/select20.bool: 3 round(s) redone after a gen1/gen2 collection
sql/select20.bool      hand     6937.6 ns before    18282.0 ns after    19936.3 ns  before/hand 2.64x  after/hand 2.87x
sql/refused-cliff-case-1391 control  4622440.6 ns before  4617218.8 ns after  4635443.8 ns  before/control 1.00x  after/control 1.00x
  sql/refused-cliff-case-1738: 132 round(s) redone after a gen1/gen2 collection
sql/refused-cliff-case-1738 control 24912925.0 ns before 26789100.0 ns after 23641300.0 ns  before/control 1.08x  after/control 0.95x
  sql/refused-cliff-joins-891: 24 round(s) redone after a gen1/gen2 collection
sql/refused-cliff-joins-891 control  2678312.5 ns before  2649925.0 ns after  2698815.6 ns  before/control 0.99x  after/control 1.01x
  sql/refused-cliff-joins-1113: 144 round(s) redone after a gen1/gen2 collection
sql/refused-cliff-joins-1113 control  6359337.5 ns before  5602525.0 ns after  5362450.0 ns  before/control 0.88x  after/control 0.84x
  sql/refused-cliff-joins-1738: 144 round(s) redone after a gen1/gen2 collection
sql/refused-cliff-joins-1738 control 10355275.0 ns before 10927487.5 ns after 10583525.0 ns  before/control 1.06x  after/control 1.02x
  sql/refused-cliff-joins-2172: 144 round(s) redone after a gen1/gen2 collection
sql/refused-cliff-joins-2172 control 29420450.0 ns before 30277900.0 ns after 30962950.0 ns  before/control 1.03x  after/control 1.05x
sql/refused-cliff-paren-2715 control  6847100.0 ns before  6800843.8 ns after  6855337.5 ns  before/control 0.99x  after/control 1.00x
sql/refused-cliff-and-2715 control  6866156.2 ns before  6845281.2 ns after  6662662.5 ns  before/control 1.00x  after/control 0.97x
  sql/refused-cliff-paren-3393: 144 round(s) redone after a gen1/gen2 collection
sql/refused-cliff-paren-3393 control 27246775.0 ns before 28941000.0 ns after 29041950.0 ns  before/control 1.06x  after/control 1.07x
  sql/refused-cliff-and-3393: 144 round(s) redone after a gen1/gen2 collection
sql/refused-cliff-and-3393 control 26810850.0 ns before 28105975.0 ns after 28529125.0 ns  before/control 1.05x  after/control 1.06x
fix/Orders128.yield-reader hand   141363.9 ns before    94297.5 ns after    94817.0 ns  before/hand 0.67x  after/hand 0.67x
fix/Orders128.yield-string hand    84868.3 ns before   275452.6 ns after   270895.7 ns  before/hand 3.25x  after/hand 3.19x
  fix/Orders128.yield-memory: 1 round(s) redone after a gen1/gen2 collection
fix/Orders128.yield-memory hand    85199.1 ns before    90577.0 ns after    90534.5 ns  before/hand 1.06x  after/hand 1.06x
fix/Orders128.whole-stream hand   120876.1 ns before    89120.9 ns after    87416.9 ns  before/hand 0.74x  after/hand 0.72x
fix/Orders128.whole-reader hand   120962.5 ns before    88956.0 ns after    87712.1 ns  before/hand 0.74x  after/hand 0.73x
  feeds/stock-count.good.text: 1 round(s) redone after a gen1/gen2 collection
feeds/stock-count.good.text hand    41352.0 ns before    31475.0 ns after    32912.1 ns  before/hand 0.76x  after/hand 0.80x
  feeds/stock-count.good.reader: 50 round(s) redone after a gen1/gen2 collection
feeds/stock-count.good.reader hand    48191.3 ns before    39033.7 ns after    41835.2 ns  before/hand 0.81x  after/hand 0.87x
  feeds/stock-count.good.reader64: 44 round(s) redone after a gen1/gen2 collection
feeds/stock-count.good.reader64 hand    48394.1 ns before    43784.9 ns after    46476.3 ns  before/hand 0.90x  after/hand 0.96x
web/url.plain          hand       98.1 ns before      230.1 ns after      232.5 ns  before/hand 2.35x  after/hand 2.37x
web/url.full           hand      171.4 ns before      297.9 ns after      310.2 ns  before/hand 1.74x  after/hand 1.81x
web/url.ipv4           hand      117.3 ns before      239.5 ns after      241.2 ns  before/hand 2.04x  after/hand 2.06x
  web/url.long-path: 1 round(s) redone after a gen1/gen2 collection
web/url.long-path      hand      182.6 ns before      460.0 ns after      454.8 ns  before/hand 2.52x  after/hand 2.49x
web/url.refused        hand       71.5 ns before      207.0 ns after      217.0 ns  before/hand 2.89x  after/hand 3.03x
web/url.relative       hand       78.5 ns before      201.9 ns after      199.6 ns  before/hand 2.57x  after/hand 2.54x
  web/url.relative-dot-colon: 1 round(s) redone after a gen1/gen2 collection
web/url.relative-dot-colon hand       65.3 ns before      175.4 ns after      173.3 ns  before/hand 2.69x  after/hand 2.66x
web/url.relative-letters hand      109.8 ns before      244.7 ns after      244.6 ns  before/hand 2.23x  after/hand 2.23x
  web/json.object: 1 round(s) redone after a gen1/gen2 collection
web/json.object        hand      616.6 ns before     1004.3 ns after      950.4 ns  before/hand 1.63x  after/hand 1.54x
  web/json.array: 1 round(s) redone after a gen1/gen2 collection
web/json.array         hand      609.6 ns before      786.0 ns after      758.0 ns  before/hand 1.29x  after/hand 1.24x
  web/media-type.plain: 1 round(s) redone after a gen1/gen2 collection
web/media-type.plain   control      163.9 ns before      216.1 ns after      216.2 ns  before/control 1.32x  after/control 1.32x
web/media-type.quoted  control      257.8 ns before      310.8 ns after      311.6 ns  before/control 1.21x  after/control 1.21x
web/media-type.refused control       47.6 ns before       82.9 ns after       83.9 ns  before/control 1.74x  after/control 1.76x
web/addr-spec.plain    control       89.8 ns before      130.7 ns after      126.6 ns  before/control 1.45x  after/control 1.41x
web/addr-spec.refused  control       25.6 ns before       62.1 ns after       62.5 ns  before/control 2.42x  after/control 2.44x
web/json-patch.full    control     1392.3 ns before     1473.5 ns after     1487.2 ns  before/control 1.06x  after/control 1.07x
web/link.full          control     1375.2 ns before     1430.5 ns after     1449.9 ns  before/control 1.04x  after/control 1.05x
web/link.refused       control       20.7 ns before       55.4 ns after       55.5 ns  before/control 2.68x  after/control 2.69x
web/sf.item            control      278.8 ns before      328.1 ns after      320.5 ns  before/control 1.18x  after/control 1.15x
  web/sf.list: 1 round(s) redone after a gen1/gen2 collection
web/sf.list            control     1212.3 ns before     1307.4 ns after     1319.5 ns  before/control 1.08x  after/control 1.09x
web/sf.dictionary      control     1272.4 ns before     1320.4 ns after     1323.5 ns  before/control 1.04x  after/control 1.04x
  el/ladder: 1 round(s) redone after a gen1/gen2 collection
el/ladder              hand     1022.5 ns before     1784.9 ns after     1794.7 ns before-immediate     1223.2 ns after-immediate     1197.2 ns  before/hand 1.75x  after/hand 1.76x  before-immediate/hand 1.20x  after-immediate/hand 1.17x
  el/terms1000: 14 round(s) redone after a gen1/gen2 collection
el/terms1000           hand   112679.0 ns before   155351.2 ns after   153132.1 ns before-immediate   128085.4 ns after-immediate   130021.9 ns  before/hand 1.38x  after/hand 1.36x  before-immediate/hand 1.14x  after-immediate/hand 1.15x
sql/select20           hand     6954.5 ns before    18520.2 ns after    20324.3 ns  before/hand 2.66x  after/hand 2.92x
sql/refused-late       hand     2643.8 ns before    12396.5 ns after    12788.7 ns  before/hand 4.69x  after/hand 4.84x

# Paired stand, 2026-09-20 22:13

IGOR-DESKTOP, pinned to 0-15, high priority, control 31.8 ns.

This binary, and the libraries it holds as the control, was built from 0c0b75ff. JIT: DOTNET_TieredCompilation unset, DOTNET_TieredPGO unset, DOTNET_TC_QuickJitForLoops unset, DOTNET_ReadyToRun unset (unset is the runtime's default: tiered compilation on, dynamic PGO on; a row is warmed to a stable reading before it is timed).

Sides: before (commit d28533cb, framework net10.0, no properties, emitted b60541f92d7b864c); after (commit d28533cb, framework net10.0, no properties, emitted b60541f92d7b864c). (The check that the two emitted different code applies to two sides of one commit given different properties; its silence says nothing about two commits.)

**The rows named `.bool` compare two APIs, not two commits: `before` is the Match form of the before side and `after` the bool form of the after side (`StandBool.cs`), so their difference is the price of the Match form against the bool form. It is there in an A/A of one build and in a pair of commits that have nothing to do with it, and it is not an effect of the commit under test.**

The base of a row is what every ratio is over, and its name says what it is: `hand` is a hand-written parser (`DotGram.Handwritten`), `scriptdom` is Microsoft's parser, and `control` is this process's own build of the same generated parser, held constant so that the two sides are compared and nothing is claimed against a hand-written one.

The last two columns are what a reader a month later cannot get from a message: **the base's spread between the runs** (how much the machine's speed varied from one run to the next; a row with a large one had a disturbed run, and its medians are read with the range beside them) and the **change of each run** (the smallest and the largest, and how many of the runs were positive).

| row | reading | base | base ns | before ns | before/base | after ns | after/base | change | before B | after B | base spread | change over the runs |
| --- | --- | --- | ---: | ---: | ---: | ---: | ---: | ---: | ---: | ---: | ---: | --- |
| fix/Orders128.text | generated | hand | 86558.6 | 74757.0 | 0.86x | 74026.2 | 0.86x | -1.0% | 129112 | 129112 | 54 % |  |
| fix/Orders128.bytes | generated | hand | 83799.6 | 87853.1 | 1.05x | 88626.2 | 1.06x | +0.9% | 129168 | 129168 | 40 % |  |
| fix/Orders128.stream | generated | hand | 125556.3 | 98669.9 | 0.79x | 96520.7 | 0.77x | -2.2% | 118552 | 118552 | 15 % |  |
| fixmsg/Order.parse | generated | control | 1295.7 | 1907.1 | 1.47x | 1870.5 | 1.44x | -1.9% | 3400 | 3400 | 15 % |  |
| fixmsg/Order.build | generated | control | 1656.7 | 2429.0 | 1.47x | 2449.3 | 1.48x | +0.8% | 3592 | 3592 | 8 % |  |
| fix/orders400.text | generated | hand | 264703.5 | 238953.1 | 0.90x | 240623.8 | 0.91x | +0.7% | 403288 | 403288 | 12 % |  |
| tsql/script100.bool | generated | scriptdom | 680875.0 | 134296.9 | 0.20x | 125050.0 | 0.18x | -6.9% | 113600 | 105603 | 15 % |  |
| tsql/script100.boolboth | generated | scriptdom | 705914.1 | 135614.1 | 0.19x | 124360.2 | 0.18x | -8.3% | 105600 | 105603 | 10 % |  |
| tsql/script100 | generated | scriptdom | 693310.9 | 134882.8 | 0.19x | 126214.8 | 0.18x | -6.4% | 113600 | 113600 | 14 % |  |
| tsql/columns1000 | generated | scriptdom | 1840875.0 | 195943.8 | 0.11x | 208634.4 | 0.11x | +6.5% | 200464 | 200464 | 5 % |  |
| web/json.array10000 | generated | hand | 178551.2 | 210004.5 | 1.18x | 207876.4 | 1.16x | -1.0% | 720048 | 720048 | 14 % |  |
| web/json.object10000 | generated | hand | 966546.9 | 1196464.1 | 1.24x | 1433299.2 | 1.48x | +19.8% | 1599240 | 1599240 | 114 % |  |
| web/url.path1000 | generated | hand | 9583.7 | 11331.7 | 1.18x | 11607.5 | 1.21x | +2.4% | 8384 | 8384 | 10 % |  |
| web/media-type.params1000 | generated | control | 49744.3 | 45624.5 | 0.92x | 45108.3 | 0.91x | -1.1% | 151472 | 151472 | 24 % |  |
| web/sf.list10000 | generated | control | 1221209.4 | 1206770.3 | 0.99x | 1208843.8 | 0.99x | +0.2% | 2720056 | 2720056 | 25 % |  |
| sql/select20.at | generated | hand | 7102.8 | 18061.9 | 2.54x | 19689.4 | 2.77x | +9.0% | 21416 | 21416 | 25 % |  |
| sql/select20.window | generated | hand | 7016.3 | 18332.0 | 2.61x | 20177.1 | 2.88x | +10.1% | 21416 | 21416 | 5 % |  |
| sql/select20.scan | generated | control | 384.9 | 396.8 | 1.03x | 388.2 | 1.01x | -2.1% | 0 | 0 | 6 % |  |
| tsql/select20.scan | generated | control | 382.5 | 400.1 | 1.05x | 396.2 | 1.04x | -1.0% | 0 | 0 | 8 % |  |
| el/ladder.scan | generated | control | 142.4 | 141.5 | 0.99x | 141.2 | 0.99x | -0.2% | 0 | 0 | 12 % |  |
| fixmsg/Order.parse-stream | generated | control | 1959.0 | 2239.4 | 1.14x | 2257.9 | 1.15x | +0.8% | 8224 | 8224 | 71 % |  |
| fixmsg/Order.parse-reader | generated | control | 1925.8 | 2059.9 | 1.07x | 2128.9 | 1.11x | +3.3% | 12112 | 12112 | 5 % |  |
| fixmsg/Order.parse-span | generated | control | 1944.7 | 1794.0 | 0.92x | 1829.6 | 0.94x | +2.0% | 3672 | 3672 | 4 % |  |
| fixmsg/Order.read-stream100 | generated | control | 201513.1 | 201950.8 | 1.00x | 203603.7 | 1.01x | +0.8% | 389248 | 389248 | 5 % |  |
| fixmsg/Order.read-reader100 | generated | control | 203463.1 | 193762.1 | 0.95x | 195821.7 | 0.96x | +1.1% | 375712 | 375712 | 8 % |  |
| fix/Orders128.log-text | generated | hand | 93149.4 | 73975.3 | 0.79x | 71628.1 | 0.77x | -3.2% | 129112 | 129112 | 6 % |  |
| fix/Orders128.log-bytes | generated | hand | 95039.6 | 98366.9 | 1.04x | 96421.5 | 1.01x | -2.0% | 129168 | 129168 | 20 % |  |
| fix/Orders128.log-stream | generated | hand | 94323.7 | 106113.3 | 1.12x | 107047.4 | 1.13x | +0.9% | 118552 | 118552 | 13 % |  |
| el/ladder.bool | generated | hand | 1054.8 | 1842.4 | 1.75x | 1765.5 | 1.67x | -4.2% | 1776 | 1720 | 31 % |  |
| sql/refused-late.bool | generated | hand | 2655.3 | 12063.6 | 4.54x | 6211.7 | 2.34x | -48.5% | 13552 | 6616 | 13 % |  |
| sql/select20.bool | generated | hand | 6937.6 | 18282.0 | 2.64x | 19936.3 | 2.87x | +9.0% | 21448 | 21392 | 15 % |  |
| sql/refused-cliff-case-1391 | generated | control | 4622440.6 | 4617218.8 | 1.00x | 4635443.8 | 1.00x | +0.4% | 6276488 | 6276488 | 41 % |  |
| sql/refused-cliff-case-1738 | generated | control | 24912925.0 | 26789100.0 | 1.08x | 23641300.0 | 0.95x | -11.8% | 74363441 | 74363513 | 116 % |  |
| sql/refused-cliff-joins-891 | generated | control | 2678312.5 | 2649925.0 | 0.99x | 2698815.6 | 1.01x | +1.8% | 2994142 | 2994123 | 9 % |  |
| sql/refused-cliff-joins-1113 | generated | control | 6359337.5 | 5602525.0 | 0.88x | 5362450.0 | 0.84x | -4.3% | 12948766 | 12948764 | 61 % |  |
| sql/refused-cliff-joins-1738 | generated | control | 10355275.0 | 10927487.5 | 1.06x | 10583525.0 | 1.02x | -3.1% | 21144124 | 21144135 | 43 % |  |
| sql/refused-cliff-joins-2172 | generated | control | 29420450.0 | 30277900.0 | 1.03x | 30962950.0 | 1.05x | +2.3% | 94726498 | 94726942 | 110 % |  |
| sql/refused-cliff-paren-2715 | generated | control | 6847100.0 | 6800843.8 | 0.99x | 6855337.5 | 1.00x | +0.8% | 8778600 | 8778360 | 19 % |  |
| sql/refused-cliff-and-2715 | generated | control | 6866156.2 | 6845281.2 | 1.00x | 6662662.5 | 0.97x | -2.7% | 8775448 | 8775208 | 9 % |  |
| sql/refused-cliff-paren-3393 | generated | control | 27246775.0 | 28941000.0 | 1.06x | 29041950.0 | 1.07x | +0.3% | 94860361 | 94861390 | 63 % |  |
| sql/refused-cliff-and-3393 | generated | control | 26810850.0 | 28105975.0 | 1.05x | 28529125.0 | 1.06x | +1.5% | 94857668 | 94857406 | 76 % |  |
| fix/Orders128.yield-reader | generated | hand | 141363.9 | 94297.5 | 0.67x | 94817.0 | 0.67x | +0.6% | 118520 | 118520 | 7 % |  |
| fix/Orders128.yield-string | generated | hand | 84868.3 | 275452.6 | 3.25x | 270895.7 | 3.19x | -1.7% | 117936 | 117936 | 26 % |  |
| fix/Orders128.yield-memory | generated | hand | 85199.1 | 90577.0 | 1.06x | 90534.5 | 1.06x | 0.0% | 118016 | 118016 | 81 % |  |
| fix/Orders128.whole-stream | generated | hand | 120876.1 | 89120.9 | 0.74x | 87416.9 | 0.72x | -1.9% | 129368 | 129368 | 7 % |  |
| fix/Orders128.whole-reader | generated | hand | 120962.5 | 88956.0 | 0.74x | 87712.1 | 0.73x | -1.4% | 129336 | 129336 | 5 % |  |
| feeds/stock-count.good.text | generated | hand | 41352.0 | 31475.0 | 0.76x | 32912.1 | 0.80x | +4.6% | 111312 | 111312 | 53 % |  |
| feeds/stock-count.good.reader | generated | hand | 48191.3 | 39033.7 | 0.81x | 41835.2 | 0.87x | +7.2% | 111579 | 111579 | 8 % |  |
| feeds/stock-count.good.reader64 | generated | hand | 48394.1 | 43784.9 | 0.90x | 46476.3 | 0.96x | +6.1% | 111536 | 111627 | 18 % |  |
| web/url.plain | generated | hand | 98.1 | 230.1 | 2.35x | 232.5 | 2.37x | +1.0% | 360 | 360 | 12 % |  |
| web/url.full | generated | hand | 171.4 | 297.9 | 1.74x | 310.2 | 1.81x | +4.1% | 536 | 536 | 12 % |  |
| web/url.ipv4 | generated | hand | 117.3 | 239.5 | 2.04x | 241.2 | 2.06x | +0.7% | 384 | 384 | 12 % |  |
| web/url.long-path | generated | hand | 182.6 | 460.0 | 2.52x | 454.8 | 2.49x | -1.1% | 512 | 512 | 25 % |  |
| web/url.refused | generated | hand | 71.5 | 207.0 | 2.89x | 217.0 | 3.03x | +4.8% | 64 | 64 | 85 % |  |
| web/url.relative | generated | hand | 78.5 | 201.9 | 2.57x | 199.6 | 2.54x | -1.1% | 312 | 312 | 6 % |  |
| web/url.relative-dot-colon | generated | hand | 65.3 | 175.4 | 2.69x | 173.3 | 2.66x | -1.2% | 280 | 280 | 4 % |  |
| web/url.relative-letters | generated | hand | 109.8 | 244.7 | 2.23x | 244.6 | 2.23x | 0.0% | 312 | 312 | 9 % |  |
| web/json.object | generated | hand | 616.6 | 1004.3 | 1.63x | 950.4 | 1.54x | -5.4% | 2584 | 2584 | 7 % |  |
| web/json.array | generated | hand | 609.6 | 786.0 | 1.29x | 758.0 | 1.24x | -3.6% | 2400 | 2400 | 10 % |  |
| web/media-type.plain | generated | control | 163.9 | 216.1 | 1.32x | 216.2 | 1.32x | 0.0% | 448 | 448 | 15 % |  |
| web/media-type.quoted | generated | control | 257.8 | 310.8 | 1.21x | 311.6 | 1.21x | +0.2% | 816 | 816 | 8 % |  |
| web/media-type.refused | generated | control | 47.6 | 82.9 | 1.74x | 83.9 | 1.76x | +1.2% | 64 | 64 | 10 % |  |
| web/addr-spec.plain | generated | control | 89.8 | 130.7 | 1.45x | 126.6 | 1.41x | -3.1% | 176 | 176 | 7 % |  |
| web/addr-spec.refused | generated | control | 25.6 | 62.1 | 2.42x | 62.5 | 2.44x | +0.8% | 64 | 64 | 8 % |  |
| web/json-patch.full | generated | control | 1392.3 | 1473.5 | 1.06x | 1487.2 | 1.07x | +0.9% | 4552 | 4552 | 12 % |  |
| web/link.full | generated | control | 1375.2 | 1430.5 | 1.04x | 1449.9 | 1.05x | +1.4% | 2968 | 2968 | 18 % |  |
| web/link.refused | generated | control | 20.7 | 55.4 | 2.68x | 55.5 | 2.69x | +0.2% | 64 | 64 | 15 % |  |
| web/sf.item | generated | control | 278.8 | 328.1 | 1.18x | 320.5 | 1.15x | -2.3% | 800 | 800 | 14 % |  |
| web/sf.list | generated | control | 1212.3 | 1307.4 | 1.08x | 1319.5 | 1.09x | +0.9% | 3064 | 3064 | 5 % |  |
| web/sf.dictionary | generated | control | 1272.4 | 1320.4 | 1.04x | 1323.5 | 1.04x | +0.2% | 3280 | 3280 | 21 % |  |
| el/ladder | generated | hand | 1022.5 | 1784.9 | 1.75x | 1794.7 | 1.76x | +0.6% | 1776 | 1776 | 6 % |  |
| el/ladder | immediate | hand | 1022.5 | 1223.2 | 1.20x | 1197.2 | 1.17x | -2.1% | 1784 | 1784 | 6 % |  |
| el/terms1000 | generated | hand | 112679.0 | 155351.2 | 1.38x | 153132.1 | 1.36x | -1.4% | 169104 | 169131 | 22 % |  |
| el/terms1000 | immediate | hand | 112679.0 | 128085.4 | 1.14x | 130021.9 | 1.15x | +1.5% | 177120 | 177120 | 22 % |  |
| sql/select20 | generated | hand | 6954.5 | 18520.2 | 2.66x | 20324.3 | 2.92x | +9.7% | 21448 | 21448 | 8 % |  |
| sql/refused-late | generated | hand | 2643.8 | 12396.5 | 4.69x | 12788.7 | 4.84x | +3.2% | 13552 | 13552 | 29 % |  |

Written to T:\TEMP\dotgram-stand\wc2\pair\aa-run-4
=== run 5 of 5, 22:13:49
74 rows, every reading agreeing. Timing 8 rounds.
fix/Orders128.text     hand    81221.9 ns before    72111.3 ns after    72659.0 ns  before/hand 0.89x  after/hand 0.89x
fix/Orders128.bytes    hand    80866.4 ns before    82555.9 ns after    83794.1 ns  before/hand 1.02x  after/hand 1.04x
fix/Orders128.stream   hand   121605.3 ns before    94111.7 ns after    91358.8 ns  before/hand 0.77x  after/hand 0.75x
fixmsg/Order.parse     control     1208.2 ns before     1836.8 ns after     1905.6 ns  before/control 1.52x  after/control 1.58x
fixmsg/Order.build     control     1572.7 ns before     2393.9 ns after     2451.6 ns  before/control 1.52x  after/control 1.56x
fix/orders400.text     hand   257887.3 ns before   231089.6 ns after   230649.6 ns  before/hand 0.90x  after/hand 0.89x
tsql/script100.bool    scriptdom   686562.5 ns before   127881.2 ns after   128565.6 ns  before/scriptdom 0.19x  after/scriptdom 0.19x
  tsql/script100.boolboth: 6 round(s) redone after a gen1/gen2 collection
tsql/script100.boolboth scriptdom   697236.7 ns before   132700.8 ns after   127984.4 ns  before/scriptdom 0.19x  after/scriptdom 0.18x
  tsql/script100: 5 round(s) redone after a gen1/gen2 collection
tsql/script100         scriptdom   696897.7 ns before   129239.1 ns after   129275.0 ns  before/scriptdom 0.19x  after/scriptdom 0.19x
  tsql/columns1000: 9 round(s) redone after a gen1/gen2 collection
tsql/columns1000       scriptdom  1815410.9 ns before   213784.4 ns after   194904.7 ns  before/scriptdom 0.12x  after/scriptdom 0.11x
  web/json.array10000: 144 round(s) redone after a gen1/gen2 collection
web/json.array10000    hand   176043.9 ns before   194887.9 ns after   205031.8 ns  before/hand 1.11x  after/hand 1.16x
  web/json.object10000: 138 round(s) redone after a gen1/gen2 collection
web/json.object10000   hand   764749.2 ns before  1027362.5 ns after  1105932.0 ns  before/hand 1.34x  after/hand 1.45x
web/url.path1000       hand     9643.1 ns before    11129.8 ns after    11175.7 ns  before/hand 1.15x  after/hand 1.16x
web/media-type.params1000 control    48064.7 ns before    45250.2 ns after    45401.3 ns  before/control 0.94x  after/control 0.94x
web/sf.list10000       control  1197653.1 ns before  1239928.1 ns after  1238103.1 ns  before/control 1.04x  after/control 1.03x
sql/select20.at        hand     6900.2 ns before    18177.9 ns after    17970.8 ns  before/hand 2.63x  after/hand 2.60x
sql/select20.window    hand     6920.1 ns before    18733.6 ns after    18081.9 ns  before/hand 2.71x  after/hand 2.61x
sql/select20.scan      control      386.9 ns before      387.0 ns after      388.0 ns  before/control 1.00x  after/control 1.00x
tsql/select20.scan     control      386.3 ns before      389.7 ns after      416.7 ns  before/control 1.01x  after/control 1.08x
el/ladder.scan         control      140.0 ns before      138.0 ns after      137.7 ns  before/control 0.99x  after/control 0.98x
fixmsg/Order.parse-stream control     1932.0 ns before     2184.5 ns after     2162.6 ns  before/control 1.13x  after/control 1.12x
fixmsg/Order.parse-reader control     1949.5 ns before     2113.1 ns after     2191.5 ns  before/control 1.08x  after/control 1.12x
fixmsg/Order.parse-span control     1979.4 ns before     1843.9 ns after     1881.2 ns  before/control 0.93x  after/control 0.95x
  fixmsg/Order.read-stream100: 2 round(s) redone after a gen1/gen2 collection
fixmsg/Order.read-stream100 control   208008.0 ns before   204526.6 ns after   204905.9 ns  before/control 0.98x  after/control 0.99x
  fixmsg/Order.read-reader100: 3 round(s) redone after a gen1/gen2 collection
fixmsg/Order.read-reader100 control   203410.9 ns before   193062.3 ns after   198067.0 ns  before/control 0.95x  after/control 0.97x
  fix/Orders128.log-text: 9 round(s) redone after a gen1/gen2 collection
fix/Orders128.log-text hand    92343.4 ns before    72847.3 ns after    72701.3 ns  before/hand 0.79x  after/hand 0.79x
  fix/Orders128.log-bytes: 8 round(s) redone after a gen1/gen2 collection
fix/Orders128.log-bytes hand    91268.6 ns before    95215.6 ns after    96484.1 ns  before/hand 1.04x  after/hand 1.06x
  fix/Orders128.log-stream: 3 round(s) redone after a gen1/gen2 collection
fix/Orders128.log-stream hand    91652.0 ns before   102566.2 ns after   103761.1 ns  before/hand 1.12x  after/hand 1.13x
el/ladder.bool         hand     1032.3 ns before     1754.2 ns after     1764.6 ns  before/hand 1.70x  after/hand 1.71x
sql/refused-late.bool  hand     2651.2 ns before    12439.3 ns after     5952.1 ns  before/hand 4.69x  after/hand 2.25x
  sql/select20.bool: 4 round(s) redone after a gen1/gen2 collection
sql/select20.bool      hand     7151.5 ns before    18941.4 ns after    18633.6 ns  before/hand 2.65x  after/hand 2.61x
  sql/refused-cliff-case-1391: 29 round(s) redone after a gen1/gen2 collection
sql/refused-cliff-case-1391 control  4593668.8 ns before  4707406.2 ns after  4648931.2 ns  before/control 1.02x  after/control 1.01x
  sql/refused-cliff-case-1738: 128 round(s) redone after a gen1/gen2 collection
sql/refused-cliff-case-1738 control 23196275.0 ns before 28807325.0 ns after 30224725.0 ns  before/control 1.24x  after/control 1.30x
sql/refused-cliff-joins-891 control  2639859.4 ns before  2652550.0 ns after  2575493.8 ns  before/control 1.00x  after/control 0.98x
  sql/refused-cliff-joins-1113: 144 round(s) redone after a gen1/gen2 collection
sql/refused-cliff-joins-1113 control  5156668.8 ns before  5223768.8 ns after  5252075.0 ns  before/control 1.01x  after/control 1.02x
  sql/refused-cliff-joins-1738: 144 round(s) redone after a gen1/gen2 collection
sql/refused-cliff-joins-1738 control 10353581.2 ns before 11366937.5 ns after  9885618.8 ns  before/control 1.10x  after/control 0.95x
  sql/refused-cliff-joins-2172: 144 round(s) redone after a gen1/gen2 collection
sql/refused-cliff-joins-2172 control 31253675.0 ns before 31361800.0 ns after 30388750.0 ns  before/control 1.00x  after/control 0.97x
  sql/refused-cliff-paren-2715: 54 round(s) redone after a gen1/gen2 collection
sql/refused-cliff-paren-2715 control  6562768.8 ns before  6786300.0 ns after  6594412.5 ns  before/control 1.03x  after/control 1.00x
  sql/refused-cliff-and-2715: 57 round(s) redone after a gen1/gen2 collection
sql/refused-cliff-and-2715 control  6639118.8 ns before  6707581.2 ns after  6690831.2 ns  before/control 1.01x  after/control 1.01x
  sql/refused-cliff-paren-3393: 140 round(s) redone after a gen1/gen2 collection
sql/refused-cliff-paren-3393 control 30290100.0 ns before 29545850.0 ns after 27724550.0 ns  before/control 0.98x  after/control 0.92x
  sql/refused-cliff-and-3393: 141 round(s) redone after a gen1/gen2 collection
sql/refused-cliff-and-3393 control 27555050.0 ns before 36430000.0 ns after 28787425.0 ns  before/control 1.32x  after/control 1.04x
  fix/Orders128.yield-reader: 13 round(s) redone after a gen1/gen2 collection
fix/Orders128.yield-reader hand   145996.7 ns before    97608.6 ns after    98379.3 ns  before/hand 0.67x  after/hand 0.67x
  fix/Orders128.yield-string: 47 round(s) redone after a gen1/gen2 collection
fix/Orders128.yield-string hand    85568.3 ns before   266975.5 ns after   297668.7 ns  before/hand 3.12x  after/hand 3.48x
  fix/Orders128.yield-memory: 48 round(s) redone after a gen1/gen2 collection
fix/Orders128.yield-memory hand    80929.9 ns before    86459.6 ns after    86726.0 ns  before/hand 1.07x  after/hand 1.07x
  fix/Orders128.whole-stream: 53 round(s) redone after a gen1/gen2 collection
fix/Orders128.whole-stream hand   118795.2 ns before    82836.0 ns after    83852.6 ns  before/hand 0.70x  after/hand 0.71x
  fix/Orders128.whole-reader: 54 round(s) redone after a gen1/gen2 collection
fix/Orders128.whole-reader hand   118713.4 ns before    86621.3 ns after    86317.7 ns  before/hand 0.73x  after/hand 0.73x
  feeds/stock-count.good.text: 144 round(s) redone after a gen1/gen2 collection
feeds/stock-count.good.text hand    37069.6 ns before    29938.0 ns after    29868.5 ns  before/hand 0.81x  after/hand 0.81x
  feeds/stock-count.good.reader: 104 round(s) redone after a gen1/gen2 collection
feeds/stock-count.good.reader hand    45572.5 ns before    38402.1 ns after    38365.8 ns  before/hand 0.84x  after/hand 0.84x
  feeds/stock-count.good.reader64: 144 round(s) redone after a gen1/gen2 collection
feeds/stock-count.good.reader64 hand    46793.8 ns before    42717.5 ns after    42813.1 ns  before/hand 0.91x  after/hand 0.91x
web/url.plain          hand       98.4 ns before      227.0 ns after      229.1 ns  before/hand 2.31x  after/hand 2.33x
web/url.full           hand      172.2 ns before      307.6 ns after      296.5 ns  before/hand 1.79x  after/hand 1.72x
web/url.ipv4           hand      115.9 ns before      238.0 ns after      239.6 ns  before/hand 2.05x  after/hand 2.07x
  web/url.long-path: 1 round(s) redone after a gen1/gen2 collection
web/url.long-path      hand      301.5 ns before      729.6 ns after      796.2 ns  before/hand 2.42x  after/hand 2.64x
web/url.refused        hand       68.3 ns before      199.5 ns after      204.5 ns  before/hand 2.92x  after/hand 2.99x
web/url.relative       hand       82.4 ns before      204.0 ns after      203.9 ns  before/hand 2.48x  after/hand 2.47x
  web/url.relative-dot-colon: 1 round(s) redone after a gen1/gen2 collection
web/url.relative-dot-colon hand       68.4 ns before      179.4 ns after      177.2 ns  before/hand 2.62x  after/hand 2.59x
web/url.relative-letters hand      118.7 ns before      254.5 ns after      251.7 ns  before/hand 2.14x  after/hand 2.12x
  web/json.object: 2 round(s) redone after a gen1/gen2 collection
web/json.object        hand      626.4 ns before     1003.8 ns after     1037.4 ns  before/hand 1.60x  after/hand 1.66x
  web/json.array: 1 round(s) redone after a gen1/gen2 collection
web/json.array         hand      619.2 ns before      779.3 ns after      775.3 ns  before/hand 1.26x  after/hand 1.25x
web/media-type.plain   control      165.3 ns before      206.0 ns after      216.7 ns  before/control 1.25x  after/control 1.31x
web/media-type.quoted  control      284.2 ns before      333.9 ns after      335.5 ns  before/control 1.18x  after/control 1.18x
web/media-type.refused control       48.4 ns before       86.2 ns after       87.9 ns  before/control 1.78x  after/control 1.82x
web/addr-spec.plain    control       89.1 ns before      121.7 ns after      124.8 ns  before/control 1.37x  after/control 1.40x
  web/addr-spec.refused: 1 round(s) redone after a gen1/gen2 collection
web/addr-spec.refused  control       24.9 ns before       60.8 ns after       60.7 ns  before/control 2.44x  after/control 2.43x
web/json-patch.full    control     1393.8 ns before     1447.8 ns after     1434.7 ns  before/control 1.04x  after/control 1.03x
web/link.full          control     1359.1 ns before     1460.3 ns after     1419.3 ns  before/control 1.07x  after/control 1.04x
web/link.refused       control       25.8 ns before       67.2 ns after       66.9 ns  before/control 2.60x  after/control 2.59x
web/sf.item            control      290.9 ns before      365.1 ns after      351.3 ns  before/control 1.26x  after/control 1.21x
web/sf.list            control     1227.8 ns before     1336.9 ns after     1320.5 ns  before/control 1.09x  after/control 1.08x
web/sf.dictionary      control     1254.8 ns before     1288.6 ns after     1331.9 ns  before/control 1.03x  after/control 1.06x
el/ladder              hand     1035.9 ns before     1769.4 ns after     1824.5 ns before-immediate     1230.1 ns after-immediate     1207.1 ns  before/hand 1.71x  after/hand 1.76x  before-immediate/hand 1.19x  after-immediate/hand 1.17x
  el/terms1000: 15 round(s) redone after a gen1/gen2 collection
el/terms1000           hand   121115.8 ns before   159622.9 ns after   169630.7 ns before-immediate   132476.3 ns after-immediate   135126.6 ns  before/hand 1.32x  after/hand 1.40x  before-immediate/hand 1.09x  after-immediate/hand 1.12x
  sql/select20: 1 round(s) redone after a gen1/gen2 collection
sql/select20           hand     7232.0 ns before    19533.3 ns after    18601.3 ns  before/hand 2.70x  after/hand 2.57x
sql/refused-late       hand     2750.8 ns before    12820.4 ns after    12565.9 ns  before/hand 4.66x  after/hand 4.57x

# Paired stand, 2026-09-20 22:21

IGOR-DESKTOP, pinned to 0-15, high priority, control 31.9 ns.

This binary, and the libraries it holds as the control, was built from 0c0b75ff. JIT: DOTNET_TieredCompilation unset, DOTNET_TieredPGO unset, DOTNET_TC_QuickJitForLoops unset, DOTNET_ReadyToRun unset (unset is the runtime's default: tiered compilation on, dynamic PGO on; a row is warmed to a stable reading before it is timed).

Sides: before (commit d28533cb, framework net10.0, no properties, emitted b60541f92d7b864c); after (commit 5ed9682b, framework net10.0, no properties, emitted 3afa74326eaf0055). (The check that the two emitted different code applies to two sides of one commit given different properties; its silence says nothing about two commits.)

**The rows named `.bool` compare two APIs, not two commits: `before` is the Match form of the before side and `after` the bool form of the after side (`StandBool.cs`), so their difference is the price of the Match form against the bool form. It is there in an A/A of one build and in a pair of commits that have nothing to do with it, and it is not an effect of the commit under test.**

The base of a row is what every ratio is over, and its name says what it is: `hand` is a hand-written parser (`DotGram.Handwritten`), `scriptdom` is Microsoft's parser, and `control` is this process's own build of the same generated parser, held constant so that the two sides are compared and nothing is claimed against a hand-written one.

The last two columns are what a reader a month later cannot get from a message: **the base's spread between the runs** (how much the machine's speed varied from one run to the next; a row with a large one had a disturbed run, and its medians are read with the range beside them) and the **change of each run** (the smallest and the largest, and how many of the runs were positive).

| row | reading | base | base ns | before ns | before/base | after ns | after/base | change | before B | after B | base spread | change over the runs |
| --- | --- | --- | ---: | ---: | ---: | ---: | ---: | ---: | ---: | ---: | ---: | --- |
| fix/Orders128.text | generated | hand | 81221.9 | 72111.3 | 0.89x | 72659.0 | 0.89x | +0.8% | 129112 | 129112 | 32 % |  |
| fix/Orders128.bytes | generated | hand | 80866.4 | 82555.9 | 1.02x | 83794.1 | 1.04x | +1.5% | 129168 | 129168 | 30 % |  |
| fix/Orders128.stream | generated | hand | 121605.3 | 94111.7 | 0.77x | 91358.8 | 0.75x | -2.9% | 118552 | 118552 | 14 % |  |
| fixmsg/Order.parse | generated | control | 1208.2 | 1836.8 | 1.52x | 1905.6 | 1.58x | +3.7% | 3400 | 3400 | 8 % |  |
| fixmsg/Order.build | generated | control | 1572.7 | 2393.9 | 1.52x | 2451.6 | 1.56x | +2.4% | 3592 | 3592 | 27 % |  |
| fix/orders400.text | generated | hand | 257887.3 | 231089.6 | 0.90x | 230649.6 | 0.89x | -0.2% | 403288 | 403288 | 22 % |  |
| tsql/script100.bool | generated | scriptdom | 686562.5 | 127881.2 | 0.19x | 128565.6 | 0.19x | +0.5% | 113600 | 105600 | 7 % |  |
| tsql/script100.boolboth | generated | scriptdom | 697236.7 | 132700.8 | 0.19x | 127984.4 | 0.18x | -3.6% | 105600 | 105600 | 11 % |  |
| tsql/script100 | generated | scriptdom | 696897.7 | 129239.1 | 0.19x | 129275.0 | 0.19x | 0.0% | 113600 | 113600 | 12 % |  |
| tsql/columns1000 | generated | scriptdom | 1815410.9 | 213784.4 | 0.12x | 194904.7 | 0.11x | -8.8% | 200464 | 200464 | 4 % |  |
| web/json.array10000 | generated | hand | 176043.9 | 194887.9 | 1.11x | 205031.8 | 1.16x | +5.2% | 720048 | 720048 | 7 % |  |
| web/json.object10000 | generated | hand | 764749.2 | 1027362.5 | 1.34x | 1105932.0 | 1.45x | +7.6% | 1599240 | 1599240 | 106 % |  |
| web/url.path1000 | generated | hand | 9643.1 | 11129.8 | 1.15x | 11175.7 | 1.16x | +0.4% | 8384 | 8384 | 20 % |  |
| web/media-type.params1000 | generated | control | 48064.7 | 45250.2 | 0.94x | 45401.3 | 0.94x | +0.3% | 151472 | 151472 | 7 % |  |
| web/sf.list10000 | generated | control | 1197653.1 | 1239928.1 | 1.04x | 1238103.1 | 1.03x | -0.1% | 2720056 | 2720056 | 13 % |  |
| sql/select20.at | generated | hand | 6900.2 | 18177.9 | 2.63x | 17970.8 | 2.60x | -1.1% | 21416 | 21416 | 9 % |  |
| sql/select20.window | generated | hand | 6920.1 | 18733.6 | 2.71x | 18081.9 | 2.61x | -3.5% | 21416 | 21416 | 2 % |  |
| sql/select20.scan | generated | control | 386.9 | 387.0 | 1.00x | 388.0 | 1.00x | +0.2% | 0 | 0 | 16 % |  |
| tsql/select20.scan | generated | control | 386.3 | 389.7 | 1.01x | 416.7 | 1.08x | +6.9% | 0 | 0 | 3 % |  |
| el/ladder.scan | generated | control | 140.0 | 138.0 | 0.99x | 137.7 | 0.98x | -0.2% | 0 | 0 | 16 % |  |
| fixmsg/Order.parse-stream | generated | control | 1932.0 | 2184.5 | 1.13x | 2162.6 | 1.12x | -1.0% | 8224 | 8224 | 4 % |  |
| fixmsg/Order.parse-reader | generated | control | 1949.5 | 2113.1 | 1.08x | 2191.5 | 1.12x | +3.7% | 12112 | 12112 | 7 % |  |
| fixmsg/Order.parse-span | generated | control | 1979.4 | 1843.9 | 0.93x | 1881.2 | 0.95x | +2.0% | 3672 | 3672 | 18 % |  |
| fixmsg/Order.read-stream100 | generated | control | 208008.0 | 204526.6 | 0.98x | 204905.9 | 0.99x | +0.2% | 389248 | 389248 | 5 % |  |
| fixmsg/Order.read-reader100 | generated | control | 203410.9 | 193062.3 | 0.95x | 198067.0 | 0.97x | +2.6% | 375712 | 375712 | 5 % |  |
| fix/Orders128.log-text | generated | hand | 92343.4 | 72847.3 | 0.79x | 72701.3 | 0.79x | -0.2% | 129112 | 129112 | 12 % |  |
| fix/Orders128.log-bytes | generated | hand | 91268.6 | 95215.6 | 1.04x | 96484.1 | 1.06x | +1.3% | 129168 | 129168 | 7 % |  |
| fix/Orders128.log-stream | generated | hand | 91652.0 | 102566.2 | 1.12x | 103761.1 | 1.13x | +1.2% | 118552 | 118552 | 12 % |  |
| el/ladder.bool | generated | hand | 1032.3 | 1754.2 | 1.70x | 1764.6 | 1.71x | +0.6% | 1776 | 1720 | 17 % |  |
| sql/refused-late.bool | generated | hand | 2651.2 | 12439.3 | 4.69x | 5952.1 | 2.25x | -52.2% | 13552 | 6616 | 8 % |  |
| sql/select20.bool | generated | hand | 7151.5 | 18941.4 | 2.65x | 18633.6 | 2.61x | -1.6% | 21448 | 21392 | 9 % |  |
| sql/refused-cliff-case-1391 | generated | control | 4593668.8 | 4707406.2 | 1.02x | 4648931.2 | 1.01x | -1.2% | 6276641 | 6276598 | 13 % |  |
| sql/refused-cliff-case-1738 | generated | control | 23196275.0 | 28807325.0 | 1.24x | 30224725.0 | 1.30x | +4.9% | 74363446 | 74363549 | 95 % |  |
| sql/refused-cliff-joins-891 | generated | control | 2639859.4 | 2652550.0 | 1.00x | 2575493.8 | 0.98x | -2.9% | 2994056 | 2994056 | 16 % |  |
| sql/refused-cliff-joins-1113 | generated | control | 5156668.8 | 5223768.8 | 1.01x | 5252075.0 | 1.02x | +0.5% | 12948797 | 12948780 | 74 % |  |
| sql/refused-cliff-joins-1738 | generated | control | 10353581.2 | 11366937.5 | 1.10x | 9885618.8 | 0.95x | -13.0% | 21144192 | 21144096 | 61 % |  |
| sql/refused-cliff-joins-2172 | generated | control | 31253675.0 | 31361800.0 | 1.00x | 30388750.0 | 0.97x | -3.1% | 94726174 | 94726922 | 63 % |  |
| sql/refused-cliff-paren-2715 | generated | control | 6562768.8 | 6786300.0 | 1.03x | 6594412.5 | 1.00x | -2.8% | 8778619 | 8778600 | 5 % |  |
| sql/refused-cliff-and-2715 | generated | control | 6639118.8 | 6707581.2 | 1.01x | 6690831.2 | 1.01x | -0.2% | 8775448 | 8775448 | 7 % |  |
| sql/refused-cliff-paren-3393 | generated | control | 30290100.0 | 29545850.0 | 0.98x | 27724550.0 | 0.92x | -6.2% | 94859967 | 94862077 | 141 % |  |
| sql/refused-cliff-and-3393 | generated | control | 27555050.0 | 36430000.0 | 1.32x | 28787425.0 | 1.04x | -21.0% | 94856951 | 94857253 | 84 % |  |
| fix/Orders128.yield-reader | generated | hand | 145996.7 | 97608.6 | 0.67x | 98379.3 | 0.67x | +0.8% | 118520 | 118520 | 10 % |  |
| fix/Orders128.yield-string | generated | hand | 85568.3 | 266975.5 | 3.12x | 297668.7 | 3.48x | +11.5% | 117936 | 117936 | 100 % |  |
| fix/Orders128.yield-memory | generated | hand | 80929.9 | 86459.6 | 1.07x | 86726.0 | 1.07x | +0.3% | 118016 | 118016 | 9 % |  |
| fix/Orders128.whole-stream | generated | hand | 118795.2 | 82836.0 | 0.70x | 83852.6 | 0.71x | +1.2% | 129368 | 129368 | 4 % |  |
| fix/Orders128.whole-reader | generated | hand | 118713.4 | 86621.3 | 0.73x | 86317.7 | 0.73x | -0.4% | 129336 | 129336 | 4 % |  |
| feeds/stock-count.good.text | generated | hand | 37069.6 | 29938.0 | 0.81x | 29868.5 | 0.81x | -0.2% | 111464 | 111403 | 75 % |  |
| feeds/stock-count.good.reader | generated | hand | 45572.5 | 38402.1 | 0.84x | 38365.8 | 0.84x | -0.1% | 111640 | 111579 | 81 % |  |
| feeds/stock-count.good.reader64 | generated | hand | 46793.8 | 42717.5 | 0.91x | 42813.1 | 0.91x | +0.2% | 111536 | 111627 | 11 % |  |
| web/url.plain | generated | hand | 98.4 | 227.0 | 2.31x | 229.1 | 2.33x | +0.9% | 360 | 360 | 7 % |  |
| web/url.full | generated | hand | 172.2 | 307.6 | 1.79x | 296.5 | 1.72x | -3.6% | 536 | 536 | 5 % |  |
| web/url.ipv4 | generated | hand | 115.9 | 238.0 | 2.05x | 239.6 | 2.07x | +0.7% | 384 | 384 | 6 % |  |
| web/url.long-path | generated | hand | 301.5 | 729.6 | 2.42x | 796.2 | 2.64x | +9.1% | 512 | 512 | 55 % |  |
| web/url.refused | generated | hand | 68.3 | 199.5 | 2.92x | 204.5 | 2.99x | +2.5% | 64 | 64 | 6 % |  |
| web/url.relative | generated | hand | 82.4 | 204.0 | 2.48x | 203.9 | 2.47x | 0.0% | 312 | 312 | 14 % |  |
| web/url.relative-dot-colon | generated | hand | 68.4 | 179.4 | 2.62x | 177.2 | 2.59x | -1.2% | 280 | 280 | 11 % |  |
| web/url.relative-letters | generated | hand | 118.7 | 254.5 | 2.14x | 251.7 | 2.12x | -1.1% | 312 | 312 | 10 % |  |
| web/json.object | generated | hand | 626.4 | 1003.8 | 1.60x | 1037.4 | 1.66x | +3.4% | 2584 | 2584 | 31 % |  |
| web/json.array | generated | hand | 619.2 | 779.3 | 1.26x | 775.3 | 1.25x | -0.5% | 2400 | 2400 | 11 % |  |
| web/media-type.plain | generated | control | 165.3 | 206.0 | 1.25x | 216.7 | 1.31x | +5.2% | 448 | 448 | 11 % |  |
| web/media-type.quoted | generated | control | 284.2 | 333.9 | 1.18x | 335.5 | 1.18x | +0.5% | 816 | 816 | 57 % |  |
| web/media-type.refused | generated | control | 48.4 | 86.2 | 1.78x | 87.9 | 1.82x | +1.9% | 64 | 64 | 41 % |  |
| web/addr-spec.plain | generated | control | 89.1 | 121.7 | 1.37x | 124.8 | 1.40x | +2.5% | 176 | 176 | 17 % |  |
| web/addr-spec.refused | generated | control | 24.9 | 60.8 | 2.44x | 60.7 | 2.43x | -0.2% | 64 | 64 | 5 % |  |
| web/json-patch.full | generated | control | 1393.8 | 1447.8 | 1.04x | 1434.7 | 1.03x | -0.9% | 4552 | 4552 | 6 % |  |
| web/link.full | generated | control | 1359.1 | 1460.3 | 1.07x | 1419.3 | 1.04x | -2.8% | 2968 | 2968 | 12 % |  |
| web/link.refused | generated | control | 25.8 | 67.2 | 2.60x | 66.9 | 2.59x | -0.5% | 64 | 64 | 53 % |  |
| web/sf.item | generated | control | 290.9 | 365.1 | 1.26x | 351.3 | 1.21x | -3.8% | 800 | 800 | 25 % |  |
| web/sf.list | generated | control | 1227.8 | 1336.9 | 1.09x | 1320.5 | 1.08x | -1.2% | 3064 | 3064 | 17 % |  |
| web/sf.dictionary | generated | control | 1254.8 | 1288.6 | 1.03x | 1331.9 | 1.06x | +3.4% | 3280 | 3280 | 7 % |  |
| el/ladder | generated | hand | 1035.9 | 1769.4 | 1.71x | 1824.5 | 1.76x | +3.1% | 1776 | 1776 | 4 % |  |
| el/ladder | immediate | hand | 1035.9 | 1230.1 | 1.19x | 1207.1 | 1.17x | -1.9% | 1784 | 1784 | 4 % |  |
| el/terms1000 | generated | hand | 121115.8 | 159622.9 | 1.32x | 169630.7 | 1.40x | +6.3% | 169104 | 169104 | 10 % |  |
| el/terms1000 | immediate | hand | 121115.8 | 132476.3 | 1.09x | 135126.6 | 1.12x | +2.0% | 177120 | 177123 | 10 % |  |
| sql/select20 | generated | hand | 7232.0 | 19533.3 | 2.70x | 18601.3 | 2.57x | -4.8% | 21448 | 21448 | 14 % |  |
| sql/refused-late | generated | hand | 2750.8 | 12820.4 | 4.66x | 12565.9 | 4.57x | -2.0% | 13552 | 13552 | 10 % |  |

Written to T:\TEMP\dotgram-stand\wc2\pair\run-5
74 rows, every reading agreeing. Timing 8 rounds.
fix/Orders128.text     hand    84689.5 ns before    68566.0 ns after    78284.4 ns  before/hand 0.81x  after/hand 0.92x
fix/Orders128.bytes    hand    85393.0 ns before    83019.5 ns after    86593.0 ns  before/hand 0.97x  after/hand 1.01x
fix/Orders128.stream   hand   119458.0 ns before    93553.4 ns after    94921.2 ns  before/hand 0.78x  after/hand 0.79x
fixmsg/Order.parse     control     1254.0 ns before     1848.2 ns after     1909.1 ns  before/control 1.47x  after/control 1.52x
fixmsg/Order.build     control     1632.1 ns before     2392.9 ns after     2420.9 ns  before/control 1.47x  after/control 1.48x
  fix/orders400.text: 8 round(s) redone after a gen1/gen2 collection
fix/orders400.text     hand   280046.1 ns before   229494.5 ns after   256660.2 ns  before/hand 0.82x  after/hand 0.92x
  tsql/script100.bool: 1 round(s) redone after a gen1/gen2 collection
tsql/script100.bool    scriptdom   682215.6 ns before   127587.5 ns after   129175.0 ns  before/scriptdom 0.19x  after/scriptdom 0.19x
  tsql/script100.boolboth: 4 round(s) redone after a gen1/gen2 collection
tsql/script100.boolboth scriptdom   679335.2 ns before   131251.6 ns after   124027.3 ns  before/scriptdom 0.19x  after/scriptdom 0.18x
  tsql/script100: 4 round(s) redone after a gen1/gen2 collection
tsql/script100         scriptdom   690553.9 ns before   132602.3 ns after   129430.5 ns  before/scriptdom 0.19x  after/scriptdom 0.19x
  tsql/columns1000: 9 round(s) redone after a gen1/gen2 collection
tsql/columns1000       scriptdom  1782823.4 ns before   196948.4 ns after   194337.5 ns  before/scriptdom 0.11x  after/scriptdom 0.11x
  web/json.array10000: 144 round(s) redone after a gen1/gen2 collection
web/json.array10000    hand   174352.1 ns before   196680.3 ns after   197878.1 ns  before/hand 1.13x  after/hand 1.13x
  web/json.object10000: 143 round(s) redone after a gen1/gen2 collection
web/json.object10000   hand   670290.6 ns before  1355201.6 ns after  1344423.4 ns  before/hand 2.02x  after/hand 2.01x
web/url.path1000       hand     9455.3 ns before    11177.9 ns after    11498.8 ns  before/hand 1.18x  after/hand 1.22x
web/media-type.params1000 control    48300.1 ns before    45674.7 ns after    46588.4 ns  before/control 0.95x  after/control 0.96x
  web/sf.list10000: 1 round(s) redone after a gen1/gen2 collection
web/sf.list10000       control  1225864.1 ns before  1273543.8 ns after  1254700.0 ns  before/control 1.04x  after/control 1.02x
sql/select20.at        hand     7251.0 ns before    18260.0 ns after    19631.5 ns  before/hand 2.52x  after/hand 2.71x
  sql/select20.window: 1 round(s) redone after a gen1/gen2 collection
sql/select20.window    hand     6948.7 ns before    18373.0 ns after    18890.3 ns  before/hand 2.64x  after/hand 2.72x
sql/select20.scan      control      383.9 ns before      386.3 ns after      387.3 ns  before/control 1.01x  after/control 1.01x
tsql/select20.scan     control      386.3 ns before      396.6 ns after      387.4 ns  before/control 1.03x  after/control 1.00x
el/ladder.scan         control      144.4 ns before      144.2 ns after      148.2 ns  before/control 1.00x  after/control 1.03x
fixmsg/Order.parse-stream control     2040.6 ns before     2358.8 ns after     2345.7 ns  before/control 1.16x  after/control 1.15x
fixmsg/Order.parse-reader control     1992.0 ns before     2098.8 ns after     2124.3 ns  before/control 1.05x  after/control 1.07x
fixmsg/Order.parse-span control     2018.7 ns before     1859.2 ns after     1883.1 ns  before/control 0.92x  after/control 0.93x
fixmsg/Order.read-stream100 control   207845.9 ns before   207823.4 ns after   203224.4 ns  before/control 1.00x  after/control 0.98x
  fixmsg/Order.read-reader100: 3 round(s) redone after a gen1/gen2 collection
fixmsg/Order.read-reader100 control   205537.3 ns before   190760.7 ns after   194921.5 ns  before/control 0.93x  after/control 0.95x
  fix/Orders128.log-text: 10 round(s) redone after a gen1/gen2 collection
fix/Orders128.log-text hand    94138.1 ns before    70561.8 ns after    76601.3 ns  before/hand 0.75x  after/hand 0.81x
  fix/Orders128.log-bytes: 10 round(s) redone after a gen1/gen2 collection
fix/Orders128.log-bytes hand    94920.5 ns before    94543.8 ns after    95954.4 ns  before/hand 1.00x  after/hand 1.01x
  fix/Orders128.log-stream: 1 round(s) redone after a gen1/gen2 collection
fix/Orders128.log-stream hand    96544.5 ns before   103068.0 ns after   102871.6 ns  before/hand 1.07x  after/hand 1.07x
el/ladder.bool         hand     1002.2 ns before     1742.5 ns after     1710.7 ns  before/hand 1.74x  after/hand 1.71x
sql/refused-late.bool  hand     2649.4 ns before    12221.1 ns after     6061.5 ns  before/hand 4.61x  after/hand 2.29x
  sql/select20.bool: 3 round(s) redone after a gen1/gen2 collection
sql/select20.bool      hand     7289.0 ns before    18783.5 ns after    19503.1 ns  before/hand 2.58x  after/hand 2.68x
sql/refused-cliff-case-1391 control  4628975.0 ns before  4596568.8 ns after  4668000.0 ns  before/control 0.99x  after/control 1.01x
  sql/refused-cliff-case-1738: 136 round(s) redone after a gen1/gen2 collection
sql/refused-cliff-case-1738 control 26390750.0 ns before 31121150.0 ns after 28234325.0 ns  before/control 1.18x  after/control 1.07x
sql/refused-cliff-joins-891 control  2708112.5 ns before  2644906.2 ns after  2706818.8 ns  before/control 0.98x  after/control 1.00x
  sql/refused-cliff-joins-1113: 144 round(s) redone after a gen1/gen2 collection
sql/refused-cliff-joins-1113 control  6558956.2 ns before  6835825.0 ns after  6893525.0 ns  before/control 1.04x  after/control 1.05x
  sql/refused-cliff-joins-1738: 144 round(s) redone after a gen1/gen2 collection
sql/refused-cliff-joins-1738 control 10394406.2 ns before 10331887.5 ns after 10614700.0 ns  before/control 0.99x  after/control 1.02x
  sql/refused-cliff-joins-2172: 144 round(s) redone after a gen1/gen2 collection
sql/refused-cliff-joins-2172 control 30794300.0 ns before 30737500.0 ns after 31144400.0 ns  before/control 1.00x  after/control 1.01x
  sql/refused-cliff-paren-2715: 15 round(s) redone after a gen1/gen2 collection
sql/refused-cliff-paren-2715 control  6656975.0 ns before  6492887.5 ns after  6577862.5 ns  before/control 0.98x  after/control 0.99x
  sql/refused-cliff-and-2715: 56 round(s) redone after a gen1/gen2 collection
sql/refused-cliff-and-2715 control  6509362.5 ns before  6550356.2 ns after  6445243.8 ns  before/control 1.01x  after/control 0.99x
  sql/refused-cliff-paren-3393: 142 round(s) redone after a gen1/gen2 collection
sql/refused-cliff-paren-3393 control 27181375.0 ns before 27455350.0 ns after 27781100.0 ns  before/control 1.01x  after/control 1.02x
  sql/refused-cliff-and-3393: 105 round(s) redone after a gen1/gen2 collection
sql/refused-cliff-and-3393 control 23771750.0 ns before 25472900.0 ns after 24997800.0 ns  before/control 1.07x  after/control 1.05x
fix/Orders128.yield-reader hand   140754.5 ns before    91567.8 ns after    96510.4 ns  before/hand 0.65x  after/hand 0.69x
fix/Orders128.yield-string hand    84239.5 ns before   273045.5 ns after   285186.5 ns  before/hand 3.24x  after/hand 3.39x
fix/Orders128.yield-memory hand    83054.8 ns before    86240.3 ns after    85844.6 ns  before/hand 1.04x  after/hand 1.03x
fix/Orders128.whole-stream hand   117058.4 ns before    83124.5 ns after    84597.2 ns  before/hand 0.71x  after/hand 0.72x
fix/Orders128.whole-reader hand   117730.2 ns before    83676.6 ns after    90894.1 ns  before/hand 0.71x  after/hand 0.77x
  feeds/stock-count.good.text: 20 round(s) redone after a gen1/gen2 collection
feeds/stock-count.good.text hand    41625.5 ns before    30060.3 ns after    29744.7 ns  before/hand 0.72x  after/hand 0.71x
  feeds/stock-count.good.reader: 50 round(s) redone after a gen1/gen2 collection
feeds/stock-count.good.reader hand    47783.0 ns before    37305.1 ns after    37230.8 ns  before/hand 0.78x  after/hand 0.78x
  feeds/stock-count.good.reader64: 43 round(s) redone after a gen1/gen2 collection
feeds/stock-count.good.reader64 hand    50240.7 ns before    41397.0 ns after    41334.5 ns  before/hand 0.82x  after/hand 0.82x
web/url.plain          hand       98.0 ns before      223.1 ns after      225.9 ns  before/hand 2.28x  after/hand 2.30x
web/url.full           hand      168.3 ns before      307.6 ns after      290.8 ns  before/hand 1.83x  after/hand 1.73x
  web/url.ipv4: 1 round(s) redone after a gen1/gen2 collection
web/url.ipv4           hand      112.6 ns before      231.6 ns after      234.0 ns  before/hand 2.06x  after/hand 2.08x
web/url.long-path      hand      180.0 ns before      421.6 ns after      425.4 ns  before/hand 2.34x  after/hand 2.36x
  web/url.refused: 1 round(s) redone after a gen1/gen2 collection
web/url.refused        hand       69.7 ns before      199.8 ns after      198.4 ns  before/hand 2.87x  after/hand 2.85x
  web/url.relative: 1 round(s) redone after a gen1/gen2 collection
web/url.relative       hand       77.4 ns before      200.8 ns after      205.4 ns  before/hand 2.60x  after/hand 2.65x
web/url.relative-dot-colon hand       64.2 ns before      172.5 ns after      178.9 ns  before/hand 2.69x  after/hand 2.79x
  web/url.relative-letters: 1 round(s) redone after a gen1/gen2 collection
web/url.relative-letters hand      107.4 ns before      234.2 ns after      245.5 ns  before/hand 2.18x  after/hand 2.29x
  web/json.object: 1 round(s) redone after a gen1/gen2 collection
web/json.object        hand      588.6 ns before      950.0 ns after      932.8 ns  before/hand 1.61x  after/hand 1.58x
  web/json.array: 1 round(s) redone after a gen1/gen2 collection
web/json.array         hand      633.2 ns before      752.8 ns after      773.8 ns  before/hand 1.19x  after/hand 1.22x
web/media-type.plain   control      166.1 ns before      211.5 ns after      199.0 ns  before/control 1.27x  after/control 1.20x
web/media-type.quoted  control      255.0 ns before      301.6 ns after      302.3 ns  before/control 1.18x  after/control 1.19x
  web/media-type.refused: 1 round(s) redone after a gen1/gen2 collection
web/media-type.refused control       46.0 ns before       82.2 ns after       81.8 ns  before/control 1.79x  after/control 1.78x
  web/addr-spec.plain: 1 round(s) redone after a gen1/gen2 collection
web/addr-spec.plain    control       88.6 ns before      126.2 ns after      125.2 ns  before/control 1.42x  after/control 1.41x
web/addr-spec.refused  control       25.9 ns before       62.7 ns after       71.3 ns  before/control 2.42x  after/control 2.75x
  web/json-patch.full: 1 round(s) redone after a gen1/gen2 collection
web/json-patch.full    control     1452.6 ns before     1523.1 ns after     1509.9 ns  before/control 1.05x  after/control 1.04x
web/link.full          control     1316.6 ns before     1396.8 ns after     1415.6 ns  before/control 1.06x  after/control 1.08x
web/link.refused       control       20.8 ns before       54.5 ns after       54.9 ns  before/control 2.62x  after/control 2.64x
web/sf.item            control      294.1 ns before      366.4 ns after      349.2 ns  before/control 1.25x  after/control 1.19x
web/sf.list            control     1264.5 ns before     1308.1 ns after     1335.0 ns  before/control 1.03x  after/control 1.06x
web/sf.dictionary      control     1326.3 ns before     1474.5 ns after     1394.2 ns  before/control 1.11x  after/control 1.05x
  el/ladder: 1 round(s) redone after a gen1/gen2 collection
el/ladder              hand     1021.4 ns before     1777.9 ns after     1777.4 ns before-immediate     1226.9 ns after-immediate     1246.4 ns  before/hand 1.74x  after/hand 1.74x  before-immediate/hand 1.20x  after-immediate/hand 1.22x
  el/terms1000: 12 round(s) redone after a gen1/gen2 collection
el/terms1000           hand   114148.0 ns before   157231.4 ns after   154959.5 ns before-immediate   132229.3 ns after-immediate   130034.7 ns  before/hand 1.38x  after/hand 1.36x  before-immediate/hand 1.16x  after-immediate/hand 1.14x
sql/select20           hand     6926.1 ns before    18437.5 ns after    19059.3 ns  before/hand 2.66x  after/hand 2.75x
  sql/refused-late: 1 round(s) redone after a gen1/gen2 collection
sql/refused-late       hand     2640.0 ns before    12272.5 ns after    12532.8 ns  before/hand 4.65x  after/hand 4.75x

# Paired stand, 2026-09-20 22:28

IGOR-DESKTOP, pinned to 0-15, high priority, control 31.9 ns.

This binary, and the libraries it holds as the control, was built from 0c0b75ff. JIT: DOTNET_TieredCompilation unset, DOTNET_TieredPGO unset, DOTNET_TC_QuickJitForLoops unset, DOTNET_ReadyToRun unset (unset is the runtime's default: tiered compilation on, dynamic PGO on; a row is warmed to a stable reading before it is timed).

Sides: before (commit d28533cb, framework net10.0, no properties, emitted b60541f92d7b864c); after (commit d28533cb, framework net10.0, no properties, emitted b60541f92d7b864c). (The check that the two emitted different code applies to two sides of one commit given different properties; its silence says nothing about two commits.)

**The rows named `.bool` compare two APIs, not two commits: `before` is the Match form of the before side and `after` the bool form of the after side (`StandBool.cs`), so their difference is the price of the Match form against the bool form. It is there in an A/A of one build and in a pair of commits that have nothing to do with it, and it is not an effect of the commit under test.**

The base of a row is what every ratio is over, and its name says what it is: `hand` is a hand-written parser (`DotGram.Handwritten`), `scriptdom` is Microsoft's parser, and `control` is this process's own build of the same generated parser, held constant so that the two sides are compared and nothing is claimed against a hand-written one.

The last two columns are what a reader a month later cannot get from a message: **the base's spread between the runs** (how much the machine's speed varied from one run to the next; a row with a large one had a disturbed run, and its medians are read with the range beside them) and the **change of each run** (the smallest and the largest, and how many of the runs were positive).

| row | reading | base | base ns | before ns | before/base | after ns | after/base | change | before B | after B | base spread | change over the runs |
| --- | --- | --- | ---: | ---: | ---: | ---: | ---: | ---: | ---: | ---: | ---: | --- |
| fix/Orders128.text | generated | hand | 84689.5 | 68566.0 | 0.81x | 78284.4 | 0.92x | +14.2% | 129112 | 129112 | 47 % |  |
| fix/Orders128.bytes | generated | hand | 85393.0 | 83019.5 | 0.97x | 86593.0 | 1.01x | +4.3% | 129168 | 129168 | 9 % |  |
| fix/Orders128.stream | generated | hand | 119458.0 | 93553.4 | 0.78x | 94921.2 | 0.79x | +1.5% | 118552 | 118552 | 17 % |  |
| fixmsg/Order.parse | generated | control | 1254.0 | 1848.2 | 1.47x | 1909.1 | 1.52x | +3.3% | 3400 | 3400 | 8 % |  |
| fixmsg/Order.build | generated | control | 1632.1 | 2392.9 | 1.47x | 2420.9 | 1.48x | +1.2% | 3592 | 3592 | 22 % |  |
| fix/orders400.text | generated | hand | 280046.1 | 229494.5 | 0.82x | 256660.2 | 0.92x | +11.8% | 403288 | 403288 | 43 % |  |
| tsql/script100.bool | generated | scriptdom | 682215.6 | 127587.5 | 0.19x | 129175.0 | 0.19x | +1.2% | 113600 | 105600 | 29 % |  |
| tsql/script100.boolboth | generated | scriptdom | 679335.2 | 131251.6 | 0.19x | 124027.3 | 0.18x | -5.5% | 105600 | 105600 | 15 % |  |
| tsql/script100 | generated | scriptdom | 690553.9 | 132602.3 | 0.19x | 129430.5 | 0.19x | -2.4% | 113600 | 113600 | 14 % |  |
| tsql/columns1000 | generated | scriptdom | 1782823.4 | 196948.4 | 0.11x | 194337.5 | 0.11x | -1.3% | 200464 | 200464 | 5 % |  |
| web/json.array10000 | generated | hand | 174352.1 | 196680.3 | 1.13x | 197878.1 | 1.13x | +0.6% | 720048 | 720048 | 3 % |  |
| web/json.object10000 | generated | hand | 670290.6 | 1355201.6 | 2.02x | 1344423.4 | 2.01x | -0.8% | 1599240 | 1599241 | 99 % |  |
| web/url.path1000 | generated | hand | 9455.3 | 11177.9 | 1.18x | 11498.8 | 1.22x | +2.9% | 8384 | 8384 | 8 % |  |
| web/media-type.params1000 | generated | control | 48300.1 | 45674.7 | 0.95x | 46588.4 | 0.96x | +2.0% | 151472 | 151472 | 29 % |  |
| web/sf.list10000 | generated | control | 1225864.1 | 1273543.8 | 1.04x | 1254700.0 | 1.02x | -1.5% | 2720056 | 2720056 | 25 % |  |
| sql/select20.at | generated | hand | 7251.0 | 18260.0 | 2.52x | 19631.5 | 2.71x | +7.5% | 21416 | 21440 | 27 % |  |
| sql/select20.window | generated | hand | 6948.7 | 18373.0 | 2.64x | 18890.3 | 2.72x | +2.8% | 21416 | 21416 | 11 % |  |
| sql/select20.scan | generated | control | 383.9 | 386.3 | 1.01x | 387.3 | 1.01x | +0.3% | 0 | 0 | 14 % |  |
| tsql/select20.scan | generated | control | 386.3 | 396.6 | 1.03x | 387.4 | 1.00x | -2.3% | 0 | 0 | 18 % |  |
| el/ladder.scan | generated | control | 144.4 | 144.2 | 1.00x | 148.2 | 1.03x | +2.8% | 0 | 0 | 9 % |  |
| fixmsg/Order.parse-stream | generated | control | 2040.6 | 2358.8 | 1.16x | 2345.7 | 1.15x | -0.6% | 8224 | 8224 | 12 % |  |
| fixmsg/Order.parse-reader | generated | control | 1992.0 | 2098.8 | 1.05x | 2124.3 | 1.07x | +1.2% | 12112 | 12112 | 10 % |  |
| fixmsg/Order.parse-span | generated | control | 2018.7 | 1859.2 | 0.92x | 1883.1 | 0.93x | +1.3% | 3672 | 3672 | 6 % |  |
| fixmsg/Order.read-stream100 | generated | control | 207845.9 | 207823.4 | 1.00x | 203224.4 | 0.98x | -2.2% | 389248 | 389248 | 12 % |  |
| fixmsg/Order.read-reader100 | generated | control | 205537.3 | 190760.7 | 0.93x | 194921.5 | 0.95x | +2.2% | 375712 | 375712 | 10 % |  |
| fix/Orders128.log-text | generated | hand | 94138.1 | 70561.8 | 0.75x | 76601.3 | 0.81x | +8.6% | 129112 | 129112 | 11 % |  |
| fix/Orders128.log-bytes | generated | hand | 94920.5 | 94543.8 | 1.00x | 95954.4 | 1.01x | +1.5% | 129168 | 129168 | 5 % |  |
| fix/Orders128.log-stream | generated | hand | 96544.5 | 103068.0 | 1.07x | 102871.6 | 1.07x | -0.2% | 118552 | 118552 | 10 % |  |
| el/ladder.bool | generated | hand | 1002.2 | 1742.5 | 1.74x | 1710.7 | 1.71x | -1.8% | 1776 | 1720 | 7 % |  |
| sql/refused-late.bool | generated | hand | 2649.4 | 12221.1 | 4.61x | 6061.5 | 2.29x | -50.4% | 13552 | 6616 | 4 % |  |
| sql/select20.bool | generated | hand | 7289.0 | 18783.5 | 2.58x | 19503.1 | 2.68x | +3.8% | 21448 | 21392 | 15 % |  |
| sql/refused-cliff-case-1391 | generated | control | 4628975.0 | 4596568.8 | 0.99x | 4668000.0 | 1.01x | +1.6% | 6276488 | 6276660 | 11 % |  |
| sql/refused-cliff-case-1738 | generated | control | 26390750.0 | 31121150.0 | 1.18x | 28234325.0 | 1.07x | -9.3% | 74363545 | 74363472 | 86 % |  |
| sql/refused-cliff-joins-891 | generated | control | 2708112.5 | 2644906.2 | 0.98x | 2706818.8 | 1.00x | +2.3% | 2994056 | 2994123 | 11 % |  |
| sql/refused-cliff-joins-1113 | generated | control | 6558956.2 | 6835825.0 | 1.04x | 6893525.0 | 1.05x | +0.8% | 12948799 | 12948798 | 20 % |  |
| sql/refused-cliff-joins-1738 | generated | control | 10394406.2 | 10331887.5 | 0.99x | 10614700.0 | 1.02x | +2.7% | 21144103 | 21144092 | 25 % |  |
| sql/refused-cliff-joins-2172 | generated | control | 30794300.0 | 30737500.0 | 1.00x | 31144400.0 | 1.01x | +1.3% | 94726581 | 94726889 | 60 % |  |
| sql/refused-cliff-paren-2715 | generated | control | 6656975.0 | 6492887.5 | 0.98x | 6577862.5 | 0.99x | +1.3% | 8778600 | 8778600 | 9 % |  |
| sql/refused-cliff-and-2715 | generated | control | 6509362.5 | 6550356.2 | 1.01x | 6445243.8 | 0.99x | -1.6% | 8775404 | 8775448 | 5 % |  |
| sql/refused-cliff-paren-3393 | generated | control | 27181375.0 | 27455350.0 | 1.01x | 27781100.0 | 1.02x | +1.2% | 94863441 | 94860219 | 90 % |  |
| sql/refused-cliff-and-3393 | generated | control | 23771750.0 | 25472900.0 | 1.07x | 24997800.0 | 1.05x | -1.9% | 94857636 | 94857683 | 90 % |  |
| fix/Orders128.yield-reader | generated | hand | 140754.5 | 91567.8 | 0.65x | 96510.4 | 0.69x | +5.4% | 118520 | 118520 | 4 % |  |
| fix/Orders128.yield-string | generated | hand | 84239.5 | 273045.5 | 3.24x | 285186.5 | 3.39x | +4.4% | 117936 | 117936 | 4 % |  |
| fix/Orders128.yield-memory | generated | hand | 83054.8 | 86240.3 | 1.04x | 85844.6 | 1.03x | -0.5% | 118016 | 118016 | 2 % |  |
| fix/Orders128.whole-stream | generated | hand | 117058.4 | 83124.5 | 0.71x | 84597.2 | 0.72x | +1.8% | 129368 | 129368 | 7 % |  |
| fix/Orders128.whole-reader | generated | hand | 117730.2 | 83676.6 | 0.71x | 90894.1 | 0.77x | +8.6% | 129336 | 129336 | 41 % |  |
| feeds/stock-count.good.text | generated | hand | 41625.5 | 30060.3 | 0.72x | 29744.7 | 0.71x | -1.0% | 111312 | 111403 | 7 % |  |
| feeds/stock-count.good.reader | generated | hand | 47783.0 | 37305.1 | 0.78x | 37230.8 | 0.78x | -0.2% | 111488 | 111579 | 8 % |  |
| feeds/stock-count.good.reader64 | generated | hand | 50240.7 | 41397.0 | 0.82x | 41334.5 | 0.82x | -0.2% | 111536 | 111627 | 56 % |  |
| web/url.plain | generated | hand | 98.0 | 223.1 | 2.28x | 225.9 | 2.30x | +1.3% | 360 | 360 | 15 % |  |
| web/url.full | generated | hand | 168.3 | 307.6 | 1.83x | 290.8 | 1.73x | -5.5% | 536 | 536 | 4 % |  |
| web/url.ipv4 | generated | hand | 112.6 | 231.6 | 2.06x | 234.0 | 2.08x | +1.1% | 384 | 384 | 8 % |  |
| web/url.long-path | generated | hand | 180.0 | 421.6 | 2.34x | 425.4 | 2.36x | +0.9% | 512 | 512 | 6 % |  |
| web/url.refused | generated | hand | 69.7 | 199.8 | 2.87x | 198.4 | 2.85x | -0.7% | 64 | 64 | 12 % |  |
| web/url.relative | generated | hand | 77.4 | 200.8 | 2.60x | 205.4 | 2.65x | +2.3% | 312 | 312 | 19 % |  |
| web/url.relative-dot-colon | generated | hand | 64.2 | 172.5 | 2.69x | 178.9 | 2.79x | +3.7% | 280 | 280 | 9 % |  |
| web/url.relative-letters | generated | hand | 107.4 | 234.2 | 2.18x | 245.5 | 2.29x | +4.8% | 312 | 312 | 18 % |  |
| web/json.object | generated | hand | 588.6 | 950.0 | 1.61x | 932.8 | 1.58x | -1.8% | 2584 | 2584 | 13 % |  |
| web/json.array | generated | hand | 633.2 | 752.8 | 1.19x | 773.8 | 1.22x | +2.8% | 2400 | 2400 | 13 % |  |
| web/media-type.plain | generated | control | 166.1 | 211.5 | 1.27x | 199.0 | 1.20x | -5.9% | 448 | 448 | 8 % |  |
| web/media-type.quoted | generated | control | 255.0 | 301.6 | 1.18x | 302.3 | 1.19x | +0.2% | 816 | 816 | 6 % |  |
| web/media-type.refused | generated | control | 46.0 | 82.2 | 1.79x | 81.8 | 1.78x | -0.5% | 64 | 64 | 4 % |  |
| web/addr-spec.plain | generated | control | 88.6 | 126.2 | 1.42x | 125.2 | 1.41x | -0.8% | 176 | 176 | 14 % |  |
| web/addr-spec.refused | generated | control | 25.9 | 62.7 | 2.42x | 71.3 | 2.75x | +13.7% | 64 | 64 | 20 % |  |
| web/json-patch.full | generated | control | 1452.6 | 1523.1 | 1.05x | 1509.9 | 1.04x | -0.9% | 4552 | 4552 | 33 % |  |
| web/link.full | generated | control | 1316.6 | 1396.8 | 1.06x | 1415.6 | 1.08x | +1.3% | 2968 | 2968 | 3 % |  |
| web/link.refused | generated | control | 20.8 | 54.5 | 2.62x | 54.9 | 2.64x | +0.8% | 64 | 64 | 46 % |  |
| web/sf.item | generated | control | 294.1 | 366.4 | 1.25x | 349.2 | 1.19x | -4.7% | 800 | 800 | 37 % |  |
| web/sf.list | generated | control | 1264.5 | 1308.1 | 1.03x | 1335.0 | 1.06x | +2.1% | 3064 | 3064 | 24 % |  |
| web/sf.dictionary | generated | control | 1326.3 | 1474.5 | 1.11x | 1394.2 | 1.05x | -5.4% | 3280 | 3280 | 19 % |  |
| el/ladder | generated | hand | 1021.4 | 1777.9 | 1.74x | 1777.4 | 1.74x | 0.0% | 1776 | 1776 | 9 % |  |
| el/ladder | immediate | hand | 1021.4 | 1226.9 | 1.20x | 1246.4 | 1.22x | +1.6% | 1784 | 1784 | 9 % |  |
| el/terms1000 | generated | hand | 114148.0 | 157231.4 | 1.38x | 154959.5 | 1.36x | -1.4% | 169104 | 169104 | 12 % |  |
| el/terms1000 | immediate | hand | 114148.0 | 132229.3 | 1.16x | 130034.7 | 1.14x | -1.7% | 177166 | 177144 | 12 % |  |
| sql/select20 | generated | hand | 6926.1 | 18437.5 | 2.66x | 19059.3 | 2.75x | +3.4% | 21448 | 21448 | 3 % |  |
| sql/refused-late | generated | hand | 2640.0 | 12272.5 | 4.65x | 12532.8 | 4.75x | +2.1% | 13552 | 13552 | 20 % |  |

Written to T:\TEMP\dotgram-stand\wc2\pair\aa-run-5

Median of 5 of 5 runs, each in a process of its own; control 31.7 ns (the runs' controls: 31.7, 31.3, 31.5, 32.0, 31.9).
No run was dropped.
The spread column is the spread of the base reading between runs, not between rounds.

# Paired stand, 2026-09-20 22:28

IGOR-DESKTOP, pinned to 0-15, high priority, control 31.7 ns.

This binary, and the libraries it holds as the control, was built from 0c0b75ff. JIT: DOTNET_TieredCompilation unset, DOTNET_TieredPGO unset, DOTNET_TC_QuickJitForLoops unset, DOTNET_ReadyToRun unset (unset is the runtime's default: tiered compilation on, dynamic PGO on; a row is warmed to a stable reading before it is timed).

Sides: before (commit d28533cb, framework net10.0, no properties, emitted b60541f92d7b864c); after (commit 5ed9682b, framework net10.0, no properties, emitted 3afa74326eaf0055). (The check that the two emitted different code applies to two sides of one commit given different properties; its silence says nothing about two commits.)

**The rows named `.bool` compare two APIs, not two commits: `before` is the Match form of the before side and `after` the bool form of the after side (`StandBool.cs`), so their difference is the price of the Match form against the bool form. It is there in an A/A of one build and in a pair of commits that have nothing to do with it, and it is not an effect of the commit under test.**

The base of a row is what every ratio is over, and its name says what it is: `hand` is a hand-written parser (`DotGram.Handwritten`), `scriptdom` is Microsoft's parser, and `control` is this process's own build of the same generated parser, held constant so that the two sides are compared and nothing is claimed against a hand-written one.

The last two columns are what a reader a month later cannot get from a message: **the base's spread between the runs** (how much the machine's speed varied from one run to the next; a row with a large one had a disturbed run, and its medians are read with the range beside them) and the **change of each run** (the smallest and the largest, and how many of the runs were positive).

The last column is the **A/A of the parent** taken in the same slot, on the same rows: the parent's build against itself, its median change and its range over the runs. What the stand says of a row when nothing changed; a change is read as its excess over it (D50).

| row | reading | base | base ns | before ns | before/base | after ns | after/base | change | before B | after B | base spread | change over the runs | A/A of the parent |
| --- | --- | --- | ---: | ---: | ---: | ---: | ---: | ---: | ---: | ---: | ---: | --- | --- |
| fix/Orders128.text | generated | hand | 82583.2 | 72111.3 | 0.87x | 71799.6 | 0.87x | -0.4% | 129112 | 129112 | 5 % | [-3.2%..+6.1%], 3 of 5 positive | +0.2% [-3.1%..+14.2%], 3 of 5 positive |
| fix/Orders128.bytes | generated | hand | 80866.4 | 82555.9 | 1.02x | 82792.6 | 1.02x | +0.3% | 129168 | 129168 | 6 % | [-0.2%..+3.0%], 4 of 5 positive | -0.5% [-1.5%..+4.3%], 4 of 5 positive |
| fix/Orders128.stream | generated | hand | 118172.7 | 91975.4 | 0.78x | 91358.8 | 0.77x | -0.7% | 118552 | 118552 | 9 % | [-2.9%..+5.9%], 3 of 5 positive | +0.1% [-2.2%..+1.5%], 3 of 5 positive |
| fixmsg/Order.parse | generated | control | 1252.4 | 1857.2 | 1.48x | 1890.0 | 1.51x | +1.8% | 3400 | 3400 | 13 % | [-1.5%..+3.7%], 2 of 5 positive | +0.7% [-1.9%..+3.3%], 3 of 5 positive |
| fixmsg/Order.build | generated | control | 1574.7 | 2379.3 | 1.51x | 2366.0 | 1.50x | -0.6% | 3592 | 3592 | 9 % | [-0.9%..+5.2%], 3 of 5 positive | +0.7% [+0.0%..+1.2%], 4 of 5 positive |
| fix/orders400.text | generated | hand | 257887.3 | 223431.6 | 0.87x | 218571.1 | 0.85x | -2.2% | 403288 | 403288 | 7 % | [-3.5%..+2.3%], 1 of 5 positive | +2.6% [-3.3%..+11.8%], 4 of 5 positive |
| tsql/script100.bool | generated | scriptdom | 670793.8 | 126078.1 | 0.19x | 126825.0 | 0.19x | +0.6% | 113600 | 105600 | 4 % | [-0.1%..+4.5%], 4 of 5 positive | +0.7% [-6.9%..+2.2%], 3 of 5 positive |
| tsql/script100.boolboth | generated | scriptdom | 672004.7 | 125635.2 | 0.19x | 126225.0 | 0.19x | +0.5% | 105600 | 105600 | 5 % | [-3.6%..+3.3%], 3 of 5 positive | -2.9% [-8.3%..-0.4%], 0 of 5 positive |
| tsql/script100 | generated | scriptdom | 673652.3 | 125239.1 | 0.19x | 125321.1 | 0.19x | +0.1% | 113600 | 113600 | 6 % | [-1.5%..+5.0%], 3 of 5 positive | -1.2% [-6.4%..+1.1%], 1 of 5 positive |
| tsql/columns1000 | generated | scriptdom | 1762923.4 | 193420.3 | 0.11x | 192940.6 | 0.11x | -0.2% | 200464 | 200464 | 5 % | [-8.8%..+0.6%], 1 of 5 positive | +0.6% [-1.3%..+6.5%], 4 of 5 positive |
| web/json.array10000 | generated | hand | 172227.1 | 194887.9 | 1.13x | 202098.2 | 1.17x | +3.7% | 720048 | 720048 | 6 % | [+0.0%..+5.2%], 5 of 5 positive | +1.0% [-4.7%..+3.4%], 3 of 5 positive |
| web/json.object10000 | generated | hand | 764749.2 | 1172372.7 | 1.53x | 1232761.7 | 1.61x | +5.2% | 1599240 | 1599240 | 21 % | [-10.4%..+20.3%], 3 of 5 positive | +11.6% [-9.6%..+25.1%], 3 of 5 positive |
| web/url.path1000 | generated | hand | 9454.5 | 11009.2 | 1.16x | 10968.2 | 1.16x | -0.4% | 8384 | 8384 | 3 % | [-0.8%..+1.0%], 3 of 5 positive | +0.2% [-2.1%..+2.9%], 2 of 5 positive |
| web/media-type.params1000 | generated | control | 48333.3 | 45250.2 | 0.94x | 45401.3 | 0.94x | +0.3% | 151472 | 151472 | 6 % | [-7.1%..+2.0%], 4 of 5 positive | -1.1% [-8.0%..+2.0%], 3 of 5 positive |
| web/sf.list10000 | generated | control | 1197653.1 | 1229214.1 | 1.03x | 1238103.1 | 1.03x | +0.7% | 2720056 | 2720056 | 9 % | [-1.4%..+8.2%], 2 of 5 positive | +1.9% [-1.8%..+17.1%], 3 of 5 positive |
| sql/select20.at | generated | hand | 6900.2 | 17780.2 | 2.58x | 17915.7 | 2.60x | +0.8% | 21416 | 21416 | 6 % | [-1.1%..+0.8%], 3 of 5 positive | -1.7% [-3.8%..+9.0%], 3 of 5 positive |
| sql/select20.window | generated | hand | 6920.1 | 18437.3 | 2.66x | 18154.9 | 2.62x | -1.5% | 21416 | 21416 | 7 % | [-4.8%..+1.5%], 3 of 5 positive | -0.6% [-2.0%..+10.1%], 2 of 5 positive |
| sql/select20.scan | generated | control | 384.4 | 387.0 | 1.01x | 388.0 | 1.01x | +0.2% | 0 | 0 | 12 % | [-0.1%..+4.4%], 4 of 5 positive | 0.0% [-2.8%..+1.5%], 2 of 5 positive |
| tsql/select20.scan | generated | control | 383.7 | 389.7 | 1.02x | 385.9 | 1.01x | -1.0% | 0 | 0 | 4 % | [-2.1%..+6.9%], 2 of 5 positive | -1.5% [-2.3%..+0.7%], 1 of 5 positive |
| el/ladder.scan | generated | control | 138.9 | 140.8 | 1.01x | 140.2 | 1.01x | -0.4% | 0 | 0 | 5 % | [-3.9%..+1.0%], 2 of 5 positive | -0.2% [-1.0%..+2.8%], 3 of 5 positive |
| fixmsg/Order.parse-stream | generated | control | 1967.5 | 2184.5 | 1.11x | 2183.2 | 1.11x | -0.1% | 8224 | 8224 | 4 % | [-1.0%..+1.6%], 2 of 5 positive | +0.3% [-1.7%..+0.8%], 3 of 5 positive |
| fixmsg/Order.parse-reader | generated | control | 1954.8 | 2113.1 | 1.08x | 2103.2 | 1.08x | -0.5% | 12112 | 12112 | 3 % | [-2.1%..+3.7%], 4 of 5 positive | +0.7% [-0.8%..+3.3%], 3 of 5 positive |
| fixmsg/Order.parse-span | generated | control | 1984.0 | 1843.9 | 0.93x | 1866.2 | 0.94x | +1.2% | 3672 | 3672 | 5 % | [-1.2%..+2.0%], 4 of 5 positive | +1.3% [-1.7%..+2.0%], 4 of 5 positive |
| fixmsg/Order.read-stream100 | generated | control | 207409.0 | 202368.6 | 0.98x | 204905.9 | 0.99x | +1.3% | 389248 | 389248 | 4 % | [-1.6%..+2.6%], 4 of 5 positive | +0.4% [-2.2%..+0.9%], 3 of 5 positive |
| fixmsg/Order.read-reader100 | generated | control | 204870.7 | 193062.3 | 0.94x | 195144.5 | 0.95x | +1.1% | 375712 | 375712 | 3 % | [-1.4%..+2.6%], 4 of 5 positive | +1.1% [-0.6%..+2.2%], 4 of 5 positive |
| fix/Orders128.log-text | generated | hand | 92595.1 | 72188.1 | 0.78x | 70990.9 | 0.77x | -1.7% | 129112 | 129112 | 5 % | [-3.0%..+0.1%], 1 of 5 positive | -1.3% [-3.4%..+8.6%], 3 of 5 positive |
| fix/Orders128.log-bytes | generated | hand | 91348.9 | 94824.8 | 1.04x | 95707.5 | 1.05x | +0.9% | 129168 | 129168 | 4 % | [-1.7%..+6.6%], 4 of 5 positive | -0.6% [-2.0%..+3.4%], 3 of 5 positive |
| fix/Orders128.log-stream | generated | hand | 91652.0 | 102566.2 | 1.12x | 103496.4 | 1.13x | +0.9% | 118552 | 118552 | 4 % | [-0.3%..+6.0%], 4 of 5 positive | -0.1% [-0.2%..+2.8%], 3 of 5 positive |
| el/ladder.bool | generated | hand | 1005.4 | 1732.5 | 1.72x | 1764.4 | 1.75x | +1.8% | 1776 | 1720 | 6 % | [-0.4%..+2.5%], 4 of 5 positive | +1.1% [-4.2%..+5.9%], 2 of 5 positive |
| sql/refused-late.bool | generated | hand | 2573.2 | 12001.2 | 4.66x | 5809.7 | 2.26x | -51.6% | 13552 | 6616 | 3 % | [-52.2%..-51.2%], 0 of 5 positive | -50.5% [-53.2%..-48.5%], 0 of 5 positive |
| sql/select20.bool | generated | hand | 6964.6 | 18030.0 | 2.59x | 18167.6 | 2.61x | +0.8% | 21448 | 21392 | 5 % | [-2.2%..+1.7%], 3 of 5 positive | +1.5% [-2.1%..+9.0%], 3 of 5 positive |
| sql/refused-cliff-case-1391 | generated | control | 4562881.2 | 4605025.0 | 1.01x | 4614350.0 | 1.01x | +0.2% | 6276488 | 6276660 | 2 % | [-2.3%..+0.9%], 1 of 5 positive | +1.1% [-6.8%..+2.0%], 3 of 5 positive |
| sql/refused-cliff-case-1738 | generated | control | 22233525.0 | 26995900.0 | 1.21x | 29922650.0 | 1.35x | +10.8% | 74363488 | 74363549 | 32 % | [-3.6%..+19.2%], 4 of 5 positive | -11.8% [-19.2%..+8.3%], 1 of 5 positive |
| sql/refused-cliff-joins-891 | generated | control | 2616550.0 | 2579921.9 | 0.99x | 2611337.5 | 1.00x | +1.2% | 2994123 | 2994142 | 3 % | [-3.4%..+3.8%], 3 of 5 positive | +1.6% [-6.1%..+2.3%], 2 of 5 positive |
| sql/refused-cliff-joins-1113 | generated | control | 5985625.0 | 5690493.8 | 0.95x | 5751800.0 | 0.96x | +1.1% | 12948797 | 12948780 | 22 % | [-2.8%..+2.1%], 3 of 5 positive | +0.8% [-4.3%..+4.7%], 4 of 5 positive |
| sql/refused-cliff-joins-1738 | generated | control | 10353581.2 | 10718112.5 | 1.04x | 10471093.8 | 1.01x | -2.3% | 21144108 | 21144138 | 12 % | [-13.6%..+4.1%], 2 of 5 positive | -0.2% [-7.0%..+12.9%], 2 of 5 positive |
| sql/refused-cliff-joins-2172 | generated | control | 31197325.0 | 31230575.0 | 1.00x | 30538550.0 | 0.98x | -2.2% | 94726470 | 94726542 | 39 % | [-18.9%..-0.4%], 0 of 5 positive | +1.0% [-6.8%..+2.3%], 3 of 5 positive |
| sql/refused-cliff-paren-2715 | generated | control | 6686912.5 | 6812875.0 | 1.02x | 6846925.0 | 1.02x | +0.5% | 8778600 | 8778600 | 39 % | [-6.9%..+3.1%], 2 of 5 positive | -1.7% [-3.7%..+1.3%], 3 of 5 positive |
| sql/refused-cliff-and-2715 | generated | control | 6737306.2 | 6801337.5 | 1.01x | 6690831.2 | 0.99x | -1.6% | 8775448 | 8775448 | 51 % | [-5.2%..-0.2%], 0 of 5 positive | -2.7% [-2.7%..+3.1%], 2 of 5 positive |
| sql/refused-cliff-paren-3393 | generated | control | 31191950.0 | 30237425.0 | 0.97x | 29033925.0 | 0.93x | -4.0% | 94860575 | 94861051 | 26 % | [-6.2%..+18.2%], 1 of 5 positive | -0.1% [-4.9%..+2.0%], 4 of 5 positive |
| sql/refused-cliff-and-3393 | generated | control | 27555050.0 | 26118875.0 | 0.95x | 29146325.0 | 1.06x | +11.6% | 94857394 | 94857730 | 64 % | [-21.0%..+20.4%], 3 of 5 positive | +1.5% [-12.8%..+28.7%], 3 of 5 positive |
| fix/Orders128.yield-reader | generated | hand | 140983.6 | 95063.1 | 0.67x | 94531.3 | 0.67x | -0.6% | 118520 | 118520 | 5 % | [-2.1%..+2.9%], 2 of 5 positive | +1.7% [+0.6%..+5.4%], 5 of 5 positive |
| fix/Orders128.yield-string | generated | hand | 84797.1 | 268473.9 | 3.17x | 283967.7 | 3.35x | +5.8% | 117936 | 117936 | 5 % | [-5.8%..+11.5%], 4 of 5 positive | -1.1% [-4.7%..+4.4%], 2 of 5 positive |
| fix/Orders128.yield-memory | generated | hand | 84403.8 | 87205.4 | 1.03x | 87293.8 | 1.03x | +0.1% | 118016 | 118016 | 40 % | [-2.0%..+5.4%], 4 of 5 positive | 0.0% [-2.1%..+0.7%], 2 of 5 positive |
| fix/Orders128.whole-stream | generated | hand | 118827.6 | 83713.5 | 0.70x | 83852.6 | 0.71x | +0.2% | 129368 | 129368 | 46 % | [-1.9%..+26.3%], 3 of 5 positive | +1.8% [-1.9%..+3.2%], 4 of 5 positive |
| fix/Orders128.whole-reader | generated | hand | 118713.4 | 85865.1 | 0.72x | 86210.0 | 0.73x | +0.4% | 129336 | 129336 | 3 % | [-2.0%..+0.6%], 2 of 5 positive | +2.6% [-1.4%..+8.6%], 3 of 5 positive |
| feeds/stock-count.good.text | generated | hand | 37069.6 | 29986.0 | 0.81x | 29696.4 | 0.80x | -1.0% | 111312 | 111403 | 9 % | [-8.7%..+1.3%], 1 of 5 positive | -1.5% [-2.8%..+4.6%], 2 of 5 positive |
| feeds/stock-count.good.reader | generated | hand | 45180.1 | 38393.9 | 0.85x | 37978.4 | 0.84x | -1.1% | 111488 | 111579 | 6 % | [-7.6%..+0.5%], 1 of 5 positive | -0.2% [-1.8%..+7.2%], 1 of 5 positive |
| feeds/stock-count.good.reader64 | generated | hand | 46793.8 | 42717.5 | 0.91x | 42361.1 | 0.91x | -0.8% | 111536 | 111627 | 5 % | [-7.1%..+0.3%], 2 of 5 positive | +1.6% [-0.2%..+6.1%], 3 of 5 positive |
| web/url.plain | generated | hand | 97.4 | 227.0 | 2.33x | 231.4 | 2.38x | +2.0% | 360 | 360 | 3 % | [-1.7%..+3.7%], 4 of 5 positive | +0.5% [-0.6%..+2.9%], 4 of 5 positive |
| web/url.full | generated | hand | 169.3 | 300.8 | 1.78x | 302.5 | 1.79x | +0.6% | 536 | 536 | 5 % | [-3.6%..+7.5%], 2 of 5 positive | -1.0% [-5.5%..+4.1%], 2 of 5 positive |
| web/url.ipv4 | generated | hand | 112.6 | 238.0 | 2.11x | 236.4 | 2.10x | -0.7% | 384 | 384 | 4 % | [-4.5%..+2.0%], 4 of 5 positive | +1.2% [-1.5%..+10.7%], 4 of 5 positive |
| web/url.long-path | generated | hand | 179.3 | 435.3 | 2.43x | 428.9 | 2.39x | -1.5% | 512 | 512 | 70 % | [-1.5%..+9.1%], 4 of 5 positive | +1.4% [-1.1%..+1.5%], 3 of 5 positive |
| web/url.refused | generated | hand | 68.1 | 199.5 | 2.93x | 202.8 | 2.98x | +1.7% | 64 | 64 | 8 % | [-0.8%..+4.9%], 4 of 5 positive | -0.8% [-2.0%..+4.8%], 2 of 5 positive |
| web/url.relative | generated | hand | 76.9 | 202.7 | 2.63x | 202.8 | 2.64x | +0.1% | 312 | 312 | 13 % | [-11.5%..+1.2%], 2 of 5 positive | +0.2% [-1.1%..+2.3%], 3 of 5 positive |
| web/url.relative-dot-colon | generated | hand | 64.3 | 178.5 | 2.78x | 177.2 | 2.75x | -0.7% | 280 | 280 | 8 % | [-6.8%..+3.9%], 1 of 5 positive | +2.3% [-1.2%..+3.7%], 3 of 5 positive |
| web/url.relative-letters | generated | hand | 105.5 | 242.5 | 2.30x | 243.0 | 2.30x | +0.2% | 312 | 312 | 28 % | [-1.9%..+3.3%], 1 of 5 positive | +2.3% [-1.9%..+4.8%], 3 of 5 positive |
| web/json.object | generated | hand | 605.6 | 946.5 | 1.56x | 967.3 | 1.60x | +2.2% | 2584 | 2584 | 24 % | [-6.2%..+3.4%], 3 of 5 positive | +0.1% [-5.4%..+1.9%], 3 of 5 positive |
| web/json.array | generated | hand | 600.9 | 761.2 | 1.27x | 740.7 | 1.23x | -2.7% | 2400 | 2400 | 20 % | [-3.4%..-0.3%], 0 of 5 positive | +0.4% [-3.6%..+3.2%], 3 of 5 positive |
| web/media-type.plain | generated | control | 165.3 | 206.0 | 1.25x | 216.7 | 1.31x | +5.2% | 448 | 448 | 19 % | [-8.6%..+5.3%], 4 of 5 positive | -1.6% [-14.2%..+14.3%], 3 of 5 positive |
| web/media-type.quoted | generated | control | 267.7 | 304.3 | 1.14x | 331.3 | 1.24x | +8.9% | 816 | 816 | 24 % | [+0.5%..+8.9%], 5 of 5 positive | -2.6% [-10.2%..+5.4%], 3 of 5 positive |
| web/media-type.refused | generated | control | 46.1 | 83.0 | 1.80x | 82.1 | 1.78x | -1.1% | 64 | 64 | 21 % | [-1.6%..+1.9%], 3 of 5 positive | +0.1% [-0.5%..+1.2%], 4 of 5 positive |
| web/addr-spec.plain | generated | control | 89.2 | 121.8 | 1.37x | 124.6 | 1.40x | +2.3% | 176 | 176 | 14 % | [-2.6%..+2.5%], 2 of 5 positive | -3.2% [-3.9%..+1.4%], 1 of 5 positive |
| web/addr-spec.refused | generated | control | 25.1 | 60.8 | 2.43x | 60.6 | 2.42x | -0.4% | 64 | 64 | 16 % | [-1.9%..+0.3%], 1 of 5 positive | +0.8% [-0.2%..+13.7%], 4 of 5 positive |
| web/json-patch.full | generated | control | 1378.4 | 1445.0 | 1.05x | 1426.1 | 1.03x | -1.3% | 4552 | 4552 | 27 % | [-1.3%..+0.8%], 2 of 5 positive | +2.0% [-0.9%..+4.7%], 2 of 5 positive |
| web/link.full | generated | control | 1316.9 | 1419.1 | 1.08x | 1435.4 | 1.09x | +1.1% | 2968 | 2968 | 16 % | [-2.8%..+5.7%], 2 of 5 positive | +1.8% [-1.1%..+2.1%], 4 of 5 positive |
| web/link.refused | generated | control | 20.8 | 55.0 | 2.65x | 55.6 | 2.67x | +0.9% | 64 | 64 | 26 % | [-0.5%..+2.2%], 3 of 5 positive | +0.8% [-0.9%..+1.5%], 4 of 5 positive |
| web/sf.item | generated | control | 283.9 | 354.5 | 1.25x | 333.0 | 1.17x | -6.1% | 800 | 800 | 13 % | [-6.4%..+4.2%], 1 of 5 positive | -4.1% [-5.6%..-2.3%], 0 of 5 positive |
| web/sf.list | generated | control | 1223.8 | 1336.9 | 1.09x | 1320.5 | 1.08x | -1.2% | 3064 | 3064 | 12 % | [-2.6%..+2.1%], 3 of 5 positive | +1.4% [-0.3%..+2.1%], 4 of 5 positive |
| web/sf.dictionary | generated | control | 1254.8 | 1288.6 | 1.03x | 1316.2 | 1.05x | +2.1% | 3280 | 3280 | 9 % | [-6.1%..+3.4%], 3 of 5 positive | +0.2% [-5.4%..+0.2%], 2 of 5 positive |
| el/ladder | generated | hand | 1031.0 | 1769.4 | 1.72x | 1781.4 | 1.73x | +0.7% | 1776 | 1776 | 6 % | [+0.2%..+5.1%], 5 of 5 positive | +0.8% [+0.0%..+6.5%], 4 of 5 positive |
| el/ladder | immediate | hand | 1031.0 | 1223.9 | 1.19x | 1207.1 | 1.17x | -1.4% | 1784 | 1784 | 6 % | [-1.9%..+3.0%], 2 of 5 positive | -1.9% [-3.1%..+1.6%], 1 of 5 positive |
| el/terms1000 | generated | hand | 115529.1 | 159622.9 | 1.38x | 156244.8 | 1.35x | -2.1% | 169104 | 169104 | 8 % | [-4.4%..+6.3%], 3 of 5 positive | -0.3% [-1.4%..+0.8%], 1 of 5 positive |
| el/terms1000 | immediate | hand | 115529.1 | 129285.1 | 1.12x | 130977.4 | 1.13x | +1.3% | 177120 | 177123 | 8 % | [-0.1%..+2.0%], 4 of 5 positive | -0.8% [-1.9%..+1.5%], 1 of 5 positive |
| sql/select20 | generated | hand | 7232.0 | 19192.5 | 2.65x | 18601.3 | 2.57x | -3.1% | 21448 | 21448 | 16 % | [-4.8%..+2.2%], 2 of 5 positive | -0.3% [-2.6%..+9.7%], 2 of 5 positive |
| sql/refused-late | generated | hand | 2744.7 | 12240.5 | 4.46x | 12341.5 | 4.50x | +0.8% | 13552 | 13552 | 8 % | [-2.0%..+0.9%], 2 of 5 positive | -0.9% [-2.3%..+3.2%], 2 of 5 positive |

Written to T:\TEMP\dotgram-stand\wc2\pair
