BNF rule,Disposition,AST,AST target,Simple alias,Classifier,Referenced rules,RHS preview
SQL terminal character,erased alias,erased,Referenced AST target,yes,yes,1,<SQL language character>
SQL language character,erased classifier,erased,Polymorphic AST family,no,yes,3,<simple Latin letter> | <digit> | <SQL special character>
simple Latin letter,erased classifier,erased,Polymorphic AST family,no,yes,2,<simple Latin upper-case letter> | <simple Latin lower-case letter>
simple Latin upper-case letter,lexical/trivia,token,Syntax token/trivia or literal spelling,no,no,0,A | B | C | D | E | F | G | H | I | J | K | L | M | N | O | P | Q | R | S | T | U | V | W | X | Y | Z
simple Latin lower-case letter,lexical/trivia,token,Syntax token/trivia or literal spelling,no,no,0,a | b | c | d | e | f | g | h | i | j | k | l | m | n | o | p | q | r | s | t | u | v | w | x | y | z
digit,lexical/trivia,token,Syntax token/trivia or literal spelling,no,no,0,0 | 1 | 2 | 3 | 4 | 5 | 6 | 7 | 8 | 9
SQL special character,erased classifier,erased,Polymorphic AST family,no,yes,28,<space> | <double quote> | <percent> | <ampersand> | <quote> | <left paren> | <right paren> | <asterisk> | <plus sign> | <comma> | <minus sign> | <period> | <solidus> | <colon> | <semicolon> | <left angle bracket> | <equ
space,lexical/trivia,token,Syntax token/trivia or literal spelling,no,no,0,!! See the Syntax Rules.
double quote,lexical/trivia,token,Syntax token/trivia or literal spelling,no,no,0,""""
percent,lexical/trivia,token,Syntax token/trivia or literal spelling,no,no,0,%
ampersand,lexical/trivia,token,Syntax token/trivia or literal spelling,no,no,0,&
quote,lexical/trivia,token,Syntax token/trivia or literal spelling,no,no,0,'
left paren,lexical/trivia,token,Syntax token/trivia or literal spelling,no,no,0,(
right paren,lexical/trivia,token,Syntax token/trivia or literal spelling,no,no,0,)
asterisk,lexical/trivia,token,Syntax token/trivia or literal spelling,no,no,0,*
plus sign,lexical/trivia,token,Syntax token/trivia or literal spelling,no,no,0,+
comma,lexical/trivia,token,Syntax token/trivia or literal spelling,no,no,0,","
minus sign,lexical/trivia,token,Syntax token/trivia or literal spelling,no,no,0,-
period,record/value,token,Structural helper AST,no,no,0,.
solidus,lexical/trivia,token,Syntax token/trivia or literal spelling,no,no,0,/
reverse solidus,lexical/trivia,token,Syntax token/trivia or literal spelling,no,no,0,\
colon,lexical/trivia,token,Syntax token/trivia or literal spelling,no,no,0,:
semicolon,lexical/trivia,token,Syntax token/trivia or literal spelling,no,no,0,;
left angle bracket,lexical/trivia,token,Syntax token/trivia or literal spelling,no,no,0,<
equals operator,enum/value,ComparisonOperator.Equal,Enum/value/helper,no,no,0,=
right angle bracket,lexical/trivia,token,Syntax token/trivia or literal spelling,no,no,0,>
question mark,lexical/trivia,token,Syntax token/trivia or literal spelling,no,no,0,?
left bracket or trigraph,erased classifier,Expression.Element.Trigraphs; Expression.Array.Trigraphs,Polymorphic AST family,no,yes,2,<left bracket> | <left bracket trigraph>
right bracket or trigraph,erased classifier,Expression.Element.Trigraphs; Expression.Array.Trigraphs,Polymorphic AST family,no,yes,2,<right bracket> | <right bracket trigraph>
left bracket,lexical/trivia,token,Syntax token/trivia or literal spelling,no,no,0,[
left bracket trigraph,lexical/trivia,token,Syntax token/trivia or literal spelling,no,no,0,??(
right bracket,lexical/trivia,token,Syntax token/trivia or literal spelling,no,no,0,]
right bracket trigraph,lexical/trivia,token,Syntax token/trivia or literal spelling,no,no,0,??)
circumflex,lexical/trivia,token,Syntax token/trivia or literal spelling,no,no,0,^
underscore,lexical/trivia,token,Syntax token/trivia or literal spelling,no,no,0,_
vertical bar,lexical/trivia,token,Syntax token/trivia or literal spelling,no,no,0,|
left brace,lexical/trivia,token,Syntax token/trivia or literal spelling,no,no,0,{
right brace,lexical/trivia,token,Syntax token/trivia or literal spelling,no,no,0,}
dollar sign,lexical/trivia,token,Syntax token/trivia or literal spelling,no,no,0,$
apostrophe,lexical/trivia,token,Syntax token/trivia or literal spelling,no,no,0,'
token,erased classifier,erased,Polymorphic AST family,no,yes,2,<non-delimiter token> | <delimiter token>
non-delimiter token,erased classifier,erased,Polymorphic AST family,no,yes,9,<regular identifier> | <key word> | <unsigned numeric literal> | <national character string literal> | <binary string literal> | <large object length token> | <Unicode delimited identifier> | <Unicode character string li
regular identifier,erased alias,erased,Referenced AST target,yes,yes,1,<identifier body>
identifier body,lexical/trivia,token,Syntax token/trivia or literal spelling,no,no,2,<identifier start> [ <identifier part>... ]
identifier part,erased classifier,erased,Polymorphic AST family,no,yes,2,<identifier start> | <identifier extend>
identifier start,lexical/trivia,token,Syntax token/trivia or literal spelling,no,no,0,!! See the Syntax Rules.
identifier extend,lexical/trivia,token,Syntax token/trivia or literal spelling,no,no,0,!! See the Syntax Rules.
large object length token,record/value,LargeObjectSize; LargeObjectSize.Multiplier,Structural helper/value (explicitly retained or folded into owner property),no,no,2,<digit>... <multiplier>
multiplier,enum/value,LargeObjectSize.Multiplier; DataType.Binary.LargeObject; DataType.Character.LargeObject; Expression.Normalize.MaxLengthMultiplier,Enum/value/helper,no,no,0,K | M | G | T | P
delimited identifier,erased classifier,erased,Polymorphic AST family,no,yes,3,<double quote> <delimited identifier body> <double quote>
delimited identifier body,lexical/trivia,token,Syntax token/trivia or literal spelling,no,no,1,<delimited identifier part>...
delimited identifier part,erased classifier,erased,Polymorphic AST family,no,yes,2,<non-double quote character> | <double quote symbol>
Unicode delimited identifier,record/value,Identifier; IdentifierStyle.UnicodeDelimited; Identifier.UnicodeEscape,Structural helper/value (explicitly retained or folded into owner property),no,no,5,U <ampersand> <double quote> <Unicode delimiter body> <double quote> <Unicode escape specifier>
Unicode escape specifier,lexical/trivia,token,Syntax token/trivia or literal spelling,no,no,3,[ UESCAPE <quote> <Unicode escape character> <quote> ]
Unicode delimiter body,lexical/trivia,token,Syntax token/trivia or literal spelling,no,no,1,<Unicode identifier part>...
Unicode identifier part,erased classifier,erased,Polymorphic AST family,no,yes,2,<delimited identifier part> | <Unicode escape value>
Unicode escape value,erased classifier,erased,Polymorphic AST family,no,yes,3,<Unicode 4 digit escape value> | <Unicode 6 digit escape value> | <Unicode character escape value>
Unicode 4 digit escape value,erased classifier,erased,Polymorphic AST family,no,yes,5,<Unicode escape character> <hexit> <hexit> <hexit> <hexit>
Unicode 6 digit escape value,erased classifier,erased,Polymorphic AST family,no,yes,8,<Unicode escape character> <plus sign> <hexit> <hexit> <hexit> <hexit> <hexit> <hexit>
Unicode character escape value,erased classifier,erased,Polymorphic AST family,no,yes,2,<Unicode escape character> <Unicode escape character>
Unicode escape character,lexical/trivia,token,Syntax token/trivia or literal spelling,no,no,0,!! See the Syntax Rules.
non-double quote character,lexical/trivia,token,Syntax token/trivia or literal spelling,no,no,0,!! See the Syntax Rules.
double quote symbol,lexical/trivia,token,Syntax token/trivia or literal spelling,no,no,0,""""""
delimiter token,erased classifier,erased,Polymorphic AST family,no,yes,23,<character string literal> | <date string> | <time string> | <timestamp string> | <interval string> | <delimited identifier> | <SQL special character> | <not equals operator> | <less than operator> | <greater than operat
not equals operator,enum/value,ComparisonOperator.NotEqual,Enum/value/helper,no,no,0,<>
less than operator,erased alias,erased,Referenced AST target,yes,yes,1,<left angle bracket>
greater than operator,erased alias,erased,Referenced AST target,yes,yes,1,<right angle bracket>
greater than or equals operator,enum/value,ComparisonOperator.GreaterOrEqual,Enum/value/helper,no,no,0,>=
less than or equals operator,enum/value,ComparisonOperator.LessOrEqual,Enum/value/helper,no,no,0,<=
concatenation operator,enum/value,BinaryOperator.Concatenate,Enum/value/helper,no,no,0,||
right arrow,lexical/trivia,token,Syntax token/trivia or literal spelling,no,no,0,->
double colon,lexical/trivia,token,Syntax token/trivia or literal spelling,no,no,0,::
double period,record/value,token,Structural helper AST,no,no,0,..
named argument assignment token,lexical/trivia,token,Syntax token/trivia or literal spelling,no,no,0,=>
left brace minus,lexical/trivia,token,Syntax token/trivia or literal spelling,no,no,0,{-
right minus brace,lexical/trivia,token,Syntax token/trivia or literal spelling,no,no,0,-}
left brace backslash,lexical/trivia,token,Syntax token/trivia or literal spelling,no,no,0,{\
right backslash brace,lexical/trivia,token,Syntax token/trivia or literal spelling,no,no,0,\}
separator,lexical/trivia,token,Syntax token/trivia or literal spelling,no,no,2,{ <comment> | <whitespace> }...
whitespace,lexical/trivia,token,Syntax token/trivia or literal spelling,no,no,0,!! See the Syntax Rules.
truncating whitespace,lexical/trivia,token,Syntax token/trivia or literal spelling,no,no,0,!! See the Syntax Rules.
comment,erased classifier,erased,Polymorphic AST family,no,yes,2,<simple comment> | <bracketed comment>
simple comment,lexical/trivia,token,Syntax token/trivia or literal spelling,no,no,3,<simple comment introducer> [ <comment character>... ] <newline>
simple comment introducer,erased classifier,erased,Polymorphic AST family,no,yes,2,<minus sign> <minus sign>
bracketed comment,lexical/trivia,token,Syntax token/trivia or literal spelling,no,no,3,<bracketed comment introducer> [ <bracketed comment contents> ] <bracketed comment terminator>
bracketed comment introducer,lexical/trivia,token,Syntax token/trivia or literal spelling,no,no,0,/*
bracketed comment terminator,lexical/trivia,token,Syntax token/trivia or literal spelling,no,no,0,*/
bracketed comment contents,lexical/trivia,token,Syntax token/trivia or literal spelling,no,no,2,{ <comment character> | <separator> }...!! See the Syntax Rules.
comment character,erased classifier,erased,Polymorphic AST family,no,yes,2,<non-quote character> | <quote>
newline,lexical/trivia,token,Syntax token/trivia or literal spelling,no,no,0,!! See the Syntax Rules.
key word,erased classifier,erased,Polymorphic AST family,no,yes,2,<reserved word> | <non-reserved word>
reserved word,lexical/trivia,token,Syntax token/trivia or literal spelling,no,no,0,| ABS | ABSENT | ACOS | ALL | ALLOCATE | ALTER | AND | ANY | ANY_VALUE | ARE | ARRAY | ARRAY_AGG | ARRAY_MAX_CARDINALITY | AS | ASENSITIVE | ASIN | ASYMMETRIC | AT | ATAN | ATOMIC | AUTHORIZATION | AVG | BEGIN | BEGIN_FR
non-reserved word,lexical/trivia,token,Syntax token/trivia or literal spelling,no,no,0,A | ABSOLUTE | ACTION | ADA | ADD | ADMIN | AFTER | ALWAYS | ASC | ASSERTION | ASSIGNMENT | ATTRIBUTE | ATTRIBUTES | BEFORE | BERNOULLI | BREADTH | C | CASCADE | CATALOG | CATALOG_NAME | CHAIN | CHAINING | CHARACTER_SET_
literal,erased classifier/alias,erased,Expression,no,yes,2,<signed numeric literal> | <general literal>
unsigned literal,erased classifier/alias,erased,Expression,no,yes,2,<unsigned numeric literal> | <general literal>
general literal,erased classifier/alias,erased,Expression,no,yes,7,<character string literal> | <national character string literal> | <Unicode character string literal> | <binary string literal> | <datetime literal> | <interval literal> | <boolean literal>
character string literal,record/value,LiteralValue.String; StringLiteralKind.Character; LiteralValue.String.CharacterSet; LiteralValue.String.Text,Structural helper/value (explicitly retained or folded into owner property),no,no,9,[ <introducer> <character set specification> ] <quote> [ <character representation>... ] <quote> [ { <separator> <quote> [ <character representation>... ] <quote> }... ]
introducer,erased alias,erased,Referenced AST target,yes,yes,1,<underscore>
character representation,erased classifier,erased,Polymorphic AST family,no,yes,2,<non-quote character> | <quote symbol>
non-quote character,lexical/trivia,token,Syntax token/trivia or literal spelling,no,no,0,!! See the Syntax Rules.
quote symbol,erased classifier,erased,Polymorphic AST family,no,yes,2,<quote> <quote>
national character string literal,record/value,LiteralValue.String; StringLiteralKind.National; LiteralValue.String.Text,Structural helper/value (explicitly retained or folded into owner property),no,no,7,N <quote> [ <character representation>... ] <quote> [ { <separator> <quote> [ <character representation>... ] <quote> }... ]
Unicode character string literal,record/value,LiteralValue.String; StringLiteralKind.Unicode; LiteralValue.String.CharacterSet; LiteralValue.String.UnicodeEscape; LiteralValue.String.Text,Structural helper/value (explicitly retained or folded into owner property),no,no,11,[ <introducer> <character set specification> ] U <ampersand> <quote> [ <Unicode representation>... ] <quote> [ { <separator> <quote> [ <Unicode representation>... ] <quote> }... ] <Unicode escape specifier>
Unicode representation,erased classifier,erased,Polymorphic AST family,no,yes,2,<character representation> | <Unicode escape value>
binary string literal,record/value,LiteralValue.Binary; LiteralValue.Binary.Text,Structural helper/value (explicitly retained or folded into owner property),no,no,15,X <quote> [ <space>... ] [ { <hexit> [ <space>... ] <hexit> [ <space>... ] }... ] <quote> [ { <separator> <quote> [ <space>... ] [ { <hexit> [ <space>... ] <hexit> [ <space>... ] }... ] <quote> }... ]
hexit,lexical/trivia,token,Syntax token/trivia or literal spelling,no,no,0,0 | 1 | 2 | 3 | 4 | 5 | 6 | 7 | 8 | 9 | A | B | C | D | E | F | a | b | c | d | e | f
octal digit,lexical/trivia,token,Syntax token/trivia or literal spelling,no,no,0,0 | 1 | 2 | 3 | 4 | 5 | 6 | 7
binary digit,lexical/trivia,token,Syntax token/trivia or literal spelling,no,no,0,0 | 1
signed numeric literal,record/value,Expression.Unary; UnaryOperator; LiteralValue.Numeric,Structural helper/value (explicitly retained or folded into owner property),no,no,2,[ <sign> ] <unsigned numeric literal>
unsigned numeric literal,erased classifier,erased,Polymorphic AST family,no,yes,2,<exact numeric literal> | <approximate numeric literal>
exact numeric literal,record/value,LiteralValue.Numeric; NumericLiteralKind.DecimalInteger; NumericLiteralKind.Decimal; LiteralValue.Numeric.Text,Structural helper/value (explicitly retained or folded into owner property),no,no,6,<unsigned integer> | <unsigned decimal integer> <period> [ <unsigned decimal integer> ] | <period> <unsigned decimal integer>
sign,erased classifier,erased,Polymorphic AST family,no,yes,2,<plus sign> | <minus sign>
approximate numeric literal,record/value,LiteralValue.Numeric; NumericLiteralKind.Approximate; LiteralValue.Numeric.Text,Structural helper/value (explicitly retained or folded into owner property),no,no,2,<mantissa> E <exponent>
mantissa,erased alias,erased,Referenced AST target,yes,yes,1,<exact numeric literal>
exponent,erased alias,erased,Referenced AST target,yes,yes,1,<signed decimal integer>
signed integer,record/value,token,Structural helper/value (explicitly retained or folded into owner property),no,no,2,[ <sign> ] <unsigned integer>
signed decimal integer,record/value,LiteralValue.Numeric.Text,Structural helper/value (explicitly retained or folded into owner property),no,no,2,[ <sign> ] <unsigned decimal integer>
unsigned integer,erased classifier,erased,Polymorphic AST family,no,yes,4,<unsigned decimal integer> | <unsigned hexadecimal integer> | <unsigned octal integer> | <unsigned binary integer>
unsigned decimal integer,record/value,NumericLiteralKind.DecimalInteger; LiteralValue.Numeric.Text,Structural helper/value (explicitly retained or folded into owner property),no,no,3,<digit> [ { [ <underscore> ] <digit> }... ]
unsigned hexadecimal integer,record/value,NumericLiteralKind.HexInteger; LiteralValue.Numeric.Text,Structural helper/value (explicitly retained or folded into owner property),no,no,2,0X { [ <underscore> ] <hexit> }...
unsigned octal integer,record/value,NumericLiteralKind.OctalInteger; LiteralValue.Numeric.Text,Structural helper/value (explicitly retained or folded into owner property),no,no,2,0O { [ <underscore> ] <octal digit> }...
unsigned binary integer,record/value,NumericLiteralKind.BinaryInteger; LiteralValue.Numeric.Text,Structural helper/value (explicitly retained or folded into owner property),no,no,2,0B { [ <underscore> ] <binary digit> }...
datetime literal,erased classifier,erased,Polymorphic AST family,no,yes,3,<date literal> | <time literal> | <timestamp literal>
date literal,record/value,LiteralValue.DateTime; DateTimeLiteralKind.Date,Structural helper/value (explicitly retained or folded into owner property),no,no,1,DATE <date string>
time literal,record/value,LiteralValue.DateTime; DateTimeLiteralKind.Time,Structural helper/value (explicitly retained or folded into owner property),no,no,1,TIME <time string>
timestamp literal,record/value,LiteralValue.DateTime; DateTimeLiteralKind.Timestamp,Structural helper/value (explicitly retained or folded into owner property),no,no,1,TIMESTAMP <timestamp string>
date string,erased classifier,erased,Polymorphic AST family,no,yes,3,<quote> <unquoted date string> <quote>
time string,erased classifier,erased,Polymorphic AST family,no,yes,3,<quote> <unquoted time string> <quote>
timestamp string,erased classifier,erased,Polymorphic AST family,no,yes,3,<quote> <unquoted timestamp string> <quote>
time zone interval,erased classifier,erased,Polymorphic AST family,no,yes,4,<sign> <hours value> <colon> <minutes value>
date value,erased classifier,erased,Polymorphic AST family,no,yes,5,<years value> <minus sign> <months value> <minus sign> <days value>
time value,erased classifier,erased,Polymorphic AST family,no,yes,5,<hours value> <colon> <minutes value> <colon> <seconds value>
interval literal,record/value,LiteralValue.Interval; LiteralValue.Interval.Sign; LiteralValue.Interval.Qualifier,Structural helper/value (explicitly retained or folded into owner property),no,no,3,INTERVAL [ <sign> ] <interval string> <interval qualifier>
interval string,erased classifier,erased,Polymorphic AST family,no,yes,3,<quote> <unquoted interval string> <quote>
unquoted date string,erased alias,erased,Referenced AST target,yes,yes,1,<date value>
unquoted time string,record/value,LiteralValue.DateTime.Text,Structural helper/value (explicitly retained or folded into owner property),no,no,2,<time value> [ <time zone interval> ]
unquoted timestamp string,erased classifier,erased,Polymorphic AST family,no,yes,3,<unquoted date string> <space> <unquoted time string>
unquoted interval string,record/value,LiteralValue.Interval.Text,Structural helper/value (explicitly retained or folded into owner property),no,no,3,[ <sign> ] { <year-month literal> | <day-time literal> }
year-month literal,record/value,LiteralValue.Interval.Text,Structural helper/value (explicitly retained or folded into owner property),no,no,4,<years value> [ <minus sign> <months value> ] | <months value>
day-time literal,erased classifier,erased,Polymorphic AST family,no,yes,2,<day-time interval> | <time interval>
day-time interval,record/value,LiteralValue.Interval.Text,Structural helper/value (explicitly retained or folded into owner property),no,no,7,<days value> [ <space> <hours value> [ <colon> <minutes value> [ <colon> <seconds value> ] ] ]
time interval,record/value,LiteralValue.Interval.Text,Structural helper/value (explicitly retained or folded into owner property),no,no,9,<hours value> [ <colon> <minutes value> [ <colon> <seconds value> ] ] | <minutes value> [ <colon> <seconds value> ] | <seconds value>
years value,erased alias,erased,Referenced AST target,yes,yes,1,<datetime value>
months value,erased alias,erased,Referenced AST target,yes,yes,1,<datetime value>
days value,erased alias,erased,Referenced AST target,yes,yes,1,<datetime value>
hours value,erased alias,erased,Referenced AST target,yes,yes,1,<datetime value>
minutes value,erased alias,erased,Referenced AST target,yes,yes,1,<datetime value>
seconds value,record/value,LiteralValue.DateTime.Text; LiteralValue.Interval.Text,Structural helper/value (explicitly retained or folded into owner property),no,no,3,<seconds integer value> [ <period> [ <seconds fraction> ] ]
seconds integer value,erased alias,erased,Referenced AST target,yes,yes,1,<unsigned decimal integer>
seconds fraction,erased alias,erased,Referenced AST target,yes,yes,1,<unsigned decimal integer>
datetime value,erased alias,erased,Referenced AST target,yes,yes,1,<unsigned decimal integer>
boolean literal,record/value,BooleanLiteral; LiteralValue.Boolean,Structural helper/value (explicitly retained or folded into owner property),no,no,0,TRUE | FALSE | UNKNOWN
identifier,name/value,Identifier,Identifier / QualifiedName,yes,yes,1,<actual identifier>
actual identifier,name/value,IdentifierStyle,Identifier / QualifiedName,no,yes,3,<regular identifier> | <delimited identifier> | <Unicode delimited identifier>
SQL language identifier,record/value,Identifier,Structural helper/value (explicitly retained or folded into owner property),no,no,2,<SQL language identifier start> [ <SQL language identifier part>... ]
SQL language identifier start,erased alias,erased,Referenced AST target,yes,yes,1,<simple Latin letter>
SQL language identifier part,erased classifier,erased,Polymorphic AST family,no,yes,3,<simple Latin letter> | <digit> | <underscore>
authorization identifier,erased classifier,AuthorizationIdentifier,Polymorphic AST family,no,yes,2,<role name> | <user identifier>
table name,name/value,QualifiedName,Identifier / QualifiedName,yes,yes,1,<local or schema qualified name>
domain name,name/value,QualifiedName; DataType.Domain.Name,Identifier / QualifiedName,yes,yes,1,<schema qualified name>
schema name,name/value,QualifiedName; Statement.CreateSchema.Name,Identifier / QualifiedName,no,no,3,[ <catalog name> <period> ] <unqualified schema name>
unqualified schema name,name/value,Identifier,Identifier / QualifiedName,yes,yes,1,<identifier>
catalog name,name/value,Identifier; QualifiedName.Parts,Identifier / QualifiedName,yes,yes,1,<identifier>
schema qualified name,name/value,QualifiedName,Identifier / QualifiedName,no,no,3,[ <schema name> <period> ] <qualified identifier>
local or schema qualified name,name/value,QualifiedName,Identifier / QualifiedName,no,no,3,[ <local or schema qualifier> <period> ] <qualified identifier>
local or schema qualifier,erased classifier,erased,Polymorphic AST family,no,yes,2,<schema name> | <local qualifier>
qualified identifier,name/value,Identifier,Identifier / QualifiedName,yes,yes,1,<identifier>
column name,name/value,Identifier,Identifier / QualifiedName,yes,yes,1,<identifier>
correlation name,name/value,Identifier; Alias.Name,Identifier / QualifiedName,yes,yes,1,<identifier>
query name,name/value,Identifier; CommonTableExpression.Name,Identifier / QualifiedName,yes,yes,1,<identifier>
SQL-client module name,name/value,SqlClientModule.Name,Identifier / QualifiedName,yes,yes,1,<identifier>
procedure name,name/value,ModuleContent.Procedure.Name,Identifier / QualifiedName,yes,yes,1,<identifier>
schema qualified routine name,name/value,QualifiedName,Identifier / QualifiedName,yes,yes,1,<schema qualified name>
method name,name/value,Identifier; Expression.Member.Name,Identifier / QualifiedName,yes,yes,1,<identifier>
specific name,name/value,QualifiedName,Identifier / QualifiedName,yes,yes,1,<schema qualified name>
cursor name,name/value,CursorReference.Name; Identifier,Identifier / QualifiedName,yes,yes,1,<local qualified name>
local qualified name,name/value,QualifiedName,Identifier / QualifiedName,no,no,3,[ <local qualifier> <period> ] <qualified identifier>
local qualifier,record/value,QualifiedName.Parts,Structural helper/value (explicitly retained or folded into owner property),no,no,0,MODULE
host parameter name,name/value,Expression.Parameter; ParameterKind.Host; Expression.Parameter.Name,Identifier / QualifiedName,no,yes,2,<colon> <identifier>
SQL parameter name,name/value,Identifier,Identifier / QualifiedName,yes,yes,1,<identifier>
constraint name,name/value,QualifiedName; Constraint.Name,Identifier / QualifiedName,yes,yes,1,<schema qualified name>
external routine name,name/value,RoutineCharacteristic.ExternalName.Name; RoutineBody.External.Name,Identifier / QualifiedName,no,yes,2,<identifier> | <character string literal>
trigger name,name/value,QualifiedName; Statement.CreateTrigger.Name; Statement.DropTrigger.Names,Identifier / QualifiedName,yes,yes,1,<schema qualified name>
collation name,name/value,CollationName,Identifier / QualifiedName,yes,yes,1,<schema qualified name>
character set name,name/value,CharacterSetName,Identifier / QualifiedName,no,no,3,[ <schema name> <period> ] <SQL language identifier>
transliteration name,name/value,QualifiedName; Expression.TranslateUsing.Name,Identifier / QualifiedName,yes,yes,1,<schema qualified name>
transcoding name,name/value,QualifiedName; Expression.TranslateUsing.Name,Identifier / QualifiedName,yes,yes,1,<schema qualified name>
schema-resolved user-defined type name,erased classifier/alias,erased,DataType / type helper,yes,yes,1,<user-defined type name>
user-defined type name,type/value/enum,QualifiedName; DataType.UserDefined.Name,DataType / type helper,no,no,3,[ <schema name> <period> ] <qualified identifier>
attribute name,name/value,Identifier,Identifier / QualifiedName,yes,yes,1,<identifier>
field name,name/value,Identifier; FieldDefinition.Name,Identifier / QualifiedName,yes,yes,1,<identifier>
savepoint name,name/value,Identifier,Identifier / QualifiedName,yes,yes,1,<identifier>
sequence generator name,name/value,QualifiedName; Expression.NextValue.Sequence,Identifier / QualifiedName,yes,yes,1,<schema qualified name>
role name,name/value,Identifier,Identifier / QualifiedName,yes,yes,1,<identifier>
user identifier,erased alias,erased,Referenced AST target,yes,yes,1,<identifier>
connection name,name/value,ConnectionTarget.Name; ConnectionObject.Named.Name,Identifier / QualifiedName,yes,yes,1,<simple value specification>
SQL-server name,name/value,ConnectionTarget.Server,Identifier / QualifiedName,yes,yes,1,<simple value specification>
connection user name,name/value,ConnectionTarget.User,Identifier / QualifiedName,yes,yes,1,<simple value specification>
SQL statement name,erased classifier/alias,erased,Statement,no,yes,2,<statement name> | <extended statement name>
statement name,erased classifier/alias,erased,Statement,yes,yes,1,<identifier>
extended statement name,statement/property,StatementReference.ExtendedName; StatementReference.Global; StatementReference.Local,Statement,no,no,2,[ <scope option> ] <simple value specification>
dynamic cursor name,name/value,erased,Identifier / QualifiedName,no,yes,2,<conventional dynamic cursor name> | <PTF cursor name>
conventional dynamic cursor name,name/value,erased,Identifier / QualifiedName,no,yes,2,<cursor name> | <extended cursor name>
extended cursor name,name/value,CursorReference.ExtendedName; CursorReference.Global; CursorReference.Local,Identifier / QualifiedName,no,no,2,[ <scope option> ] <simple value specification>
PTF cursor name,name/value,CursorReference.Ptf; CursorReference.ExtendedName,Identifier / QualifiedName,no,no,1,PTF <simple value specification>
descriptor name,name/value,erased,Identifier / QualifiedName,no,yes,2,<conventional descriptor name> | <PTF descriptor name>
conventional descriptor name,name/value,erased,Identifier / QualifiedName,no,yes,2,<non-extended descriptor name> | <extended descriptor name>
non-extended descriptor name,name/value,DescriptorReference.Name,Identifier / QualifiedName,yes,yes,1,<identifier>
extended descriptor name,name/value,DescriptorReference.ExtendedName; DescriptorReference.Global; DescriptorReference.Local,Identifier / QualifiedName,no,no,2,[ <scope option> ] <simple value specification>
scope option,enum/value,StatementReference.Global; StatementReference.Local; CursorReference.Global; CursorReference.Local; DescriptorReference.Global; DescriptorReference.Local,Enum/value/helper,no,no,0,GLOBAL | LOCAL
PTF descriptor name,name/value,DescriptorReference.Ptf; DescriptorReference.ExtendedName,Identifier / QualifiedName,no,no,1,PTF <simple value specification>
window name,name/value,Identifier; WindowDefinition.Name; WindowReference.NameRef.Name,Identifier / QualifiedName,yes,yes,1,<identifier>
row pattern variable name,family/value/enum,Identifier; RowPattern.Variable.Name,RowPattern AST,yes,yes,1,<correlation name>
measure name,name/value,Identifier; RowPatternMeasure.Name,Identifier / QualifiedName,yes,yes,1,<identifier>
data type,erased classifier/alias,DataType,DataType / type helper,no,yes,5,<predefined type> | <row type> | <path-resolved user-defined type name> | <reference type> | <collection type>
predefined type,type/value/enum,DataType; DataType.Character.CharacterSet; DataType.Character.Collation,DataType / type helper,no,no,11,<character string type> [ CHARACTER SET <character set specification> ] [ <collate clause> ] | <national character string type> [ <collate clause> ] | <binary string type> | <numeric type> | <boolean type> | <datetime ty
character string type,type/value/enum,DataType.Character; CharacterTypeKind; DataType.Character.Length,DataType / type helper,no,no,16,CHARACTER [ <left paren> <character length> <right paren> ] | CHAR [ <left paren> <character length> <right paren> ] | CHARACTER VARYING [ <left paren> <character maximum length> <right paren> ] | CHAR VARYING [ <left pa
character large object type,type/value/enum,DataType.Character; CharacterTypeKind.CharacterLargeObject; CharacterTypeKind.CharLargeObject; CharacterTypeKind.Clob; DataType.Character.LargeObject; DataType.Character.Unit,DataType / type helper,no,no,9,CHARACTER LARGE OBJECT [ <left paren> <character large object length> <right paren> ] | CHAR LARGE OBJECT [ <left paren> <character large object length> <right paren> ] | CLOB [ <left paren> <character large object lengt
national character string type,type/value/enum,DataType.Character; CharacterTypeKind; DataType.Character.Length,DataType / type helper,no,no,19,NATIONAL CHARACTER [ <left paren> <character length> <right paren> ] | NATIONAL CHAR [ <left paren> <character length> <right paren> ] | NCHAR [ <left paren> <character length> <right paren> ] | NATIONAL CHARACTER VARYIN
national character large object type,type/value/enum,DataType.Character; CharacterTypeKind.NationalCharacterLargeObject; CharacterTypeKind.NcharLargeObject; CharacterTypeKind.Nclob; DataType.Character.LargeObject,DataType / type helper,no,no,9,NATIONAL CHARACTER LARGE OBJECT [ <left paren> <character large object length> <right paren> ] | NCHAR LARGE OBJECT [ <left paren> <character large object length> <right paren> ] | NCLOB [ <left paren> <character large o
binary string type,type/value/enum,DataType.Binary; BinaryTypeKind.Binary; BinaryTypeKind.BinaryVarying; BinaryTypeKind.Varbinary; DataType.Binary.Length,DataType / type helper,no,no,10,BINARY [ <left paren> <length> <right paren> ] | BINARY VARYING [ <left paren> <maximum length> <right paren> ] | VARBINARY [ <left paren> <maximum length> <right paren> ] | <binary large object string type>
binary large object string type,type/value/enum,DataType.Binary; BinaryTypeKind.BinaryLargeObject; BinaryTypeKind.Blob; DataType.Binary.LargeObject,DataType / type helper,no,no,6,BINARY LARGE OBJECT [ <left paren> <large object length> <right paren> ] | BLOB [ <left paren> <large object length> <right paren> ]
numeric type,erased classifier/alias,erased,DataType / type helper,no,yes,3,<exact numeric type> | <approximate numeric type> | <decimal floating-point type>
exact numeric type,type/value/enum,DataType.Numeric; NumericTypeKind; DataType.Numeric.Precision; DataType.Numeric.Scale,DataType / type helper,no,no,15,NUMERIC [ <left paren> <precision> [ <comma> <scale> ] <right paren> ] | DECIMAL [ <left paren> <precision> [ <comma> <scale> ] <right paren> ] | DEC [ <left paren> <precision> [ <comma> <scale> ] <right paren> ] | SMALL
approximate numeric type,type/value/enum,DataType.Numeric; NumericTypeKind.Float; NumericTypeKind.Real; NumericTypeKind.DoublePrecision; DataType.Numeric.Precision,DataType / type helper,no,no,3,FLOAT [ <left paren> <precision> <right paren> ] | REAL | DOUBLE PRECISION
decimal floating-point type,type/value/enum,DataType.Numeric; NumericTypeKind.DecFloat; DataType.Numeric.Precision,DataType / type helper,no,no,3,DECFLOAT [ <left paren> <precision> <right paren> ]
length,erased alias,erased,Referenced AST target,yes,yes,1,<unsigned integer>
maximum length,erased alias,erased,Referenced AST target,yes,yes,1,<length>
character length,record/value,DataType.Character.Length; DataType.Character.Unit,Structural helper/value (explicitly retained or folded into owner property),no,no,2,<length> [ <char length units> ]
character maximum length,erased alias,erased,Referenced AST target,yes,yes,1,<character length>
large object length,record/value,LargeObjectSize; DataType.Binary.LargeObject; DataType.Character.LargeObject,Structural helper/value (explicitly retained or folded into owner property),no,no,3,<unsigned integer> [ <multiplier> ] | <large object length token>
character large object length,record/value,DataType.Character.LargeObject; DataType.Character.Unit,Structural helper/value (explicitly retained or folded into owner property),no,no,2,<large object length> [ <char length units> ]
char length units,enum/value,LengthUnit; CharacterLengthUnits,Enum/value/helper,no,no,0,CHARACTERS | OCTETS
precision,erased alias,erased,Referenced AST target,yes,yes,1,<unsigned integer>
scale,erased alias,erased,Referenced AST target,yes,yes,1,<unsigned integer>
boolean type,type/value/enum,DataType.Boolean,DataType / type helper,no,no,0,BOOLEAN
datetime type,type/value/enum,DataType.DateTime; DateTimeTypeKind; DataType.DateTime.Precision; DataType.DateTime.TimeZone,DataType / type helper,no,no,8,DATE | TIME [ <left paren> <time precision> <right paren> ] [ <with or without time zone> ] | TIMESTAMP [ <left paren> <timestamp precision> <right paren> ] [ <with or without time zone> ]
with or without time zone,expression/value,TimeZoneMode,Expression or expression helper/enum,no,no,0,WITH TIME ZONE | WITHOUT TIME ZONE
time precision,erased alias,erased,Referenced AST target,yes,yes,1,<time fractional seconds precision>
timestamp precision,erased alias,erased,Referenced AST target,yes,yes,1,<time fractional seconds precision>
time fractional seconds precision,erased alias,erased,Referenced AST target,yes,yes,1,<unsigned integer>
interval type,type/value/enum,DataType.Interval,DataType / type helper,no,no,1,INTERVAL <interval qualifier>
row type,type/value/enum,DataType.Row,DataType / type helper,no,no,1,ROW <row type body>
row type body,type/value/enum,DataType.Row.Fields,DataType / type helper,no,no,5,<left paren> <field definition> [ { <comma> <field definition> }... ] <right paren>
reference type,type/value/enum,DataType.Reference,DataType / type helper,no,no,4,REF <left paren> <referenced type> <right paren> [ <scope clause> ]
scope clause,property/value,DataType.Reference.Scope; ColumnOptionList.Scope,Clause/helper/property,no,no,1,SCOPE <table name>
referenced type,erased classifier/alias,DataType.Reference.ReferencedType,DataType / type helper,yes,yes,1,<path-resolved user-defined type name>
path-resolved user-defined type name,erased classifier/alias,erased,DataType / type helper,yes,yes,1,<user-defined type name>
collection type,erased classifier/alias,erased,DataType / type helper,no,yes,2,<array type> | <multiset type>
array type,type/value/enum,DataType.Array; DataType.Array.MaximumCardinality; DataType.Array.Trigraphs,DataType / type helper,no,no,4,<data type> ARRAY [ <left bracket or trigraph> <maximum cardinality> <right bracket or trigraph> ]
maximum cardinality,erased alias,DataType.Array.MaximumCardinality,Referenced AST target,yes,yes,1,<unsigned integer>
multiset type,type/value/enum,DataType.Multiset,DataType / type helper,no,no,1,<data type> MULTISET
JSON type,family/value/enum,DataType.Json,JSON/JSON Path AST,no,no,0,JSON
field definition,erased classifier,FieldDefinition,Polymorphic AST family,no,yes,2,<field name> <data type>
value expression primary,erased classifier/alias,erased,Expression,no,yes,2,<parenthesized value expression> | <non-parenthesized value expression primary>
parenthesized value expression,erased classifier/alias,erased,Expression,no,yes,3,<left paren> <value expression> <right paren>
non-parenthesized value expression primary,erased classifier/alias,erased,Expression,no,yes,26,<unsigned value specification> | <column reference> | <set function specification> | <window function> | <nested window function> | <scalar subquery> | <case expression> | <cast specification> | <field reference> | <subt
collection value constructor,erased classifier,erased,Polymorphic AST family,no,yes,2,<array value constructor> | <multiset value constructor>
value specification,erased classifier/alias,erased,Expression,no,yes,2,<literal> | <general value specification>
unsigned value specification,erased classifier/alias,erased,Expression,no,yes,2,<unsigned literal> | <general value specification>
general value specification,expression/value,Expression.Current; CurrentValue; Expression.Parameter; Expression.CollationFor,Expression,no,no,6,<host parameter specification> | <SQL parameter reference> | <dynamic parameter specification> | <embedded variable specification> | <current collation specification> | CURRENT_CATALOG | CURRENT_DEFAULT_TRANSFORM_GROUP |
simple value specification,erased classifier/alias,erased,Expression,no,yes,4,<literal> | <host parameter name> | <SQL parameter reference> | <embedded variable name>
target specification,erased classifier/alias,erased,Expression,no,yes,6,<host parameter specification> | <SQL parameter reference> | <column reference> | <target array element specification> | <dynamic parameter specification> | <embedded variable specification>
simple target specification,erased classifier/alias,erased,Expression,no,yes,4,<host parameter name> | <SQL parameter reference> | <column reference> | <embedded variable name>
host parameter specification,enum/value,Expression.Parameter; ParameterKind.Host; Expression.Parameter.Indicator,Enum/value/helper,no,no,2,<host parameter name> [ <indicator parameter> ]
dynamic parameter specification,erased alias,Expression.Parameter; ParameterKind.Dynamic,Referenced AST target,yes,yes,1,<question mark>
embedded variable specification,enum/value,Expression.Parameter; ParameterKind.Embedded; Expression.Parameter.Indicator,Enum/value/helper,no,no,2,<embedded variable name> [ <indicator variable> ]
indicator variable,record/value,Expression.Parameter.Indicator; Expression.Parameter.IndicatorKeyword,Structural helper/value (explicitly retained or folded into owner property),no,no,1,[ INDICATOR ] <embedded variable name>
indicator parameter,record/value,Expression.Parameter.Indicator; Expression.Parameter.IndicatorKeyword,Structural helper/value (explicitly retained or folded into owner property),no,no,1,[ INDICATOR ] <host parameter name>
target array element specification,erased classifier,erased,Polymorphic AST family,no,yes,4,<target array reference> <left bracket or trigraph> <simple value specification> <right bracket or trigraph>
target array reference,erased classifier,erased,Polymorphic AST family,no,yes,2,<SQL parameter reference> | <column reference>
current collation specification,enum/value,Expression.CollationFor,Enum/value/helper,no,no,3,COLLATION FOR <left paren> <string value expression> <right paren>
contextually typed value specification,erased classifier,erased,Polymorphic AST family,no,yes,2,<implicitly typed value specification> | <default specification>
implicitly typed value specification,erased classifier,erased,Polymorphic AST family,no,yes,2,<null specification> | <empty specification>
null specification,enum/value,LiteralValue.Null,Enum/value/helper,no,no,0,NULL
empty specification,enum/value,Expression.Array; Expression.Multiset; Expression.Array.Trigraphs; Expression.Multiset.Trigraphs,Enum/value/helper,no,no,4,ARRAY <left bracket or trigraph> <right bracket or trigraph> | MULTISET <left bracket or trigraph> <right bracket or trigraph>
default specification,enum/value,Expression.Default,Enum/value/helper,no,no,0,DEFAULT
identifier chain,name/value,QualifiedName,Identifier / QualifiedName,no,no,3,<identifier> [ { <period> <identifier> }... ]
basic identifier chain,name/value,erased,Identifier / QualifiedName,yes,yes,1,<identifier chain>
column reference,record/value,Expression.Reference; QualifiedName,Structural helper AST,no,no,5,<basic identifier chain> | MODULE <period> <qualified identifier> <period> <column name>
SQL parameter reference,erased alias,erased,Referenced AST target,yes,yes,1,<basic identifier chain>
set function specification,enum/value,Expression.Invocation; Expression.Invocation.Semantics,Enum/value/helper,no,no,3,| [ <running or final> ] <aggregate function> | <grouping operation>
running or final,enum/value,RowPatternSemantics; Expression.Invocation.Semantics,Enum/value/helper,no,no,0,RUNNING | FINAL
grouping operation,expression/value,Expression.Invocation,Expression or expression helper/enum,no,no,5,GROUPING <left paren> <column reference> [ { <comma> <column reference> }... ] <right paren>
window function,record/value,Expression.Invocation; Expression.Invocation.Over,Structural helper AST,no,no,2,<window function type> OVER <window name or specification>
window function type,type/value/enum,Expression.Invocation; Expression.Invocation.Name,DataType / type helper,no,no,11,<rank function type> <left paren> <right paren> | ROW_NUMBER <left paren> <right paren> | <aggregate function> | <ntile function> | <lead or lag function> | <first or last value function> | <nth value function> | <window
rank function type,type/value/enum,Expression.Invocation.Name,DataType / type helper,no,no,0,RANK | DENSE_RANK | PERCENT_RANK | CUME_DIST
ntile function,expression/value,Expression.Invocation,Expression or expression helper/enum,no,no,3,NTILE <left paren> <number of tiles> <right paren>
number of tiles,erased classifier,erased,Polymorphic AST family,no,yes,2,<simple value specification> | <dynamic parameter specification>
lead or lag function,expression/value,Expression.Invocation; Expression.Invocation.Nulls,Expression or expression helper/enum,no,no,9,<lead or lag> <left paren> <lead or lag extent> [ <comma> <offset> [ <comma> <default expression> ] ] <right paren> [ <window function null treatment> ]
lead or lag,record/value,Expression.Invocation.Name,Structural helper/value (explicitly retained or folded into owner property),no,no,0,LEAD | LAG
lead or lag extent,erased alias,erased,Referenced AST target,yes,yes,1,<value expression>
offset,erased alias,erased,Referenced AST target,yes,yes,1,<unsigned integer>
default expression,erased classifier/alias,erased,Expression,yes,yes,1,<value expression>
window function null treatment,record/value,NullTreatment; Expression.Invocation.Nulls,Structural helper AST,no,no,0,RESPECT NULLS | IGNORE NULLS
first or last value function,expression/value,Expression.Invocation; Expression.Invocation.Nulls,Expression or expression helper/enum,no,no,5,<first or last value> <left paren> <value expression> <right paren> [ <window function null treatment> ]
first or last value,expression/value,Expression.Invocation.Name,Expression or expression helper/enum,no,no,0,FIRST_VALUE | LAST_VALUE
nth value function,expression/value,Expression.Invocation; Expression.Invocation.From; Expression.Invocation.Nulls,Expression or expression helper/enum,no,no,7,NTH_VALUE <left paren> <value expression> <comma> <nth row> <right paren> [ <from first or last> ] [ <window function null treatment> ]
nth row,erased classifier,erased,Polymorphic AST family,no,yes,2,<simple value specification> | <dynamic parameter specification>
from first or last,expression/value,FromFirstOrLast; Expression.Invocation.From,Expression or expression helper/enum,no,no,0,FROM FIRST | FROM LAST
window name or specification,name/value,WindowReference; Expression.Invocation.Over,Identifier / QualifiedName,no,yes,2,<window name> | <in-line window specification>
in-line window specification,erased alias,erased,Referenced AST target,yes,yes,1,<window specification>
window row pattern measure,family/value/enum,Expression.Invocation; Expression.Invocation.WithoutParentheses; Expression.Invocation.Over,RowPattern AST,yes,yes,1,<measure name>
nested window function,erased classifier,erased,Polymorphic AST family,no,yes,2,<nested row number function> | <value_of expression at row>
nested row number function,expression/value,Expression.Invocation; Expression.RowMarker,Expression or expression helper/enum,no,no,3,ROW_NUMBER <left paren> <row marker> <right paren>
value_of expression at row,expression/value,Expression.ValueOf,Expression,no,no,6,VALUE_OF <left paren> <value expression> AT <row marker expression> [ <comma> <value_of default value> ] <right paren>
row marker,expression/value,RowMarkerKind; Expression.RowMarker.Kind,Expression or expression helper/enum,no,no,0,BEGIN_PARTITION | BEGIN_FRAME | CURRENT_ROW | FRAME_ROW | END_FRAME | END_PARTITION
row marker expression,expression/value,Expression.RowMarker,Expression,no,no,2,<row marker> [ <row marker delta> ]
row marker delta,erased classifier,erased,Polymorphic AST family,no,yes,4,<plus sign> <row marker offset> | <minus sign> <row marker offset>
row marker offset,erased classifier,erased,Polymorphic AST family,no,yes,2,<simple value specification> | <dynamic parameter specification>
value_of default value,erased alias,erased,Referenced AST target,yes,yes,1,<value expression>
case expression,erased classifier/alias,erased,Expression,no,yes,2,<case abbreviation> | <case specification>
case abbreviation,expression/value,Expression.Invocation; Expression.Invocation.Name,Expression or expression helper/enum,no,no,10,NULLIF <left paren> <value expression> <comma> <value expression> <right paren> | COALESCE <left paren> <value expression> { <comma> <value expression> }... <right paren>
case specification,erased classifier,erased,Polymorphic AST family,no,yes,2,<simple case> | <searched case>
simple case,expression/value,Expression.Case; Expression.Case.Operand,Expression or expression helper/enum,no,no,3,CASE <case operand> <simple when clause>... [ <else clause> ] END
searched case,expression/value,Expression.Case,Expression or expression helper/enum,no,no,2,CASE <searched when clause>... [ <else clause> ] END
simple when clause,property/value,CaseWhen,Clause/helper/property,no,no,2,WHEN <when operand list> THEN <result>
searched when clause,property/value,CaseWhen,Clause/helper/property,no,no,2,WHEN <search condition> THEN <result>
else clause,property/value,Expression.Case.Else,Clause/helper/property,no,no,1,ELSE <result>
case operand,erased classifier,Expression.Case.Operand,Polymorphic AST family,no,yes,2,<row value predicand> | <overlaps predicate part 1>
when operand list,list property,CaseWhen.When,IReadOnlyList<T> property,no,no,3,<when operand> [ { <comma> <when operand> }... ]
when operand,erased classifier,CaseWhen.When; Expression.CaseOperand,Polymorphic AST family,no,yes,18,<row value predicand> | <comparison predicate part 2> | <between predicate part 2> | <in predicate part 2> | <character like predicate part 2> | <octet like predicate part 2> | <similar predicate part 2> | <regex like pr
result,expression/value,CaseWhen.Then; Expression.Case.Else,Expression or expression helper/enum,no,no,1,<result expression> | NULL
result expression,erased classifier/alias,erased,Expression,yes,yes,1,<value expression>
cast specification,enum/value,Expression.Cast; Expression.Cast.Format,Enum/value/helper,no,no,5,CAST <left paren> <cast operand> AS <cast target> [ FORMAT <cast template> ] <right paren>
cast operand,erased classifier,erased,Polymorphic AST family,no,yes,2,<value expression> | <implicitly typed value specification>
cast target,erased classifier,erased,Polymorphic AST family,no,yes,2,<domain name> | <data type>
cast template,erased alias,erased,Referenced AST target,yes,yes,1,<character string literal>
next value expression,expression/value,Expression.NextValue,Expression,no,no,1,NEXT VALUE FOR <sequence generator name>
greatest or least function,expression/value,Expression.Invocation,Expression or expression helper/enum,no,no,6,<greatest or least> <left paren> <value expression> { <comma> <value expression> }... <right paren>
greatest or least,expression/value,Expression.Invocation.Name,Expression or expression helper/enum,no,no,0,GREATEST | LEAST
field reference,erased classifier,erased,Polymorphic AST family,no,yes,3,<value expression primary> <period> <field name>
subtype treatment,expression/value,Expression.Treat,Expression or expression helper/enum,no,no,4,TREAT <left paren> <subtype operand> AS <target subtype> <right paren>
subtype operand,erased alias,erased,Referenced AST target,yes,yes,1,<value expression>
target subtype,erased classifier,erased,Polymorphic AST family,no,yes,2,<path-resolved user-defined type name> | <reference type>
method invocation,erased classifier,erased,Polymorphic AST family,no,yes,2,<direct invocation> | <generalized invocation>
direct invocation,expression/value,Expression.Member; MemberAccessKind.Dot; Expression.Member.Arguments,Expression or expression helper/enum,no,no,4,<value expression primary> <period> <method name> [ <SQL argument list> ]
generalized invocation,expression/value,Expression.Member; Expression.Generalized,Expression or expression helper/enum,no,no,7,<left paren> <value expression primary> AS <data type> <right paren> <period> <method name> [ <SQL argument list> ]
method selection,erased alias,erased,Referenced AST target,yes,yes,1,<routine invocation>
constructor method selection,erased alias,erased,Referenced AST target,yes,yes,1,<routine invocation>
static method invocation,expression/value,Expression.Member; MemberAccessKind.StaticMethod,Expression or expression helper/enum,no,no,4,<path-resolved user-defined type name> <double colon> <method name> [ <SQL argument list> ]
static method selection,erased alias,erased,Referenced AST target,yes,yes,1,<routine invocation>
new specification,enum/value,Expression.New,Enum/value/helper,no,no,2,NEW <path-resolved user-defined type name> <SQL argument list>
new invocation,erased classifier,erased,Polymorphic AST family,no,yes,2,<method invocation> | <routine invocation>
attribute or method reference,record/value,Expression.Member; MemberAccessKind.Dereference,Structural helper/value (explicitly retained or folded into owner property),no,no,4,<value expression primary> <dereference operator> <qualified identifier> [ <SQL argument list> ]
dereference operator,erased alias,erased,Referenced AST target,yes,yes,1,<right arrow>
dereference operation,erased classifier,Expression.Member; MemberAccessKind.Dereference,Polymorphic AST family,no,yes,3,<reference value expression> <dereference operator> <attribute name>
method reference,erased classifier,erased,Polymorphic AST family,no,yes,4,<value expression primary> <dereference operator> <method name> <SQL argument list>
reference resolution,expression/value,Expression.Dereference,Expression or expression helper/enum,no,no,3,DEREF <left paren> <reference value expression> <right paren>
array element reference,erased classifier,Expression.Element; Expression.Element.Trigraphs,Polymorphic AST family,no,yes,4,<array value expression> <left bracket or trigraph> <numeric value expression> <right bracket or trigraph>
multiset element reference,expression/value,Expression.Invocation,Expression or expression helper/enum,no,no,3,ELEMENT <left paren> <multiset value expression> <right paren>
row pattern navigation operation,family/value/enum,Expression.Invocation; Expression.Invocation.Semantics,RowPattern AST,no,yes,3,<row pattern navigation: logical> | <row pattern navigation: physical> | <row pattern navigation: compound>
row pattern navigation: logical,family/value/enum,Expression.Invocation; Expression.Invocation.Semantics,RowPattern AST,no,no,7,[ <running or final> ] <first or last> <left paren> <value expression> [ <comma> <logical offset> ] <right paren>
row pattern navigation: physical,family/value/enum,Expression.Invocation,RowPattern AST,no,no,6,<prev or next> <left paren> <value expression> [ <comma> <physical offset> ] <right paren>
row pattern navigation: compound,family/value/enum,Expression.Invocation; Expression.Invocation.Semantics,RowPattern AST,no,no,12,<prev or next> <left paren> [ <running or final> ] <first or last> <left paren> <value expression> [ <comma> <logical offset> ] <right paren> [ <comma> <physical offset> ] <right paren>
first or last,expression/value,Expression.Invocation.Name,Expression or expression helper/enum,no,no,0,FIRST | LAST
prev or next,expression/value,Expression.Invocation.Name,Expression or expression helper/enum,no,no,0,PREV | NEXT
logical offset,erased classifier,erased,Polymorphic AST family,no,yes,2,<simple value specification> | <dynamic parameter specification>
physical offset,erased classifier,erased,Polymorphic AST family,no,yes,2,<simple value specification> | <dynamic parameter specification>
JSON value function,family/value/enum,Expression.JsonValue,JSON/JSON Path AST,no,no,6,JSON_VALUE <left paren> <JSON API common syntax> [ <JSON returning clause> ] [ <JSON value empty behavior> ON EMPTY ] [ <JSON value error behavior> ON ERROR ] <right paren>
JSON returning clause,family/value/enum,Expression.JsonValue.Returning,JSON/JSON Path AST,no,no,1,RETURNING <data type>
JSON value empty behavior,family/value/enum,JsonValueBehavior; Expression.JsonValue.OnEmpty; JsonTableColumn.Regular.OnEmpty,JSON/JSON Path AST,no,no,1,ERROR | NULL | DEFAULT <value expression>
JSON value error behavior,family/value/enum,JsonValueBehavior; Expression.JsonValue.OnError; JsonTableColumn.Regular.OnError,JSON/JSON Path AST,no,no,1,ERROR | NULL | DEFAULT <value expression>
value expression,erased classifier/alias,Expression,Expression,no,yes,3,<common value expression> | <boolean value expression> | <row value expression>
common value expression,erased classifier/alias,erased,Expression,no,yes,8,<numeric value expression> | <string value expression> | <datetime value expression> | <interval value expression> | <user-defined type value expression> | <reference value expression> | <collection value expression> | <
user-defined type value expression,erased classifier/alias,erased,Expression,yes,yes,1,<value expression primary>
reference value expression,erased classifier/alias,erased,Expression,yes,yes,1,<value expression primary>
collection value expression,erased classifier/alias,erased,Expression,no,yes,2,<array value expression> | <multiset value expression>
numeric value expression,erased classifier/alias,erased,Expression,no,yes,7,<term> | <numeric value expression> <plus sign> <term> | <numeric value expression> <minus sign> <term>
term,erased classifier,erased,Polymorphic AST family,no,yes,7,<factor> | <term> <asterisk> <factor> | <term> <solidus> <factor>
factor,expression/value,Expression.Unary; UnaryOperator.Plus; UnaryOperator.Minus,Expression or expression helper/enum,no,no,2,[ <sign> ] <numeric primary>
numeric primary,erased classifier,erased,Polymorphic AST family,no,yes,2,<value expression primary> | <numeric value function>
numeric value function,erased classifier,erased,Polymorphic AST family,no,yes,20,<position expression> | <regex occurrences function> | <regex position expression> | <extract expression> | <length expression> | <cardinality expression> | <max cardinality expression> | <absolute value expression> | <m
position expression,erased classifier/alias,erased,Expression,no,yes,2,<character position expression> | <binary position expression>
regex occurrences function,expression/value,Expression.Regex; RegexFunction.OccurrencesRegex,Expression or expression helper/enum,no,no,7,OCCURRENCES_REGEX <left paren> <XQuery pattern> [ FLAG <XQuery option flag> ] IN <regex subject string> [ FROM <start position> ] [ USING <char length units> ] <right paren>
XQuery pattern,erased alias,erased,Referenced AST target,yes,yes,1,<character value expression>
XQuery option flag,erased alias,erased,Referenced AST target,yes,yes,1,<character value expression>
regex subject string,erased alias,erased,Referenced AST target,yes,yes,1,<character value expression>
regex position expression,expression/value,Expression.Regex; RegexFunction.PositionRegex,Expression,no,no,10,POSITION_REGEX <left paren> [ <regex position start or after> ] <XQuery pattern> [ FLAG <XQuery option flag> ] IN <regex subject string> [ FROM <start position> ] [ USING <char length units> ] [ OCCURRENCE <regex occurre
regex position start or after,record/value,RegexPositionStartOrAfter; Expression.Regex.StartOrAfter,Structural helper/value (explicitly retained or folded into owner property),no,no,0,START | AFTER
regex occurrence,erased alias,erased,Referenced AST target,yes,yes,1,<numeric value expression>
regex capture group,erased alias,erased,Referenced AST target,yes,yes,1,<numeric value expression>
character position expression,expression/value,Expression.Position; Expression.Position.Using,Expression,no,no,5,POSITION <left paren> <character value expression 1> IN <character value expression 2> [ USING <char length units> ] <right paren>
character value expression 1,erased classifier/alias,erased,Expression,yes,yes,1,<character value expression>
character value expression 2,erased classifier/alias,erased,Expression,yes,yes,1,<character value expression>
binary position expression,expression/value,Expression.Position,Expression,no,no,4,POSITION <left paren> <binary value expression> IN <binary value expression> <right paren>
length expression,erased classifier/alias,erased,Expression,no,yes,2,<char length expression> | <octet length expression>
char length expression,expression/value,Expression.Length; LengthFunction.CharLength; LengthFunction.CharacterLength; Expression.Length.Using,Expression,no,no,4,{ CHAR_LENGTH | CHARACTER_LENGTH } <left paren> <character value expression> [ USING <char length units> ] <right paren>
octet length expression,expression/value,Expression.Length; LengthFunction.OctetLength,Expression,no,no,3,OCTET_LENGTH <left paren> <string value expression> <right paren>
extract expression,expression/value,Expression.Extract,Expression,no,no,4,EXTRACT <left paren> <extract field> FROM <extract source> <right paren>
extract field,erased classifier,ExtractField; Expression.Extract.Field,Polymorphic AST family,no,yes,2,<primary datetime field> | <time zone field>
time zone field,enum/value,ExtractField.TimezoneHour; ExtractField.TimezoneMinute,Enum/value/helper,no,no,0,TIMEZONE_HOUR | TIMEZONE_MINUTE
extract source,erased classifier,erased,Polymorphic AST family,no,yes,2,<datetime value expression> | <interval value expression>
cardinality expression,expression/value,Expression.Invocation,Expression,no,no,3,CARDINALITY <left paren> <collection value expression> <right paren>
max cardinality expression,expression/value,Expression.Invocation,Expression,no,no,3,ARRAY_MAX_CARDINALITY <left paren> <array value expression> <right paren>
absolute value expression,expression/value,Expression.Invocation,Expression,no,no,3,ABS <left paren> <numeric value expression> <right paren>
modulus expression,expression/value,Expression.Invocation,Expression,no,no,5,MOD <left paren> <numeric value expression dividend> <comma> <numeric value expression divisor> <right paren>
numeric value expression dividend,erased classifier/alias,erased,Expression,yes,yes,1,<numeric value expression>
numeric value expression divisor,erased classifier/alias,erased,Expression,yes,yes,1,<numeric value expression>
trigonometric function,erased classifier,erased,Polymorphic AST family,no,yes,4,<trigonometric function name> <left paren> <numeric value expression> <right paren>
trigonometric function name,name/value,Expression.Invocation.Name,Identifier / QualifiedName,no,no,0,SIN | COS | TAN | SINH | COSH | TANH | ASIN | ACOS | ATAN
general logarithm function,expression/value,Expression.Invocation,Expression or expression helper/enum,no,no,5,LOG <left paren> <general logarithm base> <comma> <general logarithm argument> <right paren>
general logarithm base,erased alias,erased,Referenced AST target,yes,yes,1,<numeric value expression>
general logarithm argument,erased alias,erased,Referenced AST target,yes,yes,1,<numeric value expression>
common logarithm,record/value,Expression.Invocation,Structural helper/value (explicitly retained or folded into owner property),no,no,3,LOG10 <left paren> <numeric value expression> <right paren>
natural logarithm,record/value,Expression.Invocation,Structural helper/value (explicitly retained or folded into owner property),no,no,3,LN <left paren> <numeric value expression> <right paren>
exponential function,expression/value,Expression.Invocation,Expression or expression helper/enum,no,no,3,EXP <left paren> <numeric value expression> <right paren>
power function,expression/value,Expression.Invocation,Expression or expression helper/enum,no,no,5,POWER <left paren> <numeric value expression base> <comma> <numeric value expression exponent> <right paren>
numeric value expression base,erased classifier/alias,erased,Expression,yes,yes,1,<numeric value expression>
numeric value expression exponent,erased classifier/alias,erased,Expression,yes,yes,1,<numeric value expression>
square root,record/value,Expression.Invocation,Structural helper/value (explicitly retained or folded into owner property),no,no,3,SQRT <left paren> <numeric value expression> <right paren>
floor function,expression/value,Expression.Invocation,Expression or expression helper/enum,no,no,3,FLOOR <left paren> <numeric value expression> <right paren>
ceiling function,expression/value,Expression.Invocation; Expression.Invocation.Name,Expression or expression helper/enum,no,no,3,{ CEIL | CEILING } <left paren> <numeric value expression> <right paren>
width bucket function,expression/value,Expression.Invocation,Expression or expression helper/enum,no,no,9,WIDTH_BUCKET <left paren> <width bucket operand> <comma> <width bucket bound 1> <comma> <width bucket bound 2> <comma> <width bucket count> <right paren>
width bucket operand,erased alias,erased,Referenced AST target,yes,yes,1,<numeric value expression>
width bucket bound 1,erased alias,erased,Referenced AST target,yes,yes,1,<numeric value expression>
width bucket bound 2,erased alias,erased,Referenced AST target,yes,yes,1,<numeric value expression>
width bucket count,erased alias,erased,Referenced AST target,yes,yes,1,<numeric value expression>
match number function,expression/value,Expression.Invocation,Expression or expression helper/enum,no,no,2,MATCH_NUMBER <left paren> <right paren>
string value expression,erased classifier/alias,erased,Expression,no,yes,2,<character value expression> | <binary value expression>
character value expression,erased classifier/alias,erased,Expression,no,yes,2,<concatenation> | <character factor>
concatenation,erased classifier,erased,Polymorphic AST family,no,yes,3,<character value expression> <concatenation operator> <character factor>
character factor,expression/value,Expression.Collate,Expression or expression helper/enum,no,no,2,<character primary> [ <collate clause> ]
character primary,erased classifier,erased,Polymorphic AST family,no,yes,2,<value expression primary> | <string value function>
binary value expression,erased classifier/alias,erased,Expression,no,yes,2,<binary concatenation> | <binary factor>
binary factor,erased alias,erased,Referenced AST target,yes,yes,1,<binary primary>
binary primary,erased classifier,erased,Polymorphic AST family,no,yes,2,<value expression primary> | <string value function>
binary concatenation,erased classifier,erased,Polymorphic AST family,no,yes,3,<binary value expression> <concatenation operator> <binary factor>
string value function,erased classifier,erased,Polymorphic AST family,no,yes,3,<character value function> | <binary value function> | <JSON serialize>
character value function,erased classifier,erased,Polymorphic AST family,no,yes,13,<character substring function> | <regular expression substring function> | <regex substring function> | <fold> | <transcoding> | <character transliteration> | <regex transliteration> | <pad function> | <trim function> |
character substring function,expression/value,Expression.Substring; Expression.Substring.Using,Expression or expression helper/enum,no,no,6,SUBSTRING <left paren> <character value expression> FROM <start position> [ FOR <string length> ] [ USING <char length units> ] <right paren>
regular expression substring function,expression/value,Expression.SubstringSimilar,Expression,no,no,5,SUBSTRING <left paren> <character value expression> SIMILAR <character value expression> ESCAPE <escape character> <right paren>
regex substring function,expression/value,Expression.Regex; RegexFunction.SubstringRegex,Expression or expression helper/enum,no,no,9,SUBSTRING_REGEX <left paren> <XQuery pattern> [ FLAG <XQuery option flag> ] IN <regex subject string> [ FROM <start position> ] [ USING <char length units> ] [ OCCURRENCE <regex occurrence> ] [ GROUP <regex capture group
fold,record/value,Expression.Invocation; Expression.Invocation.Name,Structural helper/value (explicitly retained or folded into owner property),no,no,3,{ UPPER | LOWER } <left paren> <character value expression> <right paren>
transcoding,expression/value,Expression.TranslateUsing; TranslateFunction.Convert,Expression or expression helper/enum,no,no,4,CONVERT <left paren> <character value expression> USING <transcoding name> <right paren>
character transliteration,expression/value,Expression.TranslateUsing; TranslateFunction.Translate,Expression or expression helper/enum,no,no,4,TRANSLATE <left paren> <character value expression> USING <transliteration name> <right paren>
regex transliteration,expression/value,Expression.Regex; RegexFunction.TranslateRegex,Expression or expression helper/enum,no,no,9,TRANSLATE_REGEX <left paren> <XQuery pattern> [ FLAG <XQuery option flag> ] IN <regex subject string> [ WITH <XQuery replacement string> ] [ FROM <start position> ] [ USING <char length units> ] [ OCCURRENCE <regex trans
XQuery replacement string,erased alias,erased,Referenced AST target,yes,yes,1,<character value expression>
regex transliteration occurrence,expression/value,Expression.Regex.Occurrence; Expression.Regex.AllOccurrences,Expression or expression helper/enum,no,no,1,<regex occurrence> | ALL
trim function,erased classifier,erased,Polymorphic AST family,no,yes,2,<single-character trim function> | <multi-character trim function>
single-character trim function,expression/value,Expression.Trim,Expression or expression helper/enum,no,no,3,TRIM <left paren> <trim operands> <right paren>
multi-character trim function,expression/value,Expression.Invocation; Expression.Invocation.Name,Expression or expression helper/enum,no,no,5,{ BTRIM | LTRIM | RTRIM } <left paren> <trim source> [ <comma> <trim character> ] <right paren>
trim operands,expression/value,Expression.Trim.Specification; Expression.Trim.Character; Expression.Trim.FromKeyword; Expression.Trim.Source,Expression or expression helper/enum,no,no,3,[ [ <trim specification> ] [ <trim character> ] FROM ] <trim source>
trim source,erased alias,erased,Referenced AST target,yes,yes,1,<character value expression>
trim specification,enum/value,TrimSpecification; Expression.Trim.Specification,Enum/value/helper,no,no,0,LEADING | TRAILING | BOTH
trim character,erased alias,erased,Referenced AST target,yes,yes,1,<character value expression>
character overlay function,expression/value,Expression.Overlay; Expression.Overlay.Using,Expression or expression helper/enum,no,no,7,OVERLAY <left paren> <character value expression> PLACING <character value expression> FROM <start position> [ FOR <string length> ] [ USING <char length units> ] <right paren>
pad function,expression/value,Expression.Invocation; Expression.Invocation.Name,Expression or expression helper/enum,no,no,3,{ LPAD | RPAD } <left paren> <pad operands> <right paren>
pad operands,record/value,Expression.Invocation.Arguments,Structural helper/value (explicitly retained or folded into owner property),no,no,5,<pad source> <comma> <total pad length> [ <comma> <padding character value expression> ]
pad source,erased alias,erased,Referenced AST target,yes,yes,1,<character value expression>
total pad length,erased alias,erased,Referenced AST target,yes,yes,1,<numeric value expression>
padding character value expression,erased classifier/alias,erased,Expression,yes,yes,1,<character value expression>
normalize function,expression/value,Expression.Normalize; Expression.Normalize.MaxLengthMultiplier; Expression.Normalize.MaxLengthUnit,Expression or expression helper/enum,no,no,7,NORMALIZE <left paren> <character value expression> [ <comma> <normal form> [ <comma> <normalize function result length> ] ] <right paren>
normal form,enum/value,NormalForm; Expression.Normalize.Form; Expression.IsNormalized.Form,Enum/value/helper,no,no,0,NFC | NFD | NFKC | NFKD
normalize function result length,erased classifier,erased,Polymorphic AST family,no,yes,2,<character length> | <character large object length>
specific type method,type/value/enum,Expression.Member; Expression.Member.Arguments,DataType / type helper,no,no,4,<user-defined type value expression> <period> SPECIFICTYPE [ <left paren> <right paren> ]
binary value function,erased classifier,erased,Polymorphic AST family,no,yes,3,<binary substring function> | <binary trim function> | <binary overlay function>
binary substring function,expression/value,Expression.Substring,Expression or expression helper/enum,no,no,5,SUBSTRING <left paren> <binary value expression> FROM <start position> [ FOR <string length> ] <right paren>
binary trim function,expression/value,Expression.Trim,Expression or expression helper/enum,no,no,3,TRIM <left paren> <binary trim operands> <right paren>
binary trim operands,expression/value,Expression.Trim.Specification; Expression.Trim.Character; Expression.Trim.FromKeyword; Expression.Trim.Source,Expression or expression helper/enum,no,no,3,[ [ <trim specification> ] [ <trim octet> ] FROM ] <binary trim source>
binary trim source,erased alias,erased,Referenced AST target,yes,yes,1,<binary value expression>
trim octet,erased alias,erased,Referenced AST target,yes,yes,1,<binary value expression>
binary overlay function,expression/value,Expression.Overlay,Expression or expression helper/enum,no,no,6,OVERLAY <left paren> <binary value expression> PLACING <binary value expression> FROM <start position> [ FOR <string length> ] <right paren>
start position,erased alias,erased,Referenced AST target,yes,yes,1,<numeric value expression>
string length,erased alias,erased,Referenced AST target,yes,yes,1,<numeric value expression>
classifier function,expression/value,Expression.Invocation,Expression or expression helper/enum,no,no,3,CLASSIFIER <left paren> [ <row pattern variable name> ] <right paren>
JSON value constructor,family/value/enum,erased,JSON/JSON Path AST,no,yes,2,<JSON object constructor> | <JSON array constructor>
JSON object constructor,family/value/enum,Expression.JsonObject,JSON/JSON Path AST,no,no,8,JSON_OBJECT <left paren> [ <JSON name and value> [ { <comma> <JSON name and value> }... ] [ <JSON constructor null clause> ] [ <JSON key uniqueness constraint> ] ] [ <JSON output clause> ] <right paren>
JSON name and value,family/value/enum,JsonMember; JsonMember.Syntax,JSON/JSON Path AST,no,yes,2,| <JSON name and value 1> | <JSON name and value 2>
JSON name and value 1,family/value/enum,JsonMember; JsonMemberSyntax.KeyValue; JsonMemberSyntax.Value,JSON/JSON Path AST,no,no,2,[ KEY ] <JSON name> VALUE <JSON input expression>
JSON name and value 2,family/value/enum,JsonMember; JsonMemberSyntax.Colon,JSON/JSON Path AST,no,yes,3,<JSON name> <colon> <JSON input expression>
JSON name,family/value/enum,JsonMember.Key,JSON/JSON Path AST,yes,yes,1,<character value expression>
JSON constructor null clause,family/value/enum,JsonNullHandling,JSON/JSON Path AST,no,no,0,NULL ON NULL | ABSENT ON NULL
JSON array constructor,family/value/enum,erased,JSON/JSON Path AST,no,yes,2,<JSON array constructor by enumeration> | <JSON array constructor by query>
JSON array constructor by enumeration,family/value/enum,Expression.JsonArray,JSON/JSON Path AST,no,no,7,JSON_ARRAY <left paren> [ <JSON input expression> [ { <comma> <JSON input expression> }... ] [ <JSON constructor null clause> ] ] [ <JSON output clause> ] <right paren>
JSON array constructor by query,family/value/enum,Expression.JsonArrayQuery; Expression.JsonArrayQuery.Nulls,JSON/JSON Path AST,no,no,6,JSON_ARRAY <left paren> <query expression> [ <JSON input clause> ] [ <JSON constructor null clause> ] [ <JSON output clause> ] <right paren>
JSON query,family/value/enum,Expression.JsonQuery,JSON/JSON Path AST,no,no,8,JSON_QUERY <left paren> <JSON API common syntax> [ <JSON output clause> ] [ <JSON query wrapper behavior> WRAPPER ] [ <JSON query quotes behavior> QUOTES [ ON SCALAR STRING ] ] [ <JSON query empty behavior> ON EMPTY ] [
JSON query wrapper behavior,family/value/enum,JsonWrapperBehavior; Expression.JsonQuery.Wrapper,JSON/JSON Path AST,no,no,0,WITHOUT [ ARRAY ] | WITH [ CONDITIONAL | UNCONDITIONAL ] [ ARRAY ]
JSON query quotes behavior,family/value/enum,JsonQuotesBehavior; JsonQuotes.Behavior,JSON/JSON Path AST,no,no,0,KEEP | OMIT
JSON query empty behavior,family/value/enum,JsonQueryBehavior; Expression.JsonQuery.OnEmpty,JSON/JSON Path AST,no,no,0,ERROR | NULL | EMPTY ARRAY | EMPTY OBJECT
JSON query error behavior,family/value/enum,JsonQueryBehavior; Expression.JsonQuery.OnError,JSON/JSON Path AST,no,no,0,ERROR | NULL | EMPTY ARRAY | EMPTY OBJECT
JSON simplified accessor,family/value/enum,Expression.Member; Expression.Element; Expression.Wildcard; Expression.JsonAccessor,JSON/JSON Path AST,no,yes,2,<value expression primary> <JSON simplified accessor op chain>
JSON simplified accessor op chain,family/value/enum,erased,JSON/JSON Path AST,no,yes,3,<JSON simplified accessor op> | <JSON simplified accessor op chain> <JSON simplified accessor op>
JSON simplified accessor op,family/value/enum,erased,JSON/JSON Path AST,no,yes,5,<JSON member accessor> | <JSON wildcard member accessor> | <JSON array accessor> | <JSON wildcard array accessor> | <JSON item method>
JSON serialize,family/value/enum,Expression.JsonSerialize,JSON/JSON Path AST,no,no,4,JSON_SERIALIZE <left paren> <JSON value expression> [ <JSON output clause> ] <right paren>
JSON value expression,family/value/enum,JsonElement.Value; JsonMember.Value,JSON/JSON Path AST,yes,yes,1,<JSON primary>
JSON primary,family/value/enum,erased,JSON/JSON Path AST,no,yes,2,<value expression primary> | <JSON typed value function>
JSON typed value function,family/value/enum,erased,JSON/JSON Path AST,no,yes,2,<JSON parse> | <JSON scalar>
JSON parse,family/value/enum,Expression.JsonParse,JSON/JSON Path AST,no,no,5,JSON <left paren> <string value expression> [ <JSON input clause> ] [ <JSON key uniqueness constraint> ] <right paren>
JSON scalar,family/value/enum,Expression.JsonScalar,JSON/JSON Path AST,no,no,3,JSON_SCALAR <left paren> <value expression> <right paren>
datetime value expression,erased classifier/alias,erased,Expression,no,yes,10,<datetime term> | <interval value expression> <plus sign> <datetime term> | <datetime value expression> <plus sign> <interval term> | <datetime value expression> <minus sign> <interval term>
datetime term,erased alias,erased,Referenced AST target,yes,yes,1,<datetime factor>
datetime factor,expression/value,Expression.AtTimeZone,Expression or expression helper/enum,no,no,2,<datetime primary> [ <time zone> ]
datetime primary,erased classifier,erased,Polymorphic AST family,no,yes,2,<value expression primary> | <datetime value function>
time zone,expression/value,Expression.AtTimeZone,Expression or expression helper/enum,no,no,1,AT <time zone specifier>
time zone specifier,expression/value,Expression.AtTimeZone.Zone,Expression or expression helper/enum,no,no,1,LOCAL | TIME ZONE <interval primary>
datetime value function,erased classifier,erased,Polymorphic AST family,no,yes,5,<current date value function> | <current time value function> | <current timestamp value function> | <current local time value function> | <current local timestamp value function>
current date value function,expression/value,Expression.Current; CurrentValue.Date,Expression or expression helper/enum,no,no,0,CURRENT_DATE
current time value function,expression/value,Expression.Current; CurrentValue.Time; Expression.Current.Precision,Expression or expression helper/enum,no,no,3,CURRENT_TIME [ <left paren> <time precision> <right paren> ]
current local time value function,expression/value,Expression.Current; CurrentValue.LocalTime; Expression.Current.Precision,Expression or expression helper/enum,no,no,3,LOCALTIME [ <left paren> <time precision> <right paren> ]
current timestamp value function,expression/value,Expression.Current; CurrentValue.Timestamp; Expression.Current.Precision,Expression or expression helper/enum,no,no,3,CURRENT_TIMESTAMP [ <left paren> <timestamp precision> <right paren> ]
current local timestamp value function,expression/value,Expression.Current; CurrentValue.LocalTimestamp; Expression.Current.Precision,Expression or expression helper/enum,no,no,3,LOCALTIMESTAMP [ <left paren> <timestamp precision> <right paren> ]
interval value expression,erased classifier/alias,Expression.IntervalQualified; Expression.Binary,Expression,no,yes,13,<interval term> | <interval value expression 1> <plus sign> <interval term 1> | <interval value expression 1> <minus sign> <interval term 1> | <left paren> <datetime value expression> <minus sign> <datetime term> <right
interval term,erased classifier,erased,Polymorphic AST family,no,yes,10,<interval factor> | <interval term 2> <asterisk> <factor> | <interval term 2> <solidus> <factor> | <term> <asterisk> <interval factor>
interval factor,expression/value,Expression.Unary; UnaryOperator.Plus; UnaryOperator.Minus,Expression or expression helper/enum,no,no,2,[ <sign> ] <interval primary>
interval primary,record/value,Expression.IntervalQualified,Structural helper/value (explicitly retained or folded into owner property),no,no,3,<value expression primary> [ <interval qualifier> ] | <interval value function>
interval value expression 1,erased classifier/alias,erased,Expression,yes,yes,1,<interval value expression>
interval term 1,erased alias,erased,Referenced AST target,yes,yes,1,<interval term>
interval term 2,erased alias,erased,Referenced AST target,yes,yes,1,<interval term>
interval value function,erased alias,erased,Referenced AST target,yes,yes,1,<interval absolute value function>
interval absolute value function,expression/value,Expression.Invocation,Expression or expression helper/enum,no,no,3,ABS <left paren> <interval value expression> <right paren>
boolean value expression,expression/value,Expression.Binary; BinaryOperator.Or,Expression,no,no,3,<boolean term> | <boolean value expression> OR <boolean term>
boolean term,expression/value,Expression.Binary; BinaryOperator.And,Expression or expression helper/enum,no,no,3,<boolean factor> | <boolean term> AND <boolean factor>
boolean factor,expression/value,Expression.Unary; UnaryOperator.Not,Expression or expression helper/enum,no,no,1,[ NOT ] <boolean test>
boolean test,record/value,Expression.IsTruth,Structural helper/value (explicitly retained or folded into owner property),no,no,2,<boolean primary> [ IS [ NOT ] <truth value> ]
truth value,expression/value,BooleanLiteral; Expression.IsTruth.Truth,Expression or expression helper/enum,no,no,0,TRUE | FALSE | UNKNOWN
boolean primary,erased classifier,erased,Polymorphic AST family,no,yes,2,<predicate> | <boolean predicand>
boolean predicand,erased classifier,erased,Polymorphic AST family,no,yes,2,<parenthesized boolean value expression> | <non-parenthesized value expression primary>
parenthesized boolean value expression,erased classifier/alias,erased,Expression,no,yes,3,<left paren> <boolean value expression> <right paren>
array value expression,erased classifier/alias,erased,Expression,no,yes,2,<array concatenation> | <array primary>
array concatenation,erased classifier,erased,Polymorphic AST family,no,yes,3,<array value expression 1> <concatenation operator> <array primary>
array value expression 1,erased classifier/alias,erased,Expression,yes,yes,1,<array value expression>
array primary,erased classifier,erased,Polymorphic AST family,no,yes,2,<array value function> | <value expression primary>
array value function,erased alias,erased,Referenced AST target,yes,yes,1,<trim array function>
trim array function,expression/value,Expression.Invocation,Expression or expression helper/enum,no,no,5,TRIM_ARRAY <left paren> <array value expression> <comma> <numeric value expression> <right paren>
array value constructor,erased classifier,erased,Polymorphic AST family,no,yes,2,<array value constructor by enumeration> | <array value constructor by query>
array value constructor by enumeration,record/value,Expression.Array; Expression.Array.Trigraphs,Structural helper/value (explicitly retained or folded into owner property),no,no,3,ARRAY <left bracket or trigraph> <array element list> <right bracket or trigraph>
array element list,list property,Expression.Array.Items,IReadOnlyList<T> property,no,no,3,<array element> [ { <comma> <array element> }... ]
array element,erased alias,erased,Referenced AST target,yes,yes,1,<value expression>
array value constructor by query,record/value,Expression.CollectionQuery; CollectionKind.Array,Structural helper AST,no,no,1,ARRAY <table subquery>
multiset value expression,expression/value,Expression.MultisetOperation; MultisetOperator.Union; MultisetOperator.Except,Expression,no,no,5,<multiset term> | <multiset value expression> MULTISET UNION [ ALL | DISTINCT ] <multiset term> | <multiset value expression> MULTISET EXCEPT [ ALL | DISTINCT ] <multiset term>
multiset term,expression/value,Expression.MultisetOperation; MultisetOperator.Intersect,Expression or expression helper/enum,no,no,3,<multiset primary> | <multiset term> MULTISET INTERSECT [ ALL | DISTINCT ] <multiset primary>
multiset primary,erased classifier,erased,Polymorphic AST family,no,yes,2,<multiset value function> | <value expression primary>
multiset value function,erased alias,erased,Referenced AST target,yes,yes,1,<multiset set function>
multiset set function,expression/value,Expression.Invocation,Expression or expression helper/enum,no,no,3,SET <left paren> <multiset value expression> <right paren>
multiset value constructor,erased classifier,erased,Polymorphic AST family,no,yes,3,<multiset value constructor by enumeration> | <multiset value constructor by query> | <table value constructor by query>
multiset value constructor by enumeration,record/value,Expression.Multiset; Expression.Multiset.Trigraphs,Structural helper/value (explicitly retained or folded into owner property),no,no,3,MULTISET <left bracket or trigraph> <multiset element list> <right bracket or trigraph>
multiset element list,list property,Expression.Multiset.Items,IReadOnlyList<T> property,no,no,3,<multiset element> [ { <comma> <multiset element> }... ]
multiset element,erased alias,erased,Referenced AST target,yes,yes,1,<value expression>
multiset value constructor by query,record/value,Expression.CollectionQuery; CollectionKind.Multiset,Structural helper AST,no,no,1,MULTISET <table subquery>
table value constructor by query,record/value,Expression.CollectionQuery; CollectionKind.Table,Structural helper AST,no,no,1,TABLE <table subquery>
row value constructor,erased classifier,erased,Polymorphic AST family,no,yes,3,<common value expression> | <boolean value expression> | <explicit row value constructor>
explicit row value constructor,record/value,Expression.Row; Expression.Row.RowKeyword; Expression.Subquery,Structural helper/value (explicitly retained or folded into owner property),no,no,9,<left paren> <row value constructor element> <comma> <row value constructor element list> <right paren> | ROW <left paren> <row value constructor element list> <right paren> | <row subquery>
row value constructor element list,list property,Expression.Row.Items,IReadOnlyList<T> property,no,no,3,<row value constructor element> [ { <comma> <row value constructor element> }... ]
row value constructor element,erased alias,erased,Referenced AST target,yes,yes,1,<value expression>
contextually typed row value constructor,record/value,RowValue; RowValue.RowKeyword; Expression.Row; Expression.Parenthesized,Structural helper/value (explicitly retained or folded into owner property),no,no,14,<common value expression> | <boolean value expression> | <contextually typed value specification> | <left paren> <contextually typed value specification> <right paren> | <left paren> <contextually typed row value constru
contextually typed row value constructor element list,list property,RowValue.Items; Expression.Row.Items,IReadOnlyList<T> property,no,no,3,<contextually typed row value constructor element> [ { <comma> <contextually typed row value constructor element> }... ]
contextually typed row value constructor element,erased classifier,erased,Polymorphic AST family,no,yes,2,<value expression> | <contextually typed value specification>
row value constructor predicand,erased classifier,erased,Polymorphic AST family,no,yes,3,<common value expression> | <boolean predicand> | <explicit row value constructor>
row value expression,erased classifier/alias,erased,Expression,no,yes,2,<row value special case> | <explicit row value constructor>
table row value expression,erased classifier/alias,erased,Expression,no,yes,2,<row value special case> | <row value constructor>
contextually typed row value expression,erased classifier/alias,erased,Expression,no,yes,2,<row value special case> | <contextually typed row value constructor>
row value predicand,erased classifier,erased,Polymorphic AST family,no,yes,2,<row value special case> | <row value constructor predicand>
row value special case,erased alias,erased,Referenced AST target,yes,yes,1,<non-parenthesized value expression primary>
table value constructor,record/value,QueryOperand.Values,Structural helper AST,no,no,1,VALUES <row value expression list>
row value expression list,expression/value,QueryOperand.Values.Rows,Expression,no,no,3,<table row value expression> [ { <comma> <table row value expression> }... ]
contextually typed table value constructor,record/value,InsertSource.Values,Structural helper AST,no,no,1,VALUES <contextually typed row value expression list>
contextually typed row value expression list,expression/value,InsertSource.Values.Rows,Expression,no,no,3,<contextually typed row value expression> [ { <comma> <contextually typed row value expression> }... ]
table expression,expression/value,erased,Expression,no,no,5,<from clause> [ <where clause> ] [ <group by clause> ] [ <having clause> ] [ <window clause> ]
from clause,property/value,FromClause; Statement.Select.From,Clause/helper/property,no,no,1,FROM <table reference list>
table reference list,list property,FromClause.Sources,IReadOnlyList<T> property,no,no,3,<table reference> [ { <comma> <table reference> }... ]
table reference,erased classifier,TableSource,Polymorphic AST family,no,yes,2,<table factor> | <joined table>
table factor,record/value,TableSource; TableSource.Sample,Structural helper AST,no,no,2,<table primary> [ <sample clause> ]
sample clause,property/value,SampleClause; TableSource.Sample,Clause/helper/property,no,no,5,TABLESAMPLE <sample method> <left paren> <sample percentage> <right paren> [ <repeatable clause> ]
sample method,record/value,SampleMethod,Query/TableSource/helper property,no,no,0,BERNOULLI | SYSTEM
repeatable clause,property/value,SampleClause.Repeat,Clause/helper/property,no,no,3,REPEATABLE <left paren> <repeat argument> <right paren>
sample percentage,erased alias,erased,Referenced AST target,yes,yes,1,<numeric value expression>
repeat argument,erased alias,erased,Referenced AST target,yes,yes,1,<numeric value expression>
table primary,record/value,TableSource; Alias,Structural helper AST,no,no,22,<table or query name> [ <query system time period specification> ] [ <correlation or recognition> ] | <derived table> <correlation or recognition> | <lateral derived table> <correlation or recognition> | <collection deri
correlation or recognition,record/value,Alias; Alias.AsKeyword; Alias.Columns; TableSource.RowPatternRecognition,Query/TableSource/helper property,no,no,3,[ AS ] <correlation name> [ <parenthesized derived column list> ] | <row pattern recognition clause and name>
query system time period specification,enum/value,SystemTimeSpecification; SystemTimeSpecification.Between.Symmetry,Enum/value/helper,no,no,5,FOR SYSTEM_TIME AS OF <point in time 1> | FOR SYSTEM_TIME BETWEEN [ ASYMMETRIC | SYMMETRIC ] <point in time 1> AND <point in time 2> | FOR SYSTEM_TIME FROM <point in time 1> TO <point in time 2>
point in time 1,erased alias,erased,Referenced AST target,yes,yes,1,<point in time>
point in time 2,erased alias,erased,Referenced AST target,yes,yes,1,<point in time>
point in time,erased alias,erased,Referenced AST target,yes,yes,1,<datetime value expression>
only spec,record/value,TableSource.Named.Only,Query/TableSource/helper property,no,no,3,ONLY <left paren> <table or query name> <right paren>
lateral derived table,record/value,TableSource.Subquery.Lateral,Structural helper AST,no,no,1,LATERAL <table subquery>
collection derived table,record/value,TableSource.Unnest; TableSource.Unnest.WithOrdinality,Structural helper AST,no,no,5,UNNEST <left paren> <collection value expression> [ { <comma> <collection value expression> }... ] <right paren> [ WITH ORDINALITY ]
table function derived table,record/value,TableSource.TableFunction,Structural helper AST,no,no,3,TABLE <left paren> <collection value expression> <right paren>
derived table,erased alias,erased,Referenced AST target,yes,yes,1,<table subquery>
PTF derived table,record/value,TableSource.TableFunction,Structural helper AST,no,no,3,TABLE <left paren> <routine invocation> <right paren>
table or query name,name/value,TableSource.Named.Name,Identifier / QualifiedName,no,yes,3,<table name> | <transition table name> | <query name>
derived column list,list property,Alias.Columns,IReadOnlyList<T> property,yes,yes,1,<column name list>
column name list,name/value,Identifier,Identifier / QualifiedName,no,no,3,<column name> [ { <comma> <column name> }... ]
data change delta table,record/value,TableSource.DataChange,Structural helper AST,no,no,4,<result option> TABLE <left paren> <data change statement> <right paren>
data change statement,erased classifier/alias,erased,Statement,no,yes,4,<delete statement: searched> | <insert statement> | <merge statement> | <update statement: searched>
result option,enum/value,ResultOption; TableSource.DataChange.Option,Enum/value/helper,no,no,0,FINAL | NEW | OLD
parenthesized joined table,erased classifier,erased,Polymorphic AST family,no,yes,6,<left paren> <parenthesized joined table> <right paren> | <left paren> <joined table> <right paren>
row pattern recognition clause and name,family/value/enum,TableSource.RowPatternRecognition; TableSource.RowPatternRecognition.Source; TableSource.RowPatternRecognition.Alias,RowPattern AST,no,no,5,[ [ AS ] <row pattern input name> [ <row pattern input derived column list> ] ] <row pattern recognition clause> [ [ AS ] <row pattern output name> [ <row pattern output derived column list> ] ]
row pattern input name,family/value/enum,Alias.Name,RowPattern AST,yes,yes,1,<correlation name>
row pattern output name,family/value/enum,TableSource.RowPatternRecognition.Alias,RowPattern AST,yes,yes,1,<correlation name>
row pattern input derived column list,family/value/enum,Alias.Columns,RowPattern AST,yes,yes,1,<parenthesized derived column list>
row pattern output derived column list,family/value/enum,Alias.Columns,RowPattern AST,yes,yes,1,<parenthesized derived column list>
parenthesized derived column list,list property,Alias.Columns,IReadOnlyList<T> property,no,yes,3,<left paren> <derived column list> <right paren>
row pattern recognition clause,family/value/enum,RowPatternClause; TableSource.RowPatternRecognition.Clause,RowPattern AST,no,no,7,MATCH_RECOGNIZE <left paren> [ <row pattern partition by> ] [ <row pattern order by> ] [ <row pattern measures> ] [ <row pattern rows per match> ] <row pattern common syntax> <right paren>
row pattern partition by,family/value/enum,RowPatternClause.PartitionBy,RowPattern AST,no,no,1,PARTITION BY <row pattern partition list>
row pattern partition list,family/value/enum,RowPatternClause.PartitionBy,RowPattern AST,no,no,3,<row pattern partition column> [ { <comma> <row pattern partition column> }... ]
row pattern partition column,family/value/enum,RowPatternClause.PartitionBy; Expression.Reference; Expression.Collate,RowPattern AST,no,no,2,<column reference> [ <collate clause> ]
row pattern order by,family/value/enum,RowPatternClause.OrderBy,RowPattern AST,no,no,1,ORDER BY <sort specification list>
row pattern rows per match,family/value/enum,RowPatternClause.RowsPerMatch; RowsPerMatch,RowPattern AST,no,no,1,ONE ROW PER MATCH | ALL ROWS PER MATCH [ <row pattern empty match handling> ]
row pattern empty match handling,family/value/enum,RowsPerMatch.AllShowEmpty; RowsPerMatch.AllOmitEmpty; RowsPerMatch.AllWithUnmatched,RowPattern AST,no,no,0,SHOW EMPTY MATCHES | OMIT EMPTY MATCHES | WITH UNMATCHED ROWS
row pattern measures,family/value/enum,RowPatternClause.Measures,RowPattern AST,no,no,1,MEASURES <row pattern measure list>
row pattern measure list,family/value/enum,RowPatternClause.Measures,RowPattern AST,no,no,3,<row pattern measure definition> [ { <comma> <row pattern measure definition> }... ]
row pattern measure definition,family/value/enum,RowPatternMeasure,RowPattern AST,no,no,2,<row pattern measure expression> AS <measure name>
row pattern measure expression,family/value/enum,RowPatternMeasure.Expression,RowPattern AST,yes,yes,1,<value expression>
row pattern common syntax,family/value/enum,RowPatternClause; WindowFrame.Pattern,RowPattern AST,no,no,7,[ AFTER MATCH <row pattern skip to> ] [ <row pattern initial or seek> ] PATTERN <left paren> <row pattern> <right paren> [ <row pattern subset clause> ] DEFINE <row pattern definition list>
row pattern skip to,family/value/enum,RowPatternClause.AfterMatch; RowPatternSkip; RowPatternSkipKind,RowPattern AST,no,no,3,SKIP TO NEXT ROW | SKIP PAST LAST ROW | SKIP TO FIRST <row pattern skip to variable name> | SKIP TO LAST <row pattern skip to variable name> | SKIP TO <row pattern skip to variable name>
row pattern skip to variable name,family/value/enum,RowPatternSkip.Variable,RowPattern AST,yes,yes,1,<row pattern variable name>
row pattern initial or seek,family/value/enum,RowPatternClause.Initial; RowPatternInitial,RowPattern AST,no,no,0,INITIAL | SEEK
row pattern,family/value/enum,RowPattern; RowPattern.Alternation,RowPattern AST,no,yes,2,<row pattern term> | <row pattern alternation>
row pattern alternation,family/value/enum,RowPattern.Alternation,RowPattern AST,no,yes,3,<row pattern> <vertical bar> <row pattern term>
row pattern term,family/value/enum,RowPattern.Sequence,RowPattern AST,no,yes,3,<row pattern factor> | <row pattern term> <row pattern factor>
row pattern factor,family/value/enum,RowPattern.Quantified,RowPattern AST,no,no,2,<row pattern primary> [ <row pattern quantifier> ]
row pattern quantifier,family/value/enum,RowPatternQuantifier,RowPattern AST,no,no,15,<asterisk> [ <question mark> ] | <plus sign> [ <question mark> ] | <question mark> [ <question mark> ] | <left brace> [ <unsigned integer> ] <comma> [ <unsigned integer> ] <right brace> [ <question mark> ] | <left brace>
row pattern primary,family/value/enum,RowPattern.Variable; RowPattern.EndAnchor; RowPattern.StartAnchor; RowPattern.Parenthesized; RowPattern.Excluded; RowPattern.Permute,RowPattern AST,no,no,10,<row pattern primary variable name> | <dollar sign> | <circumflex> | <left paren> [ <row pattern> ] <right paren> | <left brace minus> <row pattern> <right minus brace> | <row pattern permute>
row pattern primary variable name,family/value/enum,RowPattern.Variable.Name,RowPattern AST,yes,yes,1,<row pattern variable name>
row pattern permute,family/value/enum,RowPattern.Permute,RowPattern AST,no,no,5,PERMUTE <left paren> <row pattern> [ { <comma> <row pattern> }... ] <right paren>
row pattern subset clause,family/value/enum,RowPatternClause.Subsets,RowPattern AST,no,no,1,SUBSET <row pattern subset list>
row pattern subset list,family/value/enum,RowPatternClause.Subsets,RowPattern AST,no,no,3,<row pattern subset item> [ { <comma> <row pattern subset item> }... ]
row pattern subset item,family/value/enum,RowPatternSubset,RowPattern AST,no,yes,5,<row pattern subset item variable name> <equals operator> <left paren> <row pattern subset rhs> <right paren>
row pattern subset item variable name,family/value/enum,RowPatternSubset.Name,RowPattern AST,yes,yes,1,<row pattern variable name>
row pattern subset rhs,family/value/enum,RowPatternSubset.Variables,RowPattern AST,no,no,3,<row pattern subset rhs variable name> [ { <comma> <row pattern subset rhs variable name> }... ]
row pattern subset rhs variable name,family/value/enum,RowPatternSubset.Variables,RowPattern AST,yes,yes,1,<row pattern variable name>
row pattern definition list,family/value/enum,RowPatternClause.Definitions,RowPattern AST,no,no,3,<row pattern definition> [ { <comma> <row pattern definition> }... ]
row pattern definition,family/value/enum,RowPatternDefinition,RowPattern AST,no,no,2,<row pattern definition variable name> AS <row pattern definition search condition>
row pattern definition variable name,family/value/enum,RowPatternDefinition.Variable,RowPattern AST,yes,yes,1,<row pattern variable name>
row pattern definition search condition,family/value/enum,RowPatternDefinition.Condition,RowPattern AST,yes,yes,1,<search condition>
joined table,erased classifier,TableSource.Join,Polymorphic AST family,no,yes,3,<cross join> | <qualified join> | <natural join>
cross join,record/value,TableSource.Join; JoinKind.Cross,Query/TableSource/helper property,no,no,2,<table reference> CROSS JOIN <table factor>
qualified join,record/value,TableSource.Join,Query/TableSource/helper property,no,no,6,{ <table reference> | <partitioned join table> } [ <join type> ] JOIN { <table reference> | <partitioned join table> } <join specification>
partitioned join table,record/value,TableSource.Join.LeftPartition; TableSource.Join.RightPartition,Structural helper AST,no,no,2,<table factor> PARTITION BY <partitioned join column reference list>
partitioned join column reference list,list property,TableSource.Join.LeftPartition; TableSource.Join.RightPartition,IReadOnlyList<T> property,no,no,5,<left paren> <partitioned join column reference> [ { <comma> <partitioned join column reference> }... ] <right paren>
partitioned join column reference,erased alias,erased,Referenced AST target,yes,yes,1,<column reference>
natural join,record/value,TableSource.Join.Natural,Query/TableSource/helper property,no,no,5,{ <table reference> | <partitioned join table> } NATURAL [ <join type> ] JOIN { <table factor> | <partitioned join table> }
join specification,erased classifier,JoinSpecification,Polymorphic AST family,no,yes,2,<join condition> | <named columns join>
join condition,record/value,JoinSpecification.On,Query/TableSource/helper property,no,no,1,ON <search condition>
named columns join,record/value,JoinSpecification.Using,Structural helper AST,no,no,4,USING <left paren> <join column list> <right paren> [ AS <join correlation name> ]
join correlation name,name/value,JoinSpecification.Using.Correlation,Identifier / QualifiedName,yes,yes,1,<correlation name>
join type,type/value/enum,JoinKind; TableSource.Join.Kind; TableSource.Join.OuterKeyword,DataType / type helper,no,no,1,INNER | <outer join type> [ OUTER ]
outer join type,type/value/enum,JoinKind.Left; JoinKind.Right; JoinKind.Full,DataType / type helper,no,no,0,LEFT | RIGHT | FULL
join column list,list property,JoinSpecification.Using.Columns,IReadOnlyList<T> property,yes,yes,1,<column name list>
JSON table,family/value/enum,TableSource.JsonTable; JsonTableDefinition,JSON/JSON Path AST,no,no,6,JSON_TABLE <left paren> <JSON API common syntax> <JSON table columns clause> [ <JSON table plan clause> ] [ <JSON table error behavior> ON ERROR ] <right paren>
JSON table columns clause,family/value/enum,JsonTableDefinition.Columns; JsonTableColumn.Nested.Columns,JSON/JSON Path AST,no,no,5,COLUMNS <left paren> <JSON table column definition> [ { <comma> <JSON table column definition> }... ] <right paren>
JSON table column definition,family/value/enum,JsonTableColumn,JSON/JSON Path AST,no,yes,4,<JSON table ordinality column definition> | <JSON table regular column definition> | <JSON table formatted column definition> | <JSON table nested columns>
JSON table ordinality column definition,family/value/enum,JsonTableColumn.Ordinality,JSON/JSON Path AST,no,no,1,<column name> FOR ORDINALITY
JSON table regular column definition,family/value/enum,JsonTableColumn.Regular,JSON/JSON Path AST,no,no,5,<column name> <data type> [ PATH <JSON table column path specification> ] [ <JSON table column empty behavior> ON EMPTY ] [ <JSON table column error behavior> ON ERROR ]
JSON table column empty behavior,family/value/enum,JsonTableColumn.Regular.OnEmpty; JsonValueBehavior,JSON/JSON Path AST,no,no,1,ERROR | NULL | DEFAULT <value expression>
JSON table column error behavior,family/value/enum,JsonTableColumn.Regular.OnError; JsonValueBehavior,JSON/JSON Path AST,no,no,1,ERROR | NULL | DEFAULT <value expression>
JSON table column path specification,family/value/enum,JsonTableColumn.Regular.Path; JsonTableColumn.Formatted.Path,JSON/JSON Path AST,yes,yes,1,<JSON path specification>
JSON table formatted column definition,family/value/enum,JsonTableColumn.Formatted; JsonTableColumn.Formatted.Quotes,JSON/JSON Path AST,no,no,8,<column name> <data type> [ FORMAT <JSON representation> ] [ PATH <JSON table column path specification> ] [ <JSON table formatted column wrapper behavior> WRAPPER ] [ <JSON table formatted column quotes behavior> QUOTES
JSON table formatted column wrapper behavior,family/value/enum,JsonTableColumn.Formatted.Wrapper; JsonWrapperBehavior,JSON/JSON Path AST,no,no,0,WITHOUT [ ARRAY ] | WITH [ CONDITIONAL | UNCONDITIONAL ] [ ARRAY ]
JSON table formatted column quotes behavior,family/value/enum,JsonTableColumn.Formatted.Quotes; JsonQuotesBehavior,JSON/JSON Path AST,no,no,0,KEEP | OMIT
JSON table formatted column empty behavior,family/value/enum,JsonTableColumn.Formatted.OnEmpty; JsonQueryBehavior,JSON/JSON Path AST,no,no,0,ERROR | NULL | EMPTY ARRAY | EMPTY OBJECT
JSON table formatted column error behavior,family/value/enum,JsonTableColumn.Formatted.OnError; JsonQueryBehavior,JSON/JSON Path AST,no,no,0,ERROR | NULL | EMPTY ARRAY | EMPTY OBJECT
JSON table nested columns,family/value/enum,JsonTableColumn.Nested; JsonTableColumn.Nested.PathKeyword,JSON/JSON Path AST,no,no,3,NESTED [ PATH ] <JSON table nested path specification> [ AS <JSON table nested path name> ] <JSON table columns clause>
JSON table nested path specification,family/value/enum,JsonTableColumn.Nested.Path,JSON/JSON Path AST,yes,yes,1,<JSON path specification>
JSON table nested path name,family/value/enum,JsonTableColumn.Nested.Name,JSON/JSON Path AST,yes,yes,1,<JSON table path name>
JSON table path name,family/value/enum,Identifier,JSON/JSON Path AST,yes,yes,1,<identifier>
JSON table plan clause,family/value/enum,JsonTableDefinition.Plan,JSON/JSON Path AST,no,yes,2,<JSON table specific plan> | <JSON table default plan>
JSON table specific plan,family/value/enum,JsonTableDefinition.Plan,JSON/JSON Path AST,no,no,3,PLAN <left paren> <JSON table plan> <right paren>
JSON table plan,family/value/enum,JsonTablePlan,JSON/JSON Path AST,no,yes,3,<JSON table path name> | <JSON table plan parent/child> | <JSON table plan sibling>
JSON table plan parent/child,family/value/enum,erased,JSON/JSON Path AST,no,yes,2,<JSON table plan outer> | <JSON table plan inner>
JSON table plan outer,family/value/enum,JsonTablePlan.Outer,JSON/JSON Path AST,no,no,2,<JSON table path name> OUTER <JSON table plan primary>
JSON table plan inner,family/value/enum,JsonTablePlan.Inner,JSON/JSON Path AST,no,no,2,<JSON table path name> INNER <JSON table plan primary>
JSON table plan sibling,family/value/enum,erased,JSON/JSON Path AST,no,yes,2,<JSON table plan union> | <JSON table plan cross>
JSON table plan union,family/value/enum,JsonTablePlan.Union,JSON/JSON Path AST,no,no,3,<JSON table plan primary> UNION <JSON table plan primary> [ { UNION <JSON table plan primary> }... ]
JSON table plan cross,family/value/enum,JsonTablePlan.Cross,JSON/JSON Path AST,no,no,3,<JSON table plan primary> CROSS <JSON table plan primary> [ { CROSS <JSON table plan primary> }... ]
JSON table plan primary,family/value/enum,JsonTablePlan.Name; JsonTablePlan.Parenthesized; JsonTablePlan.Union.Items; JsonTablePlan.Cross.Items,JSON/JSON Path AST,no,yes,4,<JSON table path name> | <left paren> <JSON table plan> <right paren>
JSON table default plan,family/value/enum,JsonTablePlan.Default,JSON/JSON Path AST,no,no,3,PLAN DEFAULT <left paren> <JSON table default plan choices> <right paren>
JSON table default plan choices,family/value/enum,JsonTablePlan.Default.InnerOuter; JsonTablePlan.Default.UnionCross; JsonTablePlan.Default.UnionCrossFirst,JSON/JSON Path AST,no,no,6,<JSON table default plan inner/outer> [ <comma> <JSON table default plan union/cross> ] | <JSON table default plan union/cross> [ <comma> <JSON table default plan inner/outer> ]
JSON table default plan inner/outer,family/value/enum,JsonTableDefaultInnerOuter,JSON/JSON Path AST,no,no,0,INNER | OUTER
JSON table default plan union/cross,family/value/enum,JsonTableDefaultUnionCross,JSON/JSON Path AST,no,no,0,UNION | CROSS
JSON table error behavior,family/value/enum,JsonTableDefinition.OnError; JsonTableErrorBehavior,JSON/JSON Path AST,no,no,0,ERROR | EMPTY
JSON table primitive,family/value/enum,JsonTableDefinition.Primitive,JSON/JSON Path AST,no,no,5,JSON_TABLE_PRIMITIVE <left paren> <JSON API common syntax> <JSON table primitive columns clause> <JSON table error behavior> ON ERROR <right paren>
JSON table primitive columns clause,family/value/enum,JsonTableDefinition.Columns,JSON/JSON Path AST,no,no,5,COLUMNS <left paren> <JSON table primitive column definition> [ { <comma> <JSON table primitive column definition> }... ] <right paren>
JSON table primitive column definition,family/value/enum,JsonTableColumn,JSON/JSON Path AST,no,yes,4,<JSON table ordinality column definition> | <JSON table regular column definition> | <JSON table formatted column definition> | <JSON table primitive chaining column>
JSON table primitive chaining column,family/value/enum,JsonTableColumn.Chaining,JSON/JSON Path AST,no,no,1,<column name> FOR CHAINING
where clause,property/value,Statement.Select.Where,Clause/helper/property,no,no,1,WHERE <search condition>
group by clause,property/value,GroupByClause; Statement.Select.GroupBy,Clause/helper/property,no,no,2,GROUP BY [ <set quantifier> ] <grouping element list>
grouping element list,list property,GroupByClause.Items,IReadOnlyList<T> property,no,no,3,<grouping element> [ { <comma> <grouping element> }... ]
grouping element,erased classifier,GroupingElement,Polymorphic AST family,no,yes,5,<ordinary grouping set> | <rollup list> | <cube list> | <grouping sets specification> | <empty grouping set>
ordinary grouping set,erased classifier,erased,Polymorphic AST family,no,yes,4,<grouping column reference> | <left paren> <grouping column reference list> <right paren>
grouping column reference,record/value,GroupingElement.Ordinary.Expressions; Expression.Reference; Expression.Collate,Structural helper AST,no,no,2,<column reference> [ <collate clause> ]
grouping column reference list,list property,GroupingElement.Ordinary.Expressions; GroupingElement.Ordinary.Parenthesized,IReadOnlyList<T> property,no,no,3,<grouping column reference> [ { <comma> <grouping column reference> }... ]
rollup list,list property,GroupingElement.Rollup,IReadOnlyList<T> property,no,no,3,ROLLUP <left paren> <ordinary grouping set list> <right paren>
ordinary grouping set list,list property,GroupingElement.Rollup.Items; GroupingElement.Cube.Items,IReadOnlyList<T> property,no,no,3,<ordinary grouping set> [ { <comma> <ordinary grouping set> }... ]
cube list,list property,GroupingElement.Cube,IReadOnlyList<T> property,no,no,3,CUBE <left paren> <ordinary grouping set list> <right paren>
grouping sets specification,enum/value,GroupingElement.Sets,Enum/value/helper,no,no,3,GROUPING SETS <left paren> <grouping set list> <right paren>
grouping set list,list property,GroupingElement.Sets.Items,IReadOnlyList<T> property,no,no,3,<grouping set> [ { <comma> <grouping set> }... ]
grouping set,erased classifier,erased,Polymorphic AST family,no,yes,5,<ordinary grouping set> | <rollup list> | <cube list> | <grouping sets specification> | <empty grouping set>
empty grouping set,erased classifier,erased,Polymorphic AST family,no,yes,2,<left paren> <right paren>
having clause,property/value,Statement.Select.Having,Clause/helper/property,no,no,1,HAVING <search condition>
window clause,property/value,WindowClause; Statement.Select.Window,Clause/helper/property,no,no,1,WINDOW <window definition list>
window definition list,list property,WindowClause.Windows,IReadOnlyList<T> property,no,no,3,<window definition> [ { <comma> <window definition> }... ]
window definition,record/value,WindowDefinition,Structural helper AST,no,no,2,<new window name> AS <window specification>
new window name,name/value,WindowDefinition.Name,Identifier / QualifiedName,yes,yes,1,<window name>
window specification,erased classifier,WindowSpecification; WindowReference.Specification,Polymorphic AST family,no,yes,3,<left paren> <window specification details> <right paren>
window specification details,enum/value,WindowSpecification,Enum/value/helper,no,no,4,[ <existing window name> ] [ <window partition clause> ] [ <window order clause> ] [ <window frame clause> ]
existing window name,name/value,WindowSpecification.Existing,Identifier / QualifiedName,yes,yes,1,<window name>
window partition clause,property/value,WindowSpecification.PartitionBy,Clause/helper/property,no,no,1,PARTITION BY <window partition column reference list>
window partition column reference list,list property,WindowSpecification.PartitionBy,IReadOnlyList<T> property,no,no,3,<window partition column reference> [ { <comma> <window partition column reference> }... ]
window partition column reference,record/value,WindowSpecification.PartitionBy; Expression.Reference; Expression.Collate,Structural helper AST,no,no,2,<column reference> [ <collate clause> ]
window order clause,property/value,WindowSpecification.OrderBy,Clause/helper/property,no,no,1,ORDER BY <sort specification list>
window frame clause,property/value,WindowSpecification.Frame; WindowFrame,Clause/helper/property,no,no,5,[ <row pattern measures> ] <window frame units> <window frame extent> [ <window frame exclusion> ] [ <row pattern common syntax> ]
window frame units,enum/value,WindowFrame.Unit; WindowFrameUnit,Enum/value/helper,no,no,0,ROWS | RANGE | GROUPS
window frame extent,erased classifier,WindowFrameExtent,Polymorphic AST family,no,yes,2,<window frame start> | <window frame between>
window frame start,record/value,WindowFrameExtent.Single; WindowFrameBound; WindowBoundKind.UnboundedPreceding; WindowBoundKind.CurrentRow,Structural helper AST,no,no,1,UNBOUNDED PRECEDING | <window frame preceding> | CURRENT ROW
window frame preceding,record/value,WindowBoundKind.Preceding; WindowFrameBound.Offset,Structural helper AST,no,no,1,<unsigned value specification> PRECEDING
window frame between,record/value,WindowFrameExtent.Between,Structural helper AST,no,no,2,BETWEEN <window frame bound 1> AND <window frame bound 2>
window frame bound 1,erased alias,erased,Referenced AST target,yes,yes,1,<window frame bound>
window frame bound 2,erased alias,erased,Referenced AST target,yes,yes,1,<window frame bound>
window frame bound,record/value,WindowFrameBound; WindowBoundKind,Structural helper AST,no,no,2,<window frame start> | UNBOUNDED FOLLOWING | <window frame following>
window frame following,record/value,WindowBoundKind.Following; WindowFrameBound.Offset,Structural helper AST,no,no,1,<unsigned value specification> FOLLOWING
window frame exclusion,record/value,WindowFrameExclusion; WindowFrame.Exclusion,Structural helper AST,no,no,0,EXCLUDE CURRENT ROW | EXCLUDE GROUP | EXCLUDE TIES | EXCLUDE NO OTHERS
query specification,enum/value,Statement.Select,Enum/value/helper,no,no,3,SELECT [ <set quantifier> ] <select list> <table expression>
select list,list property,Statement.Select.Items; SelectItem.All,IReadOnlyList<T> property,no,no,4,<asterisk> | <select sublist> [ { <comma> <select sublist> }... ]
select sublist,list property,SelectItem,IReadOnlyList<T> property,no,yes,2,<derived column> | <qualified asterisk>
qualified asterisk,erased classifier,SelectItem.QualifiedAll,Polymorphic AST family,no,yes,4,<asterisked identifier chain> <period> <asterisk> | <all fields reference>
asterisked identifier chain,record/value,SelectItem.QualifiedAll.Qualifier,Query/TableSource/helper property,no,no,3,<asterisked identifier> [ { <period> <asterisked identifier> }... ]
asterisked identifier,erased alias,erased,Referenced AST target,yes,yes,1,<identifier>
derived column,record/value,SelectItem.ExpressionItem,Structural helper AST,no,no,2,<value expression> [ <as clause> ]
as clause,property/value,SelectItem.ExpressionItem.Alias; SelectItem.ExpressionItem.AsKeyword,Clause/helper/property,no,no,1,[ AS ] <column name>
all fields reference,enum/value,SelectItem.QualifiedAll; SelectItem.QualifiedAll.RenamedFields,Enum/value/helper,no,no,6,<value expression primary> <period> <asterisk> [ AS <left paren> <all fields column name list> <right paren> ]
all fields column name list,name/value,SelectItem.QualifiedAll.RenamedFields,Identifier / QualifiedName,yes,yes,1,<column name list>
query expression,expression/value,Statement.Select,Expression,no,no,5,[ <with clause> ] <query expression body> [ <order by clause> ] [ <result offset clause> ] [ <fetch first clause> ]
with clause,property/value,WithClause; Statement.Select.With,Clause/helper/property,no,no,1,WITH [ RECURSIVE ] <with list>
with list,list property,WithClause.Items,IReadOnlyList<T> property,no,no,3,<with list element> [ { <comma> <with list element> }... ]
with list element,list property,CommonTableExpression,IReadOnlyList<T> property,no,no,6,<query name> [ <left paren> <with column list> <right paren> ] AS <table subquery> [ <search or cycle clause> ]
with column list,list property,CommonTableExpression.Columns,IReadOnlyList<T> property,yes,yes,1,<column name list>
query expression body,expression/value,SetOperation; Statement.Select.SetOperations; SetOperator.Union; SetOperator.Except,Expression,no,no,7,<query term> | <query expression body> UNION [ ALL | DISTINCT ] [ <corresponding spec> ] <query term> | <query expression body> EXCEPT [ ALL | DISTINCT ] [ <corresponding spec> ] <query term>
query term,record/value,SetOperation; SetOperator.Intersect,Structural helper AST,no,no,4,<query primary> | <query term> INTERSECT [ ALL | DISTINCT ] [ <corresponding spec> ] <query primary>
query primary,record/value,QueryOperand.Select; Statement.Select.Parentheses,Structural helper AST,no,no,7,<simple table> | <left paren> <query expression body> [ <order by clause> ] [ <result offset clause> ] [ <fetch first clause> ] <right paren>
simple table,erased classifier,QueryOperand,Polymorphic AST family,no,yes,3,<query specification> | <table value constructor> | <explicit table>
explicit table,record/value,QueryOperand.Table,Structural helper AST,no,no,1,TABLE <table or query name>
corresponding spec,record/value,SetOperation.Corresponding; CorrespondingClause,Query/TableSource/helper property,no,no,3,CORRESPONDING [ BY <left paren> <corresponding column list> <right paren> ]
corresponding column list,list property,CorrespondingClause.Columns,IReadOnlyList<T> property,yes,yes,1,<column name list>
order by clause,property/value,OrderByClause; Statement.Select.OrderBy,Clause/helper/property,no,no,1,ORDER BY <sort specification list>
result offset clause,property/value,Statement.Select.Offset; OffsetClause,Clause/helper/property,no,no,1,OFFSET <offset row count> { ROW | ROWS }
fetch first clause,property/value,Statement.Select.Fetch; FetchClause,Clause/helper/property,no,no,1,FETCH { FIRST | NEXT } [ <fetch first quantity> ] { ROW | ROWS } { ONLY | WITH TIES }
fetch first quantity,erased classifier,erased,Polymorphic AST family,no,yes,2,<fetch first row count> | <fetch first percentage>
offset row count,erased alias,erased,Referenced AST target,yes,yes,1,<simple value specification>
fetch first row count,erased alias,erased,Referenced AST target,yes,yes,1,<simple value specification>
fetch first percentage,record/value,FetchClause.Quantity; FetchClause.Percent,Query/TableSource/helper property,no,no,1,<simple value specification> PERCENT
search or cycle clause,erased classifier/alias,erased,Clause/helper/property,no,yes,4,<search clause> | <cycle clause> | <search clause> <cycle clause>
search clause,property/value,SearchClause; CommonTableExpression.Search,Clause/helper/property,no,no,2,SEARCH <recursive search order> SET <sequence column>
recursive search order,record/value,SearchOrder; SearchClause.Order; SearchClause.Columns,Query/TableSource/helper property,no,no,2,DEPTH FIRST BY <column name list> | BREADTH FIRST BY <column name list>
sequence column,erased alias,SearchClause.SequenceColumn,Referenced AST target,yes,yes,1,<column name>
cycle clause,property/value,CycleClause; CommonTableExpression.Cycle,Clause/helper/property,no,no,4,CYCLE <cycle column list> SET <cycle mark column> [ <cycle mark option> ] USING <path column>
cycle column list,list property,CycleClause.Columns,IReadOnlyList<T> property,no,no,3,<cycle column> [ { <comma> <cycle column> }... ]
cycle column,erased alias,erased,Referenced AST target,yes,yes,1,<column name>
cycle mark column,erased alias,CycleClause.MarkColumn,Referenced AST target,yes,yes,1,<column name>
path column,erased alias,CycleClause.PathColumn,Referenced AST target,yes,yes,1,<column name>
cycle mark option,enum/value,CycleClause.MarkValue; CycleClause.NonCycleMarkValue,Enum/value/helper,no,no,2,TO <cycle mark value> DEFAULT <non-cycle mark value>
cycle mark value,erased alias,erased,Referenced AST target,yes,yes,1,<value expression>
non-cycle mark value,erased alias,CycleClause.NonCycleMarkValue,Referenced AST target,yes,yes,1,<value expression>
scalar subquery,erased alias,erased,Referenced AST target,yes,yes,1,<subquery>
row subquery,erased alias,erased,Referenced AST target,yes,yes,1,<subquery>
table subquery,erased alias,erased,Referenced AST target,yes,yes,1,<subquery>
subquery,erased classifier,erased,Polymorphic AST family,no,yes,3,<left paren> <query expression> <right paren>
predicate,erased classifier/alias,erased,Expression,no,yes,21,<comparison predicate> | <between predicate> | <in predicate> | <like predicate> | <similar predicate> | <regex like predicate> | <null predicate> | <quantified comparison predicate> | <exists predicate> | <unique predic
comparison predicate,erased classifier/alias,erased,Expression,no,yes,2,<row value predicand> <comparison predicate part 2>
comparison predicate part 2,erased classifier/alias,erased,Expression,no,yes,2,<comp op> <row value predicand>
comp op,erased classifier,erased,Polymorphic AST family,no,yes,6,<equals operator> | <not equals operator> | <less than operator> | <greater than operator> | <less than or equals operator> | <greater than or equals operator>
between predicate,erased classifier/alias,erased,Expression,no,yes,2,<row value predicand> <between predicate part 2>
between predicate part 2,expression/value,Expression.Between,Expression,no,no,2,[ NOT ] BETWEEN [ ASYMMETRIC | SYMMETRIC ] <row value predicand> AND <row value predicand>
in predicate,erased classifier/alias,erased,Expression,no,yes,2,<row value predicand> <in predicate part 2>
in predicate part 2,expression/value,Expression.In,Expression,no,no,1,[ NOT ] IN <in predicate value>
in predicate value,erased classifier/alias,erased,Expression,no,yes,4,<table subquery> | <left paren> <in value list> <right paren>
in value list,list property,InSource.Values.Items,IReadOnlyList<T> property,no,no,3,<row value expression> [ { <comma> <row value expression> }... ]
like predicate,erased classifier/alias,erased,Expression,no,yes,2,<character like predicate> | <octet like predicate>
character like predicate,erased classifier/alias,erased,Expression,no,yes,2,<row value predicand> <character like predicate part 2>
character like predicate part 2,expression/value,Expression.Like; LikeKind.Like,Expression,no,no,2,[ NOT ] LIKE <character pattern> [ ESCAPE <escape character> ]
character pattern,erased alias,erased,Referenced AST target,yes,yes,1,<character value expression>
escape character,erased alias,erased,Referenced AST target,yes,yes,1,<character value expression>
octet like predicate,erased classifier/alias,erased,Expression,no,yes,2,<row value predicand> <octet like predicate part 2>
octet like predicate part 2,expression/value,Expression.Like; LikeKind.Like,Expression,no,no,2,[ NOT ] LIKE <octet pattern> [ ESCAPE <escape octet> ]
octet pattern,erased alias,erased,Referenced AST target,yes,yes,1,<binary value expression>
escape octet,erased alias,erased,Referenced AST target,yes,yes,1,<binary value expression>
similar predicate,erased classifier/alias,Expression.Like; LikeKind.Similar,Expression,no,yes,2,<row value predicand> <similar predicate part 2>
similar predicate part 2,expression/value,Expression.Like; LikeKind.Similar,Expression,no,no,2,[ NOT ] SIMILAR TO <similar pattern> [ ESCAPE <escape character> ]
similar pattern,erased alias,erased,Referenced AST target,yes,yes,1,<character value expression>
regular expression,erased classifier/alias,erased,Expression,no,yes,4,<regular term> | <regular expression> <vertical bar> <regular term>
regular term,erased classifier,erased,Polymorphic AST family,no,yes,3,<regular factor> | <regular term> <regular factor>
regular factor,erased classifier,erased,Polymorphic AST family,no,yes,9,<regular primary> | <regular primary> <asterisk> | <regular primary> <plus sign> | <regular primary> <question mark> | <regular primary> <repeat factor>
repeat factor,expression/value,Expression.Like.Pattern,Expression or expression helper/enum,no,no,4,<left brace> <low value> [ <upper limit> ] <right brace>
upper limit,record/value,Expression.Like.Pattern,Structural helper/value (explicitly retained or folded into owner property),no,no,2,<comma> [ <high value> ]
low value,erased alias,erased,Referenced AST target,yes,yes,1,<unsigned decimal integer>
high value,erased alias,erased,Referenced AST target,yes,yes,1,<unsigned decimal integer>
regular primary,erased classifier,erased,Polymorphic AST family,no,yes,6,<character specifier> | <percent> | <regular character set> | <left paren> <regular expression> <right paren>
character specifier,erased classifier,erased,Polymorphic AST family,no,yes,2,<non-escaped character> | <escaped character>
non-escaped character,record/value,Expression.Like.Pattern,Structural helper/value (explicitly retained or folded into owner property),no,no,0,!! See the Syntax Rules.
escaped character,record/value,Expression.Like.Pattern,Structural helper/value (explicitly retained or folded into owner property),no,no,0,!! See the Syntax Rules.
regular character set,record/value,Expression.Like.Pattern,Structural helper/value (explicitly retained or folded into owner property),no,no,13,<underscore> | <left bracket> <character enumeration>... <right bracket> | <left bracket> <circumflex> <character enumeration>... <right bracket> | <left bracket> <character enumeration include>... <circumflex> <characte
character enumeration include,erased alias,erased,Referenced AST target,yes,yes,1,<character enumeration>
character enumeration exclude,erased alias,erased,Referenced AST target,yes,yes,1,<character enumeration>
character enumeration,erased classifier,erased,Polymorphic AST family,no,yes,9,<character specifier> | <character specifier> <minus sign> <character specifier> | <left bracket> <colon> <regular character set identifier> <colon> <right bracket>
regular character set identifier,erased alias,erased,Referenced AST target,yes,yes,1,<identifier>
regex like predicate,erased classifier/alias,Expression.Like; LikeKind.Regex,Expression,no,yes,2,<row value predicand> <regex like predicate part 2>
regex like predicate part 2,expression/value,Expression.Like; LikeKind.Regex; Expression.Like.Flag,Expression,no,no,2,[ NOT ] LIKE_REGEX <XQuery pattern> [ FLAG <XQuery option flag> ]
null predicate,erased classifier/alias,erased,Expression,no,yes,2,<row value predicand> <null predicate part 2>
null predicate part 2,expression/value,Expression.IsNull,Expression,no,no,0,IS [ NOT ] NULL
quantified comparison predicate,erased classifier/alias,erased,Expression,no,yes,2,<row value predicand> <quantified comparison predicate part 2>
quantified comparison predicate part 2,erased classifier/alias,erased,Expression,no,yes,3,<comp op> <quantifier> <table subquery>
quantifier,erased classifier,erased,Polymorphic AST family,no,yes,2,<all> | <some>
all,record/value,Quantifier.All,Structural helper/value (explicitly retained or folded into owner property),no,no,0,ALL
some,record/value,Quantifier.Some; Quantifier.Any,Structural helper/value (explicitly retained or folded into owner property),no,no,0,SOME | ANY
exists predicate,expression/value,Expression.Exists,Expression,no,no,1,EXISTS <table subquery>
unique predicate,expression/value,Expression.Unique,Expression,no,no,2,UNIQUE [ <unique null treatment> ] <table subquery>
unique null treatment,record/value,Expression.Unique.Nulls; Constraint.Unique.Nulls; NullDistinctness,Structural helper/value (explicitly retained or folded into owner property),no,no,0,NULLS [ NOT ] DISTINCT
normalized predicate,erased classifier/alias,erased,Expression,no,yes,2,<row value predicand> <normalized predicate part 2>
normalized predicate part 2,expression/value,Expression.IsNormalized,Expression,no,no,1,IS [ NOT ] [ <normal form> ] NORMALIZED
match predicate,erased classifier/alias,Expression.Match,Expression,no,yes,2,<row value predicand> <match predicate part 2>
match predicate part 2,expression/value,Expression.Match,Expression,no,no,1,MATCH [ UNIQUE ] [ SIMPLE | PARTIAL | FULL ] <table subquery>
overlaps predicate,erased classifier/alias,Expression.Overlaps,Expression,no,yes,2,<overlaps predicate part 1> <overlaps predicate part 2>
overlaps predicate part 1,erased classifier/alias,erased,Expression,yes,yes,1,<row value predicand 1>
overlaps predicate part 2,expression/value,Expression.Overlaps,Expression,no,no,1,OVERLAPS <row value predicand 2>
row value predicand 1,erased alias,erased,Referenced AST target,yes,yes,1,<row value predicand>
row value predicand 2,erased alias,erased,Referenced AST target,yes,yes,1,<row value predicand>
distinct predicate,erased classifier/alias,erased,Expression,no,yes,2,<row value predicand 3> <distinct predicate part 2>
distinct predicate part 2,expression/value,Expression.IsDistinct,Expression,no,no,1,IS [ NOT ] DISTINCT FROM <row value predicand 4>
row value predicand 3,erased alias,erased,Referenced AST target,yes,yes,1,<row value predicand>
row value predicand 4,erased alias,erased,Referenced AST target,yes,yes,1,<row value predicand>
member predicate,erased classifier/alias,erased,Expression,no,yes,2,<row value predicand> <member predicate part 2>
member predicate part 2,expression/value,Expression.MemberOf,Expression,no,no,1,[ NOT ] MEMBER [ OF ] <multiset value expression>
submultiset predicate,erased classifier/alias,erased,Expression,no,yes,2,<row value predicand> <submultiset predicate part 2>
submultiset predicate part 2,expression/value,Expression.SubmultisetOf,Expression,no,no,1,[ NOT ] SUBMULTISET [ OF ] <multiset value expression>
set predicate,erased classifier/alias,erased,Expression,no,yes,2,<row value predicand> <set predicate part 2>
set predicate part 2,expression/value,Expression.IsSet,Expression,no,no,0,IS [ NOT ] A SET
type predicate,erased classifier/alias,erased,Expression,no,yes,2,<row value predicand> <type predicate part 2>
type predicate part 2,expression/value,Expression.IsOf,Expression,no,no,3,IS [ NOT ] OF <left paren> <type list> <right paren>
type list,list property,Expression.IsOf.Types,IReadOnlyList<T> property,no,no,3,<user-defined type specification> [ { <comma> <user-defined type specification> }... ]
user-defined type specification,erased classifier/alias,erased,DataType / type helper,no,yes,2,<inclusive user-defined type specification> | <exclusive user-defined type specification>
inclusive user-defined type specification,erased classifier/alias,erased,DataType / type helper,yes,yes,1,<path-resolved user-defined type name>
exclusive user-defined type specification,type/value/enum,TypeTest.Only,DataType / type helper,no,no,1,ONLY <path-resolved user-defined type name>
period predicate,erased classifier/alias,erased,Expression,no,yes,7,<period overlaps predicate> | <period equals predicate> | <period contains predicate> | <period precedes predicate> | <period succeeds predicate> | <period immediately precedes predicate> | <period immediately succeeds p
period overlaps predicate,erased classifier/alias,erased,Expression,no,yes,2,<period predicand 1> <period overlaps predicate part 2>
period overlaps predicate part 2,expression/value,Expression.PeriodPredicate; PeriodOperator.Overlaps,Expression,no,no,1,OVERLAPS <period predicand 2>
period predicand 1,erased alias,erased,Referenced AST target,yes,yes,1,<period predicand>
period predicand 2,erased alias,erased,Referenced AST target,yes,yes,1,<period predicand>
period predicand,record/value,PeriodValue; PeriodValue.Reference; PeriodValue.Range,Structural helper AST,no,no,6,<period reference> | PERIOD <left paren> <period start value> <comma> <period end value> <right paren>
period reference,erased alias,erased,Referenced AST target,yes,yes,1,<basic identifier chain>
period start value,erased alias,erased,Referenced AST target,yes,yes,1,<datetime value expression>
period end value,erased alias,erased,Referenced AST target,yes,yes,1,<datetime value expression>
period equals predicate,erased classifier/alias,erased,Expression,no,yes,2,<period predicand 1> <period equals predicate part 2>
period equals predicate part 2,expression/value,Expression.PeriodPredicate; PeriodOperator.Equals,Expression,no,no,1,EQUALS <period predicand 2>
period contains predicate,erased classifier/alias,erased,Expression,no,yes,2,<period predicand 1> <period contains predicate part 2>
period contains predicate part 2,expression/value,Expression.PeriodPredicate; PeriodOperator.Contains; PeriodRight,Expression,no,no,1,CONTAINS <period or point-in-time predicand>
period or point-in-time predicand,erased classifier,erased,Polymorphic AST family,no,yes,2,<period predicand> | <datetime value expression>
period precedes predicate,erased classifier/alias,erased,Expression,no,yes,2,<period predicand 1> <period precedes predicate part 2>
period precedes predicate part 2,expression/value,Expression.PeriodPredicate; PeriodOperator.Precedes,Expression,no,no,1,PRECEDES <period predicand 2>
period succeeds predicate,erased classifier/alias,erased,Expression,no,yes,2,<period predicand 1> <period succeeds predicate part 2>
period succeeds predicate part 2,expression/value,Expression.PeriodPredicate; PeriodOperator.Succeeds,Expression,no,no,1,SUCCEEDS <period predicand 2>
period immediately precedes predicate,erased classifier/alias,erased,Expression,no,yes,2,<period predicand 1> <period immediately precedes predicate part 2>
period immediately precedes predicate part 2,expression/value,Expression.PeriodPredicate; PeriodOperator.ImmediatelyPrecedes,Expression,no,no,1,IMMEDIATELY PRECEDES <period predicand 2>
period immediately succeeds predicate,erased classifier/alias,erased,Expression,no,yes,2,<period predicand 1> <period immediately succeeds predicate part 2>
period immediately succeeds predicate part 2,expression/value,Expression.PeriodPredicate; PeriodOperator.ImmediatelySucceeds,Expression,no,no,1,IMMEDIATELY SUCCEEDS <period predicand 2>
search condition,erased alias,erased,Referenced AST target,yes,yes,1,<boolean value expression>
JSON predicate,family/value/enum,Expression.JsonPredicate,JSON/JSON Path AST,no,no,4,<JSON predicate input> [ <JSON input clause> ] IS [ NOT ] JSON [ <JSON predicate type constraint> ] [ <JSON key uniqueness constraint> ]
JSON predicate input,family/value/enum,Expression.JsonPredicate.Value,JSON/JSON Path AST,no,yes,2,<string value expression> | <JSON value expression>
JSON predicate type constraint,family/value/enum,Expression.JsonPredicate.Type; JsonPredicateType,JSON/JSON Path AST,no,no,0,VALUE | ARRAY | OBJECT | SCALAR
JSON key uniqueness constraint,family/value/enum,JsonKeyUniqueness,JSON/JSON Path AST,no,no,0,WITH UNIQUE [ KEYS ] | WITHOUT UNIQUE [ KEYS ]
JSON exists predicate,family/value/enum,Expression.JsonExists,JSON/JSON Path AST,no,no,4,JSON_EXISTS <left paren> <JSON API common syntax> [ <JSON exists error behavior> ON ERROR ] <right paren>
JSON exists error behavior,family/value/enum,Expression.JsonExists.OnError; JsonExistsErrorBehavior,JSON/JSON Path AST,no,no,0,TRUE | FALSE | UNKNOWN | ERROR
SQL/JSON special symbol,family/value/enum,token,JSON/JSON Path AST,no,yes,24,| <alternative not equals operator> | <asterisk> | <at sign> | <comma> | <dollar sign> | <double ampersand> | <double equals> | <double vertical bar> | <exclamation mark> | <greater than operator> | <greater than or equa
alternative not equals operator,enum/value,JsonPathComparisonOperator.NotEqualBang,Enum/value/helper,no,no,0,!=
at sign,lexical/trivia,token,Syntax token/trivia or literal spelling,no,no,0,@
double ampersand,lexical/trivia,token,Syntax token/trivia or literal spelling,no,no,0,&&
double equals,lexical/trivia,token,Syntax token/trivia or literal spelling,no,no,0,==
double vertical bar,lexical/trivia,token,Syntax token/trivia or literal spelling,no,no,0,||
exclamation mark,lexical/trivia,token,Syntax token/trivia or literal spelling,no,no,0,!
SQL/JSON key word,family/value/enum,token,JSON/JSON Path AST,no,no,0,abs | bigint | boolean | ceiling | date | datetime | decimal | double | exists | false | flag | floor | integer | is | keyvalue | last | lax | like_regex | null | number | size | starts | strict | string | time | time_tz
JSON path literal,family/value/enum,JsonPathExpression.Literal,JSON/JSON Path AST,no,no,0,!! See the Syntax Rules.
JSON path string literal,family/value/enum,JsonPathExpression.Literal; JsonPathLiteralKind.String,JSON/JSON Path AST,no,no,0,!! See the Syntax Rules.
JSON path numeric literal,family/value/enum,JsonPathExpression.Literal; JsonPathLiteralKind.Numeric,JSON/JSON Path AST,no,no,0,!! See the Syntax Rules.
JSON path identifier,family/value/enum,JsonPathExpression.Variable.Name,JSON/JSON Path AST,no,no,0,!! See the Syntax Rules.
JSON path key name,family/value/enum,JsonPathAccessor.Member.Name,JSON/JSON Path AST,no,no,0,!! See the Syntax Rules.
JSON path expression,family/value/enum,JsonPath,JSON/JSON Path AST,no,yes,2,<JSON path mode> <JSON path wff>
JSON path mode,family/value/enum,JsonPath.Mode; JsonPathMode,JSON/JSON Path AST,no,no,0,strict | lax
JSON path primary,family/value/enum,JsonPathExpression.Parenthesized,JSON/JSON Path AST,no,yes,5,<JSON path literal> | <JSON path variable> | <left paren> <JSON path wff> <right paren>
JSON path variable,family/value/enum,JsonPathExpression.Variable; JsonPathVariableKind.Current,JSON/JSON Path AST,no,yes,4,<JSON path context variable> | <JSON path named variable> | <at sign> | <JSON last subscript>
JSON path context variable,family/value/enum,JsonPathVariableKind.Context,JSON/JSON Path AST,yes,yes,1,<dollar sign>
JSON path named variable,family/value/enum,JsonPathVariableKind.Named,JSON/JSON Path AST,no,yes,2,<dollar sign> <JSON path identifier>
JSON last subscript,family/value/enum,JsonPathVariableKind.Last,JSON/JSON Path AST,no,no,0,last
JSON accessor expression,family/value/enum,JsonPathExpression.Access,JSON/JSON Path AST,no,yes,3,<JSON path primary> | <JSON accessor expression> <JSON accessor op>
JSON accessor op,family/value/enum,JsonPathAccessor,JSON/JSON Path AST,no,yes,6,<JSON member accessor> | <JSON wildcard member accessor> | <JSON array accessor> | <JSON wildcard array accessor> | <JSON filter expression> | <JSON item method>
JSON member accessor,family/value/enum,JsonPathAccessor.Member; JsonPathAccessor.Member.Quoted,JSON/JSON Path AST,no,yes,4,<period> <JSON path key name> | <period> <JSON path string literal>
JSON wildcard member accessor,family/value/enum,JsonPathAccessor.WildcardMember,JSON/JSON Path AST,no,yes,2,<period> <asterisk>
JSON array accessor,family/value/enum,JsonPathAccessor.Array,JSON/JSON Path AST,no,yes,3,<left bracket> <JSON subscript list> <right bracket>
JSON subscript list,family/value/enum,JsonPathAccessor.Array.Subscripts,JSON/JSON Path AST,no,no,3,<JSON subscript> [ { <comma> <JSON subscript> }... ]
JSON subscript,family/value/enum,JsonSubscript,JSON/JSON Path AST,no,no,3,<JSON path wff 1> | <JSON path wff 2> to <JSON path wff 3>
JSON path wff 1,family/value/enum,JsonSubscript.From,JSON/JSON Path AST,yes,yes,1,<JSON path wff>
JSON path wff 2,family/value/enum,JsonSubscript.From,JSON/JSON Path AST,yes,yes,1,<JSON path wff>
JSON path wff 3,family/value/enum,JsonSubscript.To,JSON/JSON Path AST,yes,yes,1,<JSON path wff>
JSON wildcard array accessor,family/value/enum,JsonPathAccessor.WildcardArray,JSON/JSON Path AST,no,yes,3,<left bracket> <asterisk> <right bracket>
JSON filter expression,family/value/enum,JsonPathAccessor.Filter,JSON/JSON Path AST,no,yes,4,<question mark> <left paren> <JSON path predicate> <right paren>
JSON item method,family/value/enum,JsonPathAccessor.Method,JSON/JSON Path AST,no,yes,2,<period> <JSON method>
JSON method,family/value/enum,JsonMethod; JsonMethodKind,JSON/JSON Path AST,no,no,46,type <left paren> <right paren> | size <left paren> <right paren> | double <left paren> <right paren> | ceiling <left paren> <right paren> | floor <left paren> <right paren> | abs <left paren> <right paren> | datetime <l
JSON datetime template,family/value/enum,JsonMethod.DateTimeTemplate,JSON/JSON Path AST,yes,yes,1,<JSON path string literal>
JSON unary expression,family/value/enum,JsonPathExpression.Unary; JsonPathUnaryOperator,JSON/JSON Path AST,no,yes,5,<JSON accessor expression> | <plus sign> <JSON unary expression> | <minus sign> <JSON unary expression>
JSON multiplicative expression,family/value/enum,JsonPathExpression.Binary; JsonPathBinaryOperator.Multiply; JsonPathBinaryOperator.Divide; JsonPathBinaryOperator.Modulo,JSON/JSON Path AST,no,yes,10,<JSON unary expression> | <JSON multiplicative expression> <asterisk> <JSON unary expression> | <JSON multiplicative expression> <solidus> <JSON unary expression> | <JSON multiplicative expression> <percent> <JSON unary
JSON additive expression,family/value/enum,JsonPathExpression.Binary; JsonPathBinaryOperator.Add; JsonPathBinaryOperator.Subtract,JSON/JSON Path AST,no,yes,7,<JSON multiplicative expression> | <JSON additive expression> <plus sign> <JSON multiplicative expression> | <JSON additive expression> <minus sign> <JSON multiplicative expression>
JSON path wff,family/value/enum,erased,JSON/JSON Path AST,yes,yes,1,<JSON additive expression>
JSON predicate primary,family/value/enum,erased,JSON/JSON Path AST,no,yes,2,<JSON delimited predicate> | <JSON non-delimited predicate>
JSON delimited predicate,family/value/enum,JsonPathPredicate.Parenthesized,JSON/JSON Path AST,no,yes,4,<JSON exists path predicate> | <left paren> <JSON path predicate> <right paren>
JSON non-delimited predicate,family/value/enum,erased,JSON/JSON Path AST,no,yes,4,<JSON comparison predicate> | <JSON like_regex predicate> | <JSON starts with predicate> | <JSON unknown predicate>
JSON exists path predicate,family/value/enum,JsonPathPredicate.Exists,JSON/JSON Path AST,no,no,3,exists <left paren> <JSON path wff> <right paren>
JSON comparison predicate,family/value/enum,JsonPathPredicate.Comparison,JSON/JSON Path AST,no,yes,3,<JSON path wff> <JSON comp op> <JSON path wff>
JSON comp op,family/value/enum,JsonPathPredicate.Comparison.Operator; JsonPathComparisonOperator,JSON/JSON Path AST,no,yes,6,<double equals> | <JSON path not equals operator> | <less than operator> | <greater than operator> | <less than or equals operator> | <greater than or equals operator>
JSON path not equals operator,family/value/enum,JsonPathComparisonOperator.NotEqual; JsonPathComparisonOperator.NotEqualBang,JSON/JSON Path AST,no,yes,2,<not equals operator> | <alternative not equals operator>
JSON like_regex predicate,family/value/enum,JsonPathPredicate.LikeRegex,JSON/JSON Path AST,no,no,3,<JSON path wff> like_regex <JSON like_regex pattern> [ flag <JSON like_regex flags> ]
JSON like_regex pattern,family/value/enum,JsonPathPredicate.LikeRegex.Pattern,JSON/JSON Path AST,yes,yes,1,<JSON path string literal>
JSON like_regex flags,family/value/enum,JsonPathPredicate.LikeRegex.Flags,JSON/JSON Path AST,yes,yes,1,<JSON path string literal>
JSON starts with predicate,family/value/enum,JsonPathPredicate.StartsWith,JSON/JSON Path AST,no,no,2,<JSON starts with whole> starts with <JSON starts with initial>
JSON starts with whole,family/value/enum,JsonPathPredicate.StartsWith.Value,JSON/JSON Path AST,yes,yes,1,<JSON path wff>
JSON starts with initial,family/value/enum,JsonPathPredicate.StartsWith.Initial,JSON/JSON Path AST,no,yes,2,<JSON path string literal> | <JSON path named variable>
JSON unknown predicate,family/value/enum,JsonPathPredicate.IsUnknown,JSON/JSON Path AST,no,no,3,<left paren> <JSON path predicate> <right paren> is unknown
JSON boolean negation,family/value/enum,JsonPathPredicate.Not,JSON/JSON Path AST,no,yes,3,<JSON predicate primary> | <exclamation mark> <JSON delimited predicate>
JSON boolean conjunction,family/value/enum,JsonPathPredicate.And,JSON/JSON Path AST,no,yes,4,<JSON boolean negation> | <JSON boolean conjunction> <double ampersand> <JSON boolean negation>
JSON boolean disjunction,family/value/enum,JsonPathPredicate.Or,JSON/JSON Path AST,no,yes,4,<JSON boolean conjunction> | <JSON boolean disjunction> <double vertical bar> <JSON boolean conjunction>
JSON path predicate,family/value/enum,erased,JSON/JSON Path AST,yes,yes,1,<JSON boolean disjunction>
datetime template,enum/value,Expression.Cast.Format; JsonMethod.DateTimeTemplate,Enum/value/helper,no,no,1,{ <datetime template part> }...
datetime template part,erased classifier,erased,Polymorphic AST family,no,yes,2,<datetime template field> | <datetime template delimiter>
datetime template field,erased classifier,erased,Polymorphic AST family,no,yes,14,<datetime template year> | <datetime template rounded year> | <datetime template month> | <datetime template day of month> | <datetime template day of year> | <datetime template 12-hour> | <datetime template 24-hour> | <
datetime template delimiter,erased classifier,erased,Polymorphic AST family,no,yes,8,<minus sign> | <period> | <solidus> | <comma> | <apostrophe> | <semicolon> | <colon> | <space>
datetime template year,enum/value,Expression.Cast.Format; JsonMethod.DateTimeTemplate,Enum/value/helper,no,no,0,YYYY | YYY | YY | Y
datetime template rounded year,enum/value,Expression.Cast.Format; JsonMethod.DateTimeTemplate,Enum/value/helper,no,no,0,RRRR | RR
datetime template month,enum/value,Expression.Cast.Format; JsonMethod.DateTimeTemplate,Enum/value/helper,no,no,0,MM
datetime template day of month,enum/value,Expression.Cast.Format; JsonMethod.DateTimeTemplate,Enum/value/helper,no,no,0,DD
datetime template day of year,enum/value,Expression.Cast.Format; JsonMethod.DateTimeTemplate,Enum/value/helper,no,no,0,DDD
datetime template 12-hour,enum/value,Expression.Cast.Format; JsonMethod.DateTimeTemplate,Enum/value/helper,no,no,0,HH | HH12
datetime template 24-hour,enum/value,Expression.Cast.Format; JsonMethod.DateTimeTemplate,Enum/value/helper,no,no,0,HH24
datetime template minute,enum/value,Expression.Cast.Format; JsonMethod.DateTimeTemplate,Enum/value/helper,no,no,0,MI
datetime template second of minute,enum/value,Expression.Cast.Format; JsonMethod.DateTimeTemplate,Enum/value/helper,no,no,0,SS
datetime template second of day,enum/value,Expression.Cast.Format; JsonMethod.DateTimeTemplate,Enum/value/helper,no,no,0,SSSSS
datetime template fraction,enum/value,Expression.Cast.Format; JsonMethod.DateTimeTemplate,Enum/value/helper,no,no,0,FF1 | FF2 | FF3 | FF4 | FF5 | FF6 | FF7 | FF8 | FF9
datetime template am/pm,enum/value,Expression.Cast.Format; JsonMethod.DateTimeTemplate,Enum/value/helper,no,no,0,A.M. | P.M.
datetime template time zone hour,expression/value,Expression.Cast.Format; JsonMethod.DateTimeTemplate,Expression or expression helper/enum,no,no,0,TZH
datetime template time zone minute,expression/value,Expression.Cast.Format; JsonMethod.DateTimeTemplate,Expression or expression helper/enum,no,no,0,TZM
interval qualifier,enum/value,IntervalQualifier,Enum/value/helper,no,no,3,<start field> TO <end field> | <single datetime field>
start field,enum/value,IntervalQualifier.Start; IntervalQualifier.LeadingPrecision,Enum/value/helper,no,no,4,<non-second primary datetime field> [ <left paren> <interval leading field precision> <right paren> ]
end field,enum/value,IntervalQualifier.End; IntervalQualifier.FractionalPrecision,Enum/value/helper,no,no,4,<non-second primary datetime field> | SECOND [ <left paren> <interval fractional seconds precision> <right paren> ]
single datetime field,enum/value,IntervalQualifier.Start; IntervalQualifier.LeadingPrecision; IntervalQualifier.FractionalPrecision,Enum/value/helper,no,no,9,<non-second primary datetime field> [ <left paren> <interval leading field precision> <right paren> ] | SECOND [ <left paren> <interval leading field precision> [ <comma> <interval fractional seconds precision> ] <right
primary datetime field,enum/value,DateTimeField; ExtractField,Enum/value/helper,no,no,1,<non-second primary datetime field> | SECOND
non-second primary datetime field,enum/value,DateTimeField.Year; DateTimeField.Month; DateTimeField.Day; DateTimeField.Hour; DateTimeField.Minute,Enum/value/helper,no,no,0,YEAR | MONTH | DAY | HOUR | MINUTE
interval fractional seconds precision,erased alias,erased,Referenced AST target,yes,yes,1,<unsigned integer>
interval leading field precision,erased alias,erased,Referenced AST target,yes,yes,1,<unsigned integer>
language clause,property/value,RoutineCharacteristic.Language,Clause/helper/property,no,no,1,LANGUAGE <language name>
language name,name/value,RoutineCharacteristic.Language.Name,Identifier / QualifiedName,no,no,0,ADA | C | COBOL | FORTRAN | M | MUMPS | PASCAL | PLI | SQL
path specification,enum/value,PathSpecification; Statement.CreateSchema.Path; EmbeddedSql.Path,Enum/value/helper,no,no,1,PATH <schema name list>
schema name list,name/value,PathSpecification.Schemas,Identifier / QualifiedName,no,no,3,<schema name> [ { <comma> <schema name> }... ]
routine invocation,erased classifier,Expression.Invocation,Polymorphic AST family,no,yes,2,<routine name> <SQL argument list>
routine name,name/value,QualifiedName; Expression.Invocation.Name,Identifier / QualifiedName,no,no,3,[ <schema name> <period> ] <qualified identifier>
SQL argument list,list property,Expression.Invocation.Arguments; Expression.Invocation.Copartition,IReadOnlyList<T> property,no,no,6,<left paren> [ <SQL argument> [ { <comma> <SQL argument> }... ] [ <co-partition clause> ] ] <right paren>
SQL argument,erased classifier,erased,Polymorphic AST family,no,yes,7,<value expression> | <generalized expression> | <target specification> | <contextually typed value specification> | <named argument specification> | <table argument> | <descriptor argument>
generalized expression,expression/value,Expression.Generalized,Expression,no,no,2,<value expression> AS <path-resolved user-defined type name>
named argument specification,erased classifier,erased,Polymorphic AST family,no,yes,3,<SQL parameter name> <named argument assignment token> <named argument SQL argument>
named argument SQL argument,erased classifier,erased,Polymorphic AST family,no,yes,5,<value expression> | <target specification> | <contextually typed value specification> | <table argument> | <descriptor argument>
table argument,record/value,Expression.TableArgument,Structural helper AST,no,no,6,<table argument proper> [ [ AS ] <table argument correlation name> [ <table argument parenthesized derived column list> ] ] [ <table argument partitioning> ] [ <table argument pruning> ] [ <table argument ordering> ]
table argument correlation name,name/value,Expression.TableArgument.Alias,Identifier / QualifiedName,yes,yes,1,<correlation name>
table argument parenthesized derived column list,list property,Alias.Columns,IReadOnlyList<T> property,yes,yes,1,<parenthesized derived column list>
table argument proper,record/value,Expression.TableArgument.Source; Expression.TableArgument.TableKeyword,Structural helper AST,no,no,5,TABLE <left paren> <table or query name> <right paren> | TABLE <table subquery> | <table function invocation>
table function invocation,erased alias,erased,Referenced AST target,yes,yes,1,<routine invocation>
table argument partitioning,record/value,Expression.TableArgument.PartitionBy,Structural helper AST,no,no,1,PARTITION BY <table argument partitioning list>
table argument partitioning list,list property,Expression.TableArgument.PartitionBy; Expression.TableArgument.PartitionParenthesized,IReadOnlyList<T> property,no,no,6,<column reference> | <left paren> [ <column reference> [ { <comma> <column reference> }... ] ] <right paren>
table argument pruning,record/value,Expression.TableArgument.Pruning,Structural helper AST,no,no,0,PRUNE WHEN EMPTY | KEEP WHEN EMPTY
table argument ordering,enum/value,Expression.TableArgument.OrderBy,Enum/value/helper,no,no,1,ORDER BY <table argument ordering list>
table argument ordering list,list property,Expression.TableArgument.OrderBy; Expression.TableArgument.OrderByParenthesized,IReadOnlyList<T> property,no,no,6,<table argument ordering column> | <left paren> <table argument ordering column> [ { <comma> <table argument ordering column> }... ] <right paren>
table argument ordering column,enum/value,SortItem,Enum/value/helper,no,no,3,<column reference> [ <ordering specification> ] [ <null ordering> ]
co-partition clause,property/value,Expression.Invocation.Copartition,Clause/helper/property,no,no,1,COPARTITION <co-partition list>
co-partition list,list property,Expression.Invocation.Copartition,IReadOnlyList<T> property,no,no,3,<co-partition specification> [ { <comma> <co-partition specification> }... ]
co-partition specification,enum/value,Expression.Invocation.Copartition,Enum/value/helper,no,no,7,<left paren> <range variable> <comma> <range variable> [ { <comma> <range variable> }... ] <right paren>
range variable,erased classifier,erased,Polymorphic AST family,no,yes,3,<table name> | <query name> | <correlation name>
descriptor argument,record/value,Expression.DescriptorConstructor; Expression.Cast; DataType.Descriptor,Structural helper AST,no,no,3,<descriptor value constructor> | CAST <left paren> NULL AS DESCRIPTOR <right paren>
character set specification,erased classifier,erased,Polymorphic AST family,no,yes,3,<standard character set name> | <implementation-defined character set name> | <user-defined character set name>
standard character set name,name/value,CharacterSetName,Identifier / QualifiedName,yes,yes,1,<character set name>
implementation-defined character set name,name/value,CharacterSetName,Identifier / QualifiedName,yes,yes,1,<character set name>
user-defined character set name,name/value,CharacterSetName,Identifier / QualifiedName,yes,yes,1,<character set name>
specific routine designator,record/value,RoutineDesignator; RoutineDesignator.SpecificKeyword; RoutineDesignator.ForType,Structural helper AST,no,no,5,SPECIFIC <routine type> <specific name> | <routine type> <member name> [ FOR <schema-resolved user-defined type name> ]
routine type,type/value/enum,RoutineDesignator.Kind; RoutineKind; RoutineDesignator.MethodModifier,DataType / type helper,no,no,0,ROUTINE | FUNCTION | PROCEDURE | [ INSTANCE | STATIC | CONSTRUCTOR ] METHOD
member name,name/value,RoutineDesignator.Name; RoutineDesignator.ParameterTypes,Identifier / QualifiedName,no,no,2,<member name alternatives> [ <data type list> ]
member name alternatives,name/value,RoutineDesignator.Name,Identifier / QualifiedName,no,yes,2,<schema qualified routine name> | <method name>
data type list,type/value/enum,RoutineDesignator.ParameterTypes,DataType / type helper,no,no,5,<left paren> [ <data type> [ { <comma> <data type> }... ] ] <right paren>
collate clause,property/value,CollationName; Expression.Collate.Collation,Clause/helper/property,no,no,1,COLLATE <collation name>
constraint name definition,name/value,Constraint.Name,Identifier / QualifiedName,no,no,1,CONSTRAINT <constraint name>
constraint characteristics,enum/value,ConstraintCharacteristics; Constraint.Characteristics; ConstraintCharacteristics.DeferrableFirst,Enum/value/helper,no,no,5,<constraint check time> [ [ NOT ] DEFERRABLE ] [ <constraint enforcement> ] | [ NOT ] DEFERRABLE [ <constraint check time> ] [ <constraint enforcement> ] | <constraint enforcement>
constraint check time,record/value,ConstraintCharacteristics.Timing; ConstraintTiming.InitiallyDeferred; ConstraintTiming.InitiallyImmediate,Structural helper AST,no,no,0,INITIALLY DEFERRED | INITIALLY IMMEDIATE
constraint enforcement,record/value,ConstraintCharacteristics.Enforced,Structural helper AST,no,no,0,[ NOT ] ENFORCED
aggregate function,expression/value,Expression.Invocation; Expression.Invocation.Filter; Expression.Asterisk,Expression or expression helper/enum,no,no,18,COUNT <left paren> <asterisk> <right paren> [ <filter clause> ] | <general set function> [ <filter clause> ] | <binary set function> [ <filter clause> ] | <ordered set function> [ <filter clause> ] | <array aggregate fun
general set function,expression/value,Expression.Invocation; Expression.Invocation.Quantifier,Expression or expression helper/enum,no,no,5,<set function type> <left paren> [ <set quantifier> ] <value expression> <right paren>
set function type,erased classifier/alias,erased,DataType / type helper,yes,yes,1,<computational operation>
computational operation,expression/value,Expression.Invocation.Name,Expression.Invocation + modifiers,no,no,0,AVG | MAX | MIN | SUM | EVERY | ANY | ANY_VALUE | SOME | COUNT | STDDEV_POP | STDDEV_SAMP | VAR_SAMP | VAR_POP | COLLECT | FUSION | INTERSECTION
set quantifier,enum/value,SetQuantifier,Enum/value/helper,no,no,0,DISTINCT | ALL
filter clause,property/value,FilterClause; Expression.Invocation.Filter,Clause/helper/property,no,no,3,FILTER <left paren> WHERE <search condition> <right paren>
binary set function,erased classifier,erased,Polymorphic AST family,no,yes,6,<binary set function type> <left paren> <dependent variable expression> <comma> <independent variable expression> <right paren>
binary set function type,type/value/enum,Expression.Invocation.Name,DataType / type helper,no,no,0,COVAR_POP | COVAR_SAMP | CORR | REGR_SLOPE | REGR_INTERCEPT | REGR_COUNT | REGR_R2 | REGR_AVGX | REGR_AVGY | REGR_SXX | REGR_SYY | REGR_SXY
dependent variable expression,erased classifier/alias,erased,Expression,yes,yes,1,<numeric value expression>
independent variable expression,erased classifier/alias,erased,Expression,yes,yes,1,<numeric value expression>
ordered set function,erased classifier,erased,Polymorphic AST family,no,yes,2,<hypothetical set function> | <inverse distribution function>
hypothetical set function,erased classifier,erased,Polymorphic AST family,no,yes,5,<rank function type> <left paren> <hypothetical set function value expression list> <right paren> <within group specification>
within group specification,enum/value,Expression.Invocation.WithinGroup; WithinGroupClause,Enum/value/helper,no,no,3,WITHIN GROUP <left paren> ORDER BY <sort specification list> <right paren>
hypothetical set function value expression list,expression/value,Expression.Invocation.Arguments,Expression,no,no,3,<value expression> [ { <comma> <value expression> }... ]
inverse distribution function,erased classifier,erased,Polymorphic AST family,no,yes,5,<inverse distribution function type> <left paren> <inverse distribution function argument> <right paren> <within group specification>
inverse distribution function argument,erased alias,erased,Referenced AST target,yes,yes,1,<numeric value expression>
inverse distribution function type,type/value/enum,Expression.Invocation.Name,DataType / type helper,no,no,0,PERCENTILE_CONT | PERCENTILE_DISC
listagg set function,expression/value,Expression.Invocation; Expression.Invocation.Quantifier; Expression.Invocation.Arguments; Expression.Invocation.Overflow; Expression.Invocation.WithinGroup,Expression or expression helper/enum,no,no,8,LISTAGG <left paren> [ <set quantifier> ] <character value expression> <comma> <listagg separator> [ <listagg overflow clause> ] <right paren> <within group specification>
listagg separator,erased alias,erased,Referenced AST target,yes,yes,1,<character string literal>
listagg overflow clause,property/value,ListaggOverflow; Expression.Invocation.Overflow,Clause/helper/property,no,no,1,ON OVERFLOW <overflow behavior>
overflow behavior,enum/value,ListaggOverflow.Truncate; ListaggOverflow.Filler,Enum/value/helper,no,no,2,ERROR | TRUNCATE [ <listagg truncation filler> ] <listagg count indication>
listagg truncation filler,erased alias,erased,Referenced AST target,yes,yes,1,<character string literal>
listagg count indication,enum/value,ListaggOverflow.WithCount,Enum/value/helper,no,no,0,WITH COUNT | WITHOUT COUNT
array aggregate function,expression/value,Expression.Invocation; Expression.Invocation.OrderBy,Expression or expression helper/enum,no,no,4,ARRAY_AGG <left paren> <value expression> [ ORDER BY <sort specification list> ] <right paren>
row pattern count function,family/value/enum,Expression.Invocation; Expression.Wildcard,RowPattern AST,no,no,5,COUNT <left paren> <row pattern variable name> <period> <asterisk> <right paren>
sort specification list,list property,OrderByClause.Items; SortItem,IReadOnlyList<T> property,no,no,3,<sort specification> [ { <comma> <sort specification> }... ]
sort specification,enum/value,SortItem,Enum/value/helper,no,no,3,<sort key> [ <ordering specification> ] [ <null ordering> ]
sort key,erased alias,erased,Referenced AST target,yes,yes,1,<value expression>
ordering specification,enum/value,SortDirection; SortItem.Direction,Enum/value/helper,no,no,0,ASC | DESC
null ordering,enum/value,NullOrdering; SortItem.NullOrdering,Enum/value/helper,no,no,0,NULLS FIRST | NULLS LAST
JSON aggregate function,family/value/enum,erased,JSON/JSON Path AST,no,yes,2,<JSON object aggregate constructor> | <JSON array aggregate constructor>
JSON object aggregate constructor,family/value/enum,Expression.JsonObjectAggregate,JSON/JSON Path AST,no,no,6,JSON_OBJECTAGG <left paren> <JSON name and value> [ <JSON constructor null clause> ] [ <JSON key uniqueness constraint> ] [ <JSON output clause> ] <right paren>
JSON array aggregate constructor,family/value/enum,Expression.JsonArrayAggregate,JSON/JSON Path AST,no,no,6,JSON_ARRAYAGG <left paren> <JSON input expression> [ <JSON array aggregate order by clause> ] [ <JSON constructor null clause> ] [ <JSON output clause> ] <right paren>
JSON array aggregate order by clause,family/value/enum,Expression.JsonArrayAggregate.OrderBy,JSON/JSON Path AST,no,no,1,ORDER BY <sort specification list>
JSON input expression,family/value/enum,JsonElement; JsonApiCommon.ContextFormat; JsonArgument.Format,JSON/JSON Path AST,no,no,2,<value expression> [ <JSON input clause> ]
JSON input clause,family/value/enum,JsonInputClause,JSON/JSON Path AST,no,no,1,FORMAT <JSON representation>
JSON output clause,family/value/enum,JsonOutput,JSON/JSON Path AST,no,no,2,RETURNING <data type> [ FORMAT <JSON representation> ]
JSON representation,family/value/enum,JsonRepresentation; JsonEncoding,JSON/JSON Path AST,no,no,1,JSON [ ENCODING { UTF8 | UTF16 | UTF32 } ] | <implementation-defined JSON representation option>
implementation-defined JSON representation option,enum/value,JsonRepresentation.ImplementationDefined,Enum/value/helper,no,no,0,!! See the Syntax Rules.
JSON API common syntax,family/value/enum,JsonApiCommon,JSON/JSON Path AST,no,no,5,<JSON context item> <comma> <JSON path specification> [ AS <JSON table path name> ] [ <JSON passing clause> ]
JSON context item,family/value/enum,JsonApiCommon.Context; JsonApiCommon.ContextFormat,JSON/JSON Path AST,yes,yes,1,<JSON input expression>
JSON path specification,family/value/enum,JsonApiCommon.PathSpecification,JSON/JSON Path AST,yes,yes,1,<character string literal>
JSON passing clause,family/value/enum,JsonApiCommon.Passing,JSON/JSON Path AST,no,no,3,PASSING <JSON argument> [ { <comma> <JSON argument> }... ]
JSON argument,family/value/enum,JsonArgument; JsonArgument.Format,JSON/JSON Path AST,no,no,2,<JSON input expression> AS <identifier>
schema definition,statement/property,Statement.CreateSchema; Statement.CreateSchema.PathFirst,Statement,no,no,3,CREATE SCHEMA <schema name clause> [ <schema character set or path> ] [ <schema element>... ]
schema character set or path,erased classifier,erased,Polymorphic AST family,no,yes,6,<schema character set specification> | <schema path specification> | <schema character set specification> <schema path specification> | <schema path specification> <schema character set specification>
schema name clause,name/value,Statement.CreateSchema.Name; Statement.CreateSchema.Authorization,Identifier / QualifiedName,no,no,4,<schema name> | AUTHORIZATION <schema authorization identifier> | <schema name> AUTHORIZATION <schema authorization identifier>
schema authorization identifier,erased alias,erased,Referenced AST target,yes,yes,1,<authorization identifier>
schema character set specification,enum/value,Statement.CreateSchema.DefaultCharacterSet,Enum/value/helper,no,no,1,DEFAULT CHARACTER SET <character set specification>
schema path specification,erased alias,erased,Referenced AST target,yes,yes,1,<path specification>
schema element,erased classifier,erased,Polymorphic AST family,no,yes,16,<table definition> | <view definition> | <domain definition> | <character set definition> | <collation definition> | <transliteration definition> | <assertion definition> | <trigger definition> | <user-defined type defin
drop schema statement,statement/property,Statement.DropSchema,Statement,no,no,2,DROP SCHEMA <schema name> <drop behavior>
drop behavior,enum/value,DropBehavior,Enum/value/helper,no,no,0,CASCADE | RESTRICT
table definition,statement/property,Statement.CreateTable,Statement,no,no,5,CREATE [ <table scope> ] TABLE <table name> <table contents source> [ WITH <system versioning clause> ] [ ON COMMIT <table commit action> ROWS ]
table contents source,erased classifier,erased,Polymorphic AST family,no,yes,3,<table element list> | <typed table clause> | <as subquery clause>
table scope,enum/value,TableScope; Statement.CreateTable.Scope,Enum/value/helper,no,no,1,<global or local> TEMPORARY
global or local,enum/value,TableScope; Statement.CreateTable.Scope,Enum/value/helper,no,no,0,GLOBAL | LOCAL
system versioning clause,property/value,Statement.CreateTable.SystemVersioning; AlterTableAction.AddSystemVersioning,Clause/helper/property,no,no,0,SYSTEM VERSIONING
table commit action,enum/value,TableCommitAction,Enum/value/helper,no,no,0,PRESERVE | DELETE
table element list,list property,TableContents.Elements.Items; Statement.DeclareLocalTemporaryTable.Elements,IReadOnlyList<T> property,no,no,5,<left paren> <table element> [ { <comma> <table element> }... ] <right paren>
table element,erased classifier,TableElement,Polymorphic AST family,no,yes,4,<column definition> | <table period definition> | <table constraint definition> | <like clause>
typed table clause,property/value,TableContents.Typed,Clause/helper/property,no,no,3,OF <path-resolved user-defined type name> [ <subtable clause> ] [ <typed table element list> ]
typed table element list,list property,TableContents.Typed.Items,IReadOnlyList<T> property,no,no,5,<left paren> <typed table element> [ { <comma> <typed table element> }... ] <right paren>
typed table element,erased classifier,erased,Polymorphic AST family,no,yes,3,<column options> | <table constraint definition> | <self-referencing column specification>
self-referencing column specification,enum/value,TableElement.SelfReference; ViewElement.SelfReference,Enum/value/helper,no,no,2,REF IS <self-referencing column name> [ <reference generation> ]
reference generation,enum/value,ReferenceGeneration,Enum/value/helper,no,no,0,SYSTEM GENERATED | USER GENERATED | DERIVED
self-referencing column name,name/value,TableElement.SelfReference.Name; ViewElement.SelfReference.Name,Identifier / QualifiedName,yes,yes,1,<column name>
column options,enum/value,TableElement.ColumnOptions,Enum/value/helper,no,no,2,<column name> WITH OPTIONS <column option list>
column option list,list property,ColumnOptionList,IReadOnlyList<T> property,no,no,3,[ <scope clause> ] [ <default clause> ] [ <column constraint definition>... ]
subtable clause,property/value,TableContents.Typed.Under,Clause/helper/property,no,no,1,UNDER <supertable clause>
supertable clause,erased classifier/alias,erased,Clause/helper/property,yes,yes,1,<supertable name>
supertable name,name/value,TableContents.Typed.Under,Identifier / QualifiedName,yes,yes,1,<table name>
like clause,property/value,TableElement.Like,Clause/helper/property,no,no,2,LIKE <table name> [ <like options> ]
like options,enum/value,TableElement.Like.Options,Enum/value/helper,no,no,1,<like option>...
like option,erased classifier,LikeOption; TableElement.Like.Options,Polymorphic AST family,no,yes,3,<identity option> | <column default option> | <generation option>
identity option,enum/value,LikeOption.IncludingIdentity; LikeOption.ExcludingIdentity,Enum/value/helper,no,no,0,INCLUDING IDENTITY | EXCLUDING IDENTITY
column default option,enum/value,LikeOption.IncludingDefaults; LikeOption.ExcludingDefaults,Enum/value/helper,no,no,0,INCLUDING DEFAULTS | EXCLUDING DEFAULTS
generation option,enum/value,LikeOption.IncludingGenerated; LikeOption.ExcludingGenerated,Enum/value/helper,no,no,0,INCLUDING GENERATED | EXCLUDING GENERATED
as subquery clause,property/value,TableContents.AsQuery,Clause/helper/property,no,no,5,[ <left paren> <column name list> <right paren> ] AS <table subquery> <with or without data>
with or without data,enum/value,WithDataMode; TableContents.AsQuery.Data,Enum/value/helper,no,no,0,WITH NO DATA | WITH DATA
table period definition,erased classifier,erased,Polymorphic AST family,no,yes,6,<system or application time period specification> <left paren> <period begin column name> <comma> <period end column name> <right paren>
system or application time period specification,erased classifier,erased,Polymorphic AST family,no,yes,2,<system time period specification> | <application time period specification>
system time period specification,enum/value,PeriodKind.SystemTime,Enum/value/helper,no,no,0,PERIOD FOR SYSTEM_TIME
application time period specification,enum/value,PeriodKind.ApplicationTime; PeriodDefinition.ApplicationName,Enum/value/helper,no,no,1,PERIOD FOR <application time period name>
application time period name,name/value,PeriodDefinition.ApplicationName; AlterTableAction.DropPeriod.ApplicationName; Constraint.Unique.WithoutOverlapsPeriod; Constraint.ForeignKey.ReferencingPeriod; ReferencesSpecification.Period,Identifier / QualifiedName,yes,yes,1,<identifier>
period begin column name,name/value,PeriodDefinition.BeginColumn,Identifier / QualifiedName,yes,yes,1,<column name>
period end column name,name/value,PeriodDefinition.EndColumn,Identifier / QualifiedName,yes,yes,1,<column name>
column definition,record/value,ColumnDefinition,Structural helper AST,no,no,9,<column name> [ <data type or domain name> ] [ <default clause> | <identity column specification> | <generation clause> | <system time period start column specification> | <system time period end column specification> ]
data type or domain name,erased classifier/alias,erased,DataType / type helper,no,yes,2,<data type> | <domain name>
system time period start column specification,enum/value,ColumnGeneration.RowStart,Enum/value/helper,no,no,1,<timestamp generation rule> AS ROW START
system time period end column specification,enum/value,ColumnGeneration.RowEnd,Enum/value/helper,no,no,1,<timestamp generation rule> AS ROW END
timestamp generation rule,enum/value,token,Enum/value/helper,no,no,0,GENERATED ALWAYS
column constraint definition,record/value,ColumnDefinition.Constraints; Constraint.Name; Constraint.Characteristics,Structural helper AST,no,no,3,[ <constraint name definition> ] <column constraint> [ <constraint characteristics> ]
column constraint,record/value,Constraint.NotNull; Constraint.Unique; Constraint.ForeignKey; Constraint.Check,Structural helper AST,no,no,3,NOT NULL | <unique specification> | <references specification> | <check constraint definition>
identity column specification,enum/value,ColumnGeneration.Identity; IdentityGeneration,Enum/value/helper,no,no,3,GENERATED { ALWAYS | BY DEFAULT } AS IDENTITY [ <left paren> <common sequence generator options> <right paren> ]
generation clause,property/value,ColumnGeneration.Generated,Clause/helper/property,no,no,2,<generation rule> AS <generation expression>
generation rule,enum/value,token,Enum/value/helper,no,no,0,GENERATED ALWAYS
generation expression,erased classifier/alias,erased,Expression,no,yes,3,<left paren> <value expression> <right paren>
default clause,property/value,ColumnGeneration.Default; ColumnOptionList.Default; AlterColumnAction.SetDefault; AlterDomainAction.SetDefault; Statement.CreateDomain.Default,Clause/helper/property,no,no,1,DEFAULT <default option>
default option,enum/value,ColumnGeneration.Default.Value; Expression.Literal; Expression.Current,Enum/value/helper,no,no,3,<literal> | <datetime value function> | USER | CURRENT_USER | CURRENT_ROLE | SESSION_USER | SYSTEM_USER | CURRENT_CATALOG | CURRENT_SCHEMA | CURRENT_PATH | <implicitly typed value specification>
table constraint definition,record/value,TableElement.TableConstraint; Constraint.Name; Constraint.Characteristics,Structural helper AST,no,no,3,[ <constraint name definition> ] <table constraint> [ <constraint characteristics> ]
table constraint,erased classifier,Constraint,Polymorphic AST family,no,yes,3,<unique constraint definition> | <referential constraint definition> | <check constraint definition>
unique constraint definition,record/value,Constraint.Unique; UniqueKind.UniqueValue,Structural helper AST,no,no,9,<unique specification> [ <unique null treatment> ] <left paren> <unique column list> [ <comma> <without overlap specification> ] <right paren> | UNIQUE <left paren> VALUE <right paren>
unique specification,enum/value,UniqueKind.Unique; UniqueKind.PrimaryKey; Constraint.Unique.Kind,Enum/value/helper,no,no,0,UNIQUE | PRIMARY KEY
unique column list,list property,Constraint.Unique.Columns,IReadOnlyList<T> property,yes,yes,1,<column name list>
without overlap specification,enum/value,Constraint.Unique.WithoutOverlapsPeriod,Enum/value/helper,no,no,1,<application time period name> WITHOUT OVERLAPS
referential constraint definition,record/value,Constraint.ForeignKey,Structural helper AST,no,no,6,FOREIGN KEY <left paren> <referencing column list> [ <comma> <referencing period specification> ] <right paren> <references specification>
references specification,enum/value,ReferencesSpecification,Enum/value/helper,no,no,3,REFERENCES <referenced table and columns> [ MATCH <match type> ] [ <referential triggered action> ]
match type,type/value/enum,MatchType; ReferencesSpecification.Match; Expression.Match.Type,DataType / type helper,no,no,0,FULL | PARTIAL | SIMPLE
referencing column list,list property,Constraint.ForeignKey.Columns,IReadOnlyList<T> property,yes,yes,1,<column name list>
referencing period specification,enum/value,Constraint.ForeignKey.ReferencingPeriod,Enum/value/helper,no,no,1,PERIOD <application time period name>
referenced table and columns,record/value,ReferencesSpecification.Table; ReferencesSpecification.Columns,Structural helper AST,no,no,6,<table name> [ <left paren> <referenced column list> [ <comma> <referenced period specification> ] <right paren> ]
referenced column list,list property,ReferencesSpecification.Columns,IReadOnlyList<T> property,yes,yes,1,<column name list>
referenced period specification,enum/value,ReferencesSpecification.Period,Enum/value/helper,no,no,1,PERIOD <application time period name>
referential triggered action,enum/value,ReferencesSpecification.OnUpdate; ReferencesSpecification.OnDelete; ReferencesSpecification.DeleteRuleFirst,Enum/value/helper,no,no,4,<update rule> [ <delete rule> ] | <delete rule> [ <update rule> ]
update rule,record/value,ReferencesSpecification.OnUpdate,Structural helper/value (explicitly retained or folded into owner property),no,no,1,ON UPDATE <referential action>
delete rule,record/value,ReferencesSpecification.OnDelete,Structural helper/value (explicitly retained or folded into owner property),no,no,1,ON DELETE <referential action>
referential action,enum/value,ReferentialAction,Enum/value/helper,no,no,0,CASCADE | SET NULL | SET DEFAULT | RESTRICT | NO ACTION
check constraint definition,record/value,Constraint.Check,Structural helper AST,no,no,3,CHECK <left paren> <search condition> <right paren>
alter table statement,statement/property,Statement.AlterTable,Statement,no,no,2,ALTER TABLE <table name> <alter table action>
alter table action,erased classifier,AlterTableAction,Polymorphic AST family,no,yes,10,<add column definition> | <alter column definition> | <drop column definition> | <add table constraint definition> | <alter table constraint definition> | <drop table constraint definition> | <add table period definition
add column definition,record/value,AlterTableAction.AddColumn; AlterTableAction.AddColumn.ColumnKeyword,Structural helper AST,no,no,1,ADD [ COLUMN ] <column definition>
alter column definition,record/value,AlterTableAction.AlterColumn; AlterTableAction.AlterColumn.ColumnKeyword,Structural helper AST,no,no,2,ALTER [ COLUMN ] <column name> <alter column action>
alter column action,erased classifier,AlterColumnAction,Polymorphic AST family,no,yes,10,<set column default clause> | <drop column default clause> | <set column not null clause> | <drop column not null clause> | <add column scope clause> | <drop column scope clause> | <alter column data type clause> | <alte
set column default clause,property/value,AlterColumnAction.SetDefault,Clause/helper/property,no,no,1,SET <default clause>
drop column default clause,property/value,AlterColumnAction.DropDefault,Clause/helper/property,no,no,0,DROP DEFAULT
set column not null clause,property/value,AlterColumnAction.SetNotNull,Clause/helper/property,no,no,0,SET NOT NULL
drop column not null clause,property/value,AlterColumnAction.DropNotNull,Clause/helper/property,no,no,0,DROP NOT NULL
add column scope clause,property/value,AlterColumnAction.AddScope,Clause/helper/property,no,no,1,ADD <scope clause>
drop column scope clause,property/value,AlterColumnAction.DropScope,Clause/helper/property,no,no,1,DROP SCOPE <drop behavior>
alter column data type clause,type/value/enum,AlterColumnAction.SetDataType,DataType / type helper,no,no,1,SET DATA TYPE <data type>
alter identity column specification,enum/value,AlterColumnAction.SetIdentityGeneration; AlterColumnAction.IdentityOptions,Enum/value/helper,no,no,3,| <set identity column generation clause> [ <alter identity column option>... ] | <alter identity column option>...
set identity column generation clause,property/value,AlterColumnAction.SetIdentityGeneration.Generation,Clause/helper/property,no,no,0,SET GENERATED { ALWAYS | BY DEFAULT }
alter identity column option,enum/value,SequenceOption; AlterColumnAction.SetIdentityGeneration.Options; AlterColumnAction.IdentityOptions.Options,Enum/value/helper,no,no,2,<alter sequence generator restart option> | SET <basic sequence generator option>
drop identity property clause,property/value,AlterColumnAction.DropIdentity,Clause/helper/property,no,no,0,DROP IDENTITY
drop column generation expression clause,expression/value,AlterColumnAction.DropExpression,Expression,no,no,0,DROP EXPRESSION
drop column definition,record/value,AlterTableAction.DropColumn; AlterTableAction.DropColumn.ColumnKeyword,Structural helper AST,no,no,2,DROP [ COLUMN ] <column name> <drop behavior>
add table constraint definition,record/value,AlterTableAction.AddConstraint,Structural helper AST,no,no,1,ADD <table constraint definition>
alter table constraint definition,record/value,AlterTableAction.AlterConstraint,Structural helper AST,no,no,2,ALTER CONSTRAINT <constraint name> <constraint enforcement>
drop table constraint definition,record/value,AlterTableAction.DropConstraint,Structural helper AST,no,no,2,DROP CONSTRAINT <constraint name> <drop behavior>
add table period definition,record/value,AlterTableAction.AddPeriod,Structural helper AST,no,no,2,ADD <table period definition> [ <add system time period column list> ]
add system time period column list,list property,AlterTableAction.AddPeriod.AddedColumns,IReadOnlyList<T> property,no,no,2,ADD [ COLUMN ] <column definition 1> ADD [ COLUMN ] <column definition 2>
column definition 1,erased alias,erased,Referenced AST target,yes,yes,1,<column definition>
column definition 2,erased alias,erased,Referenced AST target,yes,yes,1,<column definition>
drop table period definition,record/value,AlterTableAction.DropPeriod,Structural helper AST,no,no,2,DROP <system or application time period specification> <drop behavior>
add system versioning clause,property/value,AlterTableAction.AddSystemVersioning,Clause/helper/property,no,no,1,ADD <system versioning clause>
drop system versioning clause,property/value,AlterTableAction.DropSystemVersioning,Clause/helper/property,no,no,1,DROP SYSTEM VERSIONING <drop behavior>
drop table statement,statement/property,Statement.DropTable,Statement,no,no,2,DROP TABLE <table name> <drop behavior>
view definition,statement/property,Statement.CreateView,Statement,no,no,4,CREATE [ RECURSIVE ] VIEW <table name> <view specification> AS <query expression> [ WITH [ <levels clause> ] CHECK OPTION ]
view specification,erased classifier,ViewSpecification,Polymorphic AST family,no,yes,2,<regular view specification> | <referenceable view specification>
regular view specification,enum/value,ViewSpecification.Regular,Enum/value/helper,no,no,3,[ <left paren> <view column list> <right paren> ]
referenceable view specification,enum/value,ViewSpecification.Referenceable,Enum/value/helper,no,no,3,OF <path-resolved user-defined type name> [ <subview clause> ] [ <view element list> ]
subview clause,property/value,ViewSpecification.Referenceable.Under,Clause/helper/property,no,no,1,UNDER <table name>
view element list,list property,ViewSpecification.Referenceable.Elements,IReadOnlyList<T> property,no,no,5,<left paren> <view element> [ { <comma> <view element> }... ] <right paren>
view element,erased classifier,ViewElement,Polymorphic AST family,no,yes,2,<self-referencing column specification> | <view column option>
view column option,enum/value,ViewElement.ColumnOption,Enum/value/helper,no,no,2,<column name> WITH OPTIONS <scope clause>
levels clause,property/value,CheckOption.Cascaded; CheckOption.Local; Statement.CreateView.CheckOption,Clause/helper/property,no,no,0,CASCADED | LOCAL
view column list,list property,ViewSpecification.Regular.Columns,IReadOnlyList<T> property,yes,yes,1,<column name list>
drop view statement,statement/property,Statement.DropView,Statement,no,no,2,DROP VIEW <table name> <drop behavior>
domain definition,statement/property,Statement.CreateDomain,Statement,no,no,5,CREATE DOMAIN <domain name> [ AS ] <predefined type> [ <default clause> ] [ <domain constraint>... ] [ <collate clause> ]
domain constraint,record/value,Statement.CreateDomain.Constraints; Constraint.Check; Constraint.Name; Constraint.Characteristics,Structural helper AST,no,no,3,[ <constraint name definition> ] <check constraint definition> [ <constraint characteristics> ]
alter domain statement,statement/property,Statement.AlterDomain,Statement,no,no,2,ALTER DOMAIN <domain name> <alter domain action>
alter domain action,erased classifier,AlterDomainAction,Polymorphic AST family,no,yes,4,<set domain default clause> | <drop domain default clause> | <add domain constraint definition> | <drop domain constraint definition>
set domain default clause,property/value,AlterDomainAction.SetDefault,Clause/helper/property,no,no,1,SET <default clause>
drop domain default clause,property/value,AlterDomainAction.DropDefault,Clause/helper/property,no,no,0,DROP DEFAULT
add domain constraint definition,record/value,AlterDomainAction.AddConstraint,Structural helper AST,no,no,1,ADD <domain constraint>
drop domain constraint definition,record/value,AlterDomainAction.DropConstraint,Structural helper AST,no,no,1,DROP CONSTRAINT <constraint name>
drop domain statement,statement/property,Statement.DropDomain,Statement,no,no,2,DROP DOMAIN <domain name> <drop behavior>
character set definition,statement/property,Statement.CreateCharacterSet; Statement.CreateCharacterSet.AsKeyword,Statement,no,no,3,CREATE CHARACTER SET <character set name> [ AS ] <character set source> [ <collate clause> ]
character set source,record/value,Statement.CreateCharacterSet.Source,Statement/helper/value family,no,no,1,GET <character set specification>
drop character set statement,statement/property,Statement.DropCharacterSet,Statement,no,no,1,DROP CHARACTER SET <character set name>
collation definition,statement/property,Statement.CreateCollation,Statement,no,no,4,CREATE COLLATION <collation name> FOR <character set specification> FROM <existing collation name> [ <pad characteristic> ]
existing collation name,name/value,Statement.CreateCollation.Source,Identifier / QualifiedName,yes,yes,1,<collation name>
pad characteristic,enum/value,PadCharacteristic,Enum/value/helper,no,no,0,NO PAD | PAD SPACE
drop collation statement,statement/property,Statement.DropCollation,Statement,no,no,2,DROP COLLATION <collation name> <drop behavior>
transliteration definition,statement/property,Statement.CreateTranslation,Statement,no,no,4,CREATE TRANSLATION <transliteration name> FOR <source character set specification> TO <target character set specification> FROM <transliteration source>
source character set specification,erased alias,erased,Referenced AST target,yes,yes,1,<character set specification>
target character set specification,erased alias,erased,Referenced AST target,yes,yes,1,<character set specification>
transliteration source,erased classifier,erased,Polymorphic AST family,no,yes,2,<existing transliteration name> | <transliteration routine>
existing transliteration name,name/value,TranslationSource.Existing,Identifier / QualifiedName,yes,yes,1,<transliteration name>
transliteration routine,erased alias,erased,Referenced AST target,yes,yes,1,<specific routine designator>
drop transliteration statement,statement/property,Statement.DropTranslation,Statement,no,no,1,DROP TRANSLATION <transliteration name>
assertion definition,statement/property,Statement.CreateAssertion,Statement,no,no,5,CREATE ASSERTION <constraint name> CHECK <left paren> <search condition> <right paren> [ <constraint characteristics> ]
drop assertion statement,statement/property,Statement.DropAssertion,Statement,no,no,2,DROP ASSERTION <constraint name> [ <drop behavior> ]
trigger definition,statement/property,Statement.CreateTrigger,Statement,no,no,6,CREATE TRIGGER <trigger name> <trigger action time> <trigger event> ON <table name> [ REFERENCING <transition table or variable list> ] <triggered action>
trigger action time,enum/value,TriggerTime; Statement.CreateTrigger.Time,Enum/value/helper,no,no,0,BEFORE | AFTER | INSTEAD OF
trigger event,record/value,TriggerEvent; TriggerEventKind,Structural helper AST,no,no,1,INSERT | DELETE | UPDATE [ OF <trigger column list> ]
trigger column list,list property,TriggerEvent.Columns,IReadOnlyList<T> property,yes,yes,1,<column name list>
triggered action,enum/value,TriggerAction; TriggerAction.Granularity; TriggerAction.When; TriggerAction.Statements,Enum/value/helper,no,no,2,[ FOR EACH { ROW | STATEMENT } ] [ <triggered when clause> ] <triggered SQL statement>
triggered when clause,property/value,TriggerAction.When,Clause/helper/property,no,no,3,WHEN <left paren> <search condition> <right paren>
triggered SQL statement,erased classifier/alias,erased,Statement,no,yes,2,<SQL procedure statement> | <compound triggered SQL statement>
compound triggered SQL statement,statement/property,TriggerAction.Statements; TriggerAction.AtomicBlock,Statement,no,no,2,BEGIN ATOMIC { <SQL procedure statement> <semicolon> }... END
transition table or variable list,list property,Statement.CreateTrigger.Referencing,IReadOnlyList<T> property,no,no,1,<transition table or variable>...
transition table or variable,record/value,TransitionReference; TransitionKind; TransitionReference.RowKeyword; TransitionReference.AsKeyword,Structural helper AST,no,no,4,OLD [ ROW ] [ AS ] <old transition variable name> | NEW [ ROW ] [ AS ] <new transition variable name> | OLD TABLE [ AS ] <old transition table name> | NEW TABLE [ AS ] <new transition table name>
old transition table name,name/value,TransitionReference.Name,Identifier / QualifiedName,yes,yes,1,<transition table name>
new transition table name,name/value,TransitionReference.Name,Identifier / QualifiedName,yes,yes,1,<transition table name>
transition table name,name/value,TransitionReference.Name,Identifier / QualifiedName,yes,yes,1,<identifier>
old transition variable name,name/value,TransitionReference.Name,Identifier / QualifiedName,yes,yes,1,<correlation name>
new transition variable name,name/value,TransitionReference.Name,Identifier / QualifiedName,yes,yes,1,<correlation name>
drop trigger statement,statement/property,Statement.DropTrigger,Statement,no,no,1,DROP TRIGGER <trigger name>
user-defined type definition,statement/property,Statement.CreateType; UserDefinedTypeDefinition,Statement,no,no,1,CREATE TYPE <user-defined type body>
user-defined type body,type/value/enum,UserDefinedTypeDefinition,DataType / type helper,no,no,5,<schema-resolved user-defined type name> [ <subtype clause> ] [ AS <representation> ] [ <user-defined type option list> ] [ <method specification list> ]
user-defined type option list,type/value/enum,UserDefinedTypeDefinition.Options,DataType / type helper,no,no,2,<user-defined type option> [ <user-defined type option>... ]
user-defined type option,erased classifier/alias,erased,DataType / type helper,no,yes,7,<instantiable clause> | <finality> | <reference type specification> | <cast to ref> | <cast to type> | <cast to distinct> | <cast to source>
subtype clause,property/value,UserDefinedTypeDefinition.Under,Clause/helper/property,no,no,1,UNDER <supertype name>
supertype name,name/value,UserDefinedTypeDefinition.Under,Identifier / QualifiedName,yes,yes,1,<path-resolved user-defined type name>
representation,erased classifier,erased,Polymorphic AST family,no,yes,3,<predefined type> | <collection type> | <member list>
member list,list property,TypeRepresentation.Members.Attributes,IReadOnlyList<T> property,no,no,5,<left paren> <member> [ { <comma> <member> }... ] <right paren>
member,erased alias,erased,Referenced AST target,yes,yes,1,<attribute definition>
instantiable clause,property/value,UserTypeOption.Instantiable,Clause/helper/property,no,no,0,INSTANTIABLE | NOT INSTANTIABLE
finality,enum/value,UserTypeOption.Final,Enum/value/helper,no,no,0,FINAL | NOT FINAL
reference type specification,erased classifier/alias,erased,DataType / type helper,no,yes,3,<user-defined representation> | <derived representation> | <system-generated representation>
user-defined representation,record/value,UserTypeReference.Using,Statement/helper/value family,no,no,1,REF USING <predefined type>
derived representation,record/value,UserTypeReference.FromAttributes,Statement/helper/value family,no,no,1,REF FROM <list of attributes>
system-generated representation,record/value,UserTypeReference.SystemGenerated,Statement/helper/value family,no,no,0,REF IS SYSTEM GENERATED
cast to ref,expression/value,UserTypeOption.Cast; UserTypeCastKind.ToRef,Expression or expression helper/enum,no,no,3,CAST <left paren> SOURCE AS REF <right paren> WITH <cast to ref identifier>
cast to ref identifier,erased alias,erased,Referenced AST target,yes,yes,1,<identifier>
cast to type,type/value/enum,UserTypeOption.Cast; UserTypeCastKind.ToType,DataType / type helper,no,no,3,CAST <left paren> REF AS SOURCE <right paren> WITH <cast to type identifier>
cast to type identifier,erased classifier/alias,erased,DataType / type helper,yes,yes,1,<identifier>
list of attributes,record/value,UserTypeReference.FromAttributes.Attributes,Structural helper/value (explicitly retained or folded into owner property),no,no,5,<left paren> <attribute name> [ { <comma> <attribute name> }... ] <right paren>
cast to distinct,expression/value,UserTypeOption.Cast; UserTypeCastKind.ToDistinct,Expression or expression helper/enum,no,no,3,CAST <left paren> SOURCE AS DISTINCT <right paren> WITH <cast to distinct identifier>
cast to distinct identifier,erased alias,erased,Referenced AST target,yes,yes,1,<identifier>
cast to source,expression/value,UserTypeOption.Cast; UserTypeCastKind.ToSource,Expression or expression helper/enum,no,no,3,CAST <left paren> DISTINCT AS SOURCE <right paren> WITH <cast to source identifier>
cast to source identifier,erased alias,erased,Referenced AST target,yes,yes,1,<identifier>
method specification list,list property,UserDefinedTypeDefinition.Methods,IReadOnlyList<T> property,no,no,3,<method specification> [ { <comma> <method specification> }... ]
method specification,erased classifier,MethodSpecification; MethodSpecification.Overriding,Polymorphic AST family,no,yes,2,<original method specification> | <overriding method specification>
original method specification,enum/value,MethodSpecification; MethodSpecification.SelfAsResult; MethodSpecification.SelfAsLocator; MethodSpecification.Characteristics,Enum/value/helper,no,no,2,<partial method specification> [ SELF AS RESULT ] [ SELF AS LOCATOR ] [ <method characteristics> ]
overriding method specification,enum/value,MethodSpecification.Overriding,Enum/value/helper,no,no,1,OVERRIDING <partial method specification>
partial method specification,enum/value,MethodSpecification; MethodSpecification.Modifier; MethodSpecification.Name; MethodSpecification.Parameters; MethodSpecification.Returns; MethodSpecification.SpecificName,Enum/value/helper,no,no,4,[ INSTANCE | STATIC | CONSTRUCTOR ] METHOD <method name> <SQL parameter declaration list> <returns clause> [ SPECIFIC <specific method name> ]
specific method name,name/value,MethodSpecification.SpecificName,Identifier / QualifiedName,no,no,3,[ <schema name> <period> ] <qualified identifier>
method characteristics,enum/value,MethodSpecification.Characteristics,Enum/value/helper,no,no,1,<method characteristic>...
method characteristic,erased classifier,erased,Polymorphic AST family,no,yes,5,<language clause> | <parameter style clause> | <deterministic characteristic> | <SQL-data access indication> | <null-call clause>
attribute definition,record/value,AttributeDefinition,Statement/helper/value family,no,no,4,<attribute name> <data type> [ <attribute default> ] [ <collate clause> ]
attribute default,erased alias,erased,Referenced AST target,yes,yes,1,<default clause>
alter type statement,statement/property,Statement.AlterType,Statement,no,no,2,ALTER TYPE <schema-resolved user-defined type name> <alter type action>
alter type action,erased classifier/alias,AlterTypeAction,DataType / type helper,no,yes,5,<add attribute definition> | <drop attribute definition> | <add original method specification> | <add overriding method specification> | <drop method specification>
add attribute definition,record/value,AlterTypeAction.AddAttribute,Statement/helper/value family,no,no,1,ADD ATTRIBUTE <attribute definition>
drop attribute definition,record/value,AlterTypeAction.DropAttribute,Statement/helper/value family,no,no,1,DROP ATTRIBUTE <attribute name> RESTRICT
add original method specification,enum/value,AlterTypeAction.AddMethod,Enum/value/helper,no,no,1,ADD <original method specification>
add overriding method specification,enum/value,AlterTypeAction.AddMethod; AlterTypeAction.AddMethod.Overriding,Enum/value/helper,no,no,1,ADD <overriding method specification>
drop method specification,enum/value,AlterTypeAction.DropMethod,Enum/value/helper,no,no,1,DROP <specific method specification designator> RESTRICT
specific method specification designator,enum/value,MethodDesignator,Enum/value/helper,no,no,2,[ INSTANCE | STATIC | CONSTRUCTOR ] METHOD <method name> <data type list>
drop data type statement,statement/property,Statement.DropType,Statement,no,no,2,DROP TYPE <schema-resolved user-defined type name> <drop behavior>
SQL-invoked routine,erased alias,erased,Referenced AST target,yes,yes,1,<schema routine>
schema routine,erased classifier,erased,Polymorphic AST family,no,yes,2,<schema procedure> | <schema function>
schema procedure,record/value,Statement.CreateRoutine; RoutineDefinition; RoutineKind.Procedure,Statement/helper/value family,no,no,1,CREATE <SQL-invoked procedure>
schema function,expression/value,Statement.CreateRoutine; RoutineDefinition; RoutineKind.Function,Expression or expression helper/enum,no,no,1,CREATE <SQL-invoked function>
SQL-invoked procedure,record/value,RoutineDefinition; RoutineKind.Procedure,Statement/helper/value family,no,no,4,PROCEDURE <schema qualified routine name> <SQL parameter declaration list> <routine characteristics> <routine body>
SQL-invoked function,expression/value,RoutineDefinition; RoutineDefinition.Body,Expression or expression helper/enum,no,no,3,{ <function specification> | <method specification designator> } <routine body>
SQL parameter declaration list,list property,RoutineDefinition.Parameters; MethodSpecification.Parameters,IReadOnlyList<T> property,no,no,5,<left paren> [ <SQL parameter declaration> [ { <comma> <SQL parameter declaration> }... ] ] <right paren>
SQL parameter declaration,record/value,ParameterDefinition,Statement/helper/value family,no,no,4,[ <parameter mode> ] [ <SQL parameter name> ] <parameter type> [ RESULT ] [ DEFAULT <parameter default> ]
parameter default,erased classifier,erased,Polymorphic AST family,no,yes,3,<value expression> | <contextually typed value specification> | <descriptor value constructor>
parameter mode,enum/value,ParameterMode; ParameterDefinition.Mode,Enum/value/helper,no,no,0,IN | OUT | INOUT
parameter type,type/value/enum,ParameterDefinition.Type; ParameterDefinition.Locator,DataType / type helper,no,no,4,<data type> [ <locator indication> ] | <generic table parameter type> | <descriptor parameter type>
generic table parameter type,type/value/enum,DataType.GenericTable,DataType / type helper,no,no,2,TABLE [ <pass through option> ] [ <generic table semantics> ]
pass through option,enum/value,PassThroughMode; DataType.GenericTable.PassThrough,Enum/value/helper,no,no,0,PASS THROUGH | NO PASS THROUGH
generic table semantics,record/value,TableSemantics; DataType.GenericTable.Semantics,Structural helper AST,no,no,1,WITH ROW SEMANTICS | WITH SET SEMANTICS [ <generic table pruning> ]
generic table pruning,record/value,TablePruning; DataType.GenericTable.Pruning,Structural helper AST,no,no,0,PRUNE ON EMPTY | KEEP ON EMPTY
descriptor parameter type,type/value/enum,DataType.Descriptor,DataType / type helper,no,no,0,DESCRIPTOR
locator indication,enum/value,ParameterDefinition.Locator; ReturnsDefinition.Locator,Enum/value/helper,no,no,0,AS LOCATOR
function specification,enum/value,RoutineDefinition; RoutineKind.Function; RoutineDefinition.StaticDispatch,Enum/value/helper,no,no,5,FUNCTION <schema qualified routine name> <SQL parameter declaration list> <returns clause> <routine characteristics> [ <dispatch clause> ]
method specification designator,enum/value,RoutineDefinition; RoutineKind.Method; RoutineDefinition.SpecificMethod; RoutineDefinition.MethodModifier; RoutineDefinition.ForType,Enum/value/helper,no,no,5,SPECIFIC METHOD <specific method name> | [ INSTANCE | STATIC | CONSTRUCTOR ] METHOD <method name> <SQL parameter declaration list> [ <returns clause> ] FOR <schema-resolved user-defined type name>
routine characteristics,enum/value,RoutineDefinition.Characteristics,Enum/value/helper,no,no,1,[ <routine characteristic>... ]
routine characteristic,enum/value,RoutineCharacteristic,Enum/value/helper,no,no,8,<language clause> | <parameter style clause> | SPECIFIC <specific name> | <deterministic characteristic> | <SQL-data access indication> | <null-call clause> | <returned result sets characteristic> | <savepoint level indi
savepoint level indication,enum/value,RoutineCharacteristic.SavepointLevel; SavepointLevelKind,Enum/value/helper,no,no,0,NEW SAVEPOINT LEVEL | OLD SAVEPOINT LEVEL
returned result sets characteristic,enum/value,RoutineCharacteristic.DynamicResultSets,Enum/value/helper,no,no,1,DYNAMIC RESULT SETS <maximum returned result sets>
parameter style clause,property/value,RoutineCharacteristic.ParameterStyle; RoutineBody.External.ParameterStyle,Clause/helper/property,no,no,1,PARAMETER STYLE <parameter style>
dispatch clause,property/value,RoutineDefinition.StaticDispatch,Clause/helper/property,no,no,0,STATIC DISPATCH
returns clause,property/value,ReturnsDefinition; RoutineDefinition.Returns,Clause/helper/property,no,no,1,RETURNS <returns type>
returns type,type/value/enum,ReturnsDefinition.Type; ReturnsDefinition.TableColumns; ReturnsDefinition.TableKeyword,DataType / type helper,no,no,3,<returns data type> [ <result cast> ] | <returns table type>
returns table type,type/value/enum,ReturnsDefinition.TableKeyword; ReturnsDefinition.TableColumns; ReturnsDefinition.OnlyPassThrough,DataType / type helper,no,no,1,TABLE [ <table function column list> ] | ONLY PASS THROUGH
table function column list,list property,ReturnsDefinition.TableColumns,IReadOnlyList<T> property,no,no,5,<left paren> <table function column list element> [ { <comma> <table function column list element> }... ] <right paren>
table function column list element,list property,FieldDefinition,IReadOnlyList<T> property,no,yes,2,<column name> <data type>
result cast,expression/value,ReturnsDefinition.CastFrom; ReturnsDefinition.CastFromLocator,Expression or expression helper/enum,no,no,1,CAST FROM <result cast from type>
result cast from type,type/value/enum,ReturnsDefinition.CastFrom; ReturnsDefinition.CastFromLocator,DataType / type helper,no,no,2,<data type> [ <locator indication> ]
returns data type,type/value/enum,ReturnsDefinition.Type; ReturnsDefinition.Locator,DataType / type helper,no,no,2,<data type> [ <locator indication> ]
routine body,erased classifier,RoutineBody,Polymorphic AST family,no,yes,3,<SQL routine spec> | <external body reference> | <polymorphic table function body>
SQL routine spec,record/value,RoutineBody.Sql; RoutineBody.Sql.Security,Structural helper AST,no,no,2,[ <rights clause> ] <SQL routine body>
rights clause,property/value,SqlSecurity; RoutineBody.Sql.Security,Clause/helper/property,no,no,0,SQL SECURITY INVOKER | SQL SECURITY DEFINER
SQL routine body,erased alias,erased,Referenced AST target,yes,yes,1,<SQL procedure statement>
external body reference,record/value,RoutineBody.External,Statement/helper/value family,no,no,4,EXTERNAL [ NAME <external routine name> ] [ <parameter style clause> ] [ <transform group specification> ] [ <external security clause> ]
polymorphic table function body,record/value,PolymorphicTableFunctionBody; RoutineBody.PolymorphicTableFunction,Structural helper AST,no,no,5,[ <PTF private parameters> ] [ DESCRIBE WITH <PTF describe component procedure> ] [ START WITH <PTF start component procedure> ] FULFILL WITH <PTF fulfill component procedure> [ FINISH WITH <PTF finish component procedur
PTF private parameters,record/value,PolymorphicTableFunctionBody.PrivateParameters; PolymorphicTableFunctionBody.PrivateDataKeyword,Statement/helper/value family,no,no,1,PRIVATE [ DATA ] <private parameter declaration list>
private parameter declaration list,list property,PolymorphicTableFunctionBody.PrivateParameters,IReadOnlyList<T> property,no,no,5,<left paren> [ <SQL parameter declaration> [ { <comma> <SQL parameter declaration> }... ] ] <right paren>
PTF describe component procedure,erased alias,erased,Referenced AST target,yes,yes,1,<specific routine designator>
PTF start component procedure,erased alias,erased,Referenced AST target,yes,yes,1,<specific routine designator>
PTF fulfill component procedure,erased alias,erased,Referenced AST target,yes,yes,1,<specific routine designator>
PTF finish component procedure,erased alias,erased,Referenced AST target,yes,yes,1,<specific routine designator>
external security clause,property/value,ExternalSecurity; RoutineBody.External.Security,Clause/helper/property,no,no,0,EXTERNAL SECURITY DEFINER | EXTERNAL SECURITY INVOKER | EXTERNAL SECURITY IMPLEMENTATION DEFINED
parameter style,enum/value,ParameterStyleKind,Enum/value/helper,no,no,0,SQL | GENERAL
deterministic characteristic,enum/value,RoutineCharacteristic.Deterministic,Enum/value/helper,no,no,0,DETERMINISTIC | NOT DETERMINISTIC
SQL-data access indication,enum/value,SqlDataAccess; RoutineCharacteristic.DataAccess,Enum/value/helper,no,no,0,NO SQL | CONTAINS SQL | READS SQL DATA | MODIFIES SQL DATA
null-call clause,property/value,NullCallMode; RoutineCharacteristic.NullCall,Clause/helper/property,no,no,0,RETURNS NULL ON NULL INPUT | CALLED ON NULL INPUT
maximum returned result sets,erased alias,erased,Referenced AST target,yes,yes,1,<unsigned integer>
transform group specification,enum/value,TransformGroupSpecification,Enum/value/helper,no,no,2,TRANSFORM GROUP { <single group specification> | <multiple group specification> }
single group specification,erased alias,erased,Referenced AST target,yes,yes,1,<group name>
multiple group specification,enum/value,TransformGroupSpecification.Groups,Enum/value/helper,no,no,3,<group specification> [ { <comma> <group specification> }... ]
group specification,record/value,TransformGroupForType,Structural helper AST,no,no,2,<group name> FOR TYPE <path-resolved user-defined type name>
alter routine statement,statement/property,Statement.AlterRoutine,Statement,no,no,3,ALTER <specific routine designator> <alter routine characteristics> <alter routine behavior>
alter routine characteristics,enum/value,Statement.AlterRoutine.Characteristics,Enum/value/helper,no,no,1,<alter routine characteristic>...
alter routine characteristic,enum/value,RoutineCharacteristic; RoutineCharacteristic.ExternalName,Enum/value/helper,no,no,6,<language clause> | <parameter style clause> | <SQL-data access indication> | <null-call clause> | <returned result sets characteristic> | NAME <external routine name>
alter routine behavior,enum/value,AlterRoutineBehavior.Restrict; Statement.AlterRoutine.Behavior,Enum/value/helper,no,no,0,RESTRICT
drop routine statement,statement/property,Statement.DropRoutine,Statement,no,no,2,DROP <specific routine designator> <drop behavior>
user-defined cast definition,statement/property,Statement.CreateCast,Statement,no,no,5,CREATE CAST <left paren> <source data type> AS <target data type> <right paren> WITH <cast function> [ AS ASSIGNMENT ]
cast function,erased alias,erased,Referenced AST target,yes,yes,1,<specific routine designator>
source data type,erased classifier/alias,erased,DataType / type helper,yes,yes,1,<data type>
target data type,erased classifier/alias,erased,DataType / type helper,yes,yes,1,<data type>
drop user-defined cast statement,statement/property,Statement.DropCast,Statement,no,no,5,DROP CAST <left paren> <source data type> AS <target data type> <right paren> <drop behavior>
user-defined ordering definition,statement/property,Statement.CreateOrdering,Statement,no,no,2,CREATE ORDERING FOR <schema-resolved user-defined type name> <ordering form>
ordering form,erased classifier,OrderingForm; OrderingDefinition.Form,Polymorphic AST family,no,yes,2,<equals ordering form> | <full ordering form>
equals ordering form,enum/value,OrderingForm.EqualsOnly; OrderingDefinition.Category,Enum/value/helper,no,no,1,EQUALS ONLY BY <ordering category>
full ordering form,enum/value,OrderingForm.Full; OrderingDefinition.Category,Enum/value/helper,no,no,1,ORDER FULL BY <ordering category>
ordering category,erased classifier,OrderingCategory,Polymorphic AST family,no,yes,3,<relative category> | <map category> | <state category>
relative category,record/value,OrderingCategory.Relative,Statement/helper/value family,no,no,1,RELATIVE WITH <relative function specification>
map category,record/value,OrderingCategory.Map,Statement/helper/value family,no,no,1,MAP WITH <map function specification>
state category,record/value,OrderingCategory.State,Statement/helper/value family,no,no,1,STATE [ <specific name> ]
relative function specification,erased alias,erased,Referenced AST target,yes,yes,1,<specific routine designator>
map function specification,erased alias,erased,Referenced AST target,yes,yes,1,<specific routine designator>
drop user-defined ordering statement,statement/property,Statement.DropOrdering,Statement,no,no,2,DROP ORDERING FOR <schema-resolved user-defined type name> <drop behavior>
transform definition,statement/property,Statement.CreateTransform; Statement.CreateTransform.PluralKeyword,Statement,no,no,2,CREATE { TRANSFORM | TRANSFORMS } FOR <schema-resolved user-defined type name> <transform group>...
transform group,erased classifier,erased,Polymorphic AST family,no,yes,4,<group name> <left paren> <transform element list> <right paren>
group name,name/value,TransformGroup.Name; TransformAlterGroup.Name; TransformDropTarget.Group.Name; TransformGroupSpecification.SingleGroup; TransformGroupSpecification.Groups,Identifier / QualifiedName,yes,yes,1,<identifier>
transform element list,list property,TransformGroup.Elements; TransformAlterAction.Elements,IReadOnlyList<T> property,no,no,3,<transform element> [ <comma> <transform element> ]
transform element,erased classifier,TransformElement,Polymorphic AST family,no,yes,2,<to sql> | <from sql>
to sql,record/value,TransformElement; TransformDirection.ToSql,Statement/helper/value family,no,no,1,TO SQL WITH <to sql function>
from sql,record/value,TransformElement; TransformDirection.FromSql,Statement/helper/value family,no,no,1,FROM SQL WITH <from sql function>
to sql function,erased alias,erased,Referenced AST target,yes,yes,1,<specific routine designator>
from sql function,erased alias,erased,Referenced AST target,yes,yes,1,<specific routine designator>
alter transform statement,statement/property,Statement.AlterTransform; Statement.AlterTransform.PluralKeyword,Statement,no,no,2,ALTER { TRANSFORM | TRANSFORMS } FOR <schema-resolved user-defined type name> <alter group>...
alter group,erased classifier,erased,Polymorphic AST family,no,yes,4,<group name> <left paren> <alter transform action list> <right paren>
alter transform action list,list property,TransformAlterGroup.Actions,IReadOnlyList<T> property,no,no,3,<alter transform action> [ { <comma> <alter transform action> }... ]
alter transform action,erased classifier,erased,Polymorphic AST family,no,yes,2,<add transform element list> | <drop transform element list>
add transform element list,list property,TransformAlterAction.Add; TransformAlterAction.Elements,IReadOnlyList<T> property,no,no,3,ADD <left paren> <transform element list> <right paren>
drop transform element list,list property,TransformAlterAction.DropKinds; TransformAlterAction.Behavior,IReadOnlyList<T> property,no,no,6,DROP <left paren> <transform kind> [ <comma> <transform kind> ] <drop behavior> <right paren>
transform kind,enum/value,TransformDirection,Enum/value/helper,no,no,0,TO SQL | FROM SQL
drop transform statement,statement/property,Statement.DropTransform; Statement.DropTransform.PluralKeyword,Statement,no,no,3,DROP { TRANSFORM | TRANSFORMS } <transforms to be dropped> FOR <schema-resolved user-defined type name> <drop behavior>
transforms to be dropped,record/value,TransformDropTarget,Structural helper AST,no,no,1,ALL | <transform group element>
transform group element,erased alias,erased,Referenced AST target,yes,yes,1,<group name>
sequence generator definition,statement/property,Statement.CreateSequence,Statement,no,no,2,CREATE SEQUENCE <sequence generator name> [ <sequence generator options> ]
sequence generator options,enum/value,Statement.CreateSequence.Options,Enum/value/helper,no,no,1,<sequence generator option>...
sequence generator option,erased classifier,erased,Polymorphic AST family,no,yes,2,<sequence generator data type option> | <common sequence generator options>
common sequence generator options,enum/value,SequenceOption; ColumnGeneration.Identity.Options,Enum/value/helper,no,no,1,<common sequence generator option>...
common sequence generator option,erased classifier,erased,Polymorphic AST family,no,yes,2,<sequence generator start with option> | <basic sequence generator option>
basic sequence generator option,erased classifier,erased,Polymorphic AST family,no,yes,4,<sequence generator increment by option> | <sequence generator max-value option> | <sequence generator min-value option> | <sequence generator cycle option>
sequence generator data type option,type/value/enum,SequenceOption.DataTypeOption,DataType / type helper,no,no,1,AS <data type>
sequence generator start with option,enum/value,SequenceOption.Start,Enum/value/helper,no,no,1,START WITH <sequence generator start value>
sequence generator start value,erased alias,erased,Referenced AST target,yes,yes,1,<signed numeric literal>
sequence generator increment by option,enum/value,SequenceOption.Increment,Enum/value/helper,no,no,1,INCREMENT BY <sequence generator increment>
sequence generator increment,erased alias,erased,Referenced AST target,yes,yes,1,<signed numeric literal>
sequence generator max-value option,enum/value,SequenceOption.Max; SequenceOption.Max.No,Enum/value/helper,no,no,1,MAXVALUE <sequence generator max value> | NO MAXVALUE
sequence generator max value,erased alias,erased,Referenced AST target,yes,yes,1,<signed numeric literal>
sequence generator min-value option,enum/value,SequenceOption.Min; SequenceOption.Min.No,Enum/value/helper,no,no,1,MINVALUE <sequence generator min value> | NO MINVALUE
sequence generator min value,erased alias,erased,Referenced AST target,yes,yes,1,<signed numeric literal>
sequence generator cycle option,enum/value,SequenceOption.Cycle,Enum/value/helper,no,no,0,CYCLE | NO CYCLE
alter sequence generator statement,statement/property,Statement.AlterSequence,Statement,no,no,2,ALTER SEQUENCE <sequence generator name> <alter sequence generator options>
alter sequence generator options,enum/value,Statement.AlterSequence.Options,Enum/value/helper,no,no,1,<alter sequence generator option>...
alter sequence generator option,erased classifier,erased,Polymorphic AST family,no,yes,2,<alter sequence generator restart option> | <basic sequence generator option>
alter sequence generator restart option,enum/value,SequenceOption.Restart,Enum/value/helper,no,no,1,RESTART [ WITH <sequence generator restart value> ]
sequence generator restart value,erased alias,erased,Referenced AST target,yes,yes,1,<signed numeric literal>
drop sequence generator statement,statement/property,Statement.DropSequence,Statement,no,no,2,DROP SEQUENCE <sequence generator name> <drop behavior>
grant statement,erased classifier/alias,erased,Statement,no,yes,2,<grant privilege statement> | <grant role statement>
grant privilege statement,statement/property,Statement.Grant; GrantBody.Privileges,Statement,no,no,5,GRANT <privileges> TO <grantee> [ { <comma> <grantee> }... ] [ WITH HIERARCHY OPTION ] [ WITH GRANT OPTION ] [ GRANTED BY <grantor> ]
privileges,record/value,GrantBody.Privileges.Items; GrantBody.Privileges.Object; RevokeBody.Privileges.Items; RevokeBody.Privileges.Object,Statement/helper/value family,no,no,2,<object privileges> ON <object name>
object name,name/value,PrivilegeObject,Identifier / QualifiedName,no,no,8,[ TABLE ] <table name> | DOMAIN <domain name> | COLLATION <collation name> | CHARACTER SET <character set name> | TRANSLATION <transliteration name> | TYPE <schema-resolved user-defined type name> | SEQUENCE <sequence ge
object privileges,record/value,Privilege; PrivilegeKind.AllPrivileges,Statement/helper/value family,no,no,3,ALL PRIVILEGES | <action> [ { <comma> <action> }... ]
action,enum/value,Privilege; PrivilegeKind,Enum/value/helper,no,no,15,SELECT | SELECT <left paren> <privilege column list> <right paren> | SELECT <left paren> <privilege method list> <right paren> | DELETE | INSERT [ <left paren> <privilege column list> <right paren> ] | UPDATE [ <left par
privilege method list,list property,Privilege.Methods,IReadOnlyList<T> property,no,no,3,<specific routine designator> [ { <comma> <specific routine designator> }... ]
privilege column list,list property,Privilege.Columns,IReadOnlyList<T> property,yes,yes,1,<column name list>
grantee,record/value,Grantee,Structural helper AST,no,no,1,PUBLIC | <authorization identifier>
grantor,record/value,Grantor,Structural helper AST,no,no,0,CURRENT_USER | CURRENT_ROLE
role definition,statement/property,Statement.CreateRole,Statement,no,no,2,CREATE ROLE <role name> [ WITH ADMIN <grantor> ]
grant role statement,statement/property,Statement.Grant; GrantBody.Roles,Statement,no,no,7,GRANT <role granted> [ { <comma> <role granted> }... ] TO <grantee> [ { <comma> <grantee> }... ] [ WITH ADMIN OPTION ] [ GRANTED BY <grantor> ]
role granted,erased alias,erased,Referenced AST target,yes,yes,1,<role name>
drop role statement,statement/property,Statement.DropRole,Statement,no,no,2,DROP ROLE <role name> <drop behavior>
revoke statement,erased classifier/alias,erased,Statement,no,yes,2,<revoke privilege statement> | <revoke role statement>
revoke privilege statement,statement/property,Statement.Revoke; RevokeBody.Privileges,Statement,no,no,7,REVOKE [ <revoke option extension> ] <privileges> FROM <grantee> [ { <comma> <grantee> }... ] [ GRANTED BY <grantor> ] <drop behavior>
revoke option extension,enum/value,RevokeOption; RevokeBody.Privileges.Option,Enum/value/helper,no,no,0,GRANT OPTION FOR | HIERARCHY OPTION FOR
revoke role statement,statement/property,Statement.Revoke; RevokeBody.Roles,Statement,no,no,8,REVOKE [ ADMIN OPTION FOR ] <role revoked> [ { <comma> <role revoked> }... ] FROM <grantee> [ { <comma> <grantee> }... ] [ GRANTED BY <grantor> ] <drop behavior>
role revoked,erased alias,erased,Referenced AST target,yes,yes,1,<role name>
SQL-client module definition,record/value,SqlClientModule,Statement/helper/value family,no,no,8,<module name clause> <language clause> <module authorization clause> [ <module path specification> ] [ <module transform group specification> ] [ <module collations> ] [ <temporary table declaration>... ] <module content
module authorization clause,property/value,EmbeddedAuthorization,Clause/helper/property,no,no,4,SCHEMA <schema name> | AUTHORIZATION <module authorization identifier> [ FOR STATIC { ONLY | AND DYNAMIC } ] | SCHEMA <schema name> AUTHORIZATION <module authorization identifier> [ FOR STATIC { ONLY | AND DYNAMIC } ]
module authorization identifier,erased alias,erased,Referenced AST target,yes,yes,1,<authorization identifier>
module path specification,erased alias,erased,Referenced AST target,yes,yes,1,<path specification>
module transform group specification,erased alias,erased,Referenced AST target,yes,yes,1,<transform group specification>
module collations,record/value,ModuleCollation,Statement/helper/value family,no,no,1,<module collation specification>...
module collation specification,enum/value,ModuleCollation,Enum/value/helper,no,no,2,COLLATION <collation name> [ FOR <character set specification list> ]
character set specification list,list property,ModuleCollation.CharacterSets; Statement.SetCollation.ForCharacterSets,IReadOnlyList<T> property,no,no,3,<character set specification> [ { <comma> <character set specification> }... ]
module contents,erased classifier,erased,Polymorphic AST family,no,yes,3,<declare cursor> | <dynamic declare cursor> | <externally-invoked procedure>
module name clause,name/value,SqlClientModule.Name; SqlClientModule.NamesAre,Identifier / QualifiedName,no,no,2,MODULE [ <SQL-client module name> ] [ <module character set specification> ]
module character set specification,enum/value,SqlClientModule.NamesAre,Enum/value/helper,no,no,1,NAMES ARE <character set specification>
externally-invoked procedure,record/value,ModuleContent.Procedure,Statement/helper/value family,no,no,5,PROCEDURE <procedure name> <host parameter declaration list> <semicolon> <SQL procedure statement> <semicolon>
host parameter declaration list,list property,ModuleContent.Procedure.Parameters,IReadOnlyList<T> property,no,no,5,<left paren> <host parameter declaration> [ { <comma> <host parameter declaration> }... ] <right paren>
host parameter declaration,erased classifier,erased,Polymorphic AST family,no,yes,3,<host parameter name> <host parameter data type> | <status parameter>
host parameter data type,type/value/enum,HostParameterDeclaration.Parameter.Type; HostParameterDeclaration.Parameter.Locator,DataType / type helper,no,no,2,<data type> [ <locator indication> ]
status parameter,record/value,HostParameterDeclaration.Status,Statement/helper/value family,no,no,0,SQLSTATE
SQL procedure statement,erased classifier/alias,Statement; RoutineBody.Sql.Statement,Statement,yes,yes,1,<SQL executable statement>
SQL executable statement,erased classifier/alias,erased,Statement,no,yes,8,<SQL schema statement> | <SQL data statement> | <SQL control statement> | <SQL transaction statement> | <SQL connection statement> | <SQL session statement> | <SQL diagnostics statement> | <SQL dynamic statement>
SQL schema statement,erased classifier/alias,erased,Statement,no,yes,2,<SQL schema definition statement> | <SQL schema manipulation statement>
SQL schema definition statement,erased classifier/alias,erased,Statement,no,yes,17,<schema definition> | <table definition> | <view definition> | <SQL-invoked routine> | <grant statement> | <role definition> | <domain definition> | <character set definition> | <collation definition> | <transliteration
SQL schema manipulation statement,erased classifier/alias,erased,Statement,no,yes,23,<drop schema statement> | <alter table statement> | <drop table statement> | <drop view statement> | <alter routine statement> | <drop routine statement> | <drop user-defined cast statement> | <revoke statement> | <drop
SQL data statement,erased classifier/alias,erased,Statement,no,yes,7,<open statement> | <fetch statement> | <close statement> | <select statement: single row> | <free locator statement> | <hold locator statement> | <SQL data change statement>
SQL data change statement,erased classifier/alias,erased,Statement,no,yes,7,<delete statement: positioned> | <delete statement: searched> | <insert statement> | <update statement: positioned> | <update statement: searched> | <truncate table statement> | <merge statement>
SQL control statement,erased classifier/alias,erased,Statement,no,yes,2,<call statement> | <return statement>
SQL transaction statement,erased classifier/alias,erased,Statement,no,yes,7,<start transaction statement> | <set transaction statement> | <set constraints mode statement> | <savepoint statement> | <release savepoint statement> | <commit statement> | <rollback statement>
SQL connection statement,erased classifier/alias,erased,Statement,no,yes,3,<connect statement> | <set connection statement> | <disconnect statement>
SQL session statement,erased classifier/alias,erased,Statement,no,yes,10,<set session user identifier statement> | <set role statement> | <set local time zone statement> | <set session characteristics statement> | <set catalog statement> | <set schema statement> | <set names statement> | <set
SQL diagnostics statement,erased classifier/alias,erased,Statement,yes,yes,1,<get diagnostics statement>
SQL dynamic statement,erased classifier/alias,erased,Statement,no,yes,9,<SQL descriptor statement> | <prepare statement> | <deallocate prepared statement> | <describe statement> | <execute statement> | <execute immediate statement> | <SQL dynamic data statement> | <copy descriptor statement>
SQL dynamic data statement,erased classifier/alias,erased,Statement,no,yes,7,<allocate extended dynamic cursor statement> | <allocate received cursor statement> | <dynamic open statement> | <dynamic fetch statement> | <dynamic close statement> | <dynamic delete statement: positioned> | <dynamic u
SQL descriptor statement,erased classifier/alias,erased,Statement,no,yes,4,<allocate descriptor statement> | <deallocate descriptor statement> | <set descriptor statement> | <get descriptor statement>
declare cursor,record/value,Statement.DeclareCursor,Structural helper AST,no,no,3,DECLARE <cursor name> <cursor properties> FOR <cursor specification>
cursor properties,record/value,CursorProperties,Structural helper AST,no,no,4,[ <cursor sensitivity> ] [ <cursor scrollability> ] CURSOR [ <cursor holdability> ] [ <cursor returnability> ]
cursor sensitivity,record/value,CursorSensitivity; CursorProperties.Sensitivity,Structural helper AST,no,no,0,SENSITIVE | INSENSITIVE | ASENSITIVE
cursor scrollability,record/value,CursorScrollability; CursorProperties.Scrollability,Structural helper AST,no,no,0,SCROLL | NO SCROLL
cursor holdability,record/value,CursorHoldability; CursorProperties.Holdability,Structural helper AST,no,no,0,WITH HOLD | WITHOUT HOLD
cursor returnability,record/value,CursorReturnability; CursorProperties.Returnability,Structural helper AST,no,no,0,WITH RETURN | WITHOUT RETURN
cursor specification,enum/value,CursorSource.Query; Statement.Select.Updatability,Enum/value/helper,no,no,2,<query expression> [ <updatability clause> ]
updatability clause,property/value,UpdatabilityClause,Clause/helper/property,no,no,1,FOR { READ ONLY | UPDATE [ OF <column name list> ] }
open statement,statement/property,Statement.OpenCursor,Statement,no,no,1,OPEN <cursor name>
fetch statement,statement/property,Statement.FetchCursor; Statement.FetchCursor.FromKeyword; Statement.FetchCursor.Into,Statement,no,no,3,FETCH [ [ <fetch orientation> ] FROM ] <cursor name> INTO <fetch target list>
fetch orientation,enum/value,FetchOrientation; FetchOrientationKind,Enum/value/helper,no,no,1,NEXT | PRIOR | FIRST | LAST | { ABSOLUTE | RELATIVE } <simple value specification>
fetch target list,list property,Statement.FetchCursor.Into,IReadOnlyList<T> property,no,no,3,<target specification> [ { <comma> <target specification> }... ]
close statement,statement/property,Statement.CloseCursor,Statement,no,no,1,CLOSE <cursor name>
select statement: single row,statement/property,Statement.Select; Statement.Select.Into,Statement,no,no,4,SELECT [ <set quantifier> ] <select list> INTO <select target list> <table expression>
select target list,list property,Statement.Select.Into; IntoClause.Targets,IReadOnlyList<T> property,no,no,3,<target specification> [ { <comma> <target specification> }... ]
delete statement: positioned,statement/property,Statement.Delete; Statement.Delete.CurrentOf,Statement,no,no,3,DELETE FROM <target table> [ [ AS ] <correlation name> ] WHERE CURRENT OF <cursor name>
target table,record/value,TableSource.Named,Structural helper AST,no,no,4,<table name> | ONLY <left paren> <table name> <right paren>
delete statement: searched,statement/property,Statement.Delete,Statement,no,no,6,DELETE FROM <target table> [ FOR PORTION OF <application time period name> FROM <point in time 1> TO <point in time 2> ] [ [ AS ] <correlation name> ] [ WHERE <search condition> ]
truncate table statement,statement/property,Statement.TruncateTable,Statement,no,no,2,TRUNCATE TABLE <target table> [ <identity column restart option> ]
identity column restart option,enum/value,Statement.TruncateTable.Identity; IdentityRestart,Enum/value/helper,no,no,0,CONTINUE IDENTITY | RESTART IDENTITY
insert statement,statement/property,Statement.Insert,Statement,no,no,2,INSERT INTO <insertion target> <insert columns and source>
insertion target,erased alias,erased,Referenced AST target,yes,yes,1,<table name>
insert columns and source,erased classifier,erased,Polymorphic AST family,no,yes,3,<from subquery> | <from constructor> | <from default>
from subquery,record/value,InsertSource.Query; Statement.Insert.Columns; Statement.Insert.Override,Structural helper AST,no,no,5,[ <left paren> <insert column list> <right paren> ] [ <override clause> ] <query expression>
from constructor,record/value,InsertSource.Values; Statement.Insert.Columns; Statement.Insert.Override,Statement/helper/value family,no,no,5,[ <left paren> <insert column list> <right paren> ] [ <override clause> ] <contextually typed table value constructor>
override clause,property/value,OverrideKind; Statement.Insert.Override; MergeInsertAction.Override,Clause/helper/property,no,no,0,OVERRIDING USER VALUE | OVERRIDING SYSTEM VALUE
from default,record/value,InsertSource.DefaultValues,Statement/helper/value family,no,no,0,DEFAULT VALUES
insert column list,list property,Statement.Insert.Columns; MergeInsertAction.Columns,IReadOnlyList<T> property,yes,yes,1,<column name list>
merge statement,statement/property,Statement.Merge,Statement,no,no,5,MERGE INTO <target table> [ [ AS ] <merge correlation name> ] USING <table reference> ON <search condition> <merge operation specification>
merge correlation name,name/value,Statement.Merge.Alias,Identifier / QualifiedName,yes,yes,1,<correlation name>
merge operation specification,enum/value,Statement.Merge.Clauses,Enum/value/helper,no,no,1,<merge when clause>...
merge when clause,erased classifier/alias,erased,Clause/helper/property,no,yes,2,<merge when matched clause> | <merge when not matched clause>
merge when matched clause,property/value,MergeClause.Matched; MergeClause.Condition,Clause/helper/property,no,no,2,WHEN MATCHED [ AND <search condition> ] THEN <merge update or delete specification>
merge update or delete specification,erased classifier,erased,Polymorphic AST family,no,yes,2,<merge update specification> | <merge delete specification>
merge when not matched clause,property/value,MergeClause.NotMatched; MergeClause.Condition,Clause/helper/property,no,no,2,WHEN NOT MATCHED [ AND <search condition> ] THEN <merge insert specification>
merge update specification,enum/value,MergeMatchedAction.Update,Enum/value/helper,no,no,1,UPDATE SET <set clause list>
merge delete specification,enum/value,MergeMatchedAction.Delete,Enum/value/helper,no,no,0,DELETE
merge insert specification,enum/value,MergeInsertAction,Enum/value/helper,no,no,5,INSERT [ <left paren> <insert column list> <right paren> ] [ <override clause> ] VALUES <merge insert value list>
merge insert value list,list property,MergeInsertAction.Values,IReadOnlyList<T> property,no,no,5,<left paren> <merge insert value element> [ { <comma> <merge insert value element> }... ] <right paren>
merge insert value element,erased classifier,erased,Polymorphic AST family,no,yes,2,<value expression> | <contextually typed value specification>
update statement: positioned,statement/property,Statement.Update; Statement.Update.CurrentOf,Statement,no,no,4,UPDATE <target table> [ [ AS ] <correlation name> ] SET <set clause list> WHERE CURRENT OF <cursor name>
update statement: searched,statement/property,Statement.Update,Statement,no,no,7,UPDATE <target table> [ FOR PORTION OF <application time period name> FROM <point in time 1> TO <point in time 2> ] [ [ AS ] <correlation name> ] SET <set clause list> [ WHERE <search condition> ]
set clause list,list property,Statement.Update.Assignments; MergeMatchedAction.Update.Assignments,IReadOnlyList<T> property,no,no,3,<set clause> [ { <comma> <set clause> }... ]
set clause,erased classifier/alias,erased,Clause/helper/property,no,yes,4,<multiple column assignment> | <set target> <equals operator> <update source>
set target,erased classifier,erased,Polymorphic AST family,no,yes,2,<update target> | <mutated set clause>
multiple column assignment,erased classifier,erased,Polymorphic AST family,no,yes,3,<set target list> <equals operator> <assigned row>
set target list,list property,Assignment.Targets,IReadOnlyList<T> property,no,no,5,<left paren> <set target> [ { <comma> <set target> }... ] <right paren>
assigned row,erased alias,erased,Referenced AST target,yes,yes,1,<contextually typed row value expression>
update target,erased classifier,erased,Polymorphic AST family,no,yes,5,<object column> | <object column> <left bracket or trigraph> <simple value specification> <right bracket or trigraph>
object column,erased alias,erased,Referenced AST target,yes,yes,1,<column name>
mutated set clause,erased classifier/alias,erased,Clause/helper/property,no,yes,3,<mutated target> <period> <method name>
mutated target,erased classifier,erased,Polymorphic AST family,no,yes,2,<object column> | <mutated set clause>
update source,erased classifier,erased,Polymorphic AST family,no,yes,2,<value expression> | <contextually typed value specification>
temporary table declaration,record/value,Statement.DeclareLocalTemporaryTable,Structural helper AST,no,no,3,DECLARE LOCAL TEMPORARY TABLE <table name> <table element list> [ ON COMMIT <table commit action> ROWS ]
free locator statement,statement/property,Statement.FreeLocator; Statement.FreeLocator.Locators,Statement,no,no,3,FREE LOCATOR <locator reference> [ { <comma> <locator reference> }... ]
locator reference,erased classifier,erased,Polymorphic AST family,no,yes,3,<host parameter name> | <embedded variable name> | <dynamic parameter specification>
hold locator statement,statement/property,Statement.HoldLocator; Statement.HoldLocator.Locators,Statement,no,no,3,HOLD LOCATOR <locator reference> [ { <comma> <locator reference> }... ]
call statement,statement/property,Statement.Call,Statement,no,no,1,CALL <routine invocation>
return statement,statement/property,Statement.Return,Statement,no,no,1,RETURN <return value>
return value,expression/value,Statement.Return.Value; Statement.Return.NullKeyword,Expression or expression helper/enum,no,no,1,<value expression> | NULL
start transaction statement,statement/property,Statement.StartTransaction,Statement,no,no,1,START TRANSACTION [ <transaction characteristics> ]
set transaction statement,statement/property,Statement.SetTransaction; Statement.SetTransaction.Local,Statement,no,no,1,SET [ LOCAL ] TRANSACTION <transaction characteristics>
transaction characteristics,enum/value,Statement.StartTransaction.Modes; Statement.SetTransaction.Modes,Enum/value/helper,no,no,3,[ <transaction mode> [ { <comma> <transaction mode> }... ] ]
transaction mode,erased classifier,TransactionMode,Polymorphic AST family,no,yes,3,<isolation level> | <transaction access mode> | <diagnostics size>
transaction access mode,enum/value,TransactionMode.Access; TransactionAccess,Enum/value/helper,no,no,0,READ ONLY | READ WRITE
isolation level,enum/value,TransactionMode.Isolation; IsolationLevel,Enum/value/helper,no,no,1,ISOLATION LEVEL <level of isolation>
level of isolation,enum/value,TransactionMode.Isolation.Level; IsolationLevel,Enum/value/helper,no,no,0,READ UNCOMMITTED | READ COMMITTED | REPEATABLE READ | SERIALIZABLE
diagnostics size,record/value,TransactionMode.DiagnosticsSize,Statement/helper/value family,no,no,1,DIAGNOSTICS SIZE <number of conditions>
number of conditions,erased alias,erased,Referenced AST target,yes,yes,1,<simple value specification>
set constraints mode statement,statement/property,Statement.SetConstraints; Statement.SetConstraints.Timing,Statement,no,no,1,SET CONSTRAINTS <constraint name list> { DEFERRED | IMMEDIATE }
constraint name list,name/value,Statement.SetConstraints.Target; ConstraintTarget,Identifier / QualifiedName,no,no,3,ALL | <constraint name> [ { <comma> <constraint name> }... ]
savepoint statement,statement/property,Statement.Savepoint,Statement,no,no,1,SAVEPOINT <savepoint specifier>
savepoint specifier,erased alias,erased,Referenced AST target,yes,yes,1,<savepoint name>
release savepoint statement,statement/property,Statement.ReleaseSavepoint,Statement,no,no,1,RELEASE SAVEPOINT <savepoint specifier>
commit statement,statement/property,Statement.Commit,Statement,no,no,0,COMMIT [ WORK ] [ AND [ NO ] CHAIN ]
rollback statement,statement/property,Statement.Rollback,Statement,no,no,1,ROLLBACK [ WORK ] [ AND [ NO ] CHAIN ] [ <savepoint clause> ]
savepoint clause,property/value,Statement.Rollback.ToSavepoint,Clause/helper/property,no,no,1,TO SAVEPOINT <savepoint specifier>
connect statement,statement/property,Statement.Connect,Statement,no,no,1,CONNECT TO <connection target>
connection target,record/value,ConnectionTarget,Statement/helper/value family,no,no,3,<SQL-server name> [ AS <connection name> ] [ USER <connection user name> ] | DEFAULT
set connection statement,statement/property,Statement.SetConnection,Statement,no,no,1,SET CONNECTION <connection object>
connection object,record/value,ConnectionObject,Statement/helper/value family,no,no,1,DEFAULT | <connection name>
disconnect statement,statement/property,Statement.Disconnect,Statement,no,no,1,DISCONNECT <disconnect object>
disconnect object,record/value,DisconnectObject,Statement/helper/value family,no,no,1,<connection object> | ALL | CURRENT
set session characteristics statement,statement/property,Statement.SetSessionCharacteristics,Statement,no,no,1,SET SESSION CHARACTERISTICS AS <session characteristic list>
session characteristic list,list property,Statement.SetSessionCharacteristics.Characteristics,IReadOnlyList<T> property,no,no,3,<session characteristic> [ { <comma> <session characteristic> }... ]
session characteristic,erased alias,erased,Referenced AST target,yes,yes,1,<session transaction characteristics>
session transaction characteristics,enum/value,Statement.SetSessionCharacteristics.Characteristics,Enum/value/helper,no,no,3,TRANSACTION <transaction mode> [ { <comma> <transaction mode> }... ]
set session user identifier statement,statement/property,Statement.SetSessionAuthorization,Statement,no,no,1,SET SESSION AUTHORIZATION <value specification>
set role statement,statement/property,Statement.SetRole,Statement,no,no,1,SET ROLE <role specification>
role specification,enum/value,Statement.SetRole.Value; Statement.SetRole.None,Enum/value/helper,no,no,1,<value specification> | NONE
set local time zone statement,statement/property,Statement.SetTimeZone,Statement,no,no,1,SET TIME ZONE <set time zone value>
set time zone value,expression/value,Statement.SetTimeZone.Value; Statement.SetTimeZone.Local,Expression or expression helper/enum,no,no,1,<interval value expression> | LOCAL
set catalog statement,statement/property,Statement.SetCatalog,Statement,no,no,1,SET <catalog name characteristic>
catalog name characteristic,name/value,Statement.SetCatalog.Value,Identifier / QualifiedName,no,no,1,CATALOG <value specification>
set schema statement,statement/property,Statement.SetSchema,Statement,no,no,1,SET <schema name characteristic>
schema name characteristic,name/value,Statement.SetSchema.Value,Identifier / QualifiedName,no,no,1,SCHEMA <value specification>
set names statement,statement/property,Statement.SetNames,Statement,no,no,1,SET <character set name characteristic>
character set name characteristic,name/value,Statement.SetNames.Value,Identifier / QualifiedName,no,no,1,NAMES <value specification>
set path statement,statement/property,Statement.SetPath,Statement,no,no,1,SET <SQL-path characteristic>
SQL-path characteristic,enum/value,Statement.SetPath.Value,Enum/value/helper,no,no,1,PATH <value specification>
set transform group statement,statement/property,Statement.SetTransformGroup,Statement,no,no,1,SET <transform group characteristic>
transform group characteristic,enum/value,TransformGroupCharacteristic,Enum/value/helper,no,no,3,DEFAULT TRANSFORM GROUP <value specification> | TRANSFORM GROUP FOR TYPE <path-resolved user-defined type name> <value specification>
set session collation statement,statement/property,Statement.SetCollation,Statement,no,no,3,SET COLLATION <collation specification> [ FOR <character set specification list> ] | SET NO COLLATION [ FOR <character set specification list> ]
collation specification,erased alias,erased,Referenced AST target,yes,yes,1,<value specification>
allocate descriptor statement,statement/property,Statement.AllocateDescriptor,Statement,no,no,2,ALLOCATE [ SQL ] DESCRIPTOR <conventional descriptor name> [ WITH MAX <occurrences> ]
occurrences,erased alias,erased,Referenced AST target,yes,yes,1,<simple value specification>
deallocate descriptor statement,statement/property,Statement.DeallocateDescriptor,Statement,no,no,1,DEALLOCATE [ SQL ] DESCRIPTOR <conventional descriptor name>
get descriptor statement,statement/property,Statement.GetDescriptor,Statement,no,no,2,GET [ SQL ] DESCRIPTOR <descriptor name> <get descriptor information>
get descriptor information,record/value,Statement.GetDescriptor.Body; DescriptorGet,Structural helper AST,no,no,7,<get header information> [ { <comma> <get header information> }... ] | VALUE <item number> <get item information> [ { <comma> <get item information> }... ]
get header information,erased classifier,erased,Polymorphic AST family,no,yes,3,<get header information target specification> <equals operator> <header item name>
header item name,name/value,DescriptorItem,Identifier / QualifiedName,no,no,0,COUNT | KEY_TYPE | DYNAMIC_FUNCTION | DYNAMIC_FUNCTION_CODE | TOP_LEVEL_COUNT
get item information,erased classifier,erased,Polymorphic AST family,no,yes,3,<get item information target specification> <equals operator> <descriptor item name>
item number,erased alias,erased,Referenced AST target,yes,yes,1,<simple value specification>
get header information target specification,erased alias,erased,Referenced AST target,yes,yes,1,<simple target specification>
get item information target specification,erased alias,erased,Referenced AST target,yes,yes,1,<simple target specification>
descriptor item name,name/value,DescriptorItem,Identifier / QualifiedName,no,no,0,CARDINALITY | CHARACTER_SET_CATALOG | CHARACTER_SET_NAME | CHARACTER_SET_SCHEMA | COLLATION_CATALOG | COLLATION_NAME | COLLATION_SCHEMA | DATA | DATETIME_INTERVAL_CODE | DATETIME_INTERVAL_PRECISION | DEGREE | INDICATOR |
set descriptor statement,statement/property,Statement.SetDescriptor,Statement,no,no,2,SET [ SQL ] DESCRIPTOR <descriptor name> <set descriptor information>
set descriptor information,record/value,Statement.SetDescriptor.Body; DescriptorSet,Structural helper AST,no,no,7,<set header information> [ { <comma> <set header information> }... ] | VALUE <item number> <set item information> [ { <comma> <set item information> }... ]
set header information,erased classifier,erased,Polymorphic AST family,no,yes,3,<header item name> <equals operator> <set header information value specification>
set item information,erased classifier,erased,Polymorphic AST family,no,yes,3,<descriptor item name> <equals operator> <set item information value specification>
set header information value specification,erased alias,erased,Referenced AST target,yes,yes,1,<simple value specification>
set item information value specification,erased alias,erased,Referenced AST target,yes,yes,1,<simple value specification>
copy descriptor statement,erased classifier/alias,erased,Statement,no,yes,2,<copy whole descriptor statement> | <copy item descriptor statement>
copy whole descriptor statement,statement/property,Statement.CopyDescriptor; DescriptorCopy.Whole,Statement,no,no,2,COPY <source descriptor name> TO <target descriptor name>
copy item descriptor statement,statement/property,Statement.CopyDescriptor; DescriptorCopy.Item,Statement,no,no,7,COPY <source descriptor name> VALUE <item number 1> <left paren> <copy descriptor options> <right paren> TO <target descriptor name> VALUE <item number 2>
source descriptor name,name/value,DescriptorCopy.Whole.Source; DescriptorCopy.Item.Source,Identifier / QualifiedName,yes,yes,1,<descriptor name>
target descriptor name,name/value,DescriptorCopy.Whole.Target; DescriptorCopy.Item.Target,Identifier / QualifiedName,yes,yes,1,<PTF descriptor name>
item number 1,erased alias,erased,Referenced AST target,yes,yes,1,<simple value specification>
item number 2,erased alias,erased,Referenced AST target,yes,yes,1,<simple value specification>
copy descriptor options,enum/value,DescriptorCopy.Item.Options; DescriptorCopyOption,Enum/value/helper,no,no,1,NAME | TYPE | NAME <comma> TYPE | DATA
prepare statement,statement/property,Statement.Prepare,Statement,no,no,3,PREPARE <SQL statement name> [ <attributes specification> ] FROM <SQL statement variable>
attributes specification,enum/value,Statement.Prepare.Attributes,Enum/value/helper,no,no,1,ATTRIBUTES <attributes variable>
attributes variable,erased alias,erased,Referenced AST target,yes,yes,1,<simple value specification>
SQL statement variable,erased classifier/alias,erased,Statement,yes,yes,1,<simple value specification>
preparable statement,erased classifier/alias,erased,Statement,no,yes,6,<preparable SQL data statement> | <preparable SQL schema statement> | <preparable SQL transaction statement> | <preparable SQL control statement> | <preparable SQL session statement> | <preparable implementation-defined
preparable SQL data statement,erased classifier/alias,erased,Statement,no,yes,11,<delete statement: searched> | <dynamic single row select statement> | <insert statement> | <dynamic select statement> | <update statement: searched> | <truncate table statement> | <merge statement> | <preparable dynamic
preparable SQL schema statement,erased classifier/alias,erased,Statement,yes,yes,1,<SQL schema statement>
preparable SQL transaction statement,erased classifier/alias,erased,Statement,yes,yes,1,<SQL transaction statement>
preparable SQL control statement,erased classifier/alias,erased,Statement,yes,yes,1,<SQL control statement>
preparable SQL session statement,erased classifier/alias,erased,Statement,yes,yes,1,<SQL session statement>
dynamic select statement,erased classifier/alias,erased,Statement,yes,yes,1,<cursor specification>
preparable implementation-defined statement,statement/property,Statement.Extension,Statement,no,no,0,!! See the Syntax Rules.
cursor attributes,record/value,CursorProperties,Structural helper AST,no,no,1,<cursor attribute>...
cursor attribute,erased classifier,erased,Polymorphic AST family,no,yes,4,<cursor sensitivity> | <cursor scrollability> | <cursor holdability> | <cursor returnability>
deallocate prepared statement,statement/property,Statement.DeallocatePrepare,Statement,no,no,1,DEALLOCATE PREPARE <SQL statement name>
describe statement,erased classifier/alias,erased,Statement,no,yes,2,<describe input statement> | <describe output statement>
describe input statement,statement/property,Statement.Describe; DescribeBody.Input,Statement,no,no,3,DESCRIBE INPUT <SQL statement name> <using descriptor> [ <nesting option> ]
describe output statement,statement/property,Statement.Describe; DescribeBody.Output,Statement,no,no,3,DESCRIBE [ OUTPUT ] <described object> <using descriptor> [ <nesting option> ]
nesting option,enum/value,DescribeBody.Input.WithNesting; DescribeBody.Output.WithNesting,Enum/value/helper,no,no,0,WITH NESTING | WITHOUT NESTING
using descriptor,record/value,DescribeBody.Input.Descriptor; DescribeBody.Output.Descriptor; DescribeBody.Input.SqlKeyword; DescribeBody.Output.SqlKeyword,Structural helper AST,no,no,1,USING [ SQL ] DESCRIPTOR <descriptor name>
described object,record/value,DescribeObject,Statement/helper/value family,no,no,2,<SQL statement name> | CURSOR <cursor name> STRUCTURE
input using clause,erased classifier/alias,erased,Clause/helper/property,no,yes,2,<using arguments> | <using input descriptor>
using arguments,record/value,DynamicArguments.Values,Statement/helper/value family,no,no,3,USING <using argument> [ { <comma> <using argument> }... ]
using argument,erased alias,erased,Referenced AST target,yes,yes,1,<general value specification>
using input descriptor,erased alias,erased,Referenced AST target,yes,yes,1,<using descriptor>
output using clause,erased classifier/alias,erased,Clause/helper/property,no,yes,2,<into arguments> | <into descriptor>
into arguments,record/value,DynamicArguments.Values; Statement.FetchCursor.Into,Statement/helper/value family,no,no,3,INTO <into argument> [ { <comma> <into argument> }... ]
into argument,erased alias,erased,Referenced AST target,yes,yes,1,<target specification>
into descriptor,record/value,DynamicArguments.Descriptor; Statement.FetchCursor.Into,Structural helper AST,no,no,1,INTO [ SQL ] DESCRIPTOR <descriptor name>
execute statement,statement/property,Statement.Execute,Statement,no,no,3,EXECUTE <SQL statement name> [ <result using clause> ] [ <parameter using clause> ]
result using clause,erased classifier/alias,erased,Clause/helper/property,yes,yes,1,<output using clause>
parameter using clause,erased classifier/alias,erased,Clause/helper/property,yes,yes,1,<input using clause>
execute immediate statement,statement/property,Statement.ExecuteImmediate,Statement,no,no,1,EXECUTE IMMEDIATE <SQL statement variable>
dynamic declare cursor,record/value,Statement.DeclareCursor; CursorSource.Prepared,Structural helper AST,no,no,3,DECLARE <cursor name> <cursor properties> FOR <statement name>
descriptor value constructor,record/value,Expression.DescriptorConstructor,Structural helper AST,no,no,3,DESCRIPTOR <left paren> <descriptor column list> <right paren>
descriptor column list,list property,Expression.DescriptorConstructor.Columns,IReadOnlyList<T> property,no,no,3,<descriptor column specification> [ { <comma> <descriptor column specification> }... ]
descriptor column specification,enum/value,DescriptorColumn,Enum/value/helper,no,no,2,<column name> [ <data type> ]
allocate extended dynamic cursor statement,statement/property,Statement.AllocateCursor; CursorAllocationSource.Prepared,Statement,no,no,3,ALLOCATE <extended cursor name> <cursor properties> FOR <extended statement name>
allocate received cursor statement,statement/property,Statement.AllocateCursor; Statement.AllocateCursor.CursorKeyword; CursorAllocationSource.Routine,Statement,no,no,2,ALLOCATE <cursor name> [ CURSOR ] FOR <specific routine designator>
dynamic open statement,statement/property,Statement.OpenCursor; Statement.OpenCursor.Using,Statement,no,no,2,OPEN <conventional dynamic cursor name> [ <input using clause> ]
dynamic fetch statement,statement/property,Statement.FetchCursor; Statement.FetchCursor.FromKeyword; Statement.FetchCursor.Into,Statement,no,no,3,FETCH [ [ <fetch orientation> ] FROM ] <dynamic cursor name> <output using clause>
dynamic single row select statement,erased classifier/alias,Statement.Select,Statement,yes,yes,1,<query specification>
dynamic close statement,statement/property,Statement.CloseCursor,Statement,no,no,1,CLOSE <conventional dynamic cursor name>
dynamic delete statement: positioned,statement/property,Statement.Delete; Statement.Delete.CurrentOf,Statement,no,no,2,DELETE FROM <target table> WHERE CURRENT OF <conventional dynamic cursor name>
dynamic update statement: positioned,statement/property,Statement.Update; Statement.Update.CurrentOf,Statement,no,no,3,UPDATE <target table> SET <set clause list> WHERE CURRENT OF <conventional dynamic cursor name>
preparable dynamic delete statement: positioned,statement/property,Statement.Delete; Statement.Delete.CurrentOf,Statement,no,no,2,DELETE [ FROM <target table> ] WHERE CURRENT OF <preparable dynamic cursor name>
preparable dynamic cursor name,name/value,CursorReference; CursorReference.Global; CursorReference.Local,Identifier / QualifiedName,no,no,2,[ <scope option> ] <cursor name>
preparable dynamic update statement: positioned,statement/property,Statement.Update; Statement.Update.CurrentOf,Statement,no,no,3,UPDATE [ <target table> ] SET <set clause list> WHERE CURRENT OF <preparable dynamic cursor name>
pipe row statement,statement/property,Statement.PipeRow,Statement,no,no,1,PIPE ROW <PTF descriptor name>
embedded SQL host program,embedded syntax,erased,EmbeddedSql / HostDeclaration,no,yes,7,<embedded SQL Ada program> | <embedded SQL C program> | <embedded SQL COBOL program> | <embedded SQL Fortran program> | <embedded SQL MUMPS program> | <embedded SQL Pascal program> | <embedded SQL PL/I program>
embedded SQL statement,embedded syntax,EmbeddedSql.Statement,EmbeddedSql / HostDeclaration,no,no,3,<SQL prefix> <statement or declaration> [ <SQL terminator> ]
statement or declaration,erased classifier/alias,erased,Statement,no,yes,9,<declare cursor> | <dynamic declare cursor> | <temporary table declaration> | <embedded authorization declaration> | <embedded path specification> | <embedded transform group specification> | <embedded collation specific
SQL prefix,record/value,EmbeddedPrefix; EmbeddedSql.Statement.Prefix; EmbeddedSql.DeclareSection.Prefix,Statement/helper/value family,no,no,2,EXEC SQL | <ampersand> SQL <left paren>
SQL terminator,expression/value,EmbeddedTerminator; EmbeddedSql.Statement.Terminator; EmbeddedSql.DeclareSection.Terminator,Expression or expression helper/enum,no,no,2,END-EXEC | <semicolon> | <right paren>
embedded authorization declaration,record/value,EmbeddedSql.Authorization,Statement/helper/value family,no,no,1,DECLARE <embedded authorization clause>
embedded authorization clause,property/value,EmbeddedAuthorization,Clause/helper/property,no,no,4,SCHEMA <schema name> | AUTHORIZATION <embedded authorization identifier> [ FOR STATIC { ONLY | AND DYNAMIC } ] | SCHEMA <schema name> AUTHORIZATION <embedded authorization identifier> [ FOR STATIC { ONLY | AND DYNAMIC }
embedded authorization identifier,erased alias,erased,Referenced AST target,yes,yes,1,<module authorization identifier>
embedded path specification,erased alias,erased,Referenced AST target,yes,yes,1,<path specification>
embedded transform group specification,erased alias,erased,Referenced AST target,yes,yes,1,<transform group specification>
embedded collation specification,erased alias,erased,Referenced AST target,yes,yes,1,<module collations>
embedded SQL declare section,embedded syntax,EmbeddedSql.DeclareSection,EmbeddedSql / HostDeclaration,no,no,5,<embedded SQL begin declare> [ <embedded character set declaration> ] [ <host variable definition>... ] <embedded SQL end declare> | <embedded SQL MUMPS declare>
embedded character set declaration,record/value,EmbeddedSql.DeclareSection.CharacterSet,Statement/helper/value family,no,no,1,SQL NAMES ARE <character set specification>
embedded SQL begin declare,embedded syntax,EmbeddedSql.DeclareSection.Prefix; EmbeddedSql.DeclareSection.Terminator,EmbeddedSql / HostDeclaration,no,no,2,<SQL prefix> BEGIN DECLARE SECTION [ <SQL terminator> ]
embedded SQL end declare,embedded syntax,EmbeddedSql.DeclareSection.EndPrefix; EmbeddedSql.DeclareSection.EndTerminator,EmbeddedSql / HostDeclaration,no,no,2,<SQL prefix> END DECLARE SECTION [ <SQL terminator> ]
embedded SQL MUMPS declare,embedded syntax,EmbeddedSql.DeclareSection; EmbeddedSql.DeclareSection.Prefix; EmbeddedSql.DeclareSection.Terminator,EmbeddedSql / HostDeclaration,no,no,4,<SQL prefix> BEGIN DECLARE SECTION [ <embedded character set declaration> ] [ <host variable definition>... ] END DECLARE SECTION <SQL terminator>
host variable definition,embedded syntax,HostDeclaration,EmbeddedSql / HostDeclaration,no,yes,7,<Ada variable definition> | <C variable definition> | <COBOL variable definition> | <Fortran variable definition> | <MUMPS variable definition> | <Pascal variable definition> | <PL/I variable definition>
embedded variable name,name/value,Expression.Parameter; ParameterKind.Embedded; Expression.Parameter.Name,Identifier / QualifiedName,no,yes,2,<colon> <host identifier>
host identifier,embedded syntax,Expression.Parameter.Name,EmbeddedSql / HostDeclaration,no,yes,7,<Ada host identifier> | <C host identifier> | <COBOL host identifier> | <Fortran host identifier> | <MUMPS host identifier> | <Pascal host identifier> | <PL/I host identifier>
embedded exception declaration,record/value,Statement.Whenever,Statement/helper/value family,no,no,2,WHENEVER <condition> <condition action>
condition,erased alias,erased,Referenced AST target,yes,yes,1,<SQL condition>
SQL condition,record/value,SqlCondition,Statement/helper/value family,no,no,7,<major category> | SQLSTATE <left paren> <SQLSTATE class code> [ <comma> <SQLSTATE subclass code> ] <right paren> | CONSTRAINT <constraint name>
major category,record/value,SqlCondition.Major; SqlConditionMajor,Statement/helper/value family,no,no,0,SQLEXCEPTION | SQLWARNING | NOT FOUND
SQLSTATE class code,lexical/trivia,token,Syntax token/trivia or literal spelling,no,no,2,<SQLSTATE char> <SQLSTATE char>!! See the Syntax Rules.
SQLSTATE subclass code,lexical/trivia,token,Syntax token/trivia or literal spelling,no,no,3,<SQLSTATE char> <SQLSTATE char> <SQLSTATE char>!! See the Syntax Rules.
SQLSTATE char,erased classifier,erased,Polymorphic AST family,no,yes,2,<simple Latin upper-case letter> | <digit>
condition action,enum/value,ConditionAction,Enum/value/helper,no,no,1,CONTINUE | <go to>
go to,record/value,ConditionAction.GoTo; ConditionAction.GoTo.TwoWordKeyword,Statement/helper/value family,no,no,1,{ GOTO | GO TO } <goto target>
goto target,erased classifier,erased,Polymorphic AST family,no,yes,3,<host label identifier> | <unsigned integer> | <host PL/I label variable>
host label identifier,embedded syntax,ConditionAction.GoTo.Target,EmbeddedSql / HostDeclaration,no,no,0,!! See the Syntax Rules.
host PL/I label variable,embedded syntax,ConditionAction.GoTo.Target,EmbeddedSql / HostDeclaration,no,no,0,!! See the Syntax Rules.
embedded SQL Ada program,embedded syntax,erased,EmbeddedSql / HostDeclaration,no,no,0,!! See the Syntax Rules.
Ada variable definition,embedded syntax,HostDeclaration.Ada,EmbeddedSql / HostDeclaration,no,no,6,<Ada host identifier> [ { <comma> <Ada host identifier> }... ] <colon> <Ada type specification> [ <Ada initial value> ]
Ada initial value,embedded syntax,HostDeclaration.Ada.Text,EmbeddedSql / HostDeclaration,no,no,2,<Ada assignment operator> <character representation>...
Ada assignment operator,embedded syntax,HostDeclaration.Ada.Text,EmbeddedSql / HostDeclaration,no,yes,2,<colon> <equals operator>
Ada host identifier,embedded syntax,HostDeclaration.Ada.Text; Expression.Parameter.Name,EmbeddedSql / HostDeclaration,no,no,0,!! See the Syntax Rules.
Ada type specification,embedded syntax,HostDeclaration.Ada.Text,EmbeddedSql / HostDeclaration,no,yes,3,<Ada qualified type specification> | <Ada unqualified type specification> | <Ada derived type specification>
Ada qualified type specification,embedded syntax,HostDeclaration.Ada.Text,EmbeddedSql / HostDeclaration,no,no,5,Interfaces.SQL.CHAR [ CHARACTER SET [ IS ] <character set specification> ] <left paren> 1 <double period> <character length> <right paren> | Interfaces.SQL.SMALLINT | Interfaces.SQL.INT | Interfaces.SQL.BIGINT | Interfac
Ada unqualified type specification,embedded syntax,HostDeclaration.Ada.Text,EmbeddedSql / HostDeclaration,no,no,4,CHAR <left paren> 1 <double period> <character length> <right paren> | SMALLINT | INT | BIGINT | REAL | DOUBLE_PRECISION | BOOLEAN | SQLSTATE_TYPE | INDICATOR_TYPE
Ada derived type specification,embedded syntax,HostDeclaration.Ada.Text,EmbeddedSql / HostDeclaration,no,yes,11,<Ada CLOB variable> | <Ada CLOB locator variable> | <Ada BINARY variable> | <Ada VARBINARY variable> | <Ada BLOB variable> | <Ada BLOB locator variable> | <Ada user-defined type variable> | <Ada user-defined type locator
Ada CLOB variable,embedded syntax,HostDeclaration.Ada.Text,EmbeddedSql / HostDeclaration,no,no,4,SQL TYPE IS CLOB <left paren> <character large object length> <right paren> [ CHARACTER SET [ IS ] <character set specification> ]
Ada CLOB locator variable,embedded syntax,HostDeclaration.Ada.Text,EmbeddedSql / HostDeclaration,no,no,0,SQL TYPE IS CLOB AS LOCATOR
Ada BINARY variable,embedded syntax,HostDeclaration.Ada.Text,EmbeddedSql / HostDeclaration,no,no,3,SQL TYPE IS BINARY <left paren> <length> <right paren>
Ada VARBINARY variable,embedded syntax,HostDeclaration.Ada.Text,EmbeddedSql / HostDeclaration,no,no,3,SQL TYPE IS VARBINARY <left paren> <length> <right paren>
Ada BLOB variable,embedded syntax,HostDeclaration.Ada.Text,EmbeddedSql / HostDeclaration,no,no,3,SQL TYPE IS BLOB <left paren> <large object length> <right paren>
Ada BLOB locator variable,embedded syntax,HostDeclaration.Ada.Text,EmbeddedSql / HostDeclaration,no,no,0,SQL TYPE IS BLOB AS LOCATOR
Ada user-defined type variable,embedded syntax,HostDeclaration.Ada.Text,EmbeddedSql / HostDeclaration,no,no,2,SQL TYPE IS <path-resolved user-defined type name> AS <predefined type>
Ada user-defined type locator variable,embedded syntax,HostDeclaration.Ada.Text,EmbeddedSql / HostDeclaration,no,no,1,SQL TYPE IS <path-resolved user-defined type name> AS LOCATOR
Ada REF variable,embedded syntax,HostDeclaration.Ada.Text,EmbeddedSql / HostDeclaration,no,no,1,SQL TYPE IS <reference type>
Ada array locator variable,embedded syntax,HostDeclaration.Ada.Text,EmbeddedSql / HostDeclaration,no,no,1,SQL TYPE IS <array type> AS LOCATOR
Ada multiset locator variable,embedded syntax,HostDeclaration.Ada.Text,EmbeddedSql / HostDeclaration,no,no,1,SQL TYPE IS <multiset type> AS LOCATOR
embedded SQL C program,embedded syntax,erased,EmbeddedSql / HostDeclaration,no,no,0,!! See the Syntax Rules.
C variable definition,embedded syntax,HostDeclaration.C,EmbeddedSql / HostDeclaration,no,no,4,[ <C storage class> ] [ <C class modifier> ] <C variable specification> <semicolon>
C variable specification,embedded syntax,HostDeclaration.C.Text,EmbeddedSql / HostDeclaration,no,yes,3,<C numeric variable> | <C character variable> | <C derived variable>
C storage class,embedded syntax,HostDeclaration.C.Text,EmbeddedSql / HostDeclaration,no,no,0,auto | extern | static
C class modifier,embedded syntax,HostDeclaration.C.Text,EmbeddedSql / HostDeclaration,no,no,0,const | volatile
C numeric variable,embedded syntax,HostDeclaration.C.Text,EmbeddedSql / HostDeclaration,no,no,5,{ long long | long | short | float | double } <C host identifier> [ <C initial value> ] [ { <comma> <C host identifier> [ <C initial value> ] }... ]
C character variable,embedded syntax,HostDeclaration.C.Text,EmbeddedSql / HostDeclaration,no,no,9,<C character type> [ CHARACTER SET [ IS ] <character set specification> ] <C host identifier> <C array specification> [ <C initial value> ] [ { <comma> <C host identifier> <C array specification> [ <C initial value> ] }.
C character type,type/value/enum,HostDeclaration.C.Text,DataType / type helper,no,no,0,char | unsigned char | unsigned short
C array specification,erased classifier,erased,Polymorphic AST family,no,yes,3,<left bracket> <character length> <right bracket>
C host identifier,embedded syntax,HostDeclaration.C.Text; Expression.Parameter.Name,EmbeddedSql / HostDeclaration,no,no,0,!! See the Syntax Rules.
C derived variable,erased classifier,erased,Polymorphic AST family,no,yes,15,<C VARCHAR variable> | <C NCHAR variable> | <C NCHAR VARYING variable> | <C CLOB variable> | <C NCLOB variable> | <C BINARY variable> | <C VARBINARY variable> | <C BLOB variable> | <C user-defined type variable> | <C CLO
C VARCHAR variable,embedded syntax,HostDeclaration.C.Text,EmbeddedSql / HostDeclaration,no,no,8,VARCHAR [ CHARACTER SET [ IS ] <character set specification> ] <C host identifier> <C array specification> [ <C initial value> ] [ { <comma> <C host identifier> <C array specification> [ <C initial value> ] }... ]
C NCHAR variable,embedded syntax,HostDeclaration.C.Text,EmbeddedSql / HostDeclaration,no,no,7,NCHAR <C host identifier> <C array specification> [ <C initial value> ] [ { <comma> <C host identifier> <C array specification> [ <C initial value> ] }... ]
C NCHAR VARYING variable,embedded syntax,HostDeclaration.C.Text,EmbeddedSql / HostDeclaration,no,no,7,NCHAR VARYING <C host identifier> <C array specification> [ <C initial value> ] [ { <comma> <C host identifier> <C array specification> [ <C initial value> ] }... ]
C CLOB variable,embedded syntax,HostDeclaration.C.Text,EmbeddedSql / HostDeclaration,no,no,9,SQL TYPE IS CLOB <left paren> <character large object length> <right paren> [ CHARACTER SET [ IS ] <character set specification> ] <C host identifier> [ <C initial value> ] [ { <comma> <C host identifier> [ <C initial va
C NCLOB variable,embedded syntax,HostDeclaration.C.Text,EmbeddedSql / HostDeclaration,no,no,8,SQL TYPE IS NCLOB <left paren> <character large object length> <right paren> <C host identifier> [ <C initial value> ] [ { <comma> <C host identifier> [ <C initial value> ] }... ]
C user-defined type variable,type/value/enum,HostDeclaration.C.Text,DataType / type helper,no,no,7,SQL TYPE IS <path-resolved user-defined type name> AS <predefined type> <C host identifier> [ <C initial value> ] [ { <comma> <C host identifier> [ <C initial value> ] }... ]
C BINARY variable,embedded syntax,HostDeclaration.C.Text,EmbeddedSql / HostDeclaration,no,no,8,SQL TYPE IS BINARY <left paren> <length> <right paren> <C host identifier> [ <C initial value> ] [ { <comma> <C host identifier> [ <C initial value> ] }... ]
C VARBINARY variable,embedded syntax,HostDeclaration.C.Text,EmbeddedSql / HostDeclaration,no,no,8,SQL TYPE IS VARBINARY <left paren> <length> <right paren> <C host identifier> [ <C initial value> ] [ { <comma> <C host identifier> [ <C initial value> ] }... ]
C BLOB variable,embedded syntax,HostDeclaration.C.Text,EmbeddedSql / HostDeclaration,no,no,8,SQL TYPE IS BLOB <left paren> <large object length> <right paren> <C host identifier> [ <C initial value> ] [ { <comma> <C host identifier> [ <C initial value> ] }... ]
C CLOB locator variable,embedded syntax,HostDeclaration.C.Text,EmbeddedSql / HostDeclaration,no,no,5,SQL TYPE IS CLOB AS LOCATOR <C host identifier> [ <C initial value> ] [ { <comma> <C host identifier> [ <C initial value> ] }... ]
C BLOB locator variable,embedded syntax,HostDeclaration.C.Text,EmbeddedSql / HostDeclaration,no,no,5,SQL TYPE IS BLOB AS LOCATOR <C host identifier> [ <C initial value> ] [ { <comma> <C host identifier> [ <C initial value> ] }... ]
C array locator variable,embedded syntax,HostDeclaration.C.Text,EmbeddedSql / HostDeclaration,no,no,6,SQL TYPE IS <array type> AS LOCATOR <C host identifier> [ <C initial value> ] [ { <comma> <C host identifier> [ <C initial value> ] }... ]
C multiset locator variable,embedded syntax,HostDeclaration.C.Text,EmbeddedSql / HostDeclaration,no,no,6,SQL TYPE IS <multiset type> AS LOCATOR <C host identifier> [ <C initial value> ] [ { <comma> <C host identifier> [ <C initial value> ] }... ]
C user-defined type locator variable,type/value/enum,HostDeclaration.C.Text,DataType / type helper,no,no,6,SQL TYPE IS <path-resolved user-defined type name> AS LOCATOR <C host identifier> [ <C initial value> ] [ { <comma> <C host identifier> [ <C initial value> ] }... ]
C REF variable,embedded syntax,HostDeclaration.C.Text,EmbeddedSql / HostDeclaration,no,no,6,SQL TYPE IS <reference type> <C host identifier> [ <C initial value> ] [ { <comma> <C host identifier> [ <C initial value> ] }... ]
C initial value,embedded syntax,HostDeclaration.C.Text,EmbeddedSql / HostDeclaration,no,no,2,<equals operator> <character representation>...
embedded SQL COBOL program,embedded syntax,erased,EmbeddedSql / HostDeclaration,no,no,0,!! See the Syntax Rules.
COBOL variable definition,embedded syntax,HostDeclaration.Cobol,EmbeddedSql / HostDeclaration,no,no,4,{ 01 | 77 } <COBOL host identifier> <COBOL type specification> [ <character representation>... ] <period>
COBOL host identifier,embedded syntax,HostDeclaration.Cobol.Text; Expression.Parameter.Name,EmbeddedSql / HostDeclaration,no,no,0,!! See the Syntax Rules.
COBOL type specification,embedded syntax,HostDeclaration.Cobol.Text,EmbeddedSql / HostDeclaration,no,yes,5,<COBOL character type> | <COBOL national character type> | <COBOL numeric type> | <COBOL integer type> | <COBOL derived type specification>
COBOL derived type specification,embedded syntax,HostDeclaration.Cobol.Text,EmbeddedSql / HostDeclaration,no,yes,11,<COBOL CLOB variable> | <COBOL NCLOB variable> | <COBOL BINARY variable> | <COBOL BLOB variable> | <COBOL user-defined type variable> | <COBOL CLOB locator variable> | <COBOL BLOB locator variable> | <COBOL array locator
COBOL character type,embedded syntax,HostDeclaration.Cobol.Text,EmbeddedSql / HostDeclaration,no,no,4,[ CHARACTER SET [ IS ] <character set specification> ] { PIC | PICTURE } [ IS ] { X [ <left paren> <character length> <right paren> ] }...
COBOL national character type,embedded syntax,HostDeclaration.Cobol.Text,EmbeddedSql / HostDeclaration,no,no,3,{ PIC | PICTURE } [ IS ] { N [ <left paren> <character length> <right paren> ] }...
COBOL CLOB variable,embedded syntax,HostDeclaration.Cobol.Text,EmbeddedSql / HostDeclaration,no,no,4,[ USAGE [ IS ] ] SQL TYPE IS CLOB <left paren> <character large object length> <right paren> [ CHARACTER SET [ IS ] <character set specification> ]
COBOL NCLOB variable,embedded syntax,HostDeclaration.Cobol.Text,EmbeddedSql / HostDeclaration,no,no,3,[ USAGE [ IS ] ] SQL TYPE IS NCLOB <left paren> <character large object length> <right paren>
COBOL BINARY variable,embedded syntax,HostDeclaration.Cobol.Text,EmbeddedSql / HostDeclaration,no,no,3,[ USAGE [ IS ] ] SQL TYPE IS BINARY <left paren> <length> <right paren>
COBOL BLOB variable,embedded syntax,HostDeclaration.Cobol.Text,EmbeddedSql / HostDeclaration,no,no,3,[ USAGE [ IS ] ] SQL TYPE IS BLOB <left paren> <large object length> <right paren>
COBOL user-defined type variable,embedded syntax,HostDeclaration.Cobol.Text,EmbeddedSql / HostDeclaration,no,no,2,[ USAGE [ IS ] ] SQL TYPE IS <path-resolved user-defined type name> AS <predefined type>
COBOL CLOB locator variable,embedded syntax,HostDeclaration.Cobol.Text,EmbeddedSql / HostDeclaration,no,no,0,[ USAGE [ IS ] ] SQL TYPE IS CLOB AS LOCATOR
COBOL BLOB locator variable,embedded syntax,HostDeclaration.Cobol.Text,EmbeddedSql / HostDeclaration,no,no,0,[ USAGE [ IS ] ] SQL TYPE IS BLOB AS LOCATOR
COBOL array locator variable,embedded syntax,HostDeclaration.Cobol.Text,EmbeddedSql / HostDeclaration,no,no,1,[ USAGE [ IS ] ] SQL TYPE IS <array type> AS LOCATOR
COBOL multiset locator variable,embedded syntax,HostDeclaration.Cobol.Text,EmbeddedSql / HostDeclaration,no,no,1,[ USAGE [ IS ] ] SQL TYPE IS <multiset type> AS LOCATOR
COBOL user-defined type locator variable,embedded syntax,HostDeclaration.Cobol.Text,EmbeddedSql / HostDeclaration,no,no,1,[ USAGE [ IS ] ] SQL TYPE IS <path-resolved user-defined type name> AS LOCATOR
COBOL REF variable,embedded syntax,HostDeclaration.Cobol.Text,EmbeddedSql / HostDeclaration,no,no,1,[ USAGE [ IS ] ] SQL TYPE IS <reference type>
COBOL numeric type,embedded syntax,HostDeclaration.Cobol.Text,EmbeddedSql / HostDeclaration,no,no,1,{ PIC | PICTURE } [ IS ] S <COBOL nines specification> [ USAGE [ IS ] ] DISPLAY SIGN LEADING SEPARATE
COBOL nines specification,embedded syntax,HostDeclaration.Cobol.Text,EmbeddedSql / HostDeclaration,no,no,3,<COBOL nines> [ V [ <COBOL nines> ] ] | V <COBOL nines>
COBOL integer type,embedded syntax,HostDeclaration.Cobol.Text,EmbeddedSql / HostDeclaration,no,no,1,{ PIC | PICTURE } [ IS ] S <COBOL nines> [ USAGE [ IS ] ] BINARY
COBOL nines,embedded syntax,HostDeclaration.Cobol.Text,EmbeddedSql / HostDeclaration,no,no,3,{ 9 [ <left paren> <length> <right paren> ] }...
embedded SQL Fortran program,embedded syntax,erased,EmbeddedSql / HostDeclaration,no,no,0,!! See the Syntax Rules.
Fortran variable definition,embedded syntax,HostDeclaration.Fortran,EmbeddedSql / HostDeclaration,no,no,4,<Fortran type specification> <Fortran host identifier> [ { <comma> <Fortran host identifier> }... ]
Fortran host identifier,embedded syntax,HostDeclaration.Fortran.Text; Expression.Parameter.Name,EmbeddedSql / HostDeclaration,no,no,0,!! See the Syntax Rules.
Fortran type specification,embedded syntax,HostDeclaration.Fortran.Text,EmbeddedSql / HostDeclaration,no,no,9,CHARACTER [ <asterisk> <character length> ] [ CHARACTER SET [ IS ] <character set specification> ] | CHARACTER KIND <equals operator> <unsigned integer> [ <asterisk> <character length> ] [ CHARACTER SET [ IS ] <character
Fortran derived type specification,embedded syntax,HostDeclaration.Fortran.Text,EmbeddedSql / HostDeclaration,no,yes,11,<Fortran CLOB variable> | <Fortran BINARY variable> | <Fortran VARBINARY variable> | <Fortran BLOB variable> | <Fortran user-defined type variable> | <Fortran CLOB locator variable> | <Fortran BLOB locator variable> | <F
Fortran CLOB variable,embedded syntax,HostDeclaration.Fortran.Text,EmbeddedSql / HostDeclaration,no,no,4,SQL TYPE IS CLOB <left paren> <character large object length> <right paren> [ CHARACTER SET [ IS ] <character set specification> ]
Fortran BINARY variable,embedded syntax,HostDeclaration.Fortran.Text,EmbeddedSql / HostDeclaration,no,no,3,SQL TYPE IS BINARY <left paren> <length> <right paren>
Fortran VARBINARY variable,embedded syntax,HostDeclaration.Fortran.Text,EmbeddedSql / HostDeclaration,no,no,3,SQL TYPE IS VARBINARY <left paren> <length> <right paren>
Fortran BLOB variable,embedded syntax,HostDeclaration.Fortran.Text,EmbeddedSql / HostDeclaration,no,no,3,SQL TYPE IS BLOB <left paren> <large object length> <right paren>
Fortran user-defined type variable,embedded syntax,HostDeclaration.Fortran.Text,EmbeddedSql / HostDeclaration,no,no,2,SQL TYPE IS <path-resolved user-defined type name> AS <predefined type>
Fortran CLOB locator variable,embedded syntax,HostDeclaration.Fortran.Text,EmbeddedSql / HostDeclaration,no,no,0,SQL TYPE IS CLOB AS LOCATOR
Fortran BLOB locator variable,embedded syntax,HostDeclaration.Fortran.Text,EmbeddedSql / HostDeclaration,no,no,0,SQL TYPE IS BLOB AS LOCATOR
Fortran user-defined type locator variable,embedded syntax,HostDeclaration.Fortran.Text,EmbeddedSql / HostDeclaration,no,no,1,SQL TYPE IS <path-resolved user-defined type name> AS LOCATOR
Fortran array locator variable,embedded syntax,HostDeclaration.Fortran.Text,EmbeddedSql / HostDeclaration,no,no,1,SQL TYPE IS <array type> AS LOCATOR
Fortran multiset locator variable,embedded syntax,HostDeclaration.Fortran.Text,EmbeddedSql / HostDeclaration,no,no,1,SQL TYPE IS <multiset type> AS LOCATOR
Fortran REF variable,embedded syntax,HostDeclaration.Fortran.Text,EmbeddedSql / HostDeclaration,no,no,1,SQL TYPE IS <reference type>
embedded SQL MUMPS program,embedded syntax,erased,EmbeddedSql / HostDeclaration,no,no,0,!! See the Syntax Rules.
MUMPS variable definition,embedded syntax,HostDeclaration.Mumps,EmbeddedSql / HostDeclaration,no,yes,7,<MUMPS numeric variable> <semicolon> | <MUMPS character variable> <semicolon> | <MUMPS derived type specification> <MUMPS host identifier> <semicolon>
MUMPS character variable,embedded syntax,HostDeclaration.Mumps.Text,EmbeddedSql / HostDeclaration,no,no,3,VARCHAR <MUMPS character variable specifier> [ { <comma> <MUMPS character variable specifier> }... ]
MUMPS character variable specifier,embedded syntax,HostDeclaration.Mumps.Text,EmbeddedSql / HostDeclaration,no,no,3,<MUMPS host identifier> <MUMPS length specification> [ CHARACTER SET [ IS ] <character set specification> ]
MUMPS host identifier,embedded syntax,HostDeclaration.Mumps.Text; Expression.Parameter.Name,EmbeddedSql / HostDeclaration,no,no,0,!! See the Syntax Rules.
MUMPS length specification,embedded syntax,HostDeclaration.Mumps.Text,EmbeddedSql / HostDeclaration,no,yes,3,<left paren> <character length> <right paren>
MUMPS numeric variable,embedded syntax,HostDeclaration.Mumps.Text,EmbeddedSql / HostDeclaration,no,no,4,<MUMPS type specification> <MUMPS host identifier> [ { <comma> <MUMPS host identifier> }... ]
MUMPS type specification,embedded syntax,HostDeclaration.Mumps.Text,EmbeddedSql / HostDeclaration,no,no,5,INT | DEC [ <left paren> <precision> [ <comma> <scale> ] <right paren> ] | REAL
MUMPS derived type specification,embedded syntax,HostDeclaration.Mumps.Text,EmbeddedSql / HostDeclaration,no,yes,7,<MUMPS user-defined type variable> | <MUMPS CLOB locator variable> | <MUMPS BLOB locator variable> | <MUMPS user-defined type locator variable> | <MUMPS array locator variable> | <MUMPS multiset locator variable> | <MUMP
MUMPS user-defined type variable,embedded syntax,HostDeclaration.Mumps.Text,EmbeddedSql / HostDeclaration,no,no,2,SQL TYPE IS <path-resolved user-defined type name> AS <predefined type>
MUMPS CLOB locator variable,embedded syntax,HostDeclaration.Mumps.Text,EmbeddedSql / HostDeclaration,no,no,0,SQL TYPE IS CLOB AS LOCATOR
MUMPS BLOB locator variable,embedded syntax,HostDeclaration.Mumps.Text,EmbeddedSql / HostDeclaration,no,no,0,SQL TYPE IS BLOB AS LOCATOR
MUMPS user-defined type locator variable,embedded syntax,HostDeclaration.Mumps.Text,EmbeddedSql / HostDeclaration,no,no,1,SQL TYPE IS <path-resolved user-defined type name> AS LOCATOR
MUMPS array locator variable,embedded syntax,HostDeclaration.Mumps.Text,EmbeddedSql / HostDeclaration,no,no,1,SQL TYPE IS <array type> AS LOCATOR
MUMPS multiset locator variable,embedded syntax,HostDeclaration.Mumps.Text,EmbeddedSql / HostDeclaration,no,no,1,SQL TYPE IS <multiset type> AS LOCATOR
MUMPS REF variable,embedded syntax,HostDeclaration.Mumps.Text,EmbeddedSql / HostDeclaration,no,no,1,SQL TYPE IS <reference type>
embedded SQL Pascal program,embedded syntax,erased,EmbeddedSql / HostDeclaration,no,no,0,!! See the Syntax Rules.
Pascal variable definition,embedded syntax,HostDeclaration.Pascal,EmbeddedSql / HostDeclaration,no,no,6,<Pascal host identifier> [ { <comma> <Pascal host identifier> }... ] <colon> <Pascal type specification> <semicolon>
Pascal host identifier,embedded syntax,HostDeclaration.Pascal.Text; Expression.Parameter.Name,EmbeddedSql / HostDeclaration,no,no,0,!! See the Syntax Rules.
Pascal type specification,embedded syntax,HostDeclaration.Pascal.Text,EmbeddedSql / HostDeclaration,no,no,7,PACKED ARRAY <left bracket> 1 <double period> <character length> <right bracket> OF CHAR [ CHARACTER SET [ IS ] <character set specification> ] | INTEGER | REAL | CHAR [ CHARACTER SET [ IS ] <character set specification>
Pascal derived type specification,embedded syntax,HostDeclaration.Pascal.Text,EmbeddedSql / HostDeclaration,no,yes,10,<Pascal CLOB variable> | <Pascal BINARY variable> | <Pascal BLOB variable> | <Pascal user-defined type variable> | <Pascal CLOB locator variable> | <Pascal BLOB locator variable> | <Pascal user-defined type locator varia
Pascal CLOB variable,embedded syntax,HostDeclaration.Pascal.Text,EmbeddedSql / HostDeclaration,no,no,4,SQL TYPE IS CLOB <left paren> <character large object length> <right paren> [ CHARACTER SET [ IS ] <character set specification> ]
Pascal BINARY variable,embedded syntax,HostDeclaration.Pascal.Text,EmbeddedSql / HostDeclaration,no,no,3,SQL TYPE IS BINARY <left paren> <length> <right paren>
Pascal BLOB variable,embedded syntax,HostDeclaration.Pascal.Text,EmbeddedSql / HostDeclaration,no,no,3,SQL TYPE IS BLOB <left paren> <large object length> <right paren>
Pascal CLOB locator variable,embedded syntax,HostDeclaration.Pascal.Text,EmbeddedSql / HostDeclaration,no,no,0,SQL TYPE IS CLOB AS LOCATOR
Pascal user-defined type variable,embedded syntax,HostDeclaration.Pascal.Text,EmbeddedSql / HostDeclaration,no,no,2,SQL TYPE IS <path-resolved user-defined type name> AS <predefined type>
Pascal BLOB locator variable,embedded syntax,HostDeclaration.Pascal.Text,EmbeddedSql / HostDeclaration,no,no,0,SQL TYPE IS BLOB AS LOCATOR
Pascal user-defined type locator variable,embedded syntax,HostDeclaration.Pascal.Text,EmbeddedSql / HostDeclaration,no,no,1,SQL TYPE IS <path-resolved user-defined type name> AS LOCATOR
Pascal array locator variable,embedded syntax,HostDeclaration.Pascal.Text,EmbeddedSql / HostDeclaration,no,no,1,SQL TYPE IS <array type> AS LOCATOR
Pascal multiset locator variable,embedded syntax,HostDeclaration.Pascal.Text,EmbeddedSql / HostDeclaration,no,no,1,SQL TYPE IS <multiset type> AS LOCATOR
Pascal REF variable,embedded syntax,HostDeclaration.Pascal.Text,EmbeddedSql / HostDeclaration,no,no,1,SQL TYPE IS <reference type>
embedded SQL PL/I program,embedded syntax,erased,EmbeddedSql / HostDeclaration,no,no,0,!! See the Syntax Rules.
PL/I variable definition,embedded syntax,HostDeclaration.Pli,EmbeddedSql / HostDeclaration,no,no,12,{ DCL | DECLARE } <PL/I type specification> [ <character representation>... ] <semicolon> | { <PL/I host identifier> | <left paren> <PL/I host identifier> [ { <comma> <PL/I host identifier> }... ] <right paren> } <PL/I t
PL/I host identifier,embedded syntax,HostDeclaration.Pli.Text; Expression.Parameter.Name,EmbeddedSql / HostDeclaration,no,no,0,!! See the Syntax Rules.
PL/I type specification,embedded syntax,HostDeclaration.Pli.Text,EmbeddedSql / HostDeclaration,no,no,19,{ CHAR | CHARACTER } [ VARYING ] <left paren> <character length> <right paren> [ CHARACTER SET [ IS ] <character set specification> ] | <PL/I type fixed decimal> <left paren> <precision> [ <comma> <scale> ] <right paren>
PL/I derived type specification,embedded syntax,HostDeclaration.Pli.Text,EmbeddedSql / HostDeclaration,no,yes,11,<PL/I CLOB variable> | <PL/I BINARY variable> | <PL/I VARBINARY variable> | <PL/I BLOB variable> | <PL/I user-defined type variable> | <PL/I CLOB locator variable> | <PL/I BLOB locator variable> | <PL/I user-defined type
PL/I CLOB variable,embedded syntax,HostDeclaration.Pli.Text,EmbeddedSql / HostDeclaration,no,no,4,SQL TYPE IS CLOB <left paren> <character large object length> <right paren> [ CHARACTER SET [ IS ] <character set specification> ]
PL/I BINARY variable,embedded syntax,HostDeclaration.Pli.Text,EmbeddedSql / HostDeclaration,no,no,3,SQL TYPE IS BINARY <left paren> <length> <right paren>
PL/I VARBINARY variable,embedded syntax,HostDeclaration.Pli.Text,EmbeddedSql / HostDeclaration,no,no,3,SQL TYPE IS VARBINARY <left paren> <length> <right paren>
PL/I BLOB variable,embedded syntax,HostDeclaration.Pli.Text,EmbeddedSql / HostDeclaration,no,no,3,SQL TYPE IS BLOB <left paren> <large object length> <right paren>
PL/I user-defined type variable,embedded syntax,HostDeclaration.Pli.Text,EmbeddedSql / HostDeclaration,no,no,2,SQL TYPE IS <path-resolved user-defined type name> AS <predefined type>
PL/I CLOB locator variable,embedded syntax,HostDeclaration.Pli.Text,EmbeddedSql / HostDeclaration,no,no,0,SQL TYPE IS CLOB AS LOCATOR
PL/I BLOB locator variable,embedded syntax,HostDeclaration.Pli.Text,EmbeddedSql / HostDeclaration,no,no,0,SQL TYPE IS BLOB AS LOCATOR
PL/I user-defined type locator variable,embedded syntax,HostDeclaration.Pli.Text,EmbeddedSql / HostDeclaration,no,no,1,SQL TYPE IS <path-resolved user-defined type name> AS LOCATOR
PL/I array locator variable,embedded syntax,HostDeclaration.Pli.Text,EmbeddedSql / HostDeclaration,no,no,1,SQL TYPE IS <array type> AS LOCATOR
PL/I multiset locator variable,embedded syntax,HostDeclaration.Pli.Text,EmbeddedSql / HostDeclaration,no,no,1,SQL TYPE IS <multiset type> AS LOCATOR
PL/I REF variable,embedded syntax,HostDeclaration.Pli.Text,EmbeddedSql / HostDeclaration,no,no,1,SQL TYPE IS <reference type>
PL/I type fixed decimal,embedded syntax,HostDeclaration.Pli.Text,EmbeddedSql / HostDeclaration,no,no,0,{ DEC | DECIMAL } FIXED | FIXED { DEC | DECIMAL }
PL/I type fixed binary,embedded syntax,HostDeclaration.Pli.Text,EmbeddedSql / HostDeclaration,no,no,0,{ BIN | BINARY } FIXED | FIXED { BIN | BINARY }
PL/I type float binary,embedded syntax,HostDeclaration.Pli.Text,EmbeddedSql / HostDeclaration,no,no,0,{ BIN | BINARY } FLOAT | FLOAT { BIN | BINARY }
direct SQL statement,erased classifier/alias,erased,Statement,no,yes,2,<directly executable statement> <semicolon>
directly executable statement,erased classifier/alias,erased,Statement,no,yes,6,<direct SQL data statement> | <SQL schema statement> | <SQL transaction statement> | <SQL connection statement> | <SQL session statement> | <direct implementation-defined statement>
direct SQL data statement,erased classifier/alias,erased,Statement,no,yes,7,<delete statement: searched> | <direct select statement: multiple rows> | <insert statement> | <update statement: searched> | <truncate table statement> | <merge statement> | <temporary table declaration>
direct implementation-defined statement,statement/property,Statement.Extension,Statement,no,no,0,!! See the Syntax Rules.
direct select statement: multiple rows,erased classifier/alias,erased,Statement,yes,yes,1,<cursor specification>
get diagnostics statement,statement/property,Statement.GetDiagnostics,Statement,no,no,1,GET DIAGNOSTICS <SQL diagnostics information>
SQL diagnostics information,erased classifier,DiagnosticsInformation,Polymorphic AST family,no,yes,3,<statement information> | <condition information> | <all information>
statement information,statement/property,DiagnosticsInformation.Statement,Statement,no,no,3,<statement information item> [ { <comma> <statement information item> }... ]
statement information item,erased classifier/alias,StatementInformationItem,Statement,no,yes,3,<simple target specification> <equals operator> <statement information item name>
statement information item name,statement/property,StatementInformationItemName,Statement,no,no,0,NUMBER | MORE | COMMAND_FUNCTION | COMMAND_FUNCTION_CODE | DYNAMIC_FUNCTION | DYNAMIC_FUNCTION_CODE | ROW_COUNT | TRANSACTIONS_COMMITTED | TRANSACTIONS_ROLLED_BACK | TRANSACTION_ACTIVE
condition information,record/value,DiagnosticsInformation.Condition,Statement/helper/value family,no,no,4,CONDITION <condition number> <condition information item> [ { <comma> <condition information item> }... ]
condition information item,erased classifier,ConditionInformationItem,Polymorphic AST family,no,yes,3,<simple target specification> <equals operator> <condition information item name>
condition information item name,name/value,ConditionInformationItemName,Identifier / QualifiedName,no,no,0,CATALOG_NAME | CLASS_ORIGIN | COLUMN_NAME | CONDITION_NUMBER | CONNECTION_NAME | CONSTRAINT_CATALOG | CONSTRAINT_NAME | CONSTRAINT_SCHEMA | CURSOR_NAME | MESSAGE_LENGTH | MESSAGE_OCTET_LENGTH | MESSAGE_TEXT | PARAMETER_M
all information,record/value,DiagnosticsInformation.All,Statement/helper/value family,no,no,3,<all info target> <equals operator> ALL [ <all qualifier> ]
all info target,erased alias,erased,Referenced AST target,yes,yes,1,<simple target specification>
all qualifier,record/value,DiagnosticsInformation.All.Qualifier; AllInformationQualifier; DiagnosticsInformation.All.ConditionNumber,Statement/helper/value family,no,no,1,STATEMENT | CONDITION [ <condition number> ]
condition number,erased alias,erased,Referenced AST target,yes,yes,1,<simple value specification>
